深圳市立人电脑制品有限公司,http:////www.11467.com/shenzhen/co/170571.htm
深圳市立人电脑制品有限公司的商铺,http://shenzhen0170571.11467.com
南京智微亚通信科技有限公司,http:////www.11467.com/nanjing/co/57922.htm
南京智微亚通信科技有限公司的商铺,http://nanjing057922.11467.com
深圳市光谷百纳科技有限公司,http:////www.11467.com/shenzhen/co/346299.htm
香河县鑫亚泰金属制品厂,http:////www.11467.com/langfang/co/30988.htm
香河县鑫亚泰金属制品厂的商铺,http://langfang030988.11467.com
福州翼翔电讯有限公司,http:////www.11467.com/fuzhou/co/24342.htm
福州翼翔电讯有限公司的商铺,http://fuzhou024342.11467.com
青县豪瑞光通讯设备有限公司,http:////www.11467.com/cangzhou/co/42999.htm
青县豪瑞光通讯设备有限公司的商铺,http://cangzhou042999.11467.com
吕梁城市导航锦湖轮胎批发公司,http:////www.11467.com/lvliang/co/13308.htm
吕梁城市导航锦湖轮胎批发公司的商铺,http://lvliang013308.11467.com
合肥市蜀山区东旭办公耗材经营部,http:////www.11467.com/hefei/co/86622.htm
合肥市蜀山区东旭办公耗材经营部的商铺,http://hefei086622.11467.com
南京荣讯科技实业有限公司,http:////www.11467.com/nanjing/co/94191.htm
南京荣讯科技实业有限公司的商铺,http://nanjing094191.11467.com
广州市天河石牌龙珠数据网络通讯配件经营部,http:////www.11467.com/guangzhou/co/240569.htm
广州市天河石牌龙珠数据网络通讯配件经营部的商铺,http://guangzhou0240569.11467.com
杭州兆路信息技术有限公司,http:////www.11467.com/hangzhou/co/369925.htm
杭州兆路信息技术有限公司的商铺,http://hangzhou0369925.11467.com
青县智创电子机箱有限公司,http:////www.11467.com/cangzhou/co/59379.htm
青县智创电子机箱有限公司的商铺,http://cangzhou059379.11467.com
深圳市毅宏光通信有限公司,http:////www.11467.com/shenzhen/co/785595.htm
深圳市毅宏光通信有限公司的商铺,http://shenzhen0785595.11467.com
深圳市国威时代通信设备有限公司,http:////www.11467.com/shenzhen/co/254034.htm
深圳市国威时代通信设备有限公司的商铺,http://shenzhen0254034.11467.com
合肥翔润网络技术有限公司,http:////www.11467.com/hefei/co/104501.htm
合肥翔润网络技术有限公司的商铺,http://hefei0104501.11467.com
青县森洋电器设备有限公司,http:////www.11467.com/cangzhou/co/50613.htm
青县森洋电器设备有限公司的商铺,http://cangzhou050613.11467.com
江门市东吉五金制品有限公司,http:////www.11467.com/jiangmen/co/114825.htm
江门市东吉五金制品有限公司的商铺,http://jiangmen0114825.11467.com
浙江华络通信设备有限公司,http:////www.11467.com/hangzhou/co/372644.htm
浙江华络通信设备有限公司的商铺,http://hangzhou0372644.11467.com
深圳市赛德网络设备有限公司,http:////www.11467.com/shenzhen/co/726583.htm
深圳市赛德网络设备有限公司的商铺,http://shenzhen0726583.11467.com
深圳市德天泰科技有限公司,http:////www.11467.com/shenzhen/co/762787.htm
深圳市德天泰科技有限公司的商铺,http://shenzhen0762787.11467.com
杭州富阳科龙电信器材有限公司,http:////www.11467.com/hangzhou/co/140584.htm
杭州富阳科龙电信器材有限公司的商铺,http://hangzhou0140584.11467.com
广州博控自动化技术有限公司,http:////www.11467.com/guangzhou/co/27095.htm
广州博控自动化技术有限公司的商铺,http://guangzhou027095.11467.com
广州市望景电子科技有限公司,http:////www.11467.com/guangzhou/co/120395.htm
广州市望景电子科技有限公司的商铺,http://guangzhou0120395.11467.com
大庆市庆联科技有限公司,http:////www.11467.com/daqing/co/40997.htm
大庆市庆联科技有限公司的商铺,http://daqing040997.11467.com
香河县中天电器设备厂,http:////www.11467.com/langfang/co/53527.htm
香河县中天电器设备厂的商铺,http://langfang053527.11467.com
杭州美开电气有限公司,http:////www.11467.com/hangzhou/co/210289.htm
杭州美开电气有限公司的商铺,http://hangzhou0210289.11467.com
深圳市日高科技有限公司,http:////www.11467.com/shenzhen/co/454615.htm
深圳市日高科技有限公司的商铺,http://shenzhen0454615.11467.com
深圳市微科通讯设备有限公司,http:////www.11467.com/shenzhen/co/769020.htm
深圳市微科通讯设备有限公司的商铺,http://shenzhen0769020.11467.com
深圳市华美兴泰科技有限公司,http:////www.11467.com/shenzhen/co/622597.htm
深圳市华美兴泰科技有限公司的商铺,http://shenzhen0622597.11467.com
淄博金銮电器设备有限公司,http:////www.11467.com/zibo/co/104965.htm
淄博金銮电器设备有限公司的商铺,http://zibo0104965.11467.com
红河畅听商务有限公司,http:////www.11467.com/honghe/co/17666.htm
红河畅听商务有限公司的商铺,http://honghe017666.11467.com
深圳市慧网时代科技有限公司,http:////www.11467.com/shenzhen/co/170045.htm
深圳市慧网时代科技有限公司的商铺,http://shenzhen0170045.11467.com
深圳市丰润达科技有限公司,http:////www.11467.com/shenzhen/co/796063.htm
深圳市丰润达科技有限公司的商铺,http://shenzhen0796063.11467.com
深圳市奥金瑞科技有限公司,http:////www.11467.com/shenzhen/co/482116.htm
深圳市奥金瑞科技有限公司的商铺,http://shenzhen0482116.11467.com
南京英佰迪思电子科技有限公司,http:////www.11467.com/nanjing/co/160180.htm
南京英佰迪思电子科技有限公司的商铺,http://nanjing0160180.11467.com
杭州荣恩电子设备有限公司,http:////www.11467.com/hangzhou/co/114042.htm
杭州荣恩电子设备有限公司的商铺,http://hangzhou0114042.11467.com
南京美达通电子科技有限公司,http:////www.11467.com/nanjing/co/114923.htm
南京美达通电子科技有限公司的商铺,http://nanjing0114923.11467.com
杭州冠远网络科技有限公司,http:////www.11467.com/hangzhou/co/179858.htm
杭州冠远网络科技有限公司的商铺,http://hangzhou0179858.11467.com
河北恒辉通信设备股份有限公司,http:////www.11467.com/cangzhou/co/68183.htm
河北恒辉通信设备股份有限公司的商铺,http://cangzhou068183.11467.com
青县智诚电子机箱有限公司,http:////www.11467.com/cangzhou/co/68187.htm
青县智诚电子机箱有限公司的商铺,http://cangzhou068187.11467.com
广州邦讯信息系统有限公司,http:////www.11467.com/guangzhou/co/40080.htm
广州邦讯信息系统有限公司的商铺,http://guangzhou040080.11467.com
佛山市创亿达通讯设备有限公司,http:////www.11467.com/guangzhou/co/261481.htm
佛山市创亿达通讯设备有限公司的商铺,http://guangzhou0261481.11467.com
深圳市鑫泽光电设备有限公司,http:////www.11467.com/shenzhen/co/492817.htm
深圳市鑫泽光电设备有限公司的商铺,http://shenzhen0492817.11467.com
深圳市威尔西科技开发有限公司,http:////www.11467.com/shenzhen/co/257909.htm
深圳市威尔西科技开发有限公司的商铺,http://shenzhen0257909.11467.com
深圳市鑫腾达通讯技术有限公司,http:////www.11467.com/shenzhen/co/763923.htm
深圳市鑫腾达通讯技术有限公司的商铺,http://shenzhen0763923.11467.com
深圳市伊特祺电子科技有限公司,http:////www.11467.com/shenzhen/co/40108.htm
深圳市伊特祺电子科技有限公司的商铺,http://shenzhen040108.11467.com
江苏天港箱柜有限公司,http:////www.11467.com/suzhou/co/357232.htm
江苏天港箱柜有限公司的商铺,http://suzhou0357232.11467.com
无锡三通科技有限公司,http:////www.11467.com/wuxi/co/141788.htm
无锡三通科技有限公司的商铺,http://wuxi0141788.11467.com
郑州零壹电子科技有限公司,http:////www.11467.com/zhengzhou/co/188416.htm
郑州零壹电子科技有限公司的商铺,http://zhengzhou0188416.11467.com
苏州琅控电气自动化有限公司,http:////www.11467.com/suzhou/co/230661.htm
苏州琅控电气自动化有限公司的商铺,http://suzhou0230661.11467.com
武汉科芯源电子有限责任公司,http:////www.11467.com/wuhan/co/55455.htm
武汉科芯源电子有限责任公司的商铺,http://wuhan055455.11467.com
深圳市信丰伟业科技有限公司,http:////www.11467.com/shenzhen/co/203741.htm
深圳市信丰伟业科技有限公司的商铺,http://shenzhen0203741.11467.com
深圳市科创通信科技有限公司,http:////www.11467.com/shenzhen/co/757850.htm
深圳市科创通信科技有限公司的商铺,http://shenzhen0757850.11467.com
沧州晟龙机电设备有限公司,http:////www.11467.com/cangzhou/co/38875.htm
沧州晟龙机电设备有限公司的商铺,http://cangzhou038875.11467.com
沈阳三人光电技术有限公司,http:////www.11467.com/shenyang/co/60419.htm
沈阳三人光电技术有限公司的商铺,http://shenyang060419.11467.com
深圳市纳思科技有限公司,http:////www.11467.com/shenzhen/co/10774.htm
深圳市纳思科技有限公司的商铺,http://shenzhen010774.11467.com
深圳市安浩五金有限公司,http:////www.11467.com/shenzhen/co/150482.htm
深圳市安浩五金有限公司的商铺,http://shenzhen0150482.11467.com
常州晔宏通讯设备有限公司,http:////www.11467.com/changzhou/co/102538.htm
常州晔宏通讯设备有限公司的商铺,http://changzhou0102538.11467.com
深圳市智恒金瑞科技有限公司,http:////www.11467.com/shenzhen/co/759116.htm
深圳市智恒金瑞科技有限公司的商铺,http://shenzhen0759116.11467.com
苏州捷足金属制品有限公司,http:////www.11467.com/suzhou/co/232252.htm
苏州捷足金属制品有限公司的商铺,http://suzhou0232252.11467.com
广州市惠琪升电子科技有限公司,http:////www.11467.com/guangzhou/co/432186.htm
广州市惠琪升电子科技有限公司的商铺,http://guangzhou0432186.11467.com
大连龙睿科技发展有限公司,http:////www.11467.com/dalian/co/54833.htm
大连龙睿科技发展有限公司的商铺,http://dalian054833.11467.com
青县乾丰电子机箱设备有限公司,http:////www.11467.com/cangzhou/co/67783.htm
青县乾丰电子机箱设备有限公司的商铺,http://cangzhou067783.11467.com
霸州市阳光电子设备有限公司,http:////www.11467.com/langfang/co/16239.htm
霸州市阳光电子设备有限公司的商铺,http://langfang016239.11467.com
沧州新宇电子机械设备有限公司,http:////www.11467.com/cangzhou/co/57660.htm
沧州新宇电子机械设备有限公司的商铺,http://cangzhou057660.11467.com
沧州博太电子设备有限公司,http:////www.11467.com/cangzhou/co/55130.htm
沧州博太电子设备有限公司的商铺,http://cangzhou055130.11467.com
深圳市必联电子有限公司,http:////www.11467.com/shenzhen/co/194168.htm
深圳市必联电子有限公司的商铺,http://shenzhen0194168.11467.com
深圳市亚光通信有限公司,http:////www.11467.com/shenzhen/co/358825.htm
深圳市亚光通信有限公司的商铺,http://shenzhen0358825.11467.com
深圳市龙岗区玉婷音响经营部,http:////www.11467.com/shenzhen/co/774079.htm
深圳市龙岗区玉婷音响经营部的商铺,http://shenzhen0774079.11467.com
深圳市怡富精密机械有限公司,http:////www.11467.com/shenzhen/co/51766.htm
深圳市怡富精密机械有限公司的商铺,http://shenzhen051766.11467.com
东莞市迅旺电子科技有限公司,http:////www.11467.com/dongguan/co/236176.htm
东莞市迅旺电子科技有限公司的商铺,http://dongguan0236176.11467.com
青县振达电子机箱有限公司,http:////www.11467.com/cangzhou/co/64390.htm
青县振达电子机箱有限公司的商铺,http://cangzhou064390.11467.com
青县中科电器设备制造有限公司,http:////www.11467.com/cangzhou/co/65277.htm
青县中科电器设备制造有限公司的商铺,http://cangzhou065277.11467.com
沧州建达电子设备有限公司,http:////www.11467.com/cangzhou/co/58374.htm
沧州建达电子设备有限公司的商铺,http://cangzhou058374.11467.com
东莞市海美电子科技有限公司,http:////www.11467.com/dongguan/co/477112.htm
东莞市海美电子科技有限公司的商铺,http://dongguan0477112.11467.com
东莞市超威电子有限公司,http:////www.11467.com/dongguan/co/143437.htm
东莞市超威电子有限公司的商铺,http://dongguan0143437.11467.com
深圳市雅讯智能科技有限公司,http:////www.11467.com/shenzhen/co/727253.htm
深圳市雅讯智能科技有限公司的商铺,http://shenzhen0727253.11467.com
深圳市龙维科技股份有限公司,http:////www.11467.com/shenzhen/co/182375.htm
深圳市龙维科技股份有限公司的商铺,http://shenzhen0182375.11467.com
广州市千翊金属制品有限公司成都分公司,http:////www.11467.com/chengdu/co/267798.htm
广州市千翊金属制品有限公司成都分公司的商铺,http://chengdu0267798.11467.com
张家港海欧电子工程有限公司,http:////www.11467.com/shenzhen/co/725033.htm
张家港海欧电子工程有限公司的商铺,http://shenzhen0725033.11467.com
深圳市浦高通信有限公司,http:////www.11467.com/shenzhen/co/769002.htm
深圳市浦高通信有限公司的商铺,http://shenzhen0769002.11467.com
李海,http:////www.11467.com/shenzhen/co/726881.htm
李海的商铺,http://shenzhen0726881.11467.com
深圳市大网世纪科技有限公司,http:////www.11467.com/shenzhen/co/723398.htm
深圳市大网世纪科技有限公司的商铺,http://shenzhen0723398.11467.com
东莞市腾康通信设备有限公司,http:////www.11467.com/dongguan/co/499715.htm
东莞市腾康通信设备有限公司的商铺,http://dongguan0499715.11467.com
东莞市塑大塑胶原料有限公司,http:////www.11467.com/dongguan/co/187074.htm
东莞市塑大塑胶原料有限公司的商铺,http://dongguan0187074.11467.com
东莞市沙田鸿兴木制品加工厂,http:////www.11467.com/dongguan/co/412535.htm
东莞市沙田鸿兴木制品加工厂的商铺,http://dongguan0412535.11467.com
南皮县皓宇电器配件制造有限公司,http:////www.11467.com/cangzhou/co/59895.htm
南皮县皓宇电器配件制造有限公司的商铺,http://cangzhou059895.11467.com
青县金龙电子机箱有限公司,http:////www.11467.com/cangzhou/co/61942.htm
青县金龙电子机箱有限公司的商铺,http://cangzhou061942.11467.com
青县福瑞电子机箱有限公司,http:////www.11467.com/cangzhou/co/57561.htm
青县福瑞电子机箱有限公司的商铺,http://cangzhou057561.11467.com
青县合力达电器设备有限公司,http:////www.11467.com/cangzhou/co/50619.htm
青县合力达电器设备有限公司的商铺,http://cangzhou050619.11467.com
沧州德利鑫电气设备有限公司,http:////www.11467.com/cangzhou/co/56113.htm
沧州德利鑫电气设备有限公司的商铺,http://cangzhou056113.11467.com
沧州千源电器设备有限公司,http:////www.11467.com/cangzhou/co/65629.htm
沧州千源电器设备有限公司的商铺,http://cangzhou065629.11467.com
彩讯网络科技有限公司,http:////www.11467.com/yingkou/co/46387.htm
彩讯网络科技有限公司的商铺,http://yingkou046387.11467.com
东莞市常平华福塑胶原料经营部,http:////www.11467.com/dongguan/co/378571.htm
东莞市常平华福塑胶原料经营部的商铺,http://dongguan0378571.11467.com
深圳市绩业实业有限公司,http:////www.11467.com/shenzhen/co/493893.htm
深圳市绩业实业有限公司的商铺,http://shenzhen0493893.11467.com
深圳市飞通宽带技术有限公司,http:////www.11467.com/shenzhen/co/641129.htm
深圳市飞通宽带技术有限公司的商铺,http://shenzhen0641129.11467.com
深圳市天宏达科技开发有限公司,http:////www.11467.com/shenzhen/co/412869.htm
深圳市天宏达科技开发有限公司的商铺,http://shenzhen0412869.11467.com
深圳市世纪欣阳科技有限公司,http:////www.11467.com/shenzhen/co/723535.htm
深圳市世纪欣阳科技有限公司的商铺,http://shenzhen0723535.11467.com
红河谷凤凰山庄,http:////www.11467.com/baoji/co/28698.htm
广州市张杨通信设备有限公司,http:////www.11467.com/guangzhou/co/148584.htm
广州市张杨通信设备有限公司的商铺,http://guangzhou0148584.11467.com
南京普罕工贸实业有限公司,http:////www.11467.com/nanjing/co/94186.htm
南京普罕工贸实业有限公司的商铺,http://nanjing094186.11467.com
嘉兴市经开富城通讯设备厂,http:////www.11467.com/jiaxing/co/74538.htm
嘉兴市经开富城通讯设备厂的商铺,http://jiaxing074538.11467.com
南宁市宇信实商贸有限公司,http:////www.11467.com/nanning/co/89877.htm
南宁市宇信实商贸有限公司的商铺,http://nanning089877.11467.com
深圳市福田区港华通电子产品经营部,http:////www.11467.com/shenzhen/co/148067.htm
深圳市福田区港华通电子产品经营部的商铺,http://shenzhen0148067.11467.com
昆明韬睿科技有限公司,http:////www.11467.com/kunming/co/111401.htm
昆明韬睿科技有限公司的商铺,http://kunming0111401.11467.com
惠州市惠阳区秋长鑫正发精密机械五金加工厂,http:////www.11467.com/huizhou/co/69614.htm
惠州市惠阳区秋长鑫正发精密机械五金加工厂的商铺,http://huizhou069614.11467.com
江门市蓬江区富诚信机箱制造有限公司,http:////www.11467.com/jiangmen/co/2369.htm
江门市蓬江区富诚信机箱制造有限公司的商铺,http://jiangmen02369.11467.com
广州市众辉通信科技有限公司,http:////www.11467.com/guangzhou/co/458349.htm
广州市众辉通信科技有限公司的商铺,http://guangzhou0458349.11467.com
深圳市宝安区松岗通达电子经营部,http:////www.11467.com/shenzhen/co/809521.htm
深圳市宝安区松岗通达电子经营部的商铺,http://shenzhen0809521.11467.com
深圳市福田区龙江腾飞电脑经营部,http:////www.11467.com/shenzhen/co/810738.htm
深圳市福田区龙江腾飞电脑经营部的商铺,http://shenzhen0810738.11467.com
深圳市福田区赛格电子市场新誉电脑经营部,http:////www.11467.com/shenzhen/co/723475.htm
深圳市福田区赛格电子市场新誉电脑经营部的商铺,http://shenzhen0723475.11467.com
深圳市福田区赛格电子市场誉园经营部,http:////www.11467.com/shenzhen/co/724315.htm
深圳市福田区赛格电子市场誉园经营部的商铺,http://shenzhen0724315.11467.com
广州西科通信网络科技有限公司,http:////www.11467.com/guangzhou/co/242503.htm
广州西科通信网络科技有限公司的商铺,http://guangzhou0242503.11467.com
广州惠城通讯设备有限公司,http:////www.11467.com/guangzhou/co/267797.htm
广州惠城通讯设备有限公司的商铺,http://guangzhou0267797.11467.com
东莞市正隆电子有限公司,http:////www.11467.com/dongguan/co/411926.htm
东莞市正隆电子有限公司的商铺,http://dongguan0411926.11467.com
佛山市南海瑞征箱包有限公司,http:////www.11467.com/foshan/co/230677.htm
佛山市南海瑞征箱包有限公司的商铺,http://foshan0230677.11467.com
广州市紫翔计算机科技有限公司,http:////www.11467.com/guangzhou/co/136737.htm
广州市紫翔计算机科技有限公司的商铺,http://guangzhou0136737.11467.com
广州康迈通信科技有限公司,http:////www.11467.com/guangzhou/co/479071.htm
广州康迈通信科技有限公司的商铺,http://guangzhou0479071.11467.com
广州众人钣金制品有限公司,http:////www.11467.com/guangzhou/co/431456.htm
广州众人钣金制品有限公司的商铺,http://guangzhou0431456.11467.com
南宁市鑫成望电子产品经营部,http:////www.11467.com/nanning/co/89880.htm
南宁市鑫成望电子产品经营部的商铺,http://nanning089880.11467.com
深圳市安畅易科技有限公司,http:////www.11467.com/shenzhen/co/160654.htm
深圳市安畅易科技有限公司的商铺,http://shenzhen0160654.11467.com
深圳市博尔鑫电子有限公司,http:////www.11467.com/shenzhen/co/543221.htm
深圳市博尔鑫电子有限公司的商铺,http://shenzhen0543221.11467.com
广州市博宏电子科技有限公司,http:////www.11467.com/guangzhou/co/353020.htm
广州市博宏电子科技有限公司的商铺,http://guangzhou0353020.11467.com
广州创邮通信科技发展有限公司,http:////www.11467.com/guangzhou/co/120390.htm
广州创邮通信科技发展有限公司的商铺,http://guangzhou0120390.11467.com
广州鹏睿信息科技有限公司,http:////www.11467.com/guangzhou/co/299637.htm
广州鹏睿信息科技有限公司的商铺,http://guangzhou0299637.11467.com
广州博控电气设备制造有限公司,http:////www.11467.com/guangzhou/co/120451.htm
广州博控电气设备制造有限公司的商铺,http://guangzhou0120451.11467.com
杭州余杭福达仪表配件厂,http:////www.11467.com/hangzhou/co/82326.htm
杭州余杭福达仪表配件厂的商铺,http://hangzhou082326.11467.com
杭州众联通信网络工程有限公司,http:////www.11467.com/hangzhou/co/22829.htm
杭州众联通信网络工程有限公司的商铺,http://hangzhou022829.11467.com
杭州尚塘电子信息技术有限公司,http:////www.11467.com/hangzhou/co/251393.htm
杭州尚塘电子信息技术有限公司的商铺,http://hangzhou0251393.11467.com
杭州华证通信技术有限公司,http:////www.11467.com/hangzhou/co/181090.htm
杭州华证通信技术有限公司的商铺,http://hangzhou0181090.11467.com
杭州科普特电子有限公司,http:////www.11467.com/hangzhou/co/185682.htm
杭州科普特电子有限公司的商铺,http://hangzhou0185682.11467.com
佛山市辉丰电器设备有限公司,http:////www.11467.com/foshan/co/305653.htm
佛山市辉丰电器设备有限公司的商铺,http://foshan0305653.11467.com
广州捷奥网络科技有限公司,http:////www.11467.com/guangzhou/co/496305.htm
广州捷奥网络科技有限公司的商铺,http://guangzhou0496305.11467.com
深圳铭氏达通讯设备有限公司,http:////www.11467.com/shenzhen/co/723616.htm
深圳铭氏达通讯设备有限公司的商铺,http://shenzhen0723616.11467.com
深圳广旭电子科技有限公司,http:////www.11467.com/shenzhen/co/725189.htm
深圳广旭电子科技有限公司的商铺,http://shenzhen0725189.11467.com
深圳市福田区定宇工控设备经营部,http:////www.11467.com/shenzhen/co/482970.htm
深圳市福田区定宇工控设备经营部的商铺,http://shenzhen0482970.11467.com
深圳市奥迈和电子有限公司,http:////www.11467.com/shenzhen/co/154653.htm
深圳市奥迈和电子有限公司的商铺,http://shenzhen0154653.11467.com
深圳市畅翔机电设备有限公司,http:////www.11467.com/shenzhen/co/33058.htm
深圳市畅翔机电设备有限公司的商铺,http://shenzhen033058.11467.com
深圳市福田区赛格电子市场鹏成昌盛经营部,http:////www.11467.com/shenzhen/co/725112.htm
深圳市福田区赛格电子市场鹏成昌盛经营部的商铺,http://shenzhen0725112.11467.com
广州环联网络科技有限公司,http:////www.11467.com/guangzhou/co/429636.htm
广州环联网络科技有限公司的商铺,http://guangzhou0429636.11467.com
广州沣韵电子有限公司,http:////www.11467.com/guangzhou/co/495743.htm
广州沣韵电子有限公司的商铺,http://guangzhou0495743.11467.com
东莞市裕祥塑胶原料贸易有限公司,http:////www.11467.com/dongguan/co/491075.htm
东莞市裕祥塑胶原料贸易有限公司的商铺,http://dongguan0491075.11467.com
东莞市虎门鑫宝鑫办公设备商店,http:////www.11467.com/dongguan/co/206885.htm
东莞市虎门鑫宝鑫办公设备商店的商铺,http://dongguan0206885.11467.com
东莞市凌云五金制品有限公司,http:////www.11467.com/dongguan/co/264668.htm
东莞市凌云五金制品有限公司的商铺,http://dongguan0264668.11467.com
志立科技有限公司,http:////www.11467.com/dongguan/co/266203.htm
志立科技有限公司的商铺,http://dongguan0266203.11467.com
佛山市顺德区北滘镇兴利鑫家具厂,http:////www.11467.com/foshan/co/192896.htm
佛山市顺德区北滘镇兴利鑫家具厂的商铺,http://foshan0192896.11467.com
深圳赛泽尔电子有限公司,http:////www.11467.com/guangzhou/co/496271.htm
深圳赛泽尔电子有限公司的商铺,http://guangzhou0496271.11467.com
南京炫璟科技有限公司,http:////www.11467.com/nanjing/co/54020.htm
南京炫璟科技有限公司的商铺,http://nanjing054020.11467.com
张洪新(个体经营),http:////www.11467.com/linyi/co/67627.htm
张洪新(个体经营)的商铺,http://linyi067627.11467.com
深圳市惠民通配件有限公司,http:////www.11467.com/shenzhen/co/809296.htm
深圳市惠民通配件有限公司的商铺,http://shenzhen0809296.11467.com
深圳市欣华天科技有限公司,http:////www.11467.com/shenzhen/co/727209.htm
深圳市欣华天科技有限公司的商铺,http://shenzhen0727209.11467.com
深圳市迈海科技发展有限公司,http:////www.11467.com/shenzhen/co/146952.htm
深圳市迈海科技发展有限公司的商铺,http://shenzhen0146952.11467.com
深圳市强新鸿科技发展有限公司,http:////www.11467.com/shenzhen/co/143298.htm
深圳市强新鸿科技发展有限公司的商铺,http://shenzhen0143298.11467.com
深圳市耕谷阳网络设备有限公司,http:////www.11467.com/shenzhen/co/796522.htm
深圳市耕谷阳网络设备有限公司的商铺,http://shenzhen0796522.11467.com
河北华天伟业技术有限公司,http:////www.11467.com/shijiazhuang/co/87123.htm
河北华天伟业技术有限公司的商铺,http://shijiazhuang087123.11467.com
深圳市创界科技有限公司,http:////www.11467.com/shenzhen/co/773729.htm
深圳市创界科技有限公司的商铺,http://shenzhen0773729.11467.com
深圳市联胜通科技有限公司,http:////www.11467.com/shenzhen/co/123885.htm
深圳市联胜通科技有限公司的商铺,http://shenzhen0123885.11467.com
深圳市域浪网络技术有限公司,http:////www.11467.com/shenzhen/co/188602.htm
深圳市域浪网络技术有限公司的商铺,http://shenzhen0188602.11467.com
深圳市意和讯通讯技术有限公司,http:////www.11467.com/shenzhen/co/811266.htm
深圳市意和讯通讯技术有限公司的商铺,http://shenzhen0811266.11467.com
深圳市众联达科技有限公司,http:////www.11467.com/shenzhen/co/206322.htm
深圳市众联达科技有限公司的商铺,http://shenzhen0206322.11467.com
深圳市科亿阳电子有限公司,http:////www.11467.com/shenzhen/co/626079.htm
深圳市科亿阳电子有限公司的商铺,http://shenzhen0626079.11467.com
深圳市申拓电子有限公司,http:////www.11467.com/shenzhen/co/413402.htm
深圳市申拓电子有限公司的商铺,http://shenzhen0413402.11467.com
深圳市太平光联实业有限公司,http:////www.11467.com/shenzhen/co/344658.htm
深圳市太平光联实业有限公司的商铺,http://shenzhen0344658.11467.com
深圳市鑫雅宏电子科技有限公司,http:////www.11467.com/shenzhen/co/811223.htm
深圳市鑫雅宏电子科技有限公司的商铺,http://shenzhen0811223.11467.com
深圳市信科五金制造有限公司,http:////www.11467.com/shenzhen/co/58662.htm
深圳市信科五金制造有限公司的商铺,http://shenzhen058662.11467.com
深圳市诚顺通科技有限公司,http:////www.11467.com/shenzhen/co/154812.htm
深圳市诚顺通科技有限公司的商铺,http://shenzhen0154812.11467.com
深圳市欣嘉亮科技有限公司,http:////www.11467.com/shenzhen/co/394103.htm
深圳市欣嘉亮科技有限公司的商铺,http://shenzhen0394103.11467.com
深圳市春江科技发展有限公司,http:////www.11467.com/shenzhen/co/626034.htm
深圳市春江科技发展有限公司的商铺,http://shenzhen0626034.11467.com
深圳市光元科技有限公司,http:////www.11467.com/shenzhen/co/9307.htm
深圳市光元科技有限公司的商铺,http://shenzhen09307.11467.com
深圳市炫锐电子有限公司,http:////www.11467.com/shenzhen/co/812380.htm
深圳市炫锐电子有限公司的商铺,http://shenzhen0812380.11467.com
深圳市隆信通科技有限公司,http:////www.11467.com/shenzhen/co/337604.htm
深圳市隆信通科技有限公司的商铺,http://shenzhen0337604.11467.com
深圳市同诺电子科技有限公司,http:////www.11467.com/shenzhen/co/725037.htm
深圳市同诺电子科技有限公司的商铺,http://shenzhen0725037.11467.com
深圳市福田区新亚洲电子市场松源电子经营部,http:////www.11467.com/shenzhen/co/725176.htm
深圳市福田区新亚洲电子市场松源电子经营部的商铺,http://shenzhen0725176.11467.com
深圳市海纳信电子有限公司,http:////www.11467.com/shenzhen/co/625463.htm
深圳市海纳信电子有限公司的商铺,http://shenzhen0625463.11467.com
深圳市宏欣科技有限公司,http:////www.11467.com/shenzhen/co/811098.htm
深圳市宏欣科技有限公司的商铺,http://shenzhen0811098.11467.com
深圳市爱高羽贸易有限公司,http:////www.11467.com/shenzhen/co/625354.htm
深圳市爱高羽贸易有限公司的商铺,http://shenzhen0625354.11467.com
深圳市众智联贸易有限公司,http:////www.11467.com/shenzhen/co/811092.htm
深圳市众智联贸易有限公司的商铺,http://shenzhen0811092.11467.com
通盛达实业（深圳）有限公司,http:////www.11467.com/shenzhen/co/40017.htm
通盛达实业（深圳）有限公司的商铺,http://shenzhen040017.11467.com
深圳市亿华龙科技有限公司,http:////www.11467.com/shenzhen/co/470946.htm
深圳市亿华龙科技有限公司的商铺,http://shenzhen0470946.11467.com
深圳市华成时代科技有限公司,http:////www.11467.com/shenzhen/co/763227.htm
深圳市华成时代科技有限公司的商铺,http://shenzhen0763227.11467.com
深圳市华天易达科技有限公司,http:////www.11467.com/shenzhen/co/625145.htm
深圳市华天易达科技有限公司的商铺,http://shenzhen0625145.11467.com
深圳市晟图科技有限公司,http:////www.11467.com/shenzhen/co/133256.htm
深圳市晟图科技有限公司的商铺,http://shenzhen0133256.11467.com
深圳市斯美时代电子有限公司,http:////www.11467.com/shenzhen/co/768607.htm
深圳市斯美时代电子有限公司的商铺,http://shenzhen0768607.11467.com
深圳市赛维通电子有限公司,http:////www.11467.com/shenzhen/co/723476.htm
深圳市赛维通电子有限公司的商铺,http://shenzhen0723476.11467.com
深圳市中南海科技有限公司,http:////www.11467.com/shenzhen/co/778003.htm
深圳市中南海科技有限公司的商铺,http://shenzhen0778003.11467.com
深圳市鑫盛发科技有限公司,http:////www.11467.com/shenzhen/co/763327.htm
深圳市鑫盛发科技有限公司的商铺,http://shenzhen0763327.11467.com
深圳市肯思达电子有限公司,http:////www.11467.com/shenzhen/co/811819.htm
深圳市肯思达电子有限公司的商铺,http://shenzhen0811819.11467.com
深圳市宏成数字科技股份有限公司,http:////www.11467.com/shenzhen/co/623991.htm
深圳市宏成数字科技股份有限公司的商铺,http://shenzhen0623991.11467.com
深圳市光年投资发展有限公司,http:////www.11467.com/shenzhen/co/723541.htm
深圳市光年投资发展有限公司的商铺,http://shenzhen0723541.11467.com
深圳市金鸿泽通讯技术有限公司,http:////www.11467.com/shenzhen/co/464606.htm
深圳市金鸿泽通讯技术有限公司的商铺,http://shenzhen0464606.11467.com
深圳市福田区华强广场佳心联电子经营部,http:////www.11467.com/shenzhen/co/725184.htm
深圳市福田区华强广场佳心联电子经营部的商铺,http://shenzhen0725184.11467.com
深圳市飞思卓科技有限公司,http:////www.11467.com/shenzhen/co/724322.htm
深圳市飞思卓科技有限公司的商铺,http://shenzhen0724322.11467.com
深圳市九蝶科技有限公司,http:////www.11467.com/shenzhen/co/729697.htm
深圳市九蝶科技有限公司的商铺,http://shenzhen0729697.11467.com
深圳市益通机电科技有限公司,http:////www.11467.com/shenzhen/co/626476.htm
深圳市益通机电科技有限公司的商铺,http://shenzhen0626476.11467.com
深圳市智开科技有限公司,http:////www.11467.com/shenzhen/co/763355.htm
深圳市智开科技有限公司的商铺,http://shenzhen0763355.11467.com
深圳市东山数码科技有限公司,http:////www.11467.com/shenzhen/co/358225.htm
深圳市东山数码科技有限公司的商铺,http://shenzhen0358225.11467.com
深圳市星泰宇科技有限公司,http:////www.11467.com/shenzhen/co/287624.htm
深圳市星泰宇科技有限公司的商铺,http://shenzhen0287624.11467.com
深圳市艾普斯电子有限公司,http:////www.11467.com/shenzhen/co/334448.htm
深圳市艾普斯电子有限公司的商铺,http://shenzhen0334448.11467.com
深圳市艾普特通讯技术有限公司,http:////www.11467.com/shenzhen/co/763929.htm
深圳市艾普特通讯技术有限公司的商铺,http://shenzhen0763929.11467.com
深圳市瑞闳达网络有限公司,http:////www.11467.com/shenzhen/co/1127503.htm
深圳市瑞闳达网络有限公司的商铺,http://shenzhen01127503.11467.com
天津市握奇网络科技有限公司,http:////www.11467.com/tianjin/co/138003.htm
天津市握奇网络科技有限公司的商铺,http://tianjin0138003.11467.com
武汉永佰电子有限公司,http:////www.11467.com/wuhan/co/105367.htm
武汉永佰电子有限公司的商铺,http://wuhan0105367.11467.com
东莞市宝威数控机电有限公司,http:////www.11467.com/dongguan/co/139625.htm
东莞市宝威数控机电有限公司的商铺,http://dongguan0139625.11467.com
河南南天计算机有限公司,http:////www.11467.com/zhengzhou/co/128873.htm
河南南天计算机有限公司的商铺,http://zhengzhou0128873.11467.com
株洲鸿宇普天防雷技术有限公司,http:////www.11467.com/zhuzhou/co/31637.htm
株洲鸿宇普天防雷技术有限公司的商铺,http://zhuzhou031637.11467.com
武汉新锐科光通信设备有限公司,http:////www.11467.com/wuhan/co/94970.htm
武汉新锐科光通信设备有限公司的商铺,http://wuhan094970.11467.com
泰山区泰山大街远程通讯电脑中心,http:////www.11467.com/taian/co/38576.htm
泰山区泰山大街远程通讯电脑中心的商铺,http://taian038576.11467.com
泰州市明泰通信设备有限公司,http:////www.11467.com/taizhoushi/co/31539.htm
泰州市明泰通信设备有限公司的商铺,http://taizhoushi031539.11467.com
嘉兴市科工机械厂,http:////www.11467.com/jiaxing/co/84357.htm
嘉兴市科工机械厂的商铺,http://jiaxing084357.11467.com
苏州嘉坤精密机械有限公司,http:////www.11467.com/suzhou/co/239466.htm
苏州嘉坤精密机械有限公司的商铺,http://suzhou0239466.11467.com
徐州金威电子有限公司,http:////www.11467.com/xuzhou/co/5574.htm
徐州金威电子有限公司的商铺,http://xuzhou05574.11467.com
无锡爱普尔信息科技有限公司,http:////www.11467.com/wuxi/co/178826.htm
无锡爱普尔信息科技有限公司的商铺,http://wuxi0178826.11467.com
广州市穗羽电线电缆有限公司,http:////www.11467.com/guangzhou/co/495966.htm
广州市穗羽电线电缆有限公司的商铺,http://guangzhou0495966.11467.com
苏州市相城区蠡口金宏大钢木家具厂,http:////www.11467.com/suzhou/co/210615.htm
苏州市相城区蠡口金宏大钢木家具厂的商铺,http://suzhou0210615.11467.com
深圳市苏山伟达通讯设备有限公司,http:////www.11467.com/shenzhen/co/858091.htm
深圳市苏山伟达通讯设备有限公司的商铺,http://shenzhen0858091.11467.com
深圳市海多达电脑配件行,http:////www.11467.com/shenzhen/co/169456.htm
深圳市海多达电脑配件行的商铺,http://shenzhen0169456.11467.com
武汉市硚口区华星电子商行,http:////www.11467.com/wuhan/co/117117.htm
武汉市硚口区华星电子商行的商铺,http://wuhan0117117.11467.com
福州众腾自动化科技有限公司,http:////www.11467.com/shenzhen/co/810412.htm
福州众腾自动化科技有限公司的商铺,http://shenzhen0810412.11467.com
杭州八斗才计算机有限公司,http:////www.11467.com/hangzhou/co/113477.htm
杭州八斗才计算机有限公司的商铺,http://hangzhou0113477.11467.com
广州市晔辰电子科技有限公司,http:////www.11467.com/guangzhou/co/495581.htm
广州市晔辰电子科技有限公司的商铺,http://guangzhou0495581.11467.com
黄碧真（个体经营）,http:////www.11467.com/hangzhou/co/390894.htm
黄碧真（个体经营）的商铺,http://hangzhou0390894.11467.com
沧州同晟电子机箱设备有限公司,http:////www.11467.com/cangzhou/co/75560.htm
沧州同晟电子机箱设备有限公司的商铺,http://cangzhou075560.11467.com
廊坊市太恒通讯设备有限公司,http:////www.11467.com/langfang/co/28521.htm
廊坊市太恒通讯设备有限公司的商铺,http://langfang028521.11467.com
深圳市福田区嘉威伟业电子经营部,http:////www.11467.com/shenzhen/co/811357.htm
深圳市福田区嘉威伟业电子经营部的商铺,http://shenzhen0811357.11467.com
杭州振通光通信科技有限公司,http:////www.11467.com/hangzhou/co/100054.htm
杭州振通光通信科技有限公司的商铺,http://hangzhou0100054.11467.com
杭州新港计算机网络有限公司,http:////www.11467.com/hangzhou/co/166927.htm
杭州新港计算机网络有限公司的商铺,http://hangzhou0166927.11467.com
福州赣华通讯器材有限公司,http:////www.11467.com/fuzhou/co/111658.htm
福州赣华通讯器材有限公司的商铺,http://fuzhou0111658.11467.com
广州格纬尔电子有限公司,http:////www.11467.com/guangzhou/co/120460.htm
广州格纬尔电子有限公司的商铺,http://guangzhou0120460.11467.com
郑州科兰通信科技有限公司,http:////www.11467.com/zhengzhou/co/148124.htm
郑州科兰通信科技有限公司的商铺,http://zhengzhou0148124.11467.com
深圳市锐腾思维科技有限公司,http:////www.11467.com/shenzhen/co/857801.htm
深圳市锐腾思维科技有限公司的商铺,http://shenzhen0857801.11467.com
广州市普利尔机柜有限公司,http:////www.11467.com/guangzhou/co/579528.htm
广州市普利尔机柜有限公司的商铺,http://guangzhou0579528.11467.com
广州世合信息科技有限公司,http:////www.11467.com/guangzhou/co/555447.htm
广州世合信息科技有限公司的商铺,http://guangzhou0555447.11467.com
中山市坦洲镇新达思电子厂,http:////www.11467.com/zhongshan/co/71661.htm
中山市坦洲镇新达思电子厂的商铺,http://zhongshan071661.11467.com
广州超迈电子科技有限公司,http:////www.11467.com/guangzhou/co/216181.htm
广州超迈电子科技有限公司的商铺,http://guangzhou0216181.11467.com
广州市丰甲电脑有限公司,http:////www.11467.com/guangzhou/co/126299.htm
广州市丰甲电脑有限公司的商铺,http://guangzhou0126299.11467.com
广州睿客康复科技有限公司,http:////www.11467.com/guangzhou/co/121778.htm
广州睿客康复科技有限公司的商铺,http://guangzhou0121778.11467.com
广州市天河区石牌超樾电脑经营部,http:////www.11467.com/guangzhou/co/268457.htm
广州市天河区石牌超樾电脑经营部的商铺,http://guangzhou0268457.11467.com
黄根亮(个体经营),http:////www.11467.com/guangzhou/co/495561.htm
黄根亮(个体经营)的商铺,http://guangzhou0495561.11467.com
广州市坚龙电子有限公司,http:////www.11467.com/guangzhou/co/263445.htm
广州市坚龙电子有限公司的商铺,http://guangzhou0263445.11467.com
嘉兴艾格森电子有限公司,http:////www.11467.com/jiaxing/co/123615.htm
嘉兴艾格森电子有限公司的商铺,http://jiaxing0123615.11467.com
杭州海飞智能箱柜有限公司,http:////www.11467.com/hangzhou/co/259928.htm
杭州海飞智能箱柜有限公司的商铺,http://hangzhou0259928.11467.com
广州市番禺区沙湾佳景印刷制版设计室,http:////www.11467.com/guangzhou/co/431577.htm
广州市番禺区沙湾佳景印刷制版设计室的商铺,http://guangzhou0431577.11467.com
深圳赛格电子市场楚炎电子商柜,http:////www.11467.com/shenzhen/co/14013.htm
深圳赛格电子市场楚炎电子商柜的商铺,http://shenzhen014013.11467.com
南京明高信息技术有限公司,http:////www.11467.com/nanjing/co/36854.htm
南京明高信息技术有限公司的商铺,http://nanjing036854.11467.com
晋江市青阳网杰电子产品经营部,http:////www.11467.com/quanzhou/co/147231.htm
晋江市青阳网杰电子产品经营部的商铺,http://quanzhou0147231.11467.com
北京东方巨狮商贸有限公司,http:////www.11467.com/shenzhen/co/810043.htm
北京东方巨狮商贸有限公司的商铺,http://shenzhen0810043.11467.com
苏州日新达信息技术有限公司,http:////www.11467.com/suzhou/co/203106.htm
苏州日新达信息技术有限公司的商铺,http://suzhou0203106.11467.com
武汉思源网络科技有限公司,http:////www.11467.com/wuhan/co/135213.htm
武汉思源网络科技有限公司的商铺,http://wuhan0135213.11467.com
无锡市柯瑙通用机械有限公司,http:////www.11467.com/wuxi/co/177159.htm
无锡市柯瑙通用机械有限公司的商铺,http://wuxi0177159.11467.com
石家庄福润新技术有限公司,http:////www.11467.com/shijiazhuang/co/73749.htm
石家庄福润新技术有限公司的商铺,http://shijiazhuang073749.11467.com
深圳市凯华源机电制品有限公司,http:////www.11467.com/shenzhen/co/511087.htm
深圳市凯华源机电制品有限公司的商铺,http://shenzhen0511087.11467.com
郑州九都电子技术有限公司,http:////www.11467.com/zhengzhou/co/4386.htm
郑州九都电子技术有限公司的商铺,http://zhengzhou04386.11467.com
深圳市新创宇通科技有限公司,http:////www.11467.com/shenzhen/co/811224.htm
深圳市新创宇通科技有限公司的商铺,http://shenzhen0811224.11467.com
深圳市东柏科技有限公司,http:////www.11467.com/shenzhen/co/811419.htm
深圳市东柏科技有限公司的商铺,http://shenzhen0811419.11467.com
深圳市赛特力数码科技有限公司,http:////www.11467.com/shenzhen/co/531940.htm
深圳市赛特力数码科技有限公司的商铺,http://shenzhen0531940.11467.com
深圳通信器材市场长安经营部,http:////www.11467.com/shenzhen/co/809662.htm
深圳通信器材市场长安经营部的商铺,http://shenzhen0809662.11467.com
厦门龙邦科贸有限公司,http:////www.11467.com/xiamen/co/31875.htm
厦门龙邦科贸有限公司的商铺,http://xiamen031875.11467.com
无锡市顺风通信设备经营部,http:////www.11467.com/wuxi/co/192679.htm
无锡市顺风通信设备经营部的商铺,http://wuxi0192679.11467.com
深圳市思连科技有限公司,http:////www.11467.com/shenzhen/co/857820.htm
深圳市思连科技有限公司的商铺,http://shenzhen0857820.11467.com
深圳市楚万达通讯电子有限公司,http:////www.11467.com/shenzhen/co/458286.htm
深圳市楚万达通讯电子有限公司的商铺,http://shenzhen0458286.11467.com
深圳市思进欣电子科技有限公司,http:////www.11467.com/shenzhen/co/189275.htm
深圳市思进欣电子科技有限公司的商铺,http://shenzhen0189275.11467.com
深圳市俊网信息技术有限公司,http:////www.11467.com/shenzhen/co/758315.htm
深圳市俊网信息技术有限公司的商铺,http://shenzhen0758315.11467.com
杭州思若电脑有限公司,http:////www.11467.com/hangzhou/co/358594.htm
杭州思若电脑有限公司的商铺,http://hangzhou0358594.11467.com
眉山市东坡区讯维通信产品经营部,http:////www.11467.com/meishan/co/18426.htm
眉山市东坡区讯维通信产品经营部的商铺,http://meishan018426.11467.com
佛山市少典机电设备有限公司,http:////www.11467.com/foshan/co/323733.htm
佛山市少典机电设备有限公司的商铺,http://foshan0323733.11467.com
广州驰誉信息科技有限公司,http:////www.11467.com/guangzhou/co/135514.htm
广州市黄埔区安保机柜厂,http:////www.11467.com/guangzhou/co/460811.htm
广州市银讯通信科技有限公司,http:////www.11467.com/guangzhou/co/25395.htm
广州中赢电子科技有限公司,http:////www.11467.com/guangzhou/co/352825.htm
广州市中鹏计算机科技有限公司,http:////www.11467.com/guangzhou/co/461575.htm
中国电子科技集团公司第七研究所,http:////www.11467.com/guangzhou/co/197447.htm
杭州欧隆电子科技有限公司,http:////www.11467.com/hangzhou/co/279942.htm
杭州立朗科技有限公司,http:////www.11467.com/hangzhou/co/354166.htm
杭州爱闰科技有限公司,http:////www.11467.com/hangzhou/co/371594.htm
山东英才学院,http:////www.11467.com/jinan/co/114751.htm
南京苏科教育培训中心,http:////www.11467.com/nanjing/co/152934.htm
赵贺元（个体经营）,http:////www.11467.com/baoding/co/60541.htm
沧州惠邦机电产品制造有限责任公司,http:////www.11467.com/cangzhou/co/45831.htm
北京同迈科技有限公司,http:////www.11467.com/changchun/co/83212.htm
北京明道泰和信息技术有限公司,http:////www.11467.com/changchun/co/70207.htm
成都太和电子科技有限公司销售部,http:////www.11467.com/chengdu/co/211847.htm
大连斯马特科技发展有限公司,http:////www.11467.com/dalian/co/16821.htm
雷生斌（个体经营）,http:////www.11467.com/datong/co/15411.htm
东莞市吉泽电子科技有限公司,http:////www.11467.com/dongguan/co/308159.htm
南京佳盛机电器材制造有限公司,http:////www.11467.com/nanjing/co/80443.htm
南阳市聚合谷网络技术有限公司,http:////www.11467.com/nanyang/co/34181.htm
清远市清城区龙塘镇君倩数码店,http:////www.11467.com/qingyuan/co/24378.htm
沈阳大拓机械制造有限公司,http:////www.11467.com/shenyang/co/58872.htm
深圳长城开发科技股份有限公司,http:////www.11467.com/shenzhen/co/154929.htm
网新互联服务有限公司,http:////www.11467.com/huangshi/co/17918.htm
北京东方讯科技发展有限公司,http:////www.11467.com/jian/co/16953.htm
深圳市迈腾电子有限公司,http:////www.11467.com/shenzhen/co/626539.htm
深圳市银河风云网络系统股份有限公司,http:////www.11467.com/shenzhen/co/163092.htm
天华通讯有限公司,http:////www.11467.com/shihezi/co/5500.htm
珠海经济特区伟思有限公司,http:////www.11467.com/zhuhai/co/37923.htm
天津市研翔电子科技有限公司,http:////www.11467.com/tianjin/co/130252.htm
西安方汇信息技术 有限公司,http:////www.11467.com/xian/co/95596.htm
仙桃市智杰科技有限公司,http:////www.11467.com/xiantao/co/14762.htm
郑州冰川网络技术有限公司,http:////www.11467.com/zhengzhou/co/98032.htm
沧州鼎铖电气设备有限公司,http:////www.11467.com/cangzhou/co/65495.htm
青县震泽电子机箱制造有限公司,http:////www.11467.com/cangzhou/co/56353.htm
沧州金雷诺电子设备有限公司,http:////www.11467.com/cangzhou/co/61735.htm
常州市博奥电器设备有限公司,http:////www.11467.com/changzhou/co/35278.htm
大连千格科技有限公司,http:////www.11467.com/dalian/co/46348.htm
倍亿得热传科技（东莞）有限公司,http:////www.11467.com/dongguan/co/410284.htm
东莞市钜佳电子有限公司,http:////www.11467.com/dongguan/co/355189.htm
福州华弘机械有限公司,http:////www.11467.com/fuzhou/co/133001.htm
广州川吉电气技术有限公司,http:////www.11467.com/guangzhou/co/476270.htm
广州市丰悦信息技术有限公司,http:////www.11467.com/guangzhou/co/154750.htm
广州市华谱电子科技有限公司,http:////www.11467.com/guangzhou/co/34446.htm
广州市乘势金属制品有限公司,http:////www.11467.com/guangzhou/co/260811.htm
哈尔滨天创通讯有限公司,http:////www.11467.com/haerbin/co/43066.htm
杭州三汇软件有限公司,http:////www.11467.com/hangzhou/co/54140.htm
杭州蓝光电子有限公司,http:////www.11467.com/hangzhou/co/50962.htm
杭州银诚网络科技有限公司,http:////www.11467.com/hangzhou/co/235133.htm
临安锐达通信设备有限公司,http:////www.11467.com/hangzhou/co/104843.htm
浙江爱特电子技术有限公司,http:////www.11467.com/hangzhou/co/216362.htm
合联达实业（深圳）有限公司,http:////www.11467.com/hangzhou/co/253841.htm
浙江圣宇成套电气有限公司,http:////www.11467.com/hangzhou/co/211315.htm
德赛电子（惠州）有限公司,http:////www.11467.com/huizhou/co/25448.htm
香河县正龙金属制品厂,http:////www.11467.com/langfang/co/45882.htm
临沂富华电子有限公司,http:////www.11467.com/linyi/co/94389.htm
浙江丰裕小丰科技有限公司,http:////www.11467.com/lishui/co/35532.htm
南京普天通信股份有限公司,http:////www.11467.com/nanjing/co/38845.htm
南京浩升虹业信息技术有限公司,http:////www.11467.com/nanjing/co/94162.htm
南京多辉电子科技有限公司,http:////www.11467.com/nanjing/co/56418.htm
南宁用易网络科技有限公司,http:////www.11467.com/nanning/co/60066.htm
江苏北斗科技有限公司,http:////www.11467.com/nantong/co/57421.htm
宝祥电子有限公司,http:////www.11467.com/shenzhen/co/762205.htm
深圳福田区华强广场欣乐经营部,http:////www.11467.com/shenzhen/co/181112.htm
醴陵恒茂电子科技有限公司,http:////www.11467.com/shenzhen/co/172856.htm
李峰栋（个体经营）,http:////www.11467.com/shenzhen/co/244162.htm
深圳联华世纪通信技术有限公司,http:////www.11467.com/shenzhen/co/678210.htm
深圳国威时代通信设备有限公司（销售市场部）,http:////www.11467.com/shenzhen/co/388654.htm
深圳浩宁达仪表股份有限公司,http:////www.11467.com/shenzhen/co/522085.htm
深圳市新信通科技有限公司,http:////www.11467.com/shenzhen/co/797238.htm
深圳鑫盛发科技有限公司,http:////www.11467.com/shenzhen/co/763367.htm
深圳市湘宝网络科技有限公司,http:////www.11467.com/shenzhen/co/288389.htm
无锡德思普科技有限公司,http:////www.11467.com/shenzhen/co/778290.htm
深圳市翔源科技有限公司,http:////www.11467.com/shenzhen/co/556373.htm
艾诺通信系统（苏州）有限责任公司,http:////www.11467.com/suzhou/co/210408.htm
苏州凯贝科贸有限公司,http:////www.11467.com/suzhou/co/142204.htm
武汉光谷机电科技有限公司,http:////www.11467.com/wuhan/co/143214.htm
无锡康贝电子设备有限公司,http:////www.11467.com/wuxi/co/35057.htm
郑州锐康科技有限公司,http:////www.11467.com/zhengzhou/co/111989.htm
海口赛格世纪科技有限公司,http:////www.11467.com/haikou/co/4410.htm
广州蕴辰网络科技有限公司,http:////www.11467.com/guangzhou/co/556133.htm
天津信息港智能社区科技有限公司,http:////www.11467.com/tianjin/co/309261.htm
十堰诺之言工贸有限公司,http:////www.11467.com/shiyan/co/37304.htm
深圳市福田区奥立德通讯行,http:////www.11467.com/shenzhen/co/448212.htm
深圳市贝莱特实业有限公司（业务部）,http:////www.11467.com/shenzhen/co/189056.htm
深圳市福田区远望源通讯市场港丰展销部,http:////www.11467.com/shenzhen/co/202464.htm
深圳市广信天网络技术有限公司,http:////www.11467.com/shenzhen/co/26012.htm
深圳市恒昕技术有限公司,http:////www.11467.com/shenzhen/co/159476.htm
深圳市寰穹科技有限公司,http:////www.11467.com/shenzhen/co/785398.htm
深圳市哈斯姆科技有限公司,http:////www.11467.com/shenzhen/co/675609.htm
深圳市弘南科通信设备有限公司,http:////www.11467.com/shenzhen/co/191225.htm
深圳市立通电子技术有限公司销售一部,http:////www.11467.com/shenzhen/co/678276.htm
深圳市华讯通达科技有限公司市场部,http:////www.11467.com/shenzhen/co/726143.htm
深圳市龙维电子科技有限公司,http:////www.11467.com/shenzhen/co/182377.htm
深圳市磊通科技有限公司,http:////www.11467.com/shenzhen/co/354165.htm
深圳市凯洛达电子科技有限公司市场部,http:////www.11467.com/shenzhen/co/447700.htm
深圳市金硕科技有限公司,http:////www.11467.com/shenzhen/co/196867.htm
深圳市荣鑫源电子有限公司,http:////www.11467.com/shenzhen/co/768507.htm
深圳市盛思维科技有限公司,http:////www.11467.com/shenzhen/co/678923.htm
深圳市讯唐科技有限公司,http:////www.11467.com/shenzhen/co/626087.htm
深圳市泰科尼科技有限公司,http:////www.11467.com/shenzhen/co/181623.htm
深圳市顺景五金电子制品有限公司,http:////www.11467.com/shenzhen/co/133430.htm
深圳市万有科技有限公司,http:////www.11467.com/shenzhen/co/123871.htm
深圳市旺维思创科技有限公司,http:////www.11467.com/shenzhen/co/626671.htm
深圳市新天源科技有限公司,http:////www.11467.com/shenzhen/co/10409.htm
深圳市怡嘉兴网络设备有限公司,http:////www.11467.com/shenzhen/co/517653.htm
深圳市鑫瑞联网络技术有限公司,http:////www.11467.com/shenzhen/co/768606.htm
深圳市永茂科技有限公司,http:////www.11467.com/shenzhen/co/343574.htm
深圳市宇沃德信息技术有限公司,http:////www.11467.com/shenzhen/co/154769.htm
深圳市中天成科技有限公司(业务部）,http:////www.11467.com/shenzhen/co/162777.htm
深圳市中兴移动通信有限公司,http:////www.11467.com/shenzhen/co/622934.htm
深圳市易控达科技有限公司,http:////www.11467.com/shenzhen/co/763949.htm
深圳振达通科技有限公司,http:////www.11467.com/shenzhen/co/473864.htm
深圳振兴伟业通讯有限公司,http:////www.11467.com/shenzhen/co/778515.htm
伟鑫实业有限公司,http:////www.11467.com/shenzhen/co/170732.htm
深圳市中技源专利城有限公司,http:////www.11467.com/shenzhen/co/358676.htm
拓见科技(深圳)有限公司,http:////www.11467.com/shenzhen/co/186768.htm
深圳祥东网络有限公司,http:////www.11467.com/shenzhen/co/180777.htm
深圳欣盛网络科技有限公司,http:////www.11467.com/shenzhen/co/156889.htm
宁波驰通光信科技(深圳)有限公司,http:////www.11467.com/shenzhen/co/458910.htm
石家庄普成计算机科技有限公司,http:////www.11467.com/shijiazhuang/co/160018.htm
苏州兰贝信息科技有限公司,http:////www.11467.com/suzhou/co/269649.htm
苏州晴天网络科技有限公司,http:////www.11467.com/suzhou/co/221764.htm
恒启电子（苏州）有限公司,http:////www.11467.com/suzhou/co/109666.htm
张家港市华蓓电气设备有限公司,http:////www.11467.com/suzhou/co/315486.htm
昆山益得图腾机电设备有限公司,http:////www.11467.com/suzhou/co/314275.htm
武汉英莱德科技有限公司,http:////www.11467.com/wuhan/co/61237.htm
新疆西线网络有限责任公司,http:////www.11467.com/wulumuqi/co/89675.htm
无锡赛得尔机械有限公司,http:////www.11467.com/wuxi/co/195797.htm
厦门实格进出口有限公司,http:////www.11467.com/xiamen/co/93588.htm
西安乾美电子有限公司,http:////www.11467.com/xian/co/121466.htm
陕西北斗恒星科技发展有限公司,http:////www.11467.com/xian/co/47938.htm
陕西和韵电子科技有限公司,http:////www.11467.com/xian/co/121467.htm
厦门帷客网络技术有限公司,http:////www.11467.com/xiamen/co/85484.htm
厦门康丽星贸易有限公司,http:////www.11467.com/xiamen/co/96683.htm
三河市华夏恒泰电子技术有限公司,http:////www.11467.com/qiye/192783.htm
鞍山永诚光纤网络科技有限公司,http:////www.11467.com/anshan/co/72248.htm
贵州安顺心新思维电子科技有限责任公司,http:////www.11467.com/anshun/co/8094.htm
安阳市怡星电脑有限责任公司,http:////www.11467.com/anyang/co/26679.htm
包头市恒基通信设备有限责任公司招商部,http:////www.11467.com/baotou/co/23555.htm
沧州万隆电子通信设备有限公司,http:////www.11467.com/cangzhou/co/57667.htm
南皮县中源金属制造有限公司,http:////www.11467.com/cangzhou/co/51198.htm
南皮县国鑫金属制品有限公司,http:////www.11467.com/cangzhou/co/51200.htm
青县科发电器设备制造有限公司,http:////www.11467.com/cangzhou/co/31651.htm
沧州高科技办公设备有限责任公司,http:////www.11467.com/cangzhou/co/39270.htm
青县盈鑫电子机箱有限公司,http:////www.11467.com/cangzhou/co/58016.htm
青县三缘电子设备机箱厂,http:////www.11467.com/cangzhou/co/58953.htm
沧州振宇机箱有限公司,http:////www.11467.com/cangzhou/co/53399.htm
青县卓佳电器设备制造有限公司,http:////www.11467.com/cangzhou/co/50611.htm
青县尚千电子机箱制造有限公司,http:////www.11467.com/cangzhou/co/52002.htm
沧州华通机箱面板有限公司,http:////www.11467.com/cangzhou/co/33697.htm
沧州精宇电器设备有限公司,http:////www.11467.com/cangzhou/co/8490.htm
田超个体经营,http:////www.11467.com/changchun/co/80406.htm
长春星宇网络软件有限公司,http:////www.11467.com/changchun/co/74526.htm
吉林省飞博光通信有限公司,http:////www.11467.com/changchun/co/94483.htm
长沙科怡科技中心,http:////www.11467.com/changsha/co/72417.htm
长沙市宏嘉实业有限公司,http:////www.11467.com/changsha/co/72433.htm
长沙中远万维网络有限公司,http:////www.11467.com/changsha/co/88549.htm
金宇网络科技有限公司,http:////www.11467.com/changsha/co/73317.htm
长沙县赛门机电贸易有限公司,http:////www.11467.com/changsha/co/87415.htm
长沙市速创电子科技有限公司,http:////www.11467.com/changsha/co/93022.htm
深圳海明科技有限公司湖南分公司,http:////www.11467.com/changsha/co/74154.htm
常州磊乐塑料有限公司,http:////www.11467.com/changzhou/co/123279.htm
常州飞迪电器有限公司,http:////www.11467.com/changzhou/co/90631.htm
常州市凯宇通信设备有限公司,http:////www.11467.com/changzhou/co/117966.htm
常州市鑫广通电信器材制造有限公司,http:////www.11467.com/changzhou/co/117987.htm
常州市武进区横林航海办公设备厂,http:////www.11467.com/changzhou/co/92344.htm
溧阳市程锦计算机经营部,http:////www.11467.com/changzhou/co/93104.htm
常州新盛电器有限公司,http:////www.11467.com/changzhou/co/101052.htm
点睛(北京)信息技术有限责任公司,http:////www.11467.com/chengde/co/21984.htm
池州联奥科技服务中心,http:////www.11467.com/chizhou/co/8328.htm
大连新干线通信有限责任公司,http:////www.11467.com/dalian/co/37209.htm
宁波钜源电子有限公司大连办事处,http:////www.11467.com/dalian/co/37888.htm
大连铭宇科技开发有限公司,http:////www.11467.com/dalian/co/50944.htm
烟台丰发网络科技公司,http:////www.11467.com/yantai/co/130879.htm
郑州六佰电子有限公司,http:////www.11467.com/zhengzhou/co/116486.htm
上海环瑞计算机科技有限公司,http:////www.11467.com/zhongshan/co/123402.htm
中山市昌发金属制品有限公司,http:////www.11467.com/zhongshan/co/24923.htm
淄博通广电子有限公司,http:////www.11467.com/zibo/co/82605.htm
北京中科铭讯科技有限公司,http:////www.11467.com/beijing/co/432463.htm
天津静联电子机箱有限公司,http:////www.11467.com/tianjin/co/201418.htm
上海安畅网络科技股份有限公司,http:////www.11467.com/shanghai/co/1092513.htm
上海时伦信息技术有限公司,http:////www.11467.com/shanghai/co/1102637.htm
大连盛为科技发展有限公司,http:////www.11467.com/dalian/co/54824.htm
大连奥林匹克电子城凯歌电子商行,http:////www.11467.com/dalian/co/37852.htm
大连海容通信技术有限公司,http:////www.11467.com/dalian/co/37655.htm
于春龙（个体经营）,http:////www.11467.com/dalian/co/37271.htm
辽宁省丹东市元宝区思智科技有限公司,http:////www.11467.com/dandong/co/46467.htm
金泰网络公司,http:////www.11467.com/daqing/co/38792.htm
德阳超越科技有限责任公司,http:////www.11467.com/deyang/co/30866.htm
艾克斯通讯有限公司,http:////www.11467.com/dongguan/co/154444.htm
陈灿鸿（个体经营）,http:////www.11467.com/dongguan/co/144625.htm
东莞市奥菲斯音响设备有限公司(业务部),http:////www.11467.com/dongguan/co/207907.htm
东莞市奥天信息技术有限公司,http:////www.11467.com/dongguan/co/151436.htm
东莞市东城磊磊购电脑配件店,http:////www.11467.com/dongguan/co/153686.htm
东莞市潮运电脑有限公司,http:////www.11467.com/dongguan/co/144464.htm
东莞市东城金辉电脑经营部,http:////www.11467.com/dongguan/co/445534.htm
东莞市罗特斯五金电子科技有限公司,http:////www.11467.com/dongguan/co/260775.htm
东莞长安咸西日升电子厂,http:////www.11467.com/dongguan/co/46249.htm
东莞市捷龙通信设备有限公司,http:////www.11467.com/dongguan/co/155377.htm
东莞市石碣晶达五金经营部,http:////www.11467.com/dongguan/co/502023.htm
东莞市石龙国际电子城易佳科技,http:////www.11467.com/dongguan/co/354810.htm
东莞市凝枫网络科技有限公司,http:////www.11467.com/dongguan/co/470282.htm
东莞市铭通电脑科技有限公司,http:////www.11467.com/dongguan/co/153524.htm
东莞市亿网电子有限公司,http:////www.11467.com/dongguan/co/410776.htm
东莞市远锦机电有限公司,http:////www.11467.com/dongguan/co/460668.htm
东莞市鑫海电脑有限公司,http:////www.11467.com/dongguan/co/150991.htm
东莞市迅驰实业投资有限公司,http:////www.11467.com/dongguan/co/186586.htm
东莞市广威电脑科技有限公司,http:////www.11467.com/dongguan/co/157857.htm
東莞飛盟電子通訊配件有限公司工程,http:////www.11467.com/dongguan/co/340721.htm
东莞市稳扬精密五金制品有限公司,http:////www.11467.com/dongguan/co/223502.htm
惠城区纳海网络产品经营部,http:////www.11467.com/dongguan/co/302698.htm
东莞鑫发网络科技有限公司,http:////www.11467.com/dongguan/co/159311.htm
鸿威科技电子有限公司,http:////www.11467.com/dongguan/co/374180.htm
嘉田电子科技有限公司钣金业事部,http:////www.11467.com/dongguan/co/190187.htm
东莞市志盈计算机有限公司,http:////www.11467.com/dongguan/co/355430.htm
深圳龙视传媒有限公司,http:////www.11467.com/dongguan/co/361353.htm
海纳科技有限公司,http:////www.11467.com/dongguan/co/159783.htm
广州市海日环保带电清洁工程有限公司,http:////www.11467.com/dongguan/co/401438.htm
深圳市瑞讯科技有限公司,http:////www.11467.com/dongguan/co/152809.htm
深圳市科献科技有限公司,http:////www.11467.com/dongguan/co/355320.htm
宏达办公设备公司,http:////www.11467.com/dongguan/co/374295.htm
李苑龙（个体经营）,http:////www.11467.com/dongguan/co/154896.htm
星光电子(东莞)有限公司,http:////www.11467.com/dongguan/co/154596.htm
佛山市华电智能通信科技有限公司,http:////www.11467.com/foshan/co/305547.htm
佛山市禅城区壹嘉网络通信服务中心,http:////www.11467.com/foshan/co/191442.htm
佛山市南海区百图五金制品有限公司,http:////www.11467.com/foshan/co/188045.htm
佛山市中昌电脑电子有限公司销售部,http:////www.11467.com/foshan/co/191796.htm
佛山市普瑞生数控钣金有限公司,http:////www.11467.com/foshan/co/231796.htm
佛山市三水德林普通讯设备有限公司,http:////www.11467.com/foshan/co/188487.htm
福卅世纪国通通信技术有限公司,http:////www.11467.com/fuzhou/co/144759.htm
北京世纪澄通电子有限公司福建办事处,http:////www.11467.com/fuzhou/co/147040.htm
福建馨之声网络科技有限公司,http:////www.11467.com/fuzhou/co/134435.htm
福州赛欧信息技术有限公司,http:////www.11467.com/fuzhou/co/125244.htm
鑫鸿宇网络科技有限公司,http:////www.11467.com/fuzhou/co/148301.htm
广州高创电子计算机有限公司,http:////www.11467.com/guangzhou/co/393707.htm
创而得电子设备有限公司,http:////www.11467.com/guangzhou/co/394305.htm
广州宏奥通信科技有限公司,http:////www.11467.com/guangzhou/co/467273.htm
广州德联通讯技术有限公司,http:////www.11467.com/guangzhou/co/343037.htm
广州高创视频电子计算机有限公司,http:////www.11467.com/guangzhou/co/142486.htm
广州凯铭数码科技有限公司,http:////www.11467.com/guangzhou/co/244017.htm
广州欧克赛数码电子有限公司,http:////www.11467.com/guangzhou/co/217347.htm
广州励尚网络科技有限公司,http:////www.11467.com/guangzhou/co/244248.htm
广州科镁电子有限公司(全国招商一部),http:////www.11467.com/guangzhou/co/137465.htm
广州凌振电子设备有限公司,http:////www.11467.com/guangzhou/co/352714.htm
广州佳鸿网络科技有限公司,http:////www.11467.com/guangzhou/co/243555.htm
广州华普科技有限公司,http:////www.11467.com/guangzhou/co/138103.htm
广州朗俊五金制品有限公司,http:////www.11467.com/guangzhou/co/352642.htm
广州爱为通讯科技有限公司,http:////www.11467.com/guangzhou/co/125928.htm
广州宏域电子计算机有限公司,http:////www.11467.com/guangzhou/co/467111.htm
广州市高康计算机科技有限公司,http:////www.11467.com/guangzhou/co/35849.htm
广州乐晋网络科技有限公司,http:////www.11467.com/guangzhou/co/464655.htm
格律诗电子科技有限公司营销部,http:////www.11467.com/guangzhou/co/429857.htm
广州千之汇网络有限公司,http:////www.11467.com/guangzhou/co/394108.htm
广州市番禺区盛声电器厂,http:////www.11467.com/guangzhou/co/251484.htm
广州市番禺区南村奥斯达线缆厂,http:////www.11467.com/guangzhou/co/239544.htm
广州美如电子有限公司（营业部）,http:////www.11467.com/guangzhou/co/145376.htm
广州市海珠区重新机械厂,http:////www.11467.com/guangzhou/co/18856.htm
广州市天誉汇通科技服务有限公司,http:////www.11467.com/guangzhou/co/136286.htm
广州市增城利嵘五金经营部,http:////www.11467.com/guangzhou/co/70172.htm
广州市科宝网络科技有限公司,http:////www.11467.com/guangzhou/co/133452.htm
广州市天河区石牌淞科电子经营部,http:////www.11467.com/guangzhou/co/134860.htm
广州市白云区凯韵电子设备厂(销售部),http:////www.11467.com/guangzhou/co/216314.htm
广州市天帝视听设备有限公司昆明办,http:////www.11467.com/guangzhou/co/157963.htm
广州龙维怡康网络科技有限公司,http:////www.11467.com/guangzhou/co/140336.htm
广州怡加电子科技有限公司,http:////www.11467.com/guangzhou/co/429858.htm
广州市思学计算机科技有限公司,http:////www.11467.com/guangzhou/co/146135.htm
广州市天河区石牌恒瑞电子经营部,http:////www.11467.com/guangzhou/co/233965.htm
广州腾讯机房设备有限公司,http:////www.11467.com/guangzhou/co/307881.htm
广州市勘发网络科技有限公司CTI服务部,http:////www.11467.com/guangzhou/co/139175.htm
广州市张杨通信设备有限公司事业部,http:////www.11467.com/guangzhou/co/201201.htm
广州粤阳通网科技有限公司,http:////www.11467.com/guangzhou/co/352786.htm
广州市德民网络科技有限公司,http:////www.11467.com/guangzhou/co/469490.htm
广州祥旺通信科技有限公司,http:////www.11467.com/guangzhou/co/136360.htm
广州市元上网络科技有限公司,http:////www.11467.com/guangzhou/co/352751.htm
广州市白云区百新电器厂,http:////www.11467.com/guangzhou/co/124860.htm
广州宇晟计算机科技有限公司,http:////www.11467.com/guangzhou/co/134413.htm
广州勇腾数码公司,http:////www.11467.com/guangzhou/co/288663.htm
广州友利华贸易有限公司,http:////www.11467.com/guangzhou/co/393409.htm
启博集团阿尔卡特事业部广州分公司,http:////www.11467.com/guangzhou/co/392469.htm
清华同方广州办事处,http:////www.11467.com/guangzhou/co/351251.htm
华兴电脑科技有限公司,http:////www.11467.com/guangzhou/co/351388.htm
广州信羡贸易有限公司,http:////www.11467.com/guangzhou/co/103633.htm
广州益家智能科技有限公司,http:////www.11467.com/guangzhou/co/26649.htm
广州市域英通信设备有限公司,http:////www.11467.com/guangzhou/co/144182.htm
香港泛达网络通讯有限公司,http:////www.11467.com/guangzhou/co/249868.htm
新亚洲电子科技有限公司,http:////www.11467.com/guangzhou/co/341762.htm
中国铁通广东分公司,http:////www.11467.com/guangzhou/co/360029.htm
瑞福特科技有限公司,http:////www.11467.com/guangzhou/co/147132.htm
广州市新新电子商行有限公司,http:////www.11467.com/guangzhou/co/167182.htm
庄晓升（个体经营）,http:////www.11467.com/guangzhou/co/132899.htm
卓孝鸿（个体经营）,http:////www.11467.com/guangzhou/co/143964.htm
贵州锐志科技发展有限公司,http:////www.11467.com/guiyang/co/71603.htm
新中邮通讯器材制造有限公司,http:////www.11467.com/haerbin/co/58287.htm
哈尔滨市海君耗材经销部,http:////www.11467.com/haerbin/co/43007.htm
富阳市海峰通讯器材厂,http:////www.11467.com/hangzhou/co/100157.htm
杭州set科技有限公司旗舰店,http:////www.11467.com/hangzhou/co/215951.htm
杭州电子市场金豪电子商行,http:////www.11467.com/hangzhou/co/250308.htm
杭州诚鑫科技有限公司,http:////www.11467.com/hangzhou/co/177035.htm
杭州创视高清视频科技有限公司,http:////www.11467.com/hangzhou/co/370590.htm
范伍杭（个体经营）,http:////www.11467.com/hangzhou/co/215400.htm
杭州华丰通信器材有限公司,http:////www.11467.com/hangzhou/co/82832.htm
杭州泛亚科技有限公司,http:////www.11467.com/hangzhou/co/175357.htm
杭州杰科网络设备有限公司分销部,http:////www.11467.com/hangzhou/co/215633.htm
杭州市下城区国鹏办公用品商行,http:////www.11467.com/hangzhou/co/311275.htm
杭州欧林电子科技有限公司,http:////www.11467.com/hangzhou/co/280370.htm
杭州铭杭科技有限公司,http:////www.11467.com/hangzhou/co/252610.htm
杭州久尔久电子科技有限公司,http:////www.11467.com/hangzhou/co/206134.htm
杭州景畅通信设备有限公司,http:////www.11467.com/hangzhou/co/238809.htm
杭州市拱墅区易淘电子产品商行,http:////www.11467.com/hangzhou/co/218079.htm
杭州经济技术开发区三宇通讯服务部,http:////www.11467.com/hangzhou/co/311266.htm
杭州新诚佳通讯设备有限公司,http:////www.11467.com/hangzhou/co/280317.htm
杭州宏德机械制造有限公司,http:////www.11467.com/hangzhou/co/232754.htm
杭州三冠网络科技有限公司,http:////www.11467.com/hangzhou/co/280365.htm
魔豆网络技术有限责任公司,http:////www.11467.com/hangzhou/co/216904.htm
杭州金亦源不锈钢有限公司,http:////www.11467.com/hangzhou/co/211431.htm
杭州通瑞工贸有限公司,http:////www.11467.com/hangzhou/co/211518.htm
临安市欧华贸易有限公司,http:////www.11467.com/hangzhou/co/146530.htm
伟民数码有限公司,http:////www.11467.com/hangzhou/co/280408.htm
杭州市捷曼计算机网络有限公司,http:////www.11467.com/hangzhou/co/219565.htm
杭州卓群网络工程有限公司,http:////www.11467.com/hangzhou/co/245827.htm
杭州润贝通信设备有限公司,http:////www.11467.com/hangzhou/co/282168.htm
安徽合肥有限公司,http:////www.11467.com/hefei/co/99924.htm
合肥德赛电子经营部,http:////www.11467.com/hefei/co/52830.htm
衡水滨湖新区保康医疗器械厂,http:////www.11467.com/hengshui/co/39491.htm
唯佳数码科技有限公司,http:////www.11467.com/hengyang/co/26891.htm
黄山科友电脑服务有限公司,http:////www.11467.com/huangshan/co/12454.htm
惠州市华晟达电信设备有限公司,http:////www.11467.com/huizhou/co/97030.htm
江门市卓耀照明科技有限公司,http:////www.11467.com/jiangmen/co/111632.htm
济南德雷克贸易公司,http:////www.11467.com/jinan/co/104852.htm
济南网动科技有限公司,http:////www.11467.com/jinan/co/104831.htm
昆明恒信网络科技有限公司,http:////www.11467.com/kunming/co/117176.htm
昆明金祥荣科贸有限公司,http:////www.11467.com/kunming/co/60423.htm
昆明瑞天科技有限公司,http:////www.11467.com/kunming/co/99482.htm
昆明市洲际通联科技开发中心,http:////www.11467.com/kunming/co/117117.htm
昆明赢携科技有限公司IT分部,http:////www.11467.com/kunming/co/99939.htm
云南通信产业服务有限公司,http:////www.11467.com/kunming/co/99479.htm
昆明感缘模仿企业管理有限公司行政部,http:////www.11467.com/kunming/co/117354.htm
香河盛鑫板金制品厂,http:////www.11467.com/langfang/co/46480.htm
香河县鑫宏远金属制品厂,http:////www.11467.com/langfang/co/28531.htm
香河振炜板金厂,http:////www.11467.com/langfang/co/46024.htm
广阳区庆山网络技术有限公司,http:////www.11467.com/langfang/co/28852.htm
香河县新扬办公设备厂,http:////www.11467.com/langfang/co/46398.htm
香河县渠口镇广祥钣金厂,http:////www.11467.com/langfang/co/45792.htm
中国信息科技传媒有限公司,http:////www.11467.com/lanzhou/co/71026.htm
福泰克(连云港)电子有限公司,http:////www.11467.com/lianyungang/co/28734.htm
山东临沂锐达电子科技开发公司-9,http:////www.11467.com/linyi/co/60524.htm
福建龙岩金鑫科技有限公司,http:////www.11467.com/longyan/co/21541.htm
马鞍山市新宏强电脑中心,http:////www.11467.com/maanshan/co/18896.htm
江西开鹏通讯技术有限公司,http:////www.11467.com/nanchang/co/97254.htm
华普耗材经营部,http:////www.11467.com/nanchang/co/97373.htm
漆勇明（个体经营）,http:////www.11467.com/nanchang/co/90971.htm
广东领域集团有限公司南京分公司,http:////www.11467.com/nanjing/co/102639.htm
德维(南京)设计工作室,http:////www.11467.com/nanjing/co/73349.htm
南京诚恩科技有限公司,http:////www.11467.com/nanjing/co/56109.htm
南京涵涵信息技术有限公司,http:////www.11467.com/nanjing/co/56143.htm
南京劭怡电子科技有限公司,http:////www.11467.com/nanjing/co/84717.htm
南京力友科技有限公司销售部,http:////www.11467.com/nanjing/co/114636.htm
深圳市恒通顺贸易有限公司,http:////www.11467.com/nanjing/co/55675.htm
南京浩帆科技有限公司公司,http:////www.11467.com/nanjing/co/57739.htm
南京易非联电子科技有限公司,http:////www.11467.com/nanjing/co/150365.htm
南京瑞悦网络科技有限公司,http:////www.11467.com/nanjing/co/153597.htm
南京鑫卉联网络科技经营部,http:////www.11467.com/nanjing/co/57608.htm
南京快鱼网络科技有限公司,http:////www.11467.com/nanjing/co/65362.htm
南京土豆数码科技实业公司,http:////www.11467.com/nanjing/co/102995.htm
南京英佛信息技术有限公司,http:////www.11467.com/nanjing/co/59342.htm
南京硕兆软件开发有限公司,http:////www.11467.com/nanjing/co/56759.htm
南京华脉科技有限公司,http:////www.11467.com/nanjing/co/70774.htm
南京杰洋网络科技有限公司,http:////www.11467.com/nanjing/co/130253.htm
南京垣雍电子有限公司,http:////www.11467.com/nanjing/co/153636.htm
广西中航广电子科技有限责任公司,http:////www.11467.com/nanning/co/86292.htm
广西南宁新赛电子科技有限公司,http:////www.11467.com/nanning/co/70638.htm
南通东洲金属构件有限公司,http:////www.11467.com/nantong/co/106216.htm
南通星阳机械有限公司,http:////www.11467.com/nantong/co/127507.htm
青岛华宝正大国际贸易有限公司,http:////www.11467.com/qingdao/co/114801.htm
杜文战（个体经营）,http:////www.11467.com/qinhuangdao/co/33541.htm
丽海科技有限公司,http:////www.11467.com/quanzhou/co/94499.htm
泉州市凯欣礼品有限公司,http:////www.11467.com/quanzhou/co/106430.htm
伟隆电脑科技有限公司,http:////www.11467.com/quanzhou/co/94291.htm
张志达（个体经营）,http:////www.11467.com/shantou/co/115877.htm
沈阳市普渡科技发展有限公司,http:////www.11467.com/shenyang/co/53090.htm
沈阳安特科技有限公司,http:////www.11467.com/shenyang/co/52237.htm
沈阳众信实验室设计有限公司,http:////www.11467.com/shenyang/co/96842.htm
沈阳高新区标新兴业电子经营部,http:////www.11467.com/shenyang/co/67799.htm
奥创科技有限公司（销售一部）,http:////www.11467.com/shenzhen/co/189119.htm
诚幸电脑网络公司,http:////www.11467.com/shenzhen/co/677458.htm
福田区华强电子世界东港电子展销柜,http:////www.11467.com/shenzhen/co/626096.htm
港亚电讯有限公司,http:////www.11467.com/shenzhen/co/636980.htm
福州星网视易信息系统有限公司,http:////www.11467.com/shenzhen/co/676143.htm
鴻馳實業有限公司,http:////www.11467.com/shenzhen/co/359864.htm
汇宏电子有限公司,http:////www.11467.com/shenzhen/co/458917.htm
广州诚发科技有限公司深圳分公司,http:////www.11467.com/shenzhen/co/353162.htm
帝王星国际贸易有限公司,http:////www.11467.com/shenzhen/co/158062.htm
金瓦特科技公司,http:////www.11467.com/shenzhen/co/166823.htm
欧诺达电子科技有限公司,http:////www.11467.com/shenzhen/co/114849.htm
福来得科技有限公司,http:////www.11467.com/shenzhen/co/201009.htm
飞鑫数码科技有限公司,http:////www.11467.com/shenzhen/co/532002.htm
超音速无线技术深圳有限公司,http:////www.11467.com/shenzhen/co/329062.htm
酷我网科技有限有公司,http:////www.11467.com/shenzhen/co/676009.htm
深圳惠世通通讯电子有限公司,http:////www.11467.com/shenzhen/co/523157.htm
申瓯通信设备有限公司市场部,http:////www.11467.com/shenzhen/co/624349.htm
胡旭和(个体经营),http:////www.11467.com/shenzhen/co/166429.htm
深圳尔思电子有限公司,http:////www.11467.com/shenzhen/co/176654.htm
深圳久资电子有限公司,http:////www.11467.com/shenzhen/co/680037.htm
纳海实业有限公司,http:////www.11467.com/shenzhen/co/432788.htm
深圳阿尔法特机电工业有限公司,http:////www.11467.com/shenzhen/co/133253.htm
上海百胜软件有限公司深圳分公司销售部,http:////www.11467.com/shenzhen/co/162622.htm
上尚品电子有限公司,http:////www.11467.com/shenzhen/co/625770.htm
明科世纪科技发展有限公司,http:////www.11467.com/shenzhen/co/199768.htm
秦安科技有限公司,http:////www.11467.com/shenzhen/co/185109.htm
深圳华茂科技有限公司（销售部）,http:////www.11467.com/shenzhen/co/203729.htm
深圳佳慧泽电子有限公司,http:////www.11467.com/shenzhen/co/199440.htm
深圳佳视科技有限公司市场,http:////www.11467.com/shenzhen/co/677942.htm
美席世科技（深圳）有限公司,http:////www.11467.com/shenzhen/co/184430.htm
深圳森拓信息技术有限公司市场中心,http:////www.11467.com/shenzhen/co/177059.htm
深圳深扬电子（深圳）有限公司,http:////www.11467.com/shenzhen/co/679183.htm
深圳奥金瑞科技有限公司销售部,http:////www.11467.com/shenzhen/co/204370.htm
深圳方圆贸易有限公司,http:////www.11467.com/shenzhen/co/186916.htm
深圳金色阳光网络科技有限公司,http:////www.11467.com/shenzhen/co/403019.htm
深圳进取科技有限公司,http:////www.11467.com/shenzhen/co/196863.htm
斐讯数据通信技术有限公司 深圳基地,http:////www.11467.com/shenzhen/co/174344.htm
深圳高冉通讯有限公司电子商务部,http:////www.11467.com/shenzhen/co/678446.htm
深圳赛格电子市场启源电子展销柜,http:////www.11467.com/shenzhen/co/13882.htm
深圳赛格电子市场金通电子展销部,http:////www.11467.com/shenzhen/co/476459.htm
深圳市宝安区松岗明志达办公家具加工厂,http:////www.11467.com/shenzhen/co/723176.htm
深圳三乐钣金制造有限公司,http:////www.11467.com/shenzhen/co/722217.htm
深圳市宝华伟业电子有限公司,http:////www.11467.com/shenzhen/co/723371.htm
李顺利（个体经营）,http:////www.11467.com/shenzhen/co/333783.htm
深圳市宝安区新安新宝塑胶模具厂,http:////www.11467.com/shenzhen/co/40668.htm
深圳名扬网络高端产品维修公司,http:////www.11467.com/shenzhen/co/679335.htm
深圳市宝安区龙华晶鑫电子办公设备经销部,http:////www.11467.com/shenzhen/co/196846.htm
深圳市宝安区龙华鑫宇电脑经营部,http:////www.11467.com/shenzhen/co/624955.htm
深圳三骏五金机电有限公司,http:////www.11467.com/shenzhen/co/771412.htm
深圳市博西商务咨询有限公司,http:////www.11467.com/shenzhen/co/365965.htm
庞琳(个体经营),http:////www.11467.com/shenzhen/co/492327.htm
深圳六龙科技发展有限公司,http:////www.11467.com/shenzhen/co/192708.htm
深圳六方通信技术有限公司,http:////www.11467.com/shenzhen/co/196025.htm
深圳龙赛通信技术有限公司,http:////www.11467.com/shenzhen/co/727199.htm
深圳市创百利科技有限公司,http:////www.11467.com/shenzhen/co/141826.htm
深圳科士达科技股份有限公司广西办事处,http:////www.11467.com/shenzhen/co/797589.htm
深圳市德尔达电气有限公司业务部,http:////www.11467.com/shenzhen/co/337211.htm
华视达电子科技有限公司,http:////www.11467.com/shenzhen/co/624714.htm
深圳汉腾科技有限公司,http:////www.11467.com/shenzhen/co/678025.htm
深圳市东方智信科技有限公司市场部,http:////www.11467.com/shenzhen/co/205123.htm
深圳市东方天宇通信有限公司 -,http:////www.11467.com/shenzhen/co/172673.htm
深圳华穗科技有限公司,http:////www.11467.com/shenzhen/co/289821.htm
深圳华天创为信息科技有限公司,http:////www.11467.com/shenzhen/co/801196.htm
深圳市飞鹰长空通信有限公司,http:////www.11467.com/shenzhen/co/216409.htm
深圳市飞扬天宇科技有限公司,http:////www.11467.com/shenzhen/co/580525.htm
深圳市福田区策略电子产品营销中心,http:////www.11467.com/shenzhen/co/150500.htm
深圳市奋威科技有限公司,http:////www.11467.com/shenzhen/co/625972.htm
深圳市福田区创亿科技展销部,http:////www.11467.com/shenzhen/co/13917.htm
日海通讯技术股份有限公司,http:////www.11467.com/shenzhen/co/160000.htm
深圳市博睿精思商贸有限公司,http:////www.11467.com/shenzhen/co/625804.htm
深圳市帝欧威科技有限公司,http:////www.11467.com/shenzhen/co/798194.htm
凌拓科技实业有限公司,http:////www.11467.com/shenzhen/co/793301.htm
深圳盛昌科技有限公司,http:////www.11467.com/shenzhen/co/623771.htm
深圳市奥联通信有限公司,http:////www.11467.com/shenzhen/co/58357.htm
深圳市奥利万通讯技术有限公司市场部,http:////www.11467.com/shenzhen/co/187009.htm
深圳市奥格斯科技有限公司,http:////www.11467.com/shenzhen/co/177378.htm
深圳博斯特贸易有限公司,http:////www.11467.com/shenzhen/co/180632.htm
深圳市爱普迪威科技有限公司销售部,http:////www.11467.com/shenzhen/co/294975.htm
深圳诚景办公科技有限公司,http:////www.11467.com/shenzhen/co/763812.htm
深圳市安保五金设备有限公司,http:////www.11467.com/shenzhen/co/761091.htm
深圳市安才进出口有限公司,http:////www.11467.com/shenzhen/co/88498.htm
深圳市福田区华强电子世界亿嘉电脑商行,http:////www.11467.com/shenzhen/co/253986.htm
深圳市福田区赛格电子市场迈托旗舰电子经营部,http:////www.11467.com/shenzhen/co/353412.htm
深圳市福田区赛格电子市场森宏电脑经营部,http:////www.11467.com/shenzhen/co/626976.htm
深圳市福田区平志远电子产品经营部销售组,http:////www.11467.com/shenzhen/co/141807.htm
深圳市福田区赛格电子市场三一微电子经营部,http:////www.11467.com/shenzhen/co/194701.htm
深圳市福田区赛格电子市场源生鑫电子经营部,http:////www.11467.com/shenzhen/co/626870.htm
深圳市宝安区龙华顺鑫网络通迅设备经营部,http:////www.11467.com/shenzhen/co/359609.htm
深圳市必联电子有限公司B-LINK销售部,http:////www.11467.com/shenzhen/co/168382.htm
深圳市福田区赛格电子市场艾迪经营部,http:////www.11467.com/shenzhen/co/201290.htm
深圳市昶科隆电子有限公司,http:////www.11467.com/shenzhen/co/726338.htm
深圳市恒欣灏电子科技有限公司,http:////www.11467.com/shenzhen/co/724314.htm
深圳市达能信通电子有限公司,http:////www.11467.com/shenzhen/co/157546.htm
深圳脉隆电子有限公司,http:////www.11467.com/shenzhen/co/769204.htm
深圳市昌盛达电脑有限公司,http:////www.11467.com/shenzhen/co/142401.htm
深圳必安鑫科技有限公司,http:////www.11467.com/shenzhen/co/155854.htm
深圳宝龙电脑经营部,http:////www.11467.com/shenzhen/co/182035.htm
深圳市奥普特旺科技有限公司,http:////www.11467.com/shenzhen/co/87734.htm
深圳市国联星空科技有限公司,http:////www.11467.com/shenzhen/co/632204.htm
深圳市鼎隆电子五金厂销售部,http:////www.11467.com/shenzhen/co/267435.htm
深圳市多普科技有限公司,http:////www.11467.com/shenzhen/co/158056.htm
深圳市鸿信达网络开发有限公司 业务部,http:////www.11467.com/shenzhen/co/166342.htm
深圳市宝安区新安美科电子经营部,http:////www.11467.com/shenzhen/co/183941.htm
深圳市互讯科技有限公司,http:////www.11467.com/shenzhen/co/638388.htm
深圳市盖菲特科技有限公司,http:////www.11467.com/shenzhen/co/562786.htm
深圳市富虎科技有限公司,http:////www.11467.com/shenzhen/co/261217.htm
深圳市慧联智能技术有限公司,http:////www.11467.com/shenzhen/co/724645.htm
深圳市金狮电子科技有限公司,http:////www.11467.com/shenzhen/co/163471.htm
深圳市惠盛科技电子有限公司,http:////www.11467.com/shenzhen/co/397093.htm
深圳奥维电子有限公司,http:////www.11467.com/shenzhen/co/401038.htm
深圳市锦欣电子科技有限公司,http:////www.11467.com/shenzhen/co/183573.htm
深圳市海达科技科技有限公司,http:////www.11467.com/shenzhen/co/188450.htm
深圳市海铭威科技发展有限公司,http:////www.11467.com/shenzhen/co/159274.htm
深圳市哈腾智能化系统集成技术有限公司,http:////www.11467.com/shenzhen/co/620685.htm
深圳市海鹏威科技有限公司,http:////www.11467.com/shenzhen/co/789193.htm
深圳市华亨电信设备有限公司,http:////www.11467.com/shenzhen/co/23895.htm
深圳市海络克信息技术有限公司,http:////www.11467.com/shenzhen/co/625137.htm
深圳市海豚科技发展有限公司,http:////www.11467.com/shenzhen/co/133005.htm
深圳市玖盈信息技术有限公司,http:////www.11467.com/shenzhen/co/11255.htm
深圳市飞晟科技有限公司,http:////www.11467.com/shenzhen/co/9616.htm
深圳市嘉严机电设备有限公司,http:////www.11467.com/shenzhen/co/132825.htm
深圳市创广源电子有限公司,http:////www.11467.com/shenzhen/co/723527.htm
深圳市创荣科技有限公司,http:////www.11467.com/shenzhen/co/197082.htm
深圳市创世者电子科技有限公司,http:////www.11467.com/shenzhen/co/253657.htm
深圳市利达易通科技有限公司,http:////www.11467.com/shenzhen/co/157834.htm
深圳市君贝尔科技有限公司,http:////www.11467.com/shenzhen/co/769667.htm
深圳市俊顺科技有限公司,http:////www.11467.com/shenzhen/co/152670.htm
深圳市巨搏悦电子有限公司,http:////www.11467.com/shenzhen/co/332989.htm
深圳市华旭电子有限公司,http:////www.11467.com/shenzhen/co/31003.htm
深圳市华讯通宇科技有限公司,http:////www.11467.com/shenzhen/co/763165.htm
深圳市华译天讯科技有限公司,http:////www.11467.com/shenzhen/co/625201.htm
深圳市富泉隆源电子有限公司,http:////www.11467.com/shenzhen/co/626118.htm
深圳市联信通信息科技有限公司,http:////www.11467.com/shenzhen/co/797176.htm
深圳市华宇星辉科技有限公司,http:////www.11467.com/shenzhen/co/626430.htm
深圳市极速翼科技有限公司,http:////www.11467.com/shenzhen/co/166359.htm
深圳市加点网络科技有限公司,http:////www.11467.com/shenzhen/co/625290.htm
深圳市博安讯科技有限公司,http:////www.11467.com/shenzhen/co/287784.htm
深圳市快时特科技有限公司,http:////www.11467.com/shenzhen/co/404146.htm
深圳市坤旺网络有限公司,http:////www.11467.com/shenzhen/co/771866.htm
深圳市隆泰数字技术有限公司,http:////www.11467.com/shenzhen/co/262179.htm
深圳市蓝宇网络技术有限公司市场部,http:////www.11467.com/shenzhen/co/212872.htm
深圳市朗杜实业有限公司,http:////www.11467.com/shenzhen/co/547204.htm
深圳市蓝宇网络技术有限公司展销部,http:////www.11467.com/shenzhen/co/345233.htm
深圳市蓝拓扑电子技术有限公司,http:////www.11467.com/shenzhen/co/637398.htm
深圳市江塑工贸有限责任公司,http:////www.11467.com/shenzhen/co/626209.htm
深圳市键科亿通科技有限公司,http:////www.11467.com/shenzhen/co/390323.htm
深圳市美迪电子有限公司,http:////www.11467.com/shenzhen/co/161624.htm
深圳市健磐贸易有限公司,http:////www.11467.com/shenzhen/co/120071.htm
深圳市联瑞电子有限公司,http:////www.11467.com/shenzhen/co/626372.htm
深圳市凯信通通讯设备有限公司,http:////www.11467.com/shenzhen/co/580520.htm
深圳市明琪宏科技有限公司,http:////www.11467.com/shenzhen/co/483109.htm
凌云科技发展有限公司,http:////www.11467.com/shenzhen/co/533709.htm
深圳市金鑫旺科技有限公司,http:////www.11467.com/shenzhen/co/169093.htm
深圳市凌科讯科技有限公司,http:////www.11467.com/shenzhen/co/442812.htm
深圳市诺格电子有限公司,http:////www.11467.com/shenzhen/co/626297.htm
深圳市康耐德技术有限公司,http:////www.11467.com/shenzhen/co/723755.htm
深圳市科地通信技术有限公司,http:////www.11467.com/shenzhen/co/434451.htm
深圳市奇特威科技有限公司,http:////www.11467.com/shenzhen/co/156618.htm
深圳市普联技术有限公司（网络与通信终端设备供应商）,http:////www.11467.com/shenzhen/co/440063.htm
深圳市福田区鑫网域电子经营部,http:////www.11467.com/shenzhen/co/625737.htm
深圳市前迪科技有限公司,http:////www.11467.com/shenzhen/co/622310.htm
深圳市群鑫科技有限公司项目部,http:////www.11467.com/shenzhen/co/172535.htm
深圳市福家安智能科技有限公司,http:////www.11467.com/shenzhen/co/287967.htm
深圳市福瑞联电子有限公司,http:////www.11467.com/shenzhen/co/154706.htm
深圳市福瑞希电子科技有限公司,http:////www.11467.com/shenzhen/co/761216.htm
深圳市欧讯达电子有限公司,http:////www.11467.com/shenzhen/co/188267.htm
深圳市山吉网信科技有限公司,http:////www.11467.com/shenzhen/co/196443.htm
深圳市世纪博能科技有限公司,http:////www.11467.com/shenzhen/co/175507.htm
深圳市顺翔五金制品有限公司,http:////www.11467.com/shenzhen/co/424883.htm
深圳市隆震科技有限公司（无线事业部）,http:////www.11467.com/shenzhen/co/155468.htm
深圳市启夏科技有限公司,http:////www.11467.com/shenzhen/co/161347.htm
深圳市天琪光通讯科技有限公司,http:////www.11467.com/shenzhen/co/769179.htm
深圳市天意创思科技有限公司,http:////www.11467.com/shenzhen/co/166637.htm
深圳市天盈隆无线技术有限公司,http:////www.11467.com/shenzhen/co/192511.htm
深圳市蒙特尼科技有限公司,http:////www.11467.com/shenzhen/co/379824.htm
深圳市万特尔科技有限公司,http:////www.11467.com/shenzhen/co/625368.htm
深圳市漫游者科技发展有限公司,http:////www.11467.com/shenzhen/co/166016.htm
深圳市深韩创展科技有限公司,http:////www.11467.com/shenzhen/co/328194.htm
深圳市晟泰达科技有限公司,http:////www.11467.com/shenzhen/co/774194.htm
深圳市新世纪电脑网络中心,http:////www.11467.com/shenzhen/co/213287.htm
深圳市全景德精密五金厂,http:////www.11467.com/shenzhen/co/133269.htm
深圳市全码实业科技有限公司,http:////www.11467.com/shenzhen/co/183910.htm
深圳市摩贝德通信技术有限公司,http:////www.11467.com/shenzhen/co/33079.htm
深圳市鑫朗润通讯技术有限公司,http:////www.11467.com/shenzhen/co/16508.htm
深圳市铭威特电子有限公司,http:////www.11467.com/shenzhen/co/625716.htm
深圳市铭扬科技有限公司,http:////www.11467.com/shenzhen/co/762935.htm
深圳市兴兆威科技有限公司,http:////www.11467.com/shenzhen/co/537314.htm
深圳市鑫圳林电子有限公司,http:////www.11467.com/shenzhen/co/191634.htm
深圳市星浩诚五金制品有限公司,http:////www.11467.com/shenzhen/co/425552.htm
深圳市赛思迈科技有限公司,http:////www.11467.com/shenzhen/co/773710.htm
深圳市绚华科技有限公司,http:////www.11467.com/shenzhen/co/28334.htm
深圳市伟星电子有限公司,http:////www.11467.com/shenzhen/co/334760.htm
深圳市伟嘉达电子有限公司,http:////www.11467.com/shenzhen/co/536520.htm
深圳市腾威视讯技术有限公司,http:////www.11467.com/shenzhen/co/769224.htm
深圳市腾顺实业有限公司,http:////www.11467.com/shenzhen/co/603682.htm
深圳市思科达电子线材有限公司,http:////www.11467.com/shenzhen/co/444940.htm
深圳市四方易联科技有限公司市场部,http:////www.11467.com/shenzhen/co/166443.htm
深圳市鑫尔科计算机技术有限公司,http:////www.11467.com/shenzhen/co/185520.htm
深圳市鑫港鑫科技有限公司,http:////www.11467.com/shenzhen/co/791195.htm
深圳市威视龙科技有限公司,http:////www.11467.com/shenzhen/co/203029.htm
深圳市网捷科技发展有限公司,http:////www.11467.com/shenzhen/co/213137.htm
深圳市文峥鑫科技有限公司,http:////www.11467.com/shenzhen/co/104208.htm
深圳市威思嘉科技有限公司,http:////www.11467.com/shenzhen/co/208822.htm
深圳市微路信息技术发展有限公司,http:////www.11467.com/shenzhen/co/7305.htm
深圳市万全高端网络产品中心,http:////www.11467.com/shenzhen/co/204214.htm
深圳市壹乾元电子有限公司,http:////www.11467.com/shenzhen/co/168634.htm
深圳市亿科迈科技有限公司,http:////www.11467.com/shenzhen/co/401993.htm
深圳市壹零科科技有限公司,http:////www.11467.com/shenzhen/co/9242.htm
深圳市玉喜信通科技有限公司,http:////www.11467.com/shenzhen/co/725185.htm
深圳凯讯电子有限公司,http:////www.11467.com/shenzhen/co/677056.htm
深圳市合兴电子科技有限公司,http:////www.11467.com/shenzhen/co/380547.htm
深圳市锐方科技有限公司,http:////www.11467.com/shenzhen/co/75547.htm
深圳市浩源光电技术有限公司,http:////www.11467.com/shenzhen/co/186332.htm
深圳市瑞德思通科技发展有限公司,http:////www.11467.com/shenzhen/co/625859.htm
深圳市世盈科技有限公司,http:////www.11467.com/shenzhen/co/177585.htm
深圳市世通达科技发展有限公司,http:////www.11467.com/shenzhen/co/678956.htm
深圳市数讯达科技有限公司,http:////www.11467.com/shenzhen/co/192450.htm
深圳市宇联讯达科技发展有限公司,http:////www.11467.com/shenzhen/co/161569.htm
深圳市鑫泰和机械设备有限公司,http:////www.11467.com/shenzhen/co/425835.htm
深圳市鑫伟业精密机器有限公司,http:////www.11467.com/shenzhen/co/298047.htm
深圳天博通信设备有限公司销售部,http:////www.11467.com/shenzhen/co/443346.htm
深圳威汉电子科技有限公司,http:////www.11467.com/shenzhen/co/182566.htm
深圳托普电子有限公司,http:////www.11467.com/shenzhen/co/634303.htm
深圳市中天成科技有限公司,http:////www.11467.com/shenzhen/co/223840.htm
深圳市中为捷讯科技有限公司,http:////www.11467.com/shenzhen/co/175030.htm
深圳市裕凯诚五金有限公司,http:////www.11467.com/shenzhen/co/493923.htm
深圳驭视科技有限公司,http:////www.11467.com/shenzhen/co/636567.htm
深圳维创科技有限公司,http:////www.11467.com/shenzhen/co/316799.htm
深圳中盛和科技有限公司,http:////www.11467.com/shenzhen/co/160371.htm
深圳市银天通信设备有限公司,http:////www.11467.com/shenzhen/co/30881.htm
深圳卓诺中科科技发展有限公司,http:////www.11467.com/shenzhen/co/729183.htm
深圳市七度网络科技有限公司,http:////www.11467.com/shenzhen/co/560485.htm
深圳市中为盛世科技发展有限公司,http:////www.11467.com/shenzhen/co/626501.htm
深圳鑫联创科技有限公司,http:////www.11467.com/shenzhen/co/649154.htm
深圳市讯科科技有限公司,http:////www.11467.com/shenzhen/co/104524.htm
深圳市雅讯捷科技有限公司,http:////www.11467.com/shenzhen/co/626899.htm
深圳市讯信通电子有限公司,http:////www.11467.com/shenzhen/co/450027.htm
胜捷电子(深圳)有限公司,http:////www.11467.com/shenzhen/co/179007.htm
深圳市翔龙通讯公司,http:////www.11467.com/shenzhen/co/194322.htm
深圳市通天地旧手机市场宏海通讯行,http:////www.11467.com/shenzhen/co/202802.htm
深圳市三马百格精密机电有限公司,http:////www.11467.com/shenzhen/co/492848.htm
深圳市紫立方科技有限公司,http:////www.11467.com/shenzhen/co/625671.htm
鑫联创科技有限公司,http:////www.11467.com/shenzhen/co/206584.htm
深圳市子海科技有限公司,http:////www.11467.com/shenzhen/co/254004.htm
深圳视之彩影视制作有限公司,http:////www.11467.com/shenzhen/co/560791.htm
深圳市卓意卡科技有限公司,http:////www.11467.com/shenzhen/co/763592.htm
深圳松下集团电话通讯设备有限公司,http:////www.11467.com/shenzhen/co/169548.htm
深圳市纵横信科技有限公司,http:////www.11467.com/shenzhen/co/69280.htm
天威格耗材世家科技有限公司,http:////www.11467.com/shenzhen/co/163654.htm
深圳市四海众联网络科技有限公司（电子商务部）,http:////www.11467.com/shenzhen/co/623674.htm
威仕系统科技有限公司,http:////www.11467.com/shenzhen/co/203035.htm
唯昌木业(深圳)有限公司,http:////www.11467.com/shenzhen/co/764494.htm
深圳市盈华科技有限公司,http:////www.11467.com/shenzhen/co/773957.htm
思后科技有限公司,http:////www.11467.com/shenzhen/co/623665.htm
无限通电子有限公司,http:////www.11467.com/shenzhen/co/435252.htm
友邦（中国）柯式印刷有限公司－营业部,http:////www.11467.com/shenzhen/co/398914.htm
深圳市神速科技发展有限公司,http:////www.11467.com/shenzhen/co/194350.htm
深圳市欣凯达数码科技有限公司,http:////www.11467.com/shenzhen/co/192065.htm
中国香港金得利电子科技开发有限公司 深圳分公司,http:////www.11467.com/shenzhen/co/625379.htm
深圳市顺富利科技有限公司,http:////www.11467.com/shenzhen/co/796508.htm
易朗时空科技发展有限公司,http:////www.11467.com/shenzhen/co/289482.htm
深圳市中电信息时代广场网易通展销柜,http:////www.11467.com/shenzhen/co/723596.htm
深圳市都日普数码科技有限公司,http:////www.11467.com/shenzhen/co/187113.htm
源欣电子厂采购二部,http:////www.11467.com/shenzhen/co/624050.htm
深圳市中高迪通讯科技有限公司,http:////www.11467.com/shenzhen/co/159850.htm
香港昆仑科技有限公司深圳分公司市场部,http:////www.11467.com/shenzhen/co/420243.htm
腾飞电子设备有限公司,http:////www.11467.com/shenzhen/co/416159.htm
深圳衣特电子科技有限公司,http:////www.11467.com/shenzhen/co/182628.htm
深圳伟钦科技有限公司,http:////www.11467.com/shenzhen/co/398203.htm
深圳焱玥电子科技有限公司,http:////www.11467.com/shenzhen/co/625521.htm
深圳市鑫宝鑫五金塑胶制品有限公司,http:////www.11467.com/shenzhen/co/493469.htm
深圳市同利五金制品有限公司,http:////www.11467.com/shenzhen/co/343132.htm
深圳市拓峰科技有限公司(业务部）,http:////www.11467.com/shenzhen/co/166998.htm
伊通数码科技有限公司,http:////www.11467.com/shenzhen/co/183662.htm
易贝尔电子科技有限公司内贸部,http:////www.11467.com/shenzhen/co/159481.htm
深圳市拓实科技公司,http:////www.11467.com/shenzhen/co/201943.htm
迅达电脑科技有限公司－布吉店,http:////www.11467.com/shenzhen/co/173086.htm
新亚源实业有限公司,http:////www.11467.com/shenzhen/co/185235.htm
深圳市众唐科技有限公司,http:////www.11467.com/shenzhen/co/176916.htm
深圳市鸿博瑞科技有限公司,http:////www.11467.com/shenzhen/co/164971.htm
深圳市鸿丰泰制衣有限公司,http:////www.11467.com/shenzhen/co/181358.htm
深圳市嘉鹏华翔科技有限公司,http:////www.11467.com/shenzhen/co/723472.htm
深圳优派专显科技有限公司,http:////www.11467.com/shenzhen/co/775151.htm
深圳市嘉鹏俊恒科技有限公司,http:////www.11467.com/shenzhen/co/626206.htm
深圳市星燎电子有限公司,http:////www.11467.com/shenzhen/co/199305.htm
深圳市阿尔通科技有限公司,http:////www.11467.com/shenzhen/co/138283.htm
深圳市爱博斯电子科技有限公司,http:////www.11467.com/shenzhen/co/287906.htm
深圳隆震科技有限公司,http:////www.11467.com/shenzhen/co/679253.htm
五洋数字科技有限公司-业务部,http:////www.11467.com/shenzhen/co/518286.htm
石家庄华安创新科技有限公司,http:////www.11467.com/shijiazhuang/co/96014.htm
河北金天祺通信科技有限公司,http:////www.11467.com/shijiazhuang/co/80034.htm
石家庄华盖科技发展有限公司,http:////www.11467.com/shijiazhuang/co/79447.htm
中国四川腾讯网络技术有限公司,http:////www.11467.com/suining/co/8700.htm
北京邮康特通讯技术有限公司,http:////www.11467.com/suzhou/co/269050.htm
力飞新网络(张家港)有限公司,http:////www.11467.com/suzhou/co/315807.htm
苏州固乐扣精密五金有限公司,http:////www.11467.com/suzhou/co/307142.htm
苏州欧罗克五金有限公司,http:////www.11467.com/suzhou/co/242963.htm
苏州市相城区蠡口浩达钢木家具店,http:////www.11467.com/suzhou/co/210487.htm
苏州康培网络产品有限公司,http:////www.11467.com/suzhou/co/307705.htm
苏州工业园区通达智能科技有限公司,http:////www.11467.com/suzhou/co/269425.htm
苏州威尔尼斯网络科技有限公司,http:////www.11467.com/suzhou/co/102277.htm
苏州维科空调工程有限公司,http:////www.11467.com/suzhou/co/181767.htm
张家港市万科信息技术有限公司,http:////www.11467.com/suzhou/co/127748.htm
苏州新科信息技术有限公司,http:////www.11467.com/suzhou/co/259391.htm
苏州天诚电讯科技有限公司,http:////www.11467.com/suzhou/co/162041.htm
张家港市锦丰镇合兴永鑫五金工具厂,http:////www.11467.com/suzhou/co/324240.htm
张家港宏威科技有限公司,http:////www.11467.com/suzhou/co/318745.htm
山东锋范数码有限公司,http:////www.11467.com/taian/co/34863.htm
泰安市华东电子器材有限公司,http:////www.11467.com/taian/co/37618.htm
太原三旺科技服务中心,http:////www.11467.com/taiyuan/co/92688.htm
上海华盖科技发展有限公司山西办,http:////www.11467.com/taiyuan/co/92471.htm
开元办公设备有限公司,http:////www.11467.com/taizhoushi/co/33534.htm
泰州市海陵区鹏创电脑科技有限公司,http:////www.11467.com/taizhoushi/co/30435.htm
布雷琳斯亚太高新技术（中国）投资有限公司,http:////www.11467.com/wuhan/co/54309.htm
深圳市湘绮科技公司驻武汉办事处,http:////www.11467.com/wuhan/co/105028.htm
湖北百泰航美文化传媒有限公司,http:////www.11467.com/wuhan/co/20983.htm
武汉康得伟业电子科技有限公司,http:////www.11467.com/wuhan/co/87839.htm
武汉易讯特科技有限公司,http:////www.11467.com/wuhan/co/94943.htm
武汉市明诚网络传媒有限责任公司,http:////www.11467.com/wuhan/co/105362.htm
武汉宏雁通信技术有限公司,http:////www.11467.com/wuhan/co/79875.htm
武汉讯谷盈科信息技术有限公司,http:////www.11467.com/wuhan/co/142659.htm
新力电子公司,http:////www.11467.com/wuhan/co/60742.htm
武汉市江汉区金泰科技电脑经营部,http:////www.11467.com/wuhan/co/60167.htm
新疆昂泰科技有限公司,http:////www.11467.com/wulumuqi/co/91349.htm
新疆新北公司,http:////www.11467.com/wulumuqi/co/89309.htm
无锡富玛克机械有限公司,http:////www.11467.com/wuxi/co/177272.htm
无锡市恒利达贸易有限公司,http:////www.11467.com/wuxi/co/118143.htm
无锡市巨通塑料通信器材有限公司,http:////www.11467.com/wuxi/co/49846.htm
厦门爱果电子有限公司,http:////www.11467.com/xiamen/co/29963.htm
厦门喜图喜电子商务有限公司,http:////www.11467.com/xiamen/co/28284.htm
陕西虹日现代电教设备有限公司,http:////www.11467.com/xian/co/121658.htm
联宝中国有限公司西安办事处,http:////www.11467.com/xian/co/67521.htm
陕西华悦科技有限责任公司,http:////www.11467.com/xian/co/53138.htm
西安集线网络有限责任公司,http:////www.11467.com/xian/co/120292.htm
西安市碑林区同联普天网络科技经营部,http:////www.11467.com/xian/co/53112.htm
西安斯远科贸有限责任公司,http:////www.11467.com/xian/co/53771.htm
西安市碑林区永红信达网络经营部,http:////www.11467.com/xian/co/54403.htm
陕西财荣网络科技有限责任公司,http:////www.11467.com/xian/co/78760.htm
东晨传媒集团,http:////www.11467.com/xintai/co/37029.htm
许昌市昊昌科技有限公司,http:////www.11467.com/xuchang/co/18768.htm
许昌瑞成电子机械有限公司,http:////www.11467.com/xuchang/co/18773.htm
徐州鸿州科技贸易有限公司,http:////www.11467.com/xuzhou/co/52212.htm
天一通信工程,http:////www.11467.com/xuzhou/co/52098.htm
五星电子钳水口钳公司,http:////www.11467.com/yangjiang/co/12632.htm
扬州恒佳机械有限公司,http:////www.11467.com/yangzhou/co/87813.htm
烟台勾股通信技术有限公司,http:////www.11467.com/yantai/co/119751.htm
漳州品味电子有限公司,http:////www.11467.com/zhangzhou/co/36942.htm
深圳金盾服装公司,http:////www.11467.com/zhanjiang/co/44095.htm
河南鑫盾科技发展有限公司,http:////www.11467.com/zhengzhou/co/84801.htm
广西南宁兆嘉商贸有限责任公司,http:////www.11467.com/nanning/co/91619.htm
上海辛机实业有限公司,http:////www.11467.com/shanghai/co/1079940.htm
天津市恒泽办公设备有限公司,http:////www.11467.com/tianjin/co/301647.htm
深圳联建隆科技有限公司,http:////www.11467.com/shenzhen/co/846037.htm
河南博晟电子科技有限公司,http:////www.11467.com/zhengzhou/co/166990.htm
郑州天翔达网络有限公司,http:////www.11467.com/zhengzhou/co/129313.htm
郑州西艾网络有限公司,http:////www.11467.com/zhengzhou/co/173546.htm
新卓飞有限公司,http:////www.11467.com/zhengzhou/co/138745.htm
河南达策电子科技有限公司,http:////www.11467.com/zhengzhou/co/167001.htm
上海嘉图通信设备有限公司,http:////www.11467.com/zhengzhou/co/116611.htm
深圳市阳光伟业有限公司电信无线上网卡市场部,http:////www.11467.com/zhengzhou/co/101248.htm
河南虫虫科技公司,http:////www.11467.com/zhengzhou/co/98609.htm
中网通信技术有限公司,http:////www.11467.com/zhengzhou/co/138217.htm
郑州凯舟科技有限公司,http:////www.11467.com/zhengzhou/co/171295.htm
郑州普天计算机有限公司,http:////www.11467.com/zhengzhou/co/100282.htm
郑州鼎晟科技有限公司,http:////www.11467.com/zhengzhou/co/113106.htm
鑫海源河南网络科贸有限公司,http:////www.11467.com/zhengzhou/co/138562.htm
郑州元佑商贸有限公司,http:////www.11467.com/zhengzhou/co/173234.htm
郑州中兴网络工程有限公司,http:////www.11467.com/zhengzhou/co/116372.htm
河南卓兴佳业信息技术有限公司,http:////www.11467.com/zhengzhou/co/99459.htm
中山胜美科技有限公司,http:////www.11467.com/zhongshan/co/105516.htm
中山优扬电脑科技有限公司销售部,http:////www.11467.com/zhongshan/co/50789.htm
中山市科瀚兹电子科技有限公司,http:////www.11467.com/zhongshan/co/144176.htm
中山古镇超艺电脑商行,http:////www.11467.com/zhongshan/co/98004.htm
珠海慧港信息技术有限公司,http:////www.11467.com/zhuhai/co/61395.htm
雷迪威电子科技有限公司,http:////www.11467.com/zhuhai/co/71342.htm
珠海三地广告装饰设计有限公司,http:////www.11467.com/zhuhai/co/16312.htm
遵义市佳源科技有限公司,http:////www.11467.com/zunyi/co/21742.htm
北京彩色印象包装厂,http:////www.11467.com/beijing/co/326554.htm
北京市明德万天科技有限公司,http:////www.11467.com/beijing/co/432674.htm
北京实达科技有限公司,http:////www.11467.com/beijing/co/432852.htm
北京市易达展网络技术发展中心,http:////www.11467.com/beijing/co/432971.htm
北京怡通电信工程有限责任公司,http:////www.11467.com/beijing/co/636738.htm
言言科技公司,http:////www.11467.com/beijing/co/326612.htm
王涛勇（个体经营）,http:////www.11467.com/beijing/co/432912.htm
香河华安电器设备有限公司北京分公司,http:////www.11467.com/beijing/co/432017.htm
北京科达华信息科技有限公司,http:////www.11467.com/beijing/co/326531.htm
和久网络科技有限公司,http:////www.11467.com/shanghai/co/946791.htm
上海德国多玛自动感应门华东销中心,http:////www.11467.com/shanghai/co/533505.htm
上海奥铭数码有限公司,http:////www.11467.com/shanghai/co/327272.htm
上海荻海通信电子有限公司,http:////www.11467.com/shanghai/co/989188.htm
上海金石机械有限公司,http:////www.11467.com/shanghai/co/167871.htm
上海上大吉柴电子信息技术有限公司,http:////www.11467.com/shanghai/co/1015348.htm
上海拓展网络科技有限公司,http:////www.11467.com/shanghai/co/327288.htm
硕利特信息技术(天津)有限公司,http:////www.11467.com/tianjin/co/200057.htm
天津光羽海翔科技开发有限公司,http:////www.11467.com/tianjin/co/201492.htm
天津光讯科技有限公司,http:////www.11467.com/tianjin/co/86736.htm
天津市北电科技发展有限公司,http:////www.11467.com/tianjin/co/86946.htm
天津志诚腾远科技有限公司,http:////www.11467.com/tianjin/co/143616.htm
周康（个体）,http:////www.11467.com/tianjin/co/90854.htm
青县齐力机箱制造有限公司,http:////www.11467.com/cangzhou/co/66642.htm
长沙龙杰网络科技公司,http:////www.11467.com/changsha/co/73984.htm
长沙市云毅信息技术有限公司,http:////www.11467.com/changsha/co/60106.htm
湖南省电广传媒长沙万力网络科技有限公司,http:////www.11467.com/changsha/co/78888.htm
北京互信互通信息技术有限公司成都研发中心,http:////www.11467.com/chengdu/co/130627.htm
北京宝亮公司,http:////www.11467.com/chengdu/co/130056.htm
成都灵通有限公司,http:////www.11467.com/chengdu/co/130558.htm
成都晓通科技有限公司,http:////www.11467.com/chengdu/co/130669.htm
成都市网联科技开发有限公司,http:////www.11467.com/chengdu/co/130632.htm
大连迅驰科技有限公司,http:////www.11467.com/dalian/co/15068.htm
东莞市辰龙计算机信息科技有限公司,http:////www.11467.com/dongguan/co/249664.htm
东莞市恒安机电工程有限公司,http:////www.11467.com/dongguan/co/479557.htm
东莞市欧品数控钣金有限公司,http:////www.11467.com/dongguan/co/542590.htm
东莞市鑫格宝五金电子科技有限公司,http:////www.11467.com/dongguan/co/462792.htm
东莞市海溪电子科技有限公司,http:////www.11467.com/dongguan/co/483051.htm
世诺计算机科技有限公司,http:////www.11467.com/dongguan/co/374173.htm
东莞市厚街技辉制锁厂,http:////www.11467.com/dongguan/co/355365.htm
东莞市厚街源展通讯器材经营部,http:////www.11467.com/dongguan/co/541888.htm
佛山市南海区傲的电器配件厂,http:////www.11467.com/foshan/co/353143.htm
佛山市铭视信息科技有限公司,http:////www.11467.com/foshan/co/342387.htm
佛山市容讯科技有限公司,http:////www.11467.com/foshan/co/271738.htm
佛山市音讯电子科技有限公司,http:////www.11467.com/foshan/co/256371.htm
叶智楠（个体经营）,http:////www.11467.com/foshan/co/281131.htm
玛斯特科技有限公司,http:////www.11467.com/foshan/co/192108.htm
三水亚创通讯有限公司,http:////www.11467.com/foshan/co/227047.htm
福州名恒通讯设备有限公司,http:////www.11467.com/fuzhou/co/182174.htm
福州国创网络科技有限公司,http:////www.11467.com/fuzhou/co/133833.htm
网讯软件(福建)有限公司,http:////www.11467.com/fuzhou/co/134897.htm
福州图腾新通讯科技有限公司,http:////www.11467.com/fuzhou/co/164631.htm
江西昌诚网络科技有限公司,http:////www.11467.com/ganzhou/co/32192.htm
东莞维格广州分公司,http:////www.11467.com/guangzhou/co/390411.htm
德诚数码科技有限公司,http:////www.11467.com/guangzhou/co/145587.htm
东信迏资讯电子有限公司,http:////www.11467.com/guangzhou/co/256522.htm
广东省广州市颐联科技公司,http:////www.11467.com/guangzhou/co/142481.htm
广州嘉星电脑有限公司,http:////www.11467.com/guangzhou/co/352905.htm
广州丰联电子科技有限公司,http:////www.11467.com/guangzhou/co/137557.htm
广州创星电子科技有限公司,http:////www.11467.com/guangzhou/co/135506.htm
广州冠众电子科技有限公司销售部,http:////www.11467.com/guangzhou/co/307744.htm
广州凯图电子科技有限公司销售部,http:////www.11467.com/guangzhou/co/118858.htm
广州华鑫网络科技有限公司业务部,http:////www.11467.com/guangzhou/co/391466.htm
天津兴瑞通信设备有限公司,http:////www.11467.com/tianjin/co/302418.htm
天津广利盛安科技有限公司,http:////www.11467.com/tianjin/co/302746.htm
思为佳创科技有限公司,http:////www.11467.com/tianjin/co/302748.htm
北京瞻博时代科技有限公司,http:////www.11467.com/beijing/co/729557.htm
天津滨海高新区五洲科技有限公司,http:////www.11467.com/tianjin/co/302807.htm
天津市静海县科发金属机箱加工厂,http:////www.11467.com/tianjin/co/306465.htm
捷成实业有限公司,http:////www.11467.com/shenzhen/co/883062.htm
天津市百顺达电子机箱制造有限公司,http:////www.11467.com/tianjin/co/306466.htm
深圳鼎峰网络科技有限公司,http:////www.11467.com/shenzhen/co/1137857.htm
深圳市小耳朵信息电子有限公司,http:////www.11467.com/qiye/93079107.htm
北京中卫世联通信有限公司广州分公司,http:////www.11467.com/guangzhou/co/394256.htm
广州诚惠达公司,http:////www.11467.com/guangzhou/co/134607.htm
广州瑞琦电子科技有限公司,http:////www.11467.com/guangzhou/co/219889.htm
广州福远信息科技有限公司,http:////www.11467.com/guangzhou/co/461639.htm
广州市柏林通信设备有限公司,http:////www.11467.com/guangzhou/co/140945.htm
广州市爱丽声电子科技有限公司销售部,http:////www.11467.com/guangzhou/co/126128.htm
广州光睿信息科技有限公司,http:////www.11467.com/guangzhou/co/457515.htm
广州市尼西计算机科技有限公司,http:////www.11467.com/guangzhou/co/291740.htm
广州市保利机电设备有限公司,http:////www.11467.com/guangzhou/co/360087.htm
广州市珈毕网络科技有限公司,http:////www.11467.com/guangzhou/co/145993.htm
广州创欣贸易公司,http:////www.11467.com/guangzhou/co/306452.htm
广州南潮网络科技有限公司,http:////www.11467.com/guangzhou/co/461744.htm
广州市君盈通讯设备有限公司,http:////www.11467.com/guangzhou/co/138560.htm
广州市俊腾科技有限公司,http:////www.11467.com/guangzhou/co/146161.htm
广州强记网络有限公司,http:////www.11467.com/guangzhou/co/144675.htm
广州市海通科技贸易有限公司,http:////www.11467.com/guangzhou/co/307381.htm
广州润鼎网络科技有限公司,http:////www.11467.com/guangzhou/co/140385.htm
广州华斯康网络科技有限公司销售部,http:////www.11467.com/guangzhou/co/136585.htm
广州城头电子科技有限公司,http:////www.11467.com/guangzhou/co/352922.htm
广州嘉一锐电子有限公司,http:////www.11467.com/guangzhou/co/486416.htm
广州市通哒网络有限公司,http:////www.11467.com/guangzhou/co/147521.htm
广州市中程通信设备有限公司,http:////www.11467.com/guangzhou/co/359488.htm
广州市网欣计算机科技有限公司商务部,http:////www.11467.com/guangzhou/co/133786.htm
广州威乐数码科技有限公司,http:////www.11467.com/guangzhou/co/54974.htm
广州诺城科技有限公司,http:////www.11467.com/guangzhou/co/305591.htm
广州市创誉电脑科技有限公司,http:////www.11467.com/guangzhou/co/139730.htm
广州市大通通讯科技有限公司,http:////www.11467.com/guangzhou/co/351787.htm
广州威龙数码科技发展有限公司客服部,http:////www.11467.com/guangzhou/co/139120.htm
广州轩辕网络科技有限公司,http:////www.11467.com/guangzhou/co/390846.htm
广州市元凯科技有限公司,http:////www.11467.com/guangzhou/co/139484.htm
广州市电友贸易有限公司,http:////www.11467.com/guangzhou/co/135539.htm
广州市番禺区宝域结构性金属制品厂,http:////www.11467.com/guangzhou/co/457486.htm
广州市胜富力电子科技有限公司,http:////www.11467.com/guangzhou/co/117480.htm
广州祥盛金属制品有限公司,http:////www.11467.com/guangzhou/co/260706.htm
广州市天河誉美电脑经营部,http:////www.11467.com/guangzhou/co/445948.htm
广州伟丰计算机科技有限公司,http:////www.11467.com/guangzhou/co/140932.htm
广州市易域通科技有限公司,http:////www.11467.com/guangzhou/co/360031.htm
广州纬新电子科技有限公司,http:////www.11467.com/guangzhou/co/217421.htm
广州市西派电子科技有限公司 经营部,http:////www.11467.com/guangzhou/co/122434.htm
广州同硕计算机科技有限公司,http:////www.11467.com/guangzhou/co/353056.htm
广州市维卡度计算机技术服务有限公司,http:////www.11467.com/guangzhou/co/25451.htm
广州市白云区同和可米电脑维修店,http:////www.11467.com/guangzhou/co/139979.htm
上海华平计算机技术有限公司,http:////www.11467.com/guangzhou/co/304932.htm
广州通诚通信科技有限公司,http:////www.11467.com/guangzhou/co/146900.htm
广州市誉和电子科技有限公司,http:////www.11467.com/guangzhou/co/352761.htm
广州邮电局,http:////www.11467.com/guangzhou/co/134501.htm
永新科技集团,http:////www.11467.com/guangzhou/co/139044.htm
广州市智茂电脑有限公司,http:////www.11467.com/guangzhou/co/19220.htm
广州市智向通讯设备有限公司,http:////www.11467.com/guangzhou/co/87587.htm
海南翔飞翔网络科技有限公司广州办事处,http:////www.11467.com/guangzhou/co/218666.htm
深圳市飞天传媒视讯责任有限公司,http:////www.11467.com/guangzhou/co/217977.htm
广州市众信通讯技术服务中心,http:////www.11467.com/guangzhou/co/152184.htm
广州市宗一科技网络有限公司,http:////www.11467.com/guangzhou/co/138129.htm
广州市龙粤网络贸易有限公司,http:////www.11467.com/guangzhou/co/203065.htm
广州新亚科电子科技有限公司,http:////www.11467.com/guangzhou/co/216985.htm
广州新程多媒体事业部,http:////www.11467.com/guangzhou/co/138466.htm
广州树辉电脑科技有限公司,http:////www.11467.com/guangzhou/co/87768.htm
上海统成科技公司广州分公司,http:////www.11467.com/guangzhou/co/129055.htm
广州天帝视听设备有限公司营销销售部,http:////www.11467.com/guangzhou/co/365956.htm
信源电子有限公司,http:////www.11467.com/guangzhou/co/263529.htm
广州市讯展进出口贸易有限公司,http:////www.11467.com/guangzhou/co/353068.htm
贵阳鑫海电脑网络科技有限公司,http:////www.11467.com/guiyang/co/68795.htm
明宏网络公司,http:////www.11467.com/guiyang/co/68815.htm
贵阳飞腾时代电脑耗材批发部,http:////www.11467.com/guiyang/co/68862.htm
贵阳华烁科技有限公司,http:////www.11467.com/guiyang/co/76145.htm
深圳市南凌科技发展有限公司深圳分公司,http:////www.11467.com/haerbin/co/53933.htm
富阳市华耀通信设备有限公司,http:////www.11467.com/hangzhou/co/100052.htm
富阳昊睿电子商务有限公司,http:////www.11467.com/hangzhou/co/381121.htm
杭州创诚信息技术有限公司,http:////www.11467.com/hangzhou/co/215399.htm
杭州金伦网络设备有限公司,http:////www.11467.com/hangzhou/co/50777.htm
杭州大展通讯技术有限公司,http:////www.11467.com/hangzhou/co/247758.htm
杭州东忠科技有限公司,http:////www.11467.com/hangzhou/co/267216.htm
杭州纳兰数码有限公司,http:////www.11467.com/hangzhou/co/220610.htm
杭州欧阳光电科技有限公司光纤事业部,http:////www.11467.com/hangzhou/co/252279.htm
杭州达茵电子信息有限公司网络事业部,http:////www.11467.com/hangzhou/co/215738.htm
杭州琳讯科技有限公司,http:////www.11467.com/hangzhou/co/185729.htm
杭州观典通信器材有限公司,http:////www.11467.com/hangzhou/co/215764.htm
杭州凯巨电脑市场谊海电脑商行,http:////www.11467.com/hangzhou/co/218408.htm
杭州欧阳光电科技有限公司市场二部,http:////www.11467.com/hangzhou/co/252846.htm
杭州博斯实业有限公司,http:////www.11467.com/hangzhou/co/271807.htm
杭州市博大通信有限公司,http:////www.11467.com/hangzhou/co/293711.htm
杭州海德纳光电科技有限公司 销售部,http:////www.11467.com/hangzhou/co/215576.htm
杭州再灵电子科技有限公司 市场部,http:////www.11467.com/hangzhou/co/252759.htm
杭州指挥通讯设备有限公司,http:////www.11467.com/hangzhou/co/164536.htm
杭州永联信息电子有限公司,http:////www.11467.com/hangzhou/co/50958.htm
深圳众方电子经销处,http:////www.11467.com/hangzhou/co/216603.htm
杭州旭瑞贸易有限公司,http:////www.11467.com/hangzhou/co/280223.htm
杭州通脉通信设备有限公司,http:////www.11467.com/hangzhou/co/369271.htm
杭州迈先科技有限公司,http:////www.11467.com/hangzhou/co/244364.htm
杭州萧山义蓬镇旭晨电脑店,http:////www.11467.com/hangzhou/co/216555.htm
杭州联动时通科技有限公司,http:////www.11467.com/hangzhou/co/184785.htm
浙江颐高西溪数码港市场华俊电脑商行,http:////www.11467.com/hangzhou/co/280372.htm
杭州路通网络有限公司,http:////www.11467.com/hangzhou/co/252290.htm
祺佳网络公司,http:////www.11467.com/hangzhou/co/293007.htm
毛毛网络有限公司,http:////www.11467.com/hangzhou/co/253858.htm
杭州双龙正天数码技术有限公司,http:////www.11467.com/hangzhou/co/154517.htm
杭州市金潮科技发展有限公司,http:////www.11467.com/hangzhou/co/252401.htm
杭州掌宽科技有限公司,http:////www.11467.com/hangzhou/co/216554.htm
浙江昆仑科技实业有限公司,http:////www.11467.com/hangzhou/co/294164.htm
衡水三佳商贸有限公司 供应部,http:////www.11467.com/hengshui/co/19549.htm
惠州凱鴻利實業有限公司,http:////www.11467.com/huizhou/co/59801.htm
江门市蓬江区伟讯达五金机箱厂,http:////www.11467.com/jiangmen/co/65428.htm
焦作市路达科技电脑有限公司,http:////www.11467.com/jiaozuo/co/3270.htm
嘉兴市亚森信息科技有限公司,http:////www.11467.com/jiaxing/co/109740.htm
华宇电脑公司,http:////www.11467.com/jilinshi/co/77899.htm
济南联讯科技有限公司,http:////www.11467.com/jinan/co/104900.htm
昆明合联网络通信设备厂,http:////www.11467.com/kunming/co/105915.htm
昆明网迅科技有限责任公司,http:////www.11467.com/kunming/co/117110.htm
昆明华鲜商贸有限公司,http:////www.11467.com/kunming/co/110599.htm
云南科海电子有限公司（总经办）,http:////www.11467.com/kunming/co/108881.htm
兰州新易方信息科技有限公司,http:////www.11467.com/lanzhou/co/64700.htm
连云港市凯欧办公设备有限公司,http:////www.11467.com/lianyungang/co/29467.htm
徽县致远信息科技有限公司,http:////www.11467.com/longnan/co/9842.htm
龙岩市金创新电子技术有限公司,http:////www.11467.com/longyan/co/21302.htm
洛阳市大禹电脑有限公司,http:////www.11467.com/luoyang/co/44862.htm
雷彬(个体经营),http:////www.11467.com/nanchang/co/91094.htm
南京凯熙电子科技有限公司销售部,http:////www.11467.com/nanjing/co/154717.htm
南京贝超数码科技有限公司,http:////www.11467.com/nanjing/co/68410.htm
南京涵涵信息技术有限公司销售部,http:////www.11467.com/nanjing/co/84289.htm
南京福铁科技发展有限公司,http:////www.11467.com/nanjing/co/57209.htm
人力资源管理软件专卖店,http:////www.11467.com/nanjing/co/59199.htm
南京探路人信息产业有限公司,http:////www.11467.com/nanjing/co/57903.htm
南京泰拓科技有限公司,http:////www.11467.com/nanjing/co/58546.htm
南京港科天稷信息技术有限公司（技术部门）,http:////www.11467.com/nanjing/co/94136.htm
南京市瑞辰经贸有限公司,http:////www.11467.com/nanjing/co/57863.htm
南京讯久电子科技有限公司,http:////www.11467.com/nanjing/co/59186.htm
南京正道科技资讯有限公司业务部,http:////www.11467.com/nanjing/co/86877.htm
南京宽安网络科技有限公司,http:////www.11467.com/nanjing/co/58955.htm
南京力争网络科技有限公司,http:////www.11467.com/nanjing/co/72534.htm
南京万凯自动化系统有限公司(销售部),http:////www.11467.com/nanjing/co/87376.htm
华夏贸易有限公司,http:////www.11467.com/nanning/co/74717.htm
雷彬（个体经营）,http:////www.11467.com/nanning/co/74692.htm
南宁络凯智能科技有限公司,http:////www.11467.com/nanning/co/86752.htm
攀枝花农工电脑服务部,http:////www.11467.com/panzhihua/co/16233.htm
奔泰电子机电设备青岛有限公司,http:////www.11467.com/qingdao/co/114697.htm
秦皇岛市天正电脑有限责任公司,http:////www.11467.com/qinhuangdao/co/41175.htm
泉州华信通讯贸易有限公司,http:////www.11467.com/quanzhou/co/94237.htm
厦门纵网数码科技有限公司泉州分公司,http:////www.11467.com/quanzhou/co/123214.htm
众星数码有限公司,http:////www.11467.com/quanzhou/co/94365.htm
日照至信信息科技有限公司,http:////www.11467.com/rizhao/co/21787.htm
深圳瀚威隆科技有限公司,http:////www.11467.com/shangqiu/co/15299.htm
E家科技有限公司,http:////www.11467.com/shangqiu/co/21007.htm
汕头市恒联通信有限公司,http:////www.11467.com/shantou/co/141392.htm
沈阳海蓝科技有限公司,http:////www.11467.com/shenyang/co/98022.htm
沈阳大唐网络技术有限公司,http:////www.11467.com/shenyang/co/98036.htm
沈阳诚邦科技有限公司,http:////www.11467.com/shenyang/co/75132.htm
艾康网络(深圳)有限公司,http:////www.11467.com/shenzhen/co/389065.htm
北京理想固网科技股份有限公司深圳分公司,http:////www.11467.com/shenzhen/co/163494.htm
深圳波导实业有限公司,http:////www.11467.com/shenzhen/co/677358.htm
(深圳市春江科技发展有限公司),http:////www.11467.com/shenzhen/co/204438.htm
深圳市金鑫镁科技有限公司,http:////www.11467.com/shenzhen/co/170128.htm
深圳市奈科特有限公司,http:////www.11467.com/shenzhen/co/168074.htm
深圳市金宇汇科技有限公司,http:////www.11467.com/shenzhen/co/709994.htm
深圳市迪派实业有限公司,http:////www.11467.com/shenzhen/co/676069.htm
深圳市金特科技有限公司,http:////www.11467.com/shenzhen/co/438604.htm
深圳市祥伟科技有限公司,http:////www.11467.com/shenzhen/co/197982.htm
深圳市紫光佳越科技有限公司,http:////www.11467.com/shenzhen/co/179402.htm
深圳友达网络科技有限公司,http:////www.11467.com/shenzhen/co/163821.htm
深圳市永昌贸易有限公司市场部,http:////www.11467.com/shenzhen/co/115942.htm
微科电子(香港)有限公司,http:////www.11467.com/shenzhen/co/786918.htm
威灵科技有限公司,http:////www.11467.com/shenzhen/co/677688.htm
深圳中宽科技有限公司,http:////www.11467.com/shenzhen/co/640151.htm
深圳市新进塑胶电子有限公司,http:////www.11467.com/shenzhen/co/638755.htm
深圳市新风云系统集成有限公司业务部,http:////www.11467.com/shenzhen/co/677243.htm
深圳市东昇办公设备公司,http:////www.11467.com/shenzhen/co/184980.htm
洋金电子(深圳)有限公司,http:////www.11467.com/shenzhen/co/190491.htm
香港建伟电子科技有限公司,http:////www.11467.com/shenzhen/co/354764.htm
深圳新德鑫科技有限公司,http:////www.11467.com/shenzhen/co/172383.htm
讯达康通讯设备(惠州)有限公司深圳分公司,http:////www.11467.com/shenzhen/co/763954.htm
永发恒通科技(深圳)有限公司,http:////www.11467.com/shenzhen/co/677833.htm
深圳市三和立电子有限公司,http:////www.11467.com/shenzhen/co/133161.htm
深圳市艾能聚电子设备有限公司,http:////www.11467.com/shenzhen/co/144218.htm
深圳市艾米斯实业有限公司,http:////www.11467.com/shenzhen/co/156718.htm
舒朗科技有限公司,http:////www.11467.com/shenzhen/co/193881.htm
北京神州新桥科技有限公司河北办事处,http:////www.11467.com/shijiazhuang/co/100460.htm
无锡市瑞邦便民网络科技有限公司,http:////www.11467.com/shijiazhuang/co/100512.htm
石家庄市鑫城电子设备厂,http:////www.11467.com/shijiazhuang/co/100533.htm
伟哲网络科技有限公司,http:////www.11467.com/shijiazhuang/co/78654.htm
苏州敬宇电脑维修中心,http:////www.11467.com/suzhou/co/211423.htm
苏州联为机械科技有限公司,http:////www.11467.com/suzhou/co/329338.htm
苏州艾雅电子有限公司,http:////www.11467.com/suzhou/co/228147.htm
苏州市沧浪区大瀛线技电子经营部,http:////www.11467.com/suzhou/co/211139.htm
苏州维码信息科技有限公司,http:////www.11467.com/suzhou/co/211535.htm
苏州斯雅克智能科技有限公司（销售部）,http:////www.11467.com/suzhou/co/221406.htm
苏州风乐广播电器有限公司,http:////www.11467.com/suzhou/co/174864.htm
正点策划广告设计事务所有限公司,http:////www.11467.com/suzhou/co/210961.htm
苏州市群腾精密金属制品厂,http:////www.11467.com/suzhou/co/344582.htm
唐山锐康科技有限公司,http:////www.11467.com/tangshan/co/80862.htm
温州众意科技网络有限公司,http:////www.11467.com/wenzhou/co/165265.htm
武汉多康网络科技公司,http:////www.11467.com/wuhan/co/104971.htm
湖北北洋投资顾问公司,http:////www.11467.com/wuhan/co/104699.htm
武汉烽林科技有限公司,http:////www.11467.com/wuhan/co/59469.htm
武汉盛为科技有限公司,http:////www.11467.com/wuhan/co/60943.htm
王弦（个体经营）,http:////www.11467.com/wuhan/co/104661.htm
新疆立新世纪电讯网络有限公司,http:////www.11467.com/wulumuqi/co/89390.htm
厦门艾科信息技术有限公司,http:////www.11467.com/xiamen/co/75603.htm
陕西大唐布衣通信科技有限公司,http:////www.11467.com/xian/co/86000.htm
陕西和佳信息技术公司,http:////www.11467.com/xian/co/53013.htm
陕西力为信息科技有限公司,http:////www.11467.com/xian/co/25911.htm
西安建伟电子设备有限责任公司,http:////www.11467.com/xian/co/66945.htm
西安通天信息科技有限公司,http:////www.11467.com/xian/co/53870.htm
陕西商讯赢通电子科技有限公司,http:////www.11467.com/xian/co/121271.htm
西安鑫新电子科技有限公司,http:////www.11467.com/xian/co/52524.htm
西安英格码网络技术有限公司,http:////www.11467.com/xian/co/85860.htm
襄阳市捷英科技有限公司,http:////www.11467.com/xiangfan/co/44158.htm
东莞市冠博五金制品有限公司,http:////www.11467.com/dongguan/co/417877.htm
佛山市联正科技有限公司,http:////www.11467.com/foshan/co/104817.htm
贵阳联跃科技有限公司,http:////www.11467.com/guiyang/co/70985.htm
富阳市大昌通讯器材配件厂,http:////www.11467.com/hangzhou/co/140847.htm
杭州海棠科技有限公司,http:////www.11467.com/hangzhou/co/215114.htm
杭州广源科技有限公司,http:////www.11467.com/hangzhou/co/175547.htm
合肥京杰电子科技有限公司,http:////www.11467.com/hefei/co/83209.htm
平湖市海巍五金有限公司,http:////www.11467.com/jiaxing/co/38767.htm
泰来县第一中学,http:////www.11467.com/qiqihaer/co/24934.htm
深圳市力坚五金制品有限公司,http:////www.11467.com/shenzhen/co/344361.htm
徐州遨游通信有限公司,http:////www.11467.com/xuzhou/co/52372.htm
扬州瑞孚达科技有限公司,http:////www.11467.com/yangzhou/co/107021.htm
山东烟台豪尔电器有限公司,http:////www.11467.com/yantai/co/123383.htm
银川市惠通电信设备有限责任公司,http:////www.11467.com/yinchuan/co/23728.htm
钟德源(个体经营),http:////www.11467.com/yunfu/co/24386.htm
瑞鑫电脑公司,http:////www.11467.com/zaozhuang/co/25814.htm
河南有限公司123,http:////www.11467.com/zhengzhou/co/128693.htm
郑州永新科贸有限公司,http:////www.11467.com/zhengzhou/co/111975.htm
河南省华阳电子技术有限公司,http:////www.11467.com/zhengzhou/co/100260.htm
河南华翔计算机公司,http:////www.11467.com/zhengzhou/co/107346.htm
郑州国信瑞通科技有限公司,http:////www.11467.com/zhengzhou/co/161459.htm
商易红网络有限公司,http:////www.11467.com/zhengzhou/co/98866.htm
郑州佳通信息技术有限公司,http:////www.11467.com/zhengzhou/co/120436.htm
镇江宏联智能科技有限公司,http:////www.11467.com/zhenjiang/co/48279.htm
易网信息技术有限公司,http:////www.11467.com/zhongshan/co/49419.htm
中山市禾盛网络有限公司,http:////www.11467.com/zhongshan/co/111314.htm
中山天浩录音设备科技有限公司,http:////www.11467.com/zhongshan/co/62689.htm
广东珠海市博卡贸易发展公司,http:////www.11467.com/zhuhai/co/76122.htm
珠海市鑫创信息科技有限公司,http:////www.11467.com/zhuhai/co/66903.htm
淄博安讯电子有限公司,http:////www.11467.com/zibo/co/98157.htm
遵义市慧佳网络科技公司,http:////www.11467.com/zunyi/co/22513.htm
北京博客星空科技发展有限公司,http:////www.11467.com/beijing/co/432212.htm
北京汉唐德隆科技有限公司,http:////www.11467.com/beijing/co/625587.htm
北京华星时空科技发展有线公司,http:////www.11467.com/beijing/co/432675.htm
北京鑫奥顺科贸有限公司,http:////www.11467.com/beijing/co/432985.htm
隆安世纪发展科技发展有限公司,http:////www.11467.com/beijing/co/432239.htm
深圳三目通科技有限公司,http:////www.11467.com/beijing/co/432353.htm
北京映翰通网络技术有限公司市场部,http:////www.11467.com/beijing/co/432471.htm
上海德州网络有限公司,http:////www.11467.com/shanghai/co/89342.htm
上海市浦东新区陆家嘴街道久盛数码电脑经营部,http:////www.11467.com/shanghai/co/686662.htm
上海市利达实业有限公司,http:////www.11467.com/shanghai/co/49811.htm
上海申彦通讯配件制造有限公司,http:////www.11467.com/shanghai/co/686783.htm
天津金光桥电信电子技术公司,http:////www.11467.com/tianjin/co/138203.htm
天津全成科技有限公司,http:////www.11467.com/tianjin/co/74630.htm
北京日月鸿通网络科技有限公司,http:////www.11467.com/qiye/19142505.htm
天津 亿联世讯科技有限公司,http:////www.11467.com/tianjin/co/300787.htm
天津华智融信科技有限公司,http:////www.11467.com/tianjin/co/302745.htm
天津达德网络有限公司,http:////www.11467.com/tianjin/co/306457.htm
滨滨通讯滨海学院店,http:////www.11467.com/tianjin/co/306458.htm
深圳市方便用电子有限公司,http:////www.11467.com/qiye/93080296.htm
深圳市力坚五金制品有限公司,http:////www.11467.com/shenzhen/co/344361.htm
深圳市美正电子有限公司,http:////www.11467.com/shenzhen/co/777475.htm
深圳市人本科技有限公司,http:////www.11467.com/shenzhen/co/28227.htm
深圳市赛瑞特科技实业有限公司,http:////www.11467.com/shenzhen/co/11423.htm
太仓远近智能科技有限公司,http:////www.11467.com/suzhou/co/290722.htm
武汉康雷特科技有限公司,http:////www.11467.com/wuhan/co/55379.htm
无锡市凯枫电子科技有限公司,http:////www.11467.com/wuxi/co/225565.htm
厦门众天自动化科技有限公司,http:////www.11467.com/xiamen/co/27467.htm
阳光电脑,http:////www.11467.com/yichang/co/31336.htm
镇江市丹徒区谷阳镇文景通讯服务部,http:////www.11467.com/zhenjiang/co/26891.htm
