苏州全天环保科技有限公司,http:////www.11467.com/qiye/93432143.htm
苏州全天环保科技有限公司的商铺,http://93432143.b2b.11467.com
巩义市博洋净水材料贸易有限公司,http:////www.11467.com/zhengzhou/co/225894.htm
巩义市博洋净水材料贸易有限公司的商铺,http://zhengzhou0225894.11467.com
衢州市衢江区正元碳酸钙厂,http:////www.11467.com/quzhou/co/24267.htm
衢州市衢江区正元碳酸钙厂的商铺,http://quzhou024267.11467.com
廊坊开发区斯科瑞聚氨酯有限公司,http:////www.11467.com/langfang/co/34486.htm
廊坊开发区斯科瑞聚氨酯有限公司的商铺,http://langfang034486.11467.com
太原市汇东科贸有限公司,http:////www.11467.com/taiyuan/co/103643.htm
太原市汇东科贸有限公司的商铺,http://taiyuan0103643.11467.com
徐州宝源化工有限公司,http:////www.11467.com/xuzhou/co/61099.htm
徐州宝源化工有限公司的商铺,http://xuzhou061099.11467.com
菏泽维新林化科技有限公司,http:////www.11467.com/heze/co/23834.htm
菏泽维新林化科技有限公司的商铺,http://heze023834.11467.com
东菀市三聚胶黏剂科技有限公司,http:////www.11467.com/dongguan/co/558047.htm
东菀市三聚胶黏剂科技有限公司的商铺,http://dongguan0558047.11467.com
深圳市鑫威无影胶有限公司,http:////www.11467.com/shenzhen/co/728024.htm
深圳市鑫威无影胶有限公司的商铺,http://shenzhen0728024.11467.com
本溪鑫源化工有限公司,http:////www.11467.com/benxi/co/28406.htm
本溪鑫源化工有限公司的商铺,http://benxi028406.11467.com
东营福瑞达石油科技有限责任公司,http:////www.11467.com/dongying/co/31547.htm
东营福瑞达石油科技有限责任公司的商铺,http://dongying031547.11467.com
山东汇鑫化工有限公司,http:////www.11467.com/chengdu/co/132386.htm
山东汇鑫化工有限公司的商铺,http://chengdu0132386.11467.com
四川沃瑞信科技有限公司,http:////www.11467.com/chengdu/co/132384.htm
四川沃瑞信科技有限公司的商铺,http://chengdu0132384.11467.com
辽宁科隆精细化工股份有限公司,http:////www.11467.com/liaoyang/co/22730.htm
辽宁科隆精细化工股份有限公司的商铺,http://liaoyang022730.11467.com
哈尔滨市展望化学制品有限公司,http:////www.11467.com/haerbin/co/58744.htm
哈尔滨市展望化学制品有限公司的商铺,http://haerbin058744.11467.com
杭州万能达科技有限公司,http:////www.11467.com/quzhou/co/24237.htm
杭州万能达科技有限公司的商铺,http://quzhou024237.11467.com
宿迁市凯尔氟新材料有限公司,http:////www.11467.com/suqian/co/13270.htm
宿迁市凯尔氟新材料有限公司的商铺,http://suqian013270.11467.com
四川省眉山市华威高科技生物有限公司,http:////www.11467.com/meishan/co/14345.htm
四川省眉山市华威高科技生物有限公司的商铺,http://meishan014345.11467.com
濮阳市瑞科化工有限公司,http:////www.11467.com/puyang/co/21104.htm
濮阳市瑞科化工有限公司的商铺,http://puyang021104.11467.com
秦皇岛博创复合材料有限公司,http:////www.11467.com/qinhuangdao/co/37776.htm
秦皇岛博创复合材料有限公司的商铺,http://qinhuangdao037776.11467.com
益阳市天瑞商贸有限公司,http:////www.11467.com/yiyang/co/19405.htm
益阳市天瑞商贸有限公司的商铺,http://yiyang019405.11467.com
开封市恒聚生物科技有限公司,http:////www.11467.com/qiye/93090089.htm
开封市恒聚生物科技有限公司的商铺,http://93090089.b2b.11467.com
东营顺通化工(集团)有限公司,http:////www.11467.com/dongying/co/18353.htm
东营顺通化工(集团)有限公司的商铺,http://dongying018353.11467.com
深圳市名卓星化工有限公司,http:////www.11467.com/shenzhen/co/731338.htm
深圳市名卓星化工有限公司的商铺,http://shenzhen0731338.11467.com
萍乡市湘东区麻山镇汶泉腐植酸厂,http:////www.11467.com/pingxiang/co/12910.htm
萍乡市湘东区麻山镇汶泉腐植酸厂的商铺,http://pingxiang012910.11467.com
佳木斯市恒发油脂加工厂,http:////www.11467.com/jiamusi/co/7239.htm
佳木斯市恒发油脂加工厂的商铺,http://jiamusi07239.11467.com
烟台合力聚氨酯有限公司,http:////www.11467.com/yantai/co/130911.htm
烟台合力聚氨酯有限公司的商铺,http://yantai0130911.11467.com
郑州德斯普输送带修补有限公司,http:////www.11467.com/zhengzhou/co/208106.htm
郑州德斯普输送带修补有限公司的商铺,http://zhengzhou0208106.11467.com
上海灵旭电子有限公司,http:////www.11467.com/shanghai/co/169550.htm
上海灵旭电子有限公司的商铺,http://shanghai0169550.11467.com
中山星牌马龙涂料有限公司,http:////www.11467.com/zhongshan/co/111513.htm
中山星牌马龙涂料有限公司的商铺,http://zhongshan0111513.11467.com
浙江丰虹新材料股份有限公司,http:////www.11467.com/hangzhou/co/295224.htm
浙江丰虹新材料股份有限公司的商铺,http://hangzhou0295224.11467.com
衢州全喜化工有限公司,http:////www.11467.com/quzhou/co/33772.htm
衢州全喜化工有限公司的商铺,http://quzhou033772.11467.com
成都中氟化学品有限公司,http:////www.11467.com/chengdu/co/130854.htm
成都中氟化学品有限公司的商铺,http://chengdu0130854.11467.com
大连保税区海华聚氨酯有限公司,http:////www.11467.com/dalian/co/61189.htm
大连保税区海华聚氨酯有限公司的商铺,http://dalian061189.11467.com
聊城市长龙化工原料有限公司,http:////www.11467.com/liaocheng/co/39081.htm
聊城市长龙化工原料有限公司的商铺,http://liaocheng039081.11467.com
深圳天邦化工批发总汇有限公司,http:////www.11467.com/shenzhen/co/814721.htm
深圳天邦化工批发总汇有限公司的商铺,http://shenzhen0814721.11467.com
仪征市东南化纤原料有限公司,http:////www.11467.com/yangzhou/co/108984.htm
仪征市东南化纤原料有限公司的商铺,http://yangzhou0108984.11467.com
新疆鑫润达建材有限公司,http:////www.11467.com/changji/co/13740.htm
新疆鑫润达建材有限公司的商铺,http://changji013740.11467.com
广州市诺康化工有限公司,http:////www.11467.com/guangzhou/co/457536.htm
广州市诺康化工有限公司的商铺,http://guangzhou0457536.11467.com
内蒙古河西航天科技发展有限公司,http:////www.11467.com/huhehaote/co/26636.htm
内蒙古河西航天科技发展有限公司的商铺,http://huhehaote026636.11467.com
富阳市大源彩霞塑料袋加工厂,http:////www.11467.com/hangzhou/co/310547.htm
富阳市大源彩霞塑料袋加工厂的商铺,http://hangzhou0310547.11467.com
新河县天意尼龙棒板管制造厂,http:////www.11467.com/xintai/co/57660.htm
新河县天意尼龙棒板管制造厂的商铺,http://xintai057660.11467.com
台州市路桥欧宝装饰材料有限公司,http:////www.11467.com/taizhou/co/101820.htm
台州市路桥欧宝装饰材料有限公司的商铺,http://taizhou0101820.11467.com
临沂邦普化工有限公司,http:////www.11467.com/linyi/co/94390.htm
临沂邦普化工有限公司的商铺,http://linyi094390.11467.com
河北冠隆化工建材有限公司,http:////www.11467.com/langfang/co/32871.htm
河北冠隆化工建材有限公司的商铺,http://langfang032871.11467.com
石家庄聪贺化工有限公司,http:////www.11467.com/shijiazhuang/co/137668.htm
石家庄聪贺化工有限公司的商铺,http://shijiazhuang0137668.11467.com
济南多维桥化工有限责任公司,http:////www.11467.com/jinan/co/42289.htm
济南多维桥化工有限责任公司的商铺,http://jinan042289.11467.com
山东巨业精细化工有限公司,http:////www.11467.com/jinan/co/114466.htm
山东巨业精细化工有限公司的商铺,http://jinan0114466.11467.com
广州合成材料研究院有限公司,http:////www.11467.com/guangzhou/co/402956.htm
广州合成材料研究院有限公司的商铺,http://guangzhou0402956.11467.com
长沙圣华科技发展有限公司,http:////www.11467.com/changsha/co/98520.htm
北京蒂华森管理咨询有限公司,http:////www.11467.com/qiye/25784.htm
北京蒂华森管理咨询有限公司的商铺,http://25784.b2b.11467.com
廊坊洛尼尔生物科技有限公司,http:////www.11467.com/langfang/co/28704.htm
廊坊洛尼尔生物科技有限公司的商铺,http://langfang028704.11467.com
昆山加美润滑油有限公司,http:////www.11467.com/suzhou/co/208270.htm
昆山加美润滑油有限公司的商铺,http://suzhou0208270.11467.com
华北生态环保化工有限公司,http:////www.11467.com/cangzhou/co/48098.htm
华北生态环保化工有限公司的商铺,http://cangzhou048098.11467.com
东莞市高昌印花材料有限公司,http:////www.11467.com/dongguan/co/413804.htm
东莞市高昌印花材料有限公司的商铺,http://dongguan0413804.11467.com
青岛市凯德信化工有限公司,http:////www.11467.com/qingdao/co/124822.htm
青岛市凯德信化工有限公司的商铺,http://qingdao0124822.11467.com
辽阳辽化奇达化工有限责任公司,http:////www.11467.com/liaoyang/co/5251.htm
辽阳辽化奇达化工有限责任公司的商铺,http://liaoyang05251.11467.com
河北方盛石油助剂科技有限公司,http:////www.11467.com/shijiazhuang/co/102273.htm
河北方盛石油助剂科技有限公司的商铺,http://shijiazhuang0102273.11467.com
烟台国泰建筑加固有限公司,http:////www.11467.com/yantai/co/94766.htm
烟台国泰建筑加固有限公司的商铺,http://yantai094766.11467.com
山东立东化工有限公司,http:////www.11467.com/zibo/co/87776.htm
山东立东化工有限公司的商铺,http://zibo087776.11467.com
淄博市临淄圣杰工贸有限公司,http:////www.11467.com/zibo/co/87821.htm
淄博市临淄圣杰工贸有限公司的商铺,http://zibo087821.11467.com
天津天狗装饰化工有限公司,http:////www.11467.com/tianjin/co/50985.htm
天津天狗装饰化工有限公司的商铺,http://tianjin050985.11467.com
南京四诺精细化学品有限公司,http:////www.11467.com/nanjing/co/90133.htm
南京四诺精细化学品有限公司的商铺,http://nanjing090133.11467.com
山东得顺源石油科技有限公司,http:////www.11467.com/dongying/co/31546.htm
山东得顺源石油科技有限公司的商铺,http://dongying031546.11467.com
天津市迪兴化工有限公司,http:////www.11467.com/tianjin/co/38027.htm
天津市迪兴化工有限公司的商铺,http://tianjin038027.11467.com
潍坊金山化工有限公司,http:////www.11467.com/weifang/co/9224.htm
潍坊金山化工有限公司的商铺,http://weifang09224.11467.com
深圳市长园长通新材料有限公司,http:////www.11467.com/shenzhen/co/448440.htm
深圳市长园长通新材料有限公司的商铺,http://shenzhen0448440.11467.com
广州市索曼化工有限公司,http:////www.11467.com/guangzhou/co/428382.htm
广州市索曼化工有限公司的商铺,http://guangzhou0428382.11467.com
上海富铭密封材料有限公司,http:////www.11467.com/shanghai/co/54218.htm
上海富铭密封材料有限公司的商铺,http://shanghai054218.11467.com
四川蜀工粘合剂有限公司,http:////www.11467.com/deyang/co/41176.htm
四川蜀工粘合剂有限公司的商铺,http://deyang041176.11467.com
江苏金凯树脂化工有限公司,http:////www.11467.com/yancheng/co/61032.htm
江苏金凯树脂化工有限公司的商铺,http://yancheng061032.11467.com
河南华盛化工有限公司,http:////www.11467.com/zhengzhou/co/148932.htm
河南华盛化工有限公司的商铺,http://zhengzhou0148932.11467.com
深圳市冠恒新材料科技有限公司,http:////www.11467.com/shenzhen/co/685404.htm
深圳市冠恒新材料科技有限公司的商铺,http://shenzhen0685404.11467.com
深圳市东升塑胶制品有限公司,http:////www.11467.com/shenzhen/co/586567.htm
深圳市东升塑胶制品有限公司的商铺,http://shenzhen0586567.11467.com
成都市泰鼎化工有限公司,http:////www.11467.com/chengdu/co/150168.htm
成都市泰鼎化工有限公司的商铺,http://chengdu0150168.11467.com
济南科佳聚氨酯有限公司,http:////www.11467.com/jinan/co/107003.htm
济南科佳聚氨酯有限公司的商铺,http://jinan0107003.11467.com
浙江沸点化工有限公司,http:////www.11467.com/hangzhou/co/399334.htm
浙江沸点化工有限公司的商铺,http://hangzhou0399334.11467.com
宣城喷特普聚氨酯有限公司,http:////www.11467.com/xuancheng/co/20711.htm
宣城喷特普聚氨酯有限公司的商铺,http://xuancheng020711.11467.com
深圳市深达科技有限公司,http:////www.11467.com/shenzhen/co/729622.htm
深圳市深达科技有限公司的商铺,http://shenzhen0729622.11467.com
秦皇岛市英福化工有限公司,http:////www.11467.com/qinhuangdao/co/39062.htm
秦皇岛市英福化工有限公司的商铺,http://qinhuangdao039062.11467.com
东莞市乙霖电子材料有限公司,http:////www.11467.com/dongguan/co/379460.htm
东莞市乙霖电子材料有限公司的商铺,http://dongguan0379460.11467.com
山东巨业精细化工有限公司,http:////www.11467.com/jinan/co/114466.htm
山东巨业精细化工有限公司的商铺,http://jinan0114466.11467.com
河北惠海化工建材科技研发有限公司,http:////www.11467.com/langfang/co/36068.htm
河北惠海化工建材科技研发有限公司的商铺,http://langfang036068.11467.com
东营水衡化工有限责任公司,http:////www.11467.com/dongying/co/32834.htm
东营水衡化工有限责任公司的商铺,http://dongying032834.11467.com
金华永和氟化工有限公司,http:////www.11467.com/jinhua/co/84371.htm
金华永和氟化工有限公司的商铺,http://jinhua084371.11467.com
东莞市天桉硅胶科技有限公司,http:////www.11467.com/dongguan/co/557706.htm
东莞市天桉硅胶科技有限公司的商铺,http://dongguan0557706.11467.com
河北兴泰纤维素有限公司,http:////www.11467.com/shijiazhuang/co/140888.htm
河北兴泰纤维素有限公司的商铺,http://shijiazhuang0140888.11467.com
深圳市兴达成工艺品原材料经营部,http:////www.11467.com/shenzhen/co/723845.htm
深圳市兴达成工艺品原材料经营部的商铺,http://shenzhen0723845.11467.com
青州市顺通塑胶助剂厂,http:////www.11467.com/weifang/co/93592.htm
青州市顺通塑胶助剂厂的商铺,http://weifang093592.11467.com
平湖展鹏热熔胶膜有限公司,http:////www.11467.com/jiaxing/co/122945.htm
平湖展鹏热熔胶膜有限公司的商铺,http://jiaxing0122945.11467.com
双流县金杉涂料经营部,http:////www.11467.com/chengdu/co/213496.htm
双流县金杉涂料经营部的商铺,http://chengdu0213496.11467.com
森禾科技有限公司,http:////www.11467.com/shenzhen/co/580316.htm
森禾科技有限公司的商铺,http://shenzhen0580316.11467.com
东莞市拓研高分子材料有限公司,http:////www.11467.com/qiye/6537.htm
惠州市诚基化工有限公司,http:////www.11467.com/huizhou/co/81659.htm
中山市沙泊塑料集团有限公司,http:////www.11467.com/zhongshan/co/117523.htm
上海正冠新模具有限公司,http:////www.11467.com/shanghai/co/330427.htm
沁阳市王曲聚酯薄膜经销部,http:////www.11467.com/jiaozuo/co/23076.htm
任丘市生态环保化工有限公司,http:////www.11467.com/cangzhou/co/46042.htm
广州铨威贸易有限公司,http:////www.11467.com/guangzhou/co/432989.htm
淄博莱思特石油化工,http:////www.11467.com/zibo/co/93231.htm
华北生态环保化工有限公司,http:////www.11467.com/cangzhou/co/48098.htm
华北生态环保化工有限公司的商铺,http://cangzhou048098.11467.com
神化实业投资（东莞）有限公司,http:////www.11467.com/dongguan/co/489924.htm
神化实业投资（东莞）有限公司的商铺,http://dongguan0489924.11467.com
沧州信泰蜡胶业有限公司,http:////www.11467.com/cangzhou/co/39560.htm
沧州信泰蜡胶业有限公司的商铺,http://cangzhou039560.11467.com
江门市新会区会城汉钧聚合物厂,http:////www.11467.com/jiangmen/co/85683.htm
江门市新会区会城汉钧聚合物厂的商铺,http://jiangmen085683.11467.com
石家庄市华伦新型润滑材料有限公司,http:////www.11467.com/shijiazhuang/co/88189.htm
石家庄市华伦新型润滑材料有限公司的商铺,http://shijiazhuang088189.11467.com
深圳市鑫科卓实业有限公司,http:////www.11467.com/shenzhen/co/150563.htm
深圳市鑫科卓实业有限公司的商铺,http://shenzhen0150563.11467.com
安徽金门工贸有限公司枞阳热熔胶厂,http:////www.11467.com/hefei/co/92373.htm
安徽金门工贸有限公司枞阳热熔胶厂的商铺,http://hefei092373.11467.com
合肥恒瑞化工新材料有限公司,http:////www.11467.com/hefei/co/85418.htm
合肥恒瑞化工新材料有限公司的商铺,http://hefei085418.11467.com
广饶县神洲橡胶厂,http:////www.11467.com/dongying/co/29643.htm
广饶县神洲橡胶厂的商铺,http://dongying029643.11467.com
萍乡市麻山五联化工厂,http:////www.11467.com/pingxiang/co/3060.htm
萍乡市麻山五联化工厂的商铺,http://pingxiang03060.11467.com
绍兴市纳诺高科有限公司,http:////www.11467.com/shaoxing/co/59957.htm
绍兴市纳诺高科有限公司的商铺,http://shaoxing059957.11467.com
湖州联科粘合剂有限公司,http:////www.11467.com/huzhou/co/53619.htm
湖州联科粘合剂有限公司的商铺,http://huzhou053619.11467.com
胜利油田方圆化工有限公司,http:////www.11467.com/dongying/co/31557.htm
胜利油田方圆化工有限公司的商铺,http://dongying031557.11467.com
深圳市科晟达贸易有限公司,http:////www.11467.com/shenzhen/co/795737.htm
深圳市科晟达贸易有限公司的商铺,http://shenzhen0795737.11467.com
东营市晨煜石油技术有限公司,http:////www.11467.com/dongying/co/27895.htm
东营市晨煜石油技术有限公司的商铺,http://dongying027895.11467.com
漯河市普天化工有限公司,http:////www.11467.com/luohe/co/1212.htm
漯河市普天化工有限公司的商铺,http://luohe01212.11467.com
深圳市三凯光电技术有限公司,http:////www.11467.com/shenzhen/co/178614.htm
深圳市三凯光电技术有限公司的商铺,http://shenzhen0178614.11467.com
广州新力防水材料有限公司,http:////www.11467.com/guangzhou/co/461283.htm
广州新力防水材料有限公司的商铺,http://guangzhou0461283.11467.com
深圳市鸿润鑫科技有限公司,http:////www.11467.com/shenzhen/co/226680.htm
深圳市鸿润鑫科技有限公司的商铺,http://shenzhen0226680.11467.com
南京新源化工有限公司,http:////www.11467.com/nanjing/co/61734.htm
南京新源化工有限公司的商铺,http://nanjing061734.11467.com
南京明峰复合材料有限公司,http:////www.11467.com/nanjing/co/36852.htm
南京明峰复合材料有限公司的商铺,http://nanjing036852.11467.com
东莞市樟木头祥宇印刷材料厂,http:////www.11467.com/dongguan/co/525440.htm
东莞市樟木头祥宇印刷材料厂的商铺,http://dongguan0525440.11467.com
东莞米人占化工有限公司,http:////www.11467.com/dongguan/co/483522.htm
东莞米人占化工有限公司的商铺,http://dongguan0483522.11467.com
济南启辰化工有限公司,http:////www.11467.com/jinan/co/137346.htm
济南启辰化工有限公司的商铺,http://jinan0137346.11467.com
杭州秀朗地坪工程有限公司,http:////www.11467.com/hangzhou/co/114215.htm
杭州秀朗地坪工程有限公司的商铺,http://hangzhou0114215.11467.com
江西天晟新材料有限公司,http:////www.11467.com/jian/co/18323.htm
江西天晟新材料有限公司的商铺,http://jian018323.11467.com
佛山市南海区东恒化工有限公司,http:////www.11467.com/foshan/co/306470.htm
佛山市南海区东恒化工有限公司的商铺,http://foshan0306470.11467.com
广州雷邦化工有限公司,http:////www.11467.com/guangzhou/co/261816.htm
广州雷邦化工有限公司的商铺,http://guangzhou0261816.11467.com
东莞市塑大塑胶原料有限公司,http:////www.11467.com/dongguan/co/187074.htm
东莞市塑大塑胶原料有限公司的商铺,http://dongguan0187074.11467.com
东莞市宣成化工科技有限公司,http:////www.11467.com/dongguan/co/490902.htm
东莞市宣成化工科技有限公司的商铺,http://dongguan0490902.11467.com
保定京素生物科技有限公司,http:////www.11467.com/baoding/co/79161.htm
保定京素生物科技有限公司的商铺,http://baoding079161.11467.com
广州市鼎沣晟化工科技有限公司,http:////www.11467.com/guangzhou/co/468961.htm
广州市鼎沣晟化工科技有限公司的商铺,http://guangzhou0468961.11467.com
青岛恒泰新材料科技有限公司,http:////www.11467.com/qingdao/co/151038.htm
青岛恒泰新材料科技有限公司的商铺,http://qingdao0151038.11467.com
深圳市宏宇硅化学有限公司,http:////www.11467.com/shenzhen/co/773357.htm
深圳市宏宇硅化学有限公司的商铺,http://shenzhen0773357.11467.com
深圳市华源宏化工有限公司,http:////www.11467.com/shenzhen/co/154579.htm
深圳市华源宏化工有限公司的商铺,http://shenzhen0154579.11467.com
深圳市宏鑫源化工有限公司,http:////www.11467.com/shenzhen/co/239463.htm
深圳市宏鑫源化工有限公司的商铺,http://shenzhen0239463.11467.com
南京青禾谷化工有限公司,http:////www.11467.com/nanjing/co/150547.htm
南京青禾谷化工有限公司的商铺,http://nanjing0150547.11467.com
沈阳市东陵化工有限公司,http:////www.11467.com/shenyang/co/96376.htm
沈阳市东陵化工有限公司的商铺,http://shenyang096376.11467.com
湖南拓索科技有限公司,http:////www.11467.com/changsha/co/107196.htm
湖南拓索科技有限公司的商铺,http://changsha0107196.11467.com
任丘市高科化工物资有限公司,http:////www.11467.com/cangzhou/co/46345.htm
任丘市高科化工物资有限公司的商铺,http://cangzhou046345.11467.com
任丘市北方化工有限公司,http:////www.11467.com/cangzhou/co/23238.htm
任丘市北方化工有限公司的商铺,http://cangzhou023238.11467.com
常州帝友新材料科技有限公司,http:////www.11467.com/changzhou/co/152658.htm
常州帝友新材料科技有限公司的商铺,http://changzhou0152658.11467.com
常州瑞方化工科技有限公司,http:////www.11467.com/changzhou/co/152700.htm
常州瑞方化工科技有限公司的商铺,http://changzhou0152700.11467.com
广州深彩贸易有限公司,http:////www.11467.com/guangzhou/co/399937.htm
广州深彩贸易有限公司的商铺,http://guangzhou0399937.11467.com
广州市依码新材料科技有限公司,http:////www.11467.com/guangzhou/co/460152.htm
广州市依码新材料科技有限公司的商铺,http://guangzhou0460152.11467.com
广州市扬美化工有限公司,http:////www.11467.com/guangzhou/co/399981.htm
广州市扬美化工有限公司的商铺,http://guangzhou0399981.11467.com
佛山市矽美有机硅材料有限公司,http:////www.11467.com/foshan/co/232877.htm
佛山市矽美有机硅材料有限公司的商铺,http://foshan0232877.11467.com
佛山市创大为聚氨酯制品厂,http:////www.11467.com/foshan/co/187144.htm
佛山市创大为聚氨酯制品厂的商铺,http://foshan0187144.11467.com
浙江新安化工集团股份有限公司,http:////www.11467.com/hangzhou/co/137455.htm
浙江新安化工集团股份有限公司的商铺,http://hangzhou0137455.11467.com
黄山市科贝瑞化工有限公司,http:////www.11467.com/huangshan/co/17704.htm
黄山市科贝瑞化工有限公司的商铺,http://huangshan017704.11467.com
雄县黄金谷力食品有限公司,http:////www.11467.com/baoding/co/80398.htm
安徽皖东化工有限公司,http:////www.11467.com/chuzhou/co/30521.htm
铭记工程塑胶材料厂,http:////www.11467.com/dongguan/co/508754.htm
巴斯夫化学建材中国有限公司,http:////www.11467.com/foshan/co/343090.htm
广东天耀进出口集团有限公司,http:////www.11467.com/foshan/co/212240.htm
广东佛山南海嘉美精细化工有限公司,http:////www.11467.com/foshan/co/340547.htm
广州柔德化工科技有限公司,http:////www.11467.com/guangzhou/co/397666.htm
广西桂林金盛利建材有限公司,http:////www.11467.com/guilin/co/50601.htm
杭州捷尔思阻燃化工有限公司,http:////www.11467.com/hangzhou/co/10708.htm
杭州伊联化工有限公司,http:////www.11467.com/hangzhou/co/166791.htm
浙江永川电气有限公司,http:////www.11467.com/hangzhou/co/369839.htm
浙江孚诺林化工新材料有限公司,http:////www.11467.com/hangzhou/co/363783.htm
千荷助剂有限公司,http:////www.11467.com/hebi/co/9300.htm
黑龙江黑龙化工厂,http:////www.11467.com/hegang/co/10294.htm
东明俱进化工有限公司,http:////www.11467.com/heze/co/24436.htm
图们市方正化工助剂厂,http:////www.11467.com/jilinshi/co/82292.htm
湖北荆州市顺科化工有限公司,http:////www.11467.com/jingzhou/co/28432.htm
九江天赐高新材料有限公司,http:////www.11467.com/jiujiang/co/24548.htm
漯河华东木质素有限公司（销售部）,http:////www.11467.com/luohe/co/18268.htm
茂名路之宝沥青有限公司,http:////www.11467.com/maoming/co/33109.htm
樊伟(个体经营),http:////www.11467.com/nanchong/co/25449.htm
平凉荣康实业有限责任公司,http:////www.11467.com/pingliang/co/9157.htm
耐力特国际有限公司,http:////www.11467.com/shenzhen/co/777830.htm
深圳市澳拿科技有限公司,http:////www.11467.com/shenzhen/co/87696.htm
深圳市越胜威电子公司,http:////www.11467.com/shenzhen/co/682767.htm
深圳市志海实业有限公司,http:////www.11467.com/shenzhen/co/680067.htm
深圳信立工贸有限公司,http:////www.11467.com/shenzhen/co/773329.htm
河北路海交通科技有限责任公司,http:////www.11467.com/shijiazhuang/co/142836.htm
江苏凯伦建材股份有限公司,http:////www.11467.com/suzhou/co/318645.htm
威海金合思化工有限公司,http:////www.11467.com/weihai/co/34969.htm
温州市焱日改性沥青有限公司,http:////www.11467.com/wenzhou/co/165617.htm
内蒙古蒙西高新技术集团二氧化碳全降解塑料分公司,http:////www.11467.com/wuhai/co/4167.htm
无锡贝拉克新材料科技有限公司,http:////www.11467.com/wuxi/co/243945.htm
无锡中洁能源技术有限公司,http:////www.11467.com/wuxi/co/246936.htm
梧州飞卓化工产品有限公司,http:////www.11467.com/wuzhou/co/17402.htm
厦门德丰行塑胶工业有限公司,http:////www.11467.com/xiamen/co/39379.htm
海发商贸公司,http:////www.11467.com/xianyang/co/22704.htm
延安志和贸易有限责任公司,http:////www.11467.com/yanan/co/12935.htm
陕西延安永海有限责任公司,http:////www.11467.com/yanan/co/12933.htm
烟台通润化工科技有限公司,http:////www.11467.com/yantai/co/153753.htm
肇庆市端化离子树脂有限公司,http:////www.11467.com/zhaoqing/co/4257.htm
驼马五金建材装饰工程材料有限公司,http:////www.11467.com/zhengzhou/co/175062.htm
自贡未宇化工有限公司,http:////www.11467.com/zigong/co/22709.htm
北京高橡贸易有限公司,http:////www.11467.com/beijing/co/712454.htm
北京鹏达鑫盛机电制冷有限公司,http:////www.11467.com/beijing/co/706356.htm
北京市生态家园科技发展有限公司,http:////www.11467.com/beijing/co/706358.htm
北京市化学工业研究院,http:////www.11467.com/beijing/co/369715.htm
捷德化工(上海)有限公司,http:////www.11467.com/shanghai/co/1047523.htm
山东乔泰管业科技有限公司,http:////www.11467.com/qingdao/co/186658.htm
安庆飞凯高分子材料有限公司,http:////www.11467.com/qiye/29304104.htm
苏州麦典科技有限公司,http:////www.11467.com/suzhou/co/219306.htm
鞍山市鹏程混凝土外加剂有限公司,http:////www.11467.com/anshan/co/50712.htm
保定市兰竹化工有限公司,http:////www.11467.com/baoding/co/62099.htm
河北诚信建筑胶业有限公司,http:////www.11467.com/cangzhou/co/57621.htm
常州龙城有机硅有限公司,http:////www.11467.com/changzhou/co/116395.htm
常州市普托橡塑制品有限公司,http:////www.11467.com/changzhou/co/18471.htm
常州市顺旭商贸有限公司,http:////www.11467.com/changzhou/co/122295.htm
常州伟达塑胶有限公司,http:////www.11467.com/changzhou/co/31398.htm
常州壁得宝粘合剂有限公司,http:////www.11467.com/changzhou/co/149550.htm
常州友邦净水材料有限公司,http:////www.11467.com/changzhou/co/89229.htm
常州市东宇化工有限公司,http:////www.11467.com/changzhou/co/121226.htm
四川金摩尔环保新材料有限责任公司,http:////www.11467.com/chengdu/co/216565.htm
四川恩典环保材料有限公司,http:////www.11467.com/chengdu/co/212919.htm
中国成都迈科新材料有限公司,http:////www.11467.com/chengdu/co/131189.htm
大连科泰水处理有限公司,http:////www.11467.com/dalian/co/20489.htm
东莞普赛达密封公司,http:////www.11467.com/dongguan/co/377226.htm
东莞市爱粤金属粉末有限公司,http:////www.11467.com/dongguan/co/374974.htm
东莞市银鑫新材料科技有限公司,http:////www.11467.com/dongguan/co/503513.htm
东莞市万森塑胶电子科技有限公司,http:////www.11467.com/dongguan/co/546008.htm
东莞中裕涂料有限公司,http:////www.11467.com/dongguan/co/14096.htm
东莞矽品电子有限公司 业务2部,http:////www.11467.com/dongguan/co/378343.htm
烟台汉高乐泰胶水有限公司,http:////www.11467.com/dongguan/co/505021.htm
广东乐泰胶水销售有限公司,http:////www.11467.com/dongguan/co/503514.htm
万达集团股份有限公司,http:////www.11467.com/dongying/co/25897.htm
东营科创生物化工有限公司,http:////www.11467.com/dongying/co/34134.htm
佛山市南海广利树脂化工有限公司,http:////www.11467.com/foshan/co/328920.htm
佛山南海美之彩塑化有限公司,http:////www.11467.com/foshan/co/283834.htm
佛山市恒德粘胶厂,http:////www.11467.com/foshan/co/343814.htm
佛山市三水永恒达粘合剂有限公司,http:////www.11467.com/foshan/co/281254.htm
佛山安立固经营部,http:////www.11467.com/foshan/co/343813.htm
佛山市顺德区乐从镇福维装饰材料经营部,http:////www.11467.com/foshan/co/282823.htm
卡特尔胶粘实业有限公司,http:////www.11467.com/foshan/co/339457.htm
江西鹏腾实业有限公司,http:////www.11467.com/fuzhoushi/co/18636.htm
广州惠美佳涂料有限公司,http:////www.11467.com/guangzhou/co/474709.htm
广州华工百川自控科技有限公司,http:////www.11467.com/guangzhou/co/394885.htm
广州朗腾聚氨酯有限公司,http:////www.11467.com/guangzhou/co/64998.htm
广东省佛山市使你佳粘胶有限公司,http:////www.11467.com/guangzhou/co/464346.htm
广州蓝风化工科技公司/鑫琪净水材料有限公司华南销售部,http:////www.11467.com/guangzhou/co/458038.htm
广州市东曼保温材料有限公司,http:////www.11467.com/guangzhou/co/309635.htm
广州华工百川科技股份有限公司,http:////www.11467.com/guangzhou/co/104141.htm
广州市塑智化工有限公司(销售部),http:////www.11467.com/guangzhou/co/395573.htm
广州星惠工业材料有限公司,http:////www.11467.com/guangzhou/co/399074.htm
广州市广圣豪工贸有限公司,http:////www.11467.com/guangzhou/co/68485.htm
广州志一贸易有限公司,http:////www.11467.com/guangzhou/co/399573.htm
广州熵能聚合物技术有限公司,http:////www.11467.com/guangzhou/co/198428.htm
上海港玖实业有限公司,http:////www.11467.com/shanghai/co/1037401.htm
重庆天旗化工有限公司,http:////www.11467.com/chongqing/co/206378.htm
天津天诚拓源科技发展有限公司,http:////www.11467.com/tianjin/co/303653.htm
浙江鑫甬生物化工股份有限公司,http:////www.11467.com/ningbo/co/228866.htm
广州裕昌聚合物科技有限公司,http:////www.11467.com/guangzhou/co/744976.htm
临沂市兰山区天元恒泰密封材料厂,http:////www.11467.com/linyi/co/94696.htm
江苏欧西建材科技发展有限公司,http:////www.11467.com/nanjing/co/108565.htm
宁波高新区激智科技有限公司,http:////www.11467.com/ningbo/co/133767.htm
浙江逸盛石化有限公司,http:////www.11467.com/ningbo/co/43694.htm
台塑工業有限公司,http:////www.11467.com/ningbo/co/134367.htm
余姚市和丰化工有限公司,http:////www.11467.com/ningbo/co/192648.htm
山东青岛兴华建设集团防水工程公司,http:////www.11467.com/qingdao/co/154267.htm
青岛凯莫特进出口有限公司,http:////www.11467.com/qingdao/co/156658.htm
青岛亨龙胶业有限公司,http:////www.11467.com/qingdao/co/153168.htm
青岛伊士特国际贸易有限公司国内贸易部,http:////www.11467.com/qingdao/co/115834.htm
连州市石角腻子粉厂,http:////www.11467.com/qingyuan/co/28768.htm
日照诺百联胶业有限公司青岛技术服务中心,http:////www.11467.com/rizhao/co/25999.htm
江西金茂树脂有限公司,http:////www.11467.com/shangrao/co/25487.htm
绍兴县华创聚氨酯有限公司,http:////www.11467.com/shaoxing/co/118571.htm
绍兴县万福隆助剂有限公司,http:////www.11467.com/shaoxing/co/77651.htm
浙江欧亚薄膜材料有限公司,http:////www.11467.com/shaoxing/co/53708.htm
沈阳中环精细化工有限公司,http:////www.11467.com/shenyang/co/46343.htm
常盛春营销咨询集团有限公司,http:////www.11467.com/shenzhen/co/768125.htm
东莞市益佳贸易有限公司,http:////www.11467.com/shenzhen/co/680584.htm
深圳红叶杰液体硅胶有限公司,http:////www.11467.com/shenzhen/co/766524.htm
深圳市捷和建材有限公司,http:////www.11467.com/shenzhen/co/773325.htm
深圳市创思泰科技有限公司,http:////www.11467.com/shenzhen/co/725806.htm
深圳市杰安达实业有限公司,http:////www.11467.com/shenzhen/co/682196.htm
深圳市熙尔福贸易有限公司,http:////www.11467.com/shenzhen/co/681628.htm
深圳市冶山科技有限公司,http:////www.11467.com/shenzhen/co/256130.htm
深圳市永卓实业发展有限公司,http:////www.11467.com/shenzhen/co/40902.htm
香港世界商贸有限公司,http:////www.11467.com/shenzhen/co/788160.htm
厦门福鑫德进出口贸易有限公司,http:////www.11467.com/shenzhen/co/572797.htm
广州盛玉印花材料有限公司,http:////www.11467.com/guangzhou/co/478786.htm
南亚塑胶工业(广州)有限公司营业处,http:////www.11467.com/guangzhou/co/399882.htm
桂林叠彩区九龙腻子粉厂,http:////www.11467.com/guilin/co/50438.htm
杭州凯斯特化工有限公司,http:////www.11467.com/hangzhou/co/212354.htm
杭州高力建材有限公司,http:////www.11467.com/hangzhou/co/371066.htm
杭州临安晓阳电缆材料厂,http:////www.11467.com/hangzhou/co/104454.htm
杭州新科化工有限公司,http:////www.11467.com/hangzhou/co/53291.htm
杭州利华化工新材料有限公司,http:////www.11467.com/hangzhou/co/225714.htm
上虞市东海化工有限公司,http:////www.11467.com/hangzhou/co/310961.htm
河北衡水三源有限公司,http:////www.11467.com/hengshui/co/36304.htm
山东菏泽天宇塑业有限公司,http:////www.11467.com/heze/co/34420.htm
湖州南浔浪沙防水建材有限公司,http:////www.11467.com/huzhou/co/53516.htm
开平市嘉龙制品有限公司/开平美耐鞋业有限公司,http:////www.11467.com/jiangmen/co/115179.htm
揭阳明亨发塑料厂,http:////www.11467.com/jieyang/co/31546.htm
济南海源海绵家具有限公司,http:////www.11467.com/jinan/co/134811.htm
湖北顺丰生物科技有限公司,http:////www.11467.com/jingzhou/co/30275.htm
江西九江乐得士生物科技有限公司,http:////www.11467.com/jiujiang/co/24565.htm
廊坊市勃丰胶业有限公司,http:////www.11467.com/langfang/co/45907.htm
廊坊维诺尔化工建材销售有限公司,http:////www.11467.com/langfang/co/45906.htm
廊坊市荣鑫伟业精细化工有限公司,http:////www.11467.com/langfang/co/34404.htm
廊坊市博天防火建材公司,http:////www.11467.com/langfang/co/46677.htm
北京立高展业防水工程有限公司,http:////www.11467.com/langfang/co/46941.htm
厦门福鑫德进出口贸易有限公司,http:////www.11467.com/shenzhen/co/572797.htm
深圳市智能星装饰设计工程有限公司,http:////www.11467.com/shenzhen/co/768122.htm
石家庄市银杏砂制品有限公司,http:////www.11467.com/shijiazhuang/co/62859.htm
石家庄胜迪科技有限公司,http:////www.11467.com/shijiazhuang/co/138965.htm
石家庄市美林宏泰科技有限公司销售部,http:////www.11467.com/shijiazhuang/co/101907.htm
河北淼彩建材有限公司,http:////www.11467.com/shijiazhuang/co/143120.htm
苏州汇鸿复合材料有限公司销售中心,http:////www.11467.com/suzhou/co/260684.htm
苏州市建筑科学研究院有限公司,http:////www.11467.com/suzhou/co/6240.htm
山西喜跃发路桥建筑材料有限公司,http:////www.11467.com/taiyuan/co/103250.htm
泰兴市铭丰化工有限公司,http:////www.11467.com/taizhoushi/co/49323.htm
唐山日丰化学工业有限公司,http:////www.11467.com/tangshan/co/63363.htm
临朐县凯联密封材料厂,http:////www.11467.com/tangshan/co/75559.htm
铜陵莱克电工材料有限公司,http:////www.11467.com/tongling/co/14942.htm
临朐县光明密封材料厂,http:////www.11467.com/weifang/co/117685.htm
山西三维集团山东办事处(青州市三维化工经营部),http:////www.11467.com/weifang/co/120921.htm
潍坊华强防水材料有限公司,http:////www.11467.com/weifang/co/117686.htm
潍坊华龙泰胶业有限公司,http:////www.11467.com/weifang/co/117683.htm
武汉源锦建材科技有限公司,http:////www.11467.com/wuhan/co/144377.htm
无锡信达胶脂材料有限公司,http:////www.11467.com/wuxi/co/208539.htm
厦门鹭意彩色母粒有限公司经营部,http:////www.11467.com/xiamen/co/76286.htm
陕西腾强化工科技有限公司,http:////www.11467.com/xian/co/124896.htm
西安斯温格灌浆料植筋胶生产销售有限公司,http:////www.11467.com/xian/co/122446.htm
邢台市信达机械设备厂,http:////www.11467.com/xintai/co/50313.htm
新乡市长兴油田助剂有限公司,http:////www.11467.com/xinxiang/co/4992.htm
江苏永林油脂化工有限公司,http:////www.11467.com/yancheng/co/20767.htm
烟台有限公司,http:////www.11467.com/yantai/co/156567.htm
湖南岁丰新材料科技发展有限公司,http:////www.11467.com/yueyang/co/37086.htm
同壹胶业有限公司,http:////www.11467.com/zhengzhou/co/140050.htm
驼马工程装饰建材公司,http:////www.11467.com/zhengzhou/co/172392.htm
巩义市龙洋滤料有限公司,http:////www.11467.com/zhengzhou/co/170968.htm
广东粉体化工有限公司,http:////www.11467.com/zhongshan/co/149443.htm
中山市日鑫商贸有限公司,http:////www.11467.com/zhongshan/co/147104.htm
富思佳化工原料公司,http:////www.11467.com/zhongshan/co/150909.htm
中山市天益聚合物有限公司,http:////www.11467.com/zhongshan/co/111824.htm
珠海伟能粘合剂有限公司,http:////www.11467.com/zhuhai/co/98603.htm
山东淄博玉墙建筑有限公司,http:////www.11467.com/zibo/co/98583.htm
山东玉墙建筑建材销售有限公司,http:////www.11467.com/zibo/co/98584.htm
淄博三喜化工有限公司,http:////www.11467.com/zibo/co/12349.htm
山东正华隔膜技术有限公司,http:////www.11467.com/zibo/co/86690.htm
淄博帝化聚氨酯有限公司,http:////www.11467.com/zibo/co/89964.htm
北京恒成时代科技有限公司,http:////www.11467.com/beijing/co/695775.htm
北京超强伟业建材有限公司,http:////www.11467.com/beijing/co/702170.htm
北京华夏盾防水科技有限公司,http:////www.11467.com/beijing/co/710712.htm
北京市化工研究院,http:////www.11467.com/beijing/co/433879.htm
西令牌密封胶生产:北京中天星云科技有限公司,http:////www.11467.com/beijing/co/702171.htm
上海丰锦国家贸易有限公司,http:////www.11467.com/shanghai/co/687832.htm
赛尔士云石胶上海赛康胶粘剂有限公司,http:////www.11467.com/shanghai/co/1047521.htm
上海剑桥塑料有限公司销售部,http:////www.11467.com/shanghai/co/327634.htm
上海凯兰达实业有限公司,http:////www.11467.com/shanghai/co/428017.htm
上海捷德化工有限公司,http:////www.11467.com/shanghai/co/938496.htm
蚌埠赛尔时代工贸有限公司,http:////www.11467.com/bengbu/co/35686.htm
安徽巨成精细化工公司,http:////www.11467.com/bengbu/co/29310.htm
山东鑫瑞斯特化工有限公司(安徽分公司),http:////www.11467.com/bengbu/co/35770.htm
蚌埠市科力有机硅材料有限责任公司,http:////www.11467.com/bengbu/co/2972.htm
蚌埠市金星有机硅材料厂,http:////www.11467.com/bengbu/co/24707.htm
山东尿醛胶回收公司,http:////www.11467.com/binzhou/co/34624.htm
邹平县好生联发海绵经营部,http:////www.11467.com/binzhou/co/35117.htm
滨州保利佳化工有限公司,http:////www.11467.com/binzhou/co/35223.htm
沧州盛远化工有限公司,http:////www.11467.com/cangzhou/co/58724.htm
任丘市精业化工有限公司,http:////www.11467.com/cangzhou/co/48766.htm
长春勇胜诚经贸有限公司,http:////www.11467.com/changchun/co/96765.htm
长春市宏盛化工一厂,http:////www.11467.com/changchun/co/96183.htm
吉林萨菲德新材料有限公司,http:////www.11467.com/changchun/co/91278.htm
广东欧利雅化工有限公司长沙办事处,http:////www.11467.com/changsha/co/98816.htm
广州禹润化工科技有限公司,http:////www.11467.com/changsha/co/99104.htm
中科湖南本安亚大新材料公司,http:////www.11467.com/changsha/co/99025.htm
长沙华佳化工科技公司,http:////www.11467.com/changsha/co/98693.htm
常州明丽机电有限公司,http:////www.11467.com/changzhou/co/121356.htm
常州华科树脂有限公司,http:////www.11467.com/changzhou/co/28781.htm
重庆洁朗贸易有限公司销售部,http:////www.11467.com/chongqing/co/170838.htm
西部重庆力强建材公司,http:////www.11467.com/chongqing/co/206086.htm
洛阳奥百思特水泥技术有限公司,http:////www.11467.com/luoyang/co/68144.htm
任丘市华北生态环保化工有限公司,http:////www.11467.com/cangzhou/co/46395.htm
博罗县力泰厌氧胶有限公司,http:////www.11467.com/huizhou/co/82001.htm
金华永和氟化工,http:////www.11467.com/jinhua/co/104204.htm
广州市利源化工科技有限公司,http:////www.11467.com/guangzhou/co/433982.htm
淄博百利达化工有限公司,http:////www.11467.com/zibo/co/9226.htm
中山市海星化工有限公司,http:////www.11467.com/zhongshan/co/119036.htm
襄樊艾斯欧华建有限公司,http:////www.11467.com/xiangfan/co/43781.htm
朝阳市康杰铸造辅料厂,http:////www.11467.com/chaoyang/co/25812.htm
北京易诚嘉林经贸有限公司,http:////www.11467.com/beijing/co/690820.htm
常州双达胶水厂,http:////www.11467.com/changzhou/co/147978.htm
常州双木复合材料有限公司,http:////www.11467.com/changzhou/co/148046.htm
深圳市安立新材料有限公司,http:////www.11467.com/shenzhen/co/759023.htm
成都托马斯科技有限公司经营部,http:////www.11467.com/chengdu/co/211957.htm
深圳增盛发科技有限公司,http:////www.11467.com/shenzhen/co/760213.htm
深圳盛泰乐泰胶水有限公司,http:////www.11467.com/shenzhen/co/807085.htm
河北省大城县三立化工有限公司,http:////www.11467.com/langfang/co/53360.htm
九江市普路夫新材料有限公司,http:////www.11467.com/jiujiang/co/27499.htm
深圳市鸿升源胶粘制品有限公司,http:////www.11467.com/shenzhen/co/768126.htm
郑州友联水处理有限公司,http:////www.11467.com/zhengzhou/co/188903.htm
泉州市天堃合成材料有限公司,http:////www.11467.com/quanzhou/co/148403.htm
安庆华泰化工有限公司,http:////www.11467.com/anqing/co/26815.htm
辽宁鞍山诚弘达胶业,http:////www.11467.com/anshan/co/73911.htm
天利色母粒有限公司,http:////www.11467.com/anshan/co/73977.htm
安阳市泽川膨润土有限责任公司,http:////www.11467.com/anyang/co/36309.htm
河北聪烨橡胶制品有限公司,http:////www.11467.com/baoding/co/83440.htm
河北金雷矿业有限公司,http:////www.11467.com/baoding/co/80212.htm
江阴云天化纤有限公司,http:////www.11467.com/baoding/co/62045.htm
徐州龙圣漆业有限公司西北分公司,http:////www.11467.com/baoji/co/27248.htm
东莞市易罡高分子材料有限公司,http:////www.11467.com/dongguan/co/526596.htm
东莞市昇光贸易有限公司,http:////www.11467.com/dongguan/co/84645.htm
东莞市永达塑胶原料厂,http:////www.11467.com/dongguan/co/375663.htm
东莞市雍信化工材料有限公司,http:////www.11467.com/dongguan/co/374762.htm
东莞市永利化工有限公司,http:////www.11467.com/dongguan/co/375635.htm
东莞市成泰化工有限公司,http:////www.11467.com/dongguan/co/374738.htm
东莞市环氧树脂商贸有限公司,http:////www.11467.com/dongguan/co/500632.htm
东莞市源展化工有限公司,http:////www.11467.com/dongguan/co/483266.htm
东莞市中德化工涂料有限公司,http:////www.11467.com/dongguan/co/379291.htm
东莞市鸿福贸易有限公司,http:////www.11467.com/dongguan/co/103459.htm
東莞合盈化工原料有限公司,http:////www.11467.com/dongguan/co/375440.htm
东莞孜德工程塑料有限公司,http:////www.11467.com/dongguan/co/377057.htm
东莞宇宙塑胶原料有限公司,http:////www.11467.com/dongguan/co/376614.htm
东莞市卓奥机械硅材料有限公司,http:////www.11467.com/dongguan/co/437922.htm
东莞市阳光塑料有限公司,http:////www.11467.com/dongguan/co/379045.htm
金溢彩树脂实业有限公司,http:////www.11467.com/dongguan/co/377675.htm
江苏宏达集团东莞宏达新材料有限公司,http:////www.11467.com/dongguan/co/162364.htm
日勝化工國際集團寶建鞋材有限公司,http:////www.11467.com/dongguan/co/378515.htm
东莞市华龙实业有限公司（业务部）,http:////www.11467.com/dongguan/co/377774.htm
东莞市华煌石油化工有限公司,http:////www.11467.com/dongguan/co/377049.htm
金发食品有限公司,http:////www.11467.com/dongguan/co/376774.htm
深圳市安品有机硅材料有限公司市场销售部,http:////www.11467.com/dongguan/co/379201.htm
明星贸易（东莞）公司,http:////www.11467.com/dongguan/co/376191.htm
科信化工有限公司销售部,http:////www.11467.com/dongguan/co/376812.htm
东莞市德诚有机硅有限公司,http:////www.11467.com/dongguan/co/379361.htm
东莞鹏远塑胶有限公司,http:////www.11467.com/dongguan/co/47862.htm
东莞市博成塑胶原料有限公司,http:////www.11467.com/dongguan/co/379121.htm
东莞世威化工有限公司,http:////www.11467.com/dongguan/co/484082.htm
东莞市达兴装饰材料有限公司,http:////www.11467.com/dongguan/co/375774.htm
东莞华盛塑胶有限公司,http:////www.11467.com/dongguan/co/20004.htm
东莞市大岭山舜天印刷材料商行,http:////www.11467.com/dongguan/co/334100.htm
东莞市金永利金属材料有限公司,http:////www.11467.com/dongguan/co/65950.htm
东莞市东亚鞋材有限公司,http:////www.11467.com/dongguan/co/378811.htm
东莞市百通涂装工程有限公司,http:////www.11467.com/dongguan/co/379305.htm
东莞市清溪奥创化工产品经营部,http:////www.11467.com/dongguan/co/378341.htm
东莞市均雷化工有限公司,http:////www.11467.com/dongguan/co/539190.htm
东莞市骏泰实业有限公司,http:////www.11467.com/dongguan/co/375660.htm
东莞市科信化工有限公司销售部,http:////www.11467.com/dongguan/co/377827.htm
东莞市坚泰粘合剂厂,http:////www.11467.com/dongguan/co/490859.htm
东莞市澳斯科技有限公司,http:////www.11467.com/dongguan/co/402226.htm
东莞市南城博文塑胶经营部销售部,http:////www.11467.com/dongguan/co/374750.htm
东莞市东城月城机械设备制造厂,http:////www.11467.com/dongguan/co/121007.htm
东莞市山力高分子材料科研有限公司(山力化工),http:////www.11467.com/dongguan/co/495686.htm
东莞市石碣通飞达化工科技有限公司,http:////www.11467.com/dongguan/co/377655.htm
东莞市四龙创立实业有限公司,http:////www.11467.com/dongguan/co/254779.htm
东莞市南方欧凯粉末涂料助剂有限公司,http:////www.11467.com/dongguan/co/378344.htm
东莞市新达除腊水制造厂,http:////www.11467.com/dongguan/co/375161.htm
东莞市通顺液压电热剂有限公司,http:////www.11467.com/dongguan/co/377713.htm
东莞市信晟塑胶原料有限公司,http:////www.11467.com/dongguan/co/510264.htm
东莞市添博高分子材料有限公司,http:////www.11467.com/dongguan/co/183717.htm
杭州新龙泡沫厂,http:////www.11467.com/hangzhou/co/294997.htm
杭州新顺化工有限公司,http:////www.11467.com/hangzhou/co/131652.htm
杭州美高华颐化工有限公司－氨纶部,http:////www.11467.com/hangzhou/co/294694.htm
杭州余杭区五常街道前程粘合剂厂,http:////www.11467.com/hangzhou/co/296260.htm
杭州银燕化工有限公司,http:////www.11467.com/hangzhou/co/30278.htm
安徽尚高环保科技有限公司,http:////www.11467.com/hefei/co/132324.htm
安徽六合化工有限责任公司,http:////www.11467.com/hefei/co/100426.htm
合肥皖涛化工有限公司,http:////www.11467.com/hefei/co/100534.htm
安徽得天建筑科技有限公司,http:////www.11467.com/hefei/co/131783.htm
石家庄经济技术开发区运鑫液氨有限公司,http:////www.11467.com/hengshui/co/34690.htm
冀东高新技术实验厂,http:////www.11467.com/hengshui/co/24567.htm
衡水宏胜有机化工厂,http:////www.11467.com/hengshui/co/24555.htm
衡水龙翔橡胶制品有限公司销售部,http:////www.11467.com/hengshui/co/24506.htm
菏泽市风顺石油环保工程有限公司,http:////www.11467.com/heze/co/25074.htm
中国石化建筑集团公司,http:////www.11467.com/heze/co/34798.htm
江苏飞翔体育设施有限公司,http:////www.11467.com/huaian/co/51661.htm
阳新华生化工有限责任公司,http:////www.11467.com/huangshi/co/19623.htm
广东省惠州市雷博化工有限公司,http:////www.11467.com/huizhou/co/78920.htm
兑元工业科技有限公司,http:////www.11467.com/huizhou/co/78778.htm
湖州旧馆明利塑料制品厂,http:////www.11467.com/huzhou/co/53593.htm
湖州丰腾工贸有限公司,http:////www.11467.com/huzhou/co/67184.htm
浙江尤夫工业纤维有限公司,http:////www.11467.com/huzhou/co/3157.htm
湖州正德亚克力化工有限公司（销售部）,http:////www.11467.com/huzhou/co/53473.htm
湖州天益环保科技有限公司,http:////www.11467.com/huzhou/co/53469.htm
浙江富城国际贸易有限公司化工部,http:////www.11467.com/huzhou/co/53436.htm
湖州久益有机玻璃有限公司（湖州正德仓库经理部）,http:////www.11467.com/huzhou/co/53603.htm
广东慧信环保有限公司,http:////www.11467.com/jiangmen/co/115340.htm
佳源兴塑料有限公司,http:////www.11467.com/jiangmen/co/99869.htm
东莞市宏建特殊建材厂,http:////www.11467.com/jiangmen/co/99653.htm
广东省江门市固得宝化工有限公司,http:////www.11467.com/jiangmen/co/99821.htm
泓益化工有限公司,http:////www.11467.com/jiangmen/co/99686.htm
蓬江区昇泓装饰材料厂,http:////www.11467.com/jiangmen/co/114441.htm
江门市亿利塑料有限公司,http:////www.11467.com/jiangmen/co/99876.htm
余兴有机材料厂,http:////www.11467.com/jiangmen/co/99867.htm
江门兴昌化工贸易商行,http:////www.11467.com/jiangmen/co/99473.htm
广东省江门市鸿源化工公司,http:////www.11467.com/jiangmen/co/99632.htm
江门振鹏实业有限公司,http:////www.11467.com/jiangmen/co/99878.htm
焦作市格瑞斯矿用制品有限公司,http:////www.11467.com/jiaozuo/co/22251.htm
金固牢胶黏剂平湖有限公司,http:////www.11467.com/jiaxing/co/123030.htm
嘉兴思齐装饰材料有限公司,http:////www.11467.com/jiaxing/co/123617.htm
杭州红杉树国际贸易有限公司,http:////www.11467.com/jiaxing/co/80186.htm
上海益桥贸易有限公司龙港办事处,http:////www.11467.com/jiaxing/co/90189.htm
浙江清华长三角研究院粉体及新材料工程中心实验室,http:////www.11467.com/jiaxing/co/90089.htm
浙江亚宏实业有限公司,http:////www.11467.com/jiaxing/co/123374.htm
吉林市昌杰硅化学有限责任公司,http:////www.11467.com/jilinshi/co/48601.htm
济南金睿聚氨酯有限公司,http:////www.11467.com/jinan/co/105572.htm
济南承平实业有限公司经理部,http:////www.11467.com/jinan/co/105890.htm
森宝实业有限公司济南办事处,http:////www.11467.com/jinan/co/106839.htm
济南祺睿经贸有限公司,http:////www.11467.com/jinan/co/106921.htm
济南豪建科技公司,http:////www.11467.com/jinan/co/105917.htm
广东东鼎化工有限公司山东分公司,http:////www.11467.com/linyi/co/95962.htm
山东省临沂市鲁军耐特塑料有限公司,http:////www.11467.com/linyi/co/71197.htm
山东东鼎硅业有限公司,http:////www.11467.com/linyi/co/71625.htm
山东慧泉精细化工有限公司国内业务部,http:////www.11467.com/linyi/co/71323.htm
新洲（武平）林化有限公司,http:////www.11467.com/longyan/co/13686.htm
河南慧霖投资咨询公司,http:////www.11467.com/luoyang/co/51406.htm
洛阳东谷碱业有限公司,http:////www.11467.com/luoyang/co/60153.htm
茂名高远化工有限公司,http:////www.11467.com/maoming/co/33175.htm
茂名市（东莞）工道防水加固材料有限公司,http:////www.11467.com/maoming/co/33081.htm
茂名市荣长化工有限公司,http:////www.11467.com/maoming/co/5527.htm
江西昌固胶业,http:////www.11467.com/nanchang/co/90884.htm
南昌市洪大化工股份有限公司,http:////www.11467.com/nanchang/co/97487.htm
江苏鑫正祥贵金属有限公司,http:////www.11467.com/nanjing/co/155528.htm
江苏化工研究所有限公司,http:////www.11467.com/nanjing/co/104009.htm
安徽省南陵县丫山镇丹皮贸易开发公司,http:////www.11467.com/nanjing/co/104773.htm
江苏省化工研究所市场部,http:////www.11467.com/nanjing/co/104141.htm
南京成誉化工实业有限公司,http:////www.11467.com/nanjing/co/36315.htm
南京金陵奥普特分子材料有限公司,http:////www.11467.com/nanjing/co/104632.htm
南京德巴化工有限公司,http:////www.11467.com/nanjing/co/15440.htm
南京皓泽油漆调色中心,http:////www.11467.com/nanjing/co/103678.htm
南京和瑞贸易有限责任公司,http:////www.11467.com/nanjing/co/105326.htm
日本菱阳商事株式会社上海代表处,http:////www.11467.com/nanjing/co/114650.htm
南京森泉化工有限公司,http:////www.11467.com/nanjing/co/105292.htm
南京汉合实业有限公司(新材料),http:////www.11467.com/nanjing/co/104323.htm
南京南维化工有限公司,http:////www.11467.com/nanjing/co/155906.htm
苏州联胜化学有限公司技术部,http:////www.11467.com/nanjing/co/105003.htm
中国林科院林产化工研究所南京科技开发总公司,http:////www.11467.com/nanjing/co/61756.htm
南京邦博韦尔化工有限公司,http:////www.11467.com/nanjing/co/21641.htm
南京助嘉化工有限公司,http:////www.11467.com/nanjing/co/114793.htm
优芤南京新材料有限公司,http:////www.11467.com/nanjing/co/154550.htm
南京荣威实业有限公司,http:////www.11467.com/nanjing/co/103497.htm
南京拓瀚商贸实业有限公司,http:////www.11467.com/nanjing/co/104819.htm
南京网赢网络传媒有限公司高杨,http:////www.11467.com/nanjing/co/103617.htm
广西海华科技有限公司,http:////www.11467.com/nanning/co/87630.htm
广西银泉化工有限责任公司,http:////www.11467.com/nanning/co/75106.htm
南平市垅坪建材经营部,http:////www.11467.com/nanping/co/40240.htm
江苏纤维有限公司,http:////www.11467.com/nantong/co/138672.htm
江苏中润氟化学科技有限公司,http:////www.11467.com/nantong/co/137489.htm
南通嘉宾发塑胶实业有限公司,http:////www.11467.com/nantong/co/83954.htm
如东县海宇纤维制品有限公司,http:////www.11467.com/nantong/co/58132.htm
江苏省海安石油化工厂南通销售点,http:////www.11467.com/nantong/co/110994.htm
南通通诚化工有限公司销售部,http:////www.11467.com/nantong/co/111065.htm
南通公隆贸易有限公司,http:////www.11467.com/nantong/co/137667.htm
江苏省南通市东方化工贸易公司,http:////www.11467.com/nantong/co/110868.htm
通天化工贸易有限公司,http:////www.11467.com/nantong/co/110837.htm
MEINEKE(德国)化学有限公司,http:////www.11467.com/ningbo/co/197946.htm
宁波恒昌助剂有限公司,http:////www.11467.com/ningbo/co/133823.htm
洛克胶业宁波有限公司,http:////www.11467.com/ningbo/co/194730.htm
宁波凯邦胶业有限公司,http:////www.11467.com/ningbo/co/133870.htm
上海井上高分子制品有限公司,http:////www.11467.com/ningbo/co/134427.htm
深圳益鹏建材有限公司,http:////www.11467.com/shenzhen/co/685244.htm
恒辉化工颜料公司/销售部,http:////www.11467.com/shenzhen/co/681366.htm
河北兴泰纤维素有限公司(销售部),http:////www.11467.com/shijiazhuang/co/141814.htm
佳佳化工有限公司,http:////www.11467.com/shijiazhuang/co/102056.htm
科维精化有限公司,http:////www.11467.com/shijiazhuang/co/140524.htm
石家庄鑫润润滑油添加剂有限公司,http:////www.11467.com/shijiazhuang/co/101158.htm
石家庄伊可美高分子科技有限公司,http:////www.11467.com/shijiazhuang/co/101045.htm
石家庄市栾城资信工贸有限公司,http:////www.11467.com/shijiazhuang/co/31289.htm
石家庄市银杏砂制品有限公司经营部,http:////www.11467.com/shijiazhuang/co/102076.htm
石家庄晋宏建筑材料有限公司,http:////www.11467.com/shijiazhuang/co/140525.htm
石家庄亚日化工厂,http:////www.11467.com/shijiazhuang/co/102018.htm
张永贤（个体经营）,http:////www.11467.com/shijiazhuang/co/102151.htm
石家庄弘工建筑材料贸易有限公司,http:////www.11467.com/shijiazhuang/co/138295.htm
石家庄永胜化工有限公司,http:////www.11467.com/shijiazhuang/co/141207.htm
四平兴大密封件有限公司,http:////www.11467.com/siping/co/33817.htm
广州市葆力孚化工科技有限公司苏州办事处,http:////www.11467.com/suzhou/co/260996.htm
胜达制剂有限公司,http:////www.11467.com/suzhou/co/260066.htm
美国阿莫特M.O.F.中国（苏州）办事处,http:////www.11467.com/suzhou/co/260784.htm
吉林市昌杰硅化学公司,http:////www.11467.com/suzhou/co/260366.htm
昆山良器塑胶有限公司,http:////www.11467.com/suzhou/co/314428.htm
苏州航林机械制造有限公司,http:////www.11467.com/suzhou/co/310760.htm
苏州润洋化工科技有限公司市场部,http:////www.11467.com/suzhou/co/259946.htm
苏州市相城区开来化工有限公司,http:////www.11467.com/suzhou/co/34509.htm
苏州喜加力建筑材料有限公司,http:////www.11467.com/suzhou/co/315660.htm
苏州市科伦纺织科技有限公司,http:////www.11467.com/suzhou/co/215123.htm
苏州盛研网联科技有限公司,http:////www.11467.com/suzhou/co/260397.htm
张家港卡邦新材料有限公司,http:////www.11467.com/suzhou/co/318646.htm
苏州涌展工业清洗剂厂,http:////www.11467.com/suzhou/co/260718.htm
厦门金泰化工有限公司工程塑料部,http:////www.11467.com/suzhou/co/260138.htm
苏州东吴商贸有限公司,http:////www.11467.com/suzhou/co/315659.htm
山东新大地工贸有限公司,http:////www.11467.com/taian/co/53272.htm
山西赛诺威德科技有限公司,http:////www.11467.com/taiyuan/co/124582.htm
山西四方贸易有限公司,http:////www.11467.com/taiyuan/co/95918.htm
云海胶业（山西）有限公司,http:////www.11467.com/taiyuan/co/103396.htm
台州市路桥贺鑫隆橡塑五金厂,http:////www.11467.com/taizhou/co/14280.htm
台州市黄岩金雾工贸有限公司,http:////www.11467.com/taizhou/co/52301.htm
浙江省临海杰达粘胶剂有限公司,http:////www.11467.com/taizhou/co/101486.htm
姜堰市中意化工有限公司,http:////www.11467.com/taizhoushi/co/48529.htm
江苏梅兰化工股份有限公司,http:////www.11467.com/taizhoushi/co/33584.htm
靖江星杰电力设备制造有限公司,http:////www.11467.com/taizhoushi/co/49690.htm
杜森其（个体经营）,http:////www.11467.com/taizhoushi/co/33639.htm
江苏开元工贸有限公司,http:////www.11467.com/taizhoushi/co/31637.htm
唐山立威化工有限公司,http:////www.11467.com/tangshan/co/60814.htm
唐山市东窑安利化工厂,http:////www.11467.com/tangshan/co/9427.htm
效胜花椒产业有限公司,http:////www.11467.com/tianshui/co/16829.htm
通辽市通华蓖麻化工有限责任公司,http:////www.11467.com/tongliao/co/400.htm
临朐县冠邦胶业制品厂,http:////www.11467.com/weifang/co/117682.htm
山东省金帅防水材料有限公司,http:////www.11467.com/weifang/co/117562.htm
寿光市鸿达防水保温工程有限公司,http:////www.11467.com/weifang/co/119155.htm
华敏塑胶有限公司,http:////www.11467.com/weifang/co/90167.htm
（昌大国际）潍坊昌大化工有限公司,http:////www.11467.com/weifang/co/89924.htm
潍坊展旭金属制品有限公司,http:////www.11467.com/weifang/co/117684.htm
潍坊恒宇环保机械有限公司,http:////www.11467.com/weifang/co/117680.htm
潍坊市韦克特防水材料有限公司,http:////www.11467.com/weifang/co/119156.htm
潍坊万科润乾化工有限责任公司,http:////www.11467.com/weifang/co/90094.htm
临朐县莹泰密封材料厂,http:////www.11467.com/weifang/co/117681.htm
莱阳基石化工有限公司潍坊办事处,http:////www.11467.com/weifang/co/90141.htm
临朐富龙密封材料厂,http:////www.11467.com/weifang/co/118361.htm
临朐县腾业塑料制品厂,http:////www.11467.com/weifang/co/118360.htm
三轮车防水材料有限公司,http:////www.11467.com/weihai/co/34905.htm
恒强胶业有限公司,http:////www.11467.com/wenzhou/co/165580.htm
温州市瓯海娄桥建新塑料制品厂,http:////www.11467.com/wenzhou/co/165600.htm
温州市科伦贸易有限公司,http:////www.11467.com/wenzhou/co/97119.htm
浙江俊尔新材料有限公司营销部,http:////www.11467.com/wenzhou/co/165451.htm
浙江德力氟塑料贸易行,http:////www.11467.com/wenzhou/co/165327.htm
武汉市高创有机硅新材料有限公司销售部,http:////www.11467.com/wuhan/co/107676.htm
湖北武汉奥宣特聚氨酯发泡剂有限公司,http:////www.11467.com/wuhan/co/107679.htm
武汉金柏泉耐火保温材料有限公司,http:////www.11467.com/wuhan/co/143648.htm
武汉固牢达科技有限公司,http:////www.11467.com/wuhan/co/141950.htm
托比克装饰辅料经营部,http:////www.11467.com/wuhan/co/141951.htm
武汉右方科技有限公司,http:////www.11467.com/wuhan/co/64517.htm
武汉鑫恒隆科技有限责任公司,http:////www.11467.com/wuhan/co/57914.htm
安徽美之园节能科技有限公司,http:////www.11467.com/wuhu/co/32697.htm
新疆鸿利源科技有限公司,http:////www.11467.com/wulumuqi/co/88514.htm
新疆天业股份有限公司化工销售公司,http:////www.11467.com/wulumuqi/co/98060.htm
无锡绿建科技有限公司,http:////www.11467.com/wuxi/co/215216.htm
无锡连环建材科技发展有限公司,http:////www.11467.com/wuxi/co/245219.htm
无锡市格利亚机械制造有限公司,http:////www.11467.com/wuxi/co/246545.htm
无锡炜锐不锈钢电气成套销售公司,http:////www.11467.com/wuxi/co/244374.htm
无锡希望印刷包装有限公司,http:////www.11467.com/wuxi/co/208319.htm
无锡市阿尔兹化工有限公司,http:////www.11467.com/wuxi/co/56705.htm
王树全(个体经营),http:////www.11467.com/wuxi/co/208487.htm
无锡市万利涂料设备有限公司营业部,http:////www.11467.com/wuxi/co/208088.htm
三房巷集团兴业塑化有限公司,http:////www.11467.com/wuxi/co/208661.htm
无锡市盛安化工有限公司,http:////www.11467.com/wuxi/co/208424.htm
联合离型化学【树脂】有限公司,http:////www.11467.com/xiamen/co/76152.htm
深圳昌吉自动化有限公司厦门经营部,http:////www.11467.com/xiamen/co/76785.htm
厦门百爱科技有限公司,http:////www.11467.com/xiamen/co/12903.htm
厦门鑫冬盛贸易有限公司（销售部),http:////www.11467.com/xiamen/co/76328.htm
厦门天与石油化工有限公司,http:////www.11467.com/xiamen/co/76734.htm
钟钘（个体经营）,http:////www.11467.com/xiamen/co/76544.htm
东莞金涂化工有限公司,http:////www.11467.com/xiamen/co/75931.htm
厦门市鑫龙通有限公司,http:////www.11467.com/xiamen/co/76826.htm
终极有限公司,http:////www.11467.com/xiamen/co/76254.htm
厦门罗德艾博塑胶颜料有限公司,http:////www.11467.com/xiamen/co/76324.htm
西安富达实业贸易有限公司,http:////www.11467.com/xian/co/87398.htm
西安永宏胶粘化工厂,http:////www.11467.com/xian/co/87371.htm
西安中创复合材料有限公司,http:////www.11467.com/xian/co/87533.htm
西安斯温格特种加固装饰材料有限公司,http:////www.11467.com/xian/co/121929.htm
西安市华强新型建材厂,http:////www.11467.com/xian/co/121928.htm
天津百利宝商贸有限公司(驻河南办),http:////www.11467.com/zhengzhou/co/139901.htm
郑州华东净水材料有限公司,http:////www.11467.com/zhengzhou/co/139478.htm
胜兴化工制品厂,http:////www.11467.com/zhongshan/co/111820.htm
爱博。科林清洁用品有限公司,http:////www.11467.com/zhongshan/co/111591.htm
兴达化工应用材料有限公司,http:////www.11467.com/zhongshan/co/112131.htm
康源粘胶制品有限公司,http:////www.11467.com/zhongshan/co/111706.htm
荣信建材胶粘剂建材有限公司,http:////www.11467.com/zhongshan/co/147626.htm
永源纸箱保丽龙包装有限公司,http:////www.11467.com/zhongshan/co/99365.htm
永一胶粘（中山）有限公司-供应部,http:////www.11467.com/zhongshan/co/111802.htm
中山三联化工销售部,http:////www.11467.com/zhongshan/co/111841.htm
中山市粤马涂料有限公司,http:////www.11467.com/zhongshan/co/111915.htm
禹天科技有限公司,http:////www.11467.com/zhongshan/co/111993.htm
中山聚合电子材料有限公司业务二部,http:////www.11467.com/zhongshan/co/83461.htm
中山星牌马龙涂料有限公司销售部,http:////www.11467.com/zhongshan/co/112081.htm
中山市永成凌丰化工有限公司,http:////www.11467.com/zhongshan/co/111678.htm
中山市坦洲镇佳信有限公司,http:////www.11467.com/zhongshan/co/111882.htm
中山市俊三工业实业有限公司,http:////www.11467.com/zhongshan/co/122532.htm
珠海华盈硅制品有限公司(华盈),http:////www.11467.com/zhuhai/co/86461.htm
珠海澳圣聚合物材料有限公司,http:////www.11467.com/zhuhai/co/86248.htm
珠海钰奥玻璃钢型材技术有限公司,http:////www.11467.com/zhuhai/co/32529.htm
珠海嘉晟化工公司,http:////www.11467.com/zhuhai/co/86355.htm
湖南省株洲市腾飞硬质合金成型剂厂,http:////www.11467.com/zhuzhou/co/36562.htm
山东齐邦树脂有限公司 销售部,http:////www.11467.com/zibo/co/86238.htm
淄博市临淄中顺化工配件经营部,http:////www.11467.com/zibo/co/87372.htm
山东东大一诺威聚氨酯有限公司广州办事处,http:////www.11467.com/zibo/co/85204.htm
淄博东方工贸有限公司,http:////www.11467.com/zibo/co/86800.htm
淄博东晨绝缘材料有限公司,http:////www.11467.com/zibo/co/22003.htm
山东淄博鑫磊化工有限公司,http:////www.11467.com/zibo/co/87303.htm
淄博尚淼化工技术有限公司,http:////www.11467.com/zibo/co/99073.htm
临淄圣杰工贸有限公司,http:////www.11467.com/zibo/co/86407.htm
山东淄博玉墙建材腻子粉有限公司,http:////www.11467.com/zibo/co/98952.htm
淄博桥隆工贸有限公司,http:////www.11467.com/zibo/co/92973.htm
淄博光和聚氨酯公司,http:////www.11467.com/zibo/co/87761.htm
高氏科工贸有限公司,http:////www.11467.com/zibo/co/85348.htm
淄博华星助剂有限公司销售公司,http:////www.11467.com/zibo/co/85519.htm
淄博驰天国际贸易有限公司,http:////www.11467.com/zibo/co/86524.htm
淄博益利新材料有限公司,http:////www.11467.com/zibo/co/86326.htm
淄博化贸国际有限公司,http:////www.11467.com/zibo/co/86525.htm
淄博信富盟有限公司,http:////www.11467.com/zibo/co/71941.htm
淄博隆源化工有限公司,http:////www.11467.com/zibo/co/12329.htm
桓台县甲子化工厂,http:////www.11467.com/zibo/co/31626.htm
淄博旭业化工有限公司,http:////www.11467.com/zibo/co/86810.htm
山东淄博鲁诚耐火保温材料厂,http:////www.11467.com/zibo/co/99468.htm
山东帝化聚氨酯有限公司,http:////www.11467.com/zibo/co/98351.htm
山东东大聚合物股份有限公司销售公司,http:////www.11467.com/zibo/co/86587.htm
贵友液体色料研发中心,http:////www.11467.com/zibo/co/85895.htm
爱农建筑材料有限责任公司,http:////www.11467.com/beijing/co/698287.htm
北京京畿赛德聚氨酯技术有限公司。,http:////www.11467.com/beijing/co/224068.htm
北京贝尔佐纳技术有限公司(华澳中心),http:////www.11467.com/beijing/co/433867.htm
北京贝尔佐纳技术有限责任公司(华澳中心),http:////www.11467.com/beijing/co/433868.htm
上海莼源植物化学有限公司,http:////www.11467.com/shanghai/co/1036052.htm
山东滨州友泰化工有限公司,http:////www.11467.com/binzhou/co/41436.htm
安庆和兴化工有限公司,http:////www.11467.com/anqing/co/26832.htm
鞍山千集商贸公司,http:////www.11467.com/anshan/co/73909.htm
鞍山市天天环保科技研究所,http:////www.11467.com/anshan/co/73885.htm
金威化工有限责任公司,http:////www.11467.com/anyang/co/30302.htm
平果达华包装材料有限责任公司,http:////www.11467.com/baise/co/2412.htm
甘肃银光化学工业集团公司,http:////www.11467.com/baiyin/co/5069.htm
保定鑫永聚氨酯材料有限公司,http:////www.11467.com/baoding/co/62110.htm
蚌埠市瑞力有机硅有限公司,http:////www.11467.com/bengbu/co/29291.htm
天津市金业化工有限公司总部,http:////www.11467.com/tianjin/co/26752.htm
天下一家商贸有限公司,http:////www.11467.com/tianjin/co/140584.htm
天津渤海化工有限责任公司天津碱厂,http:////www.11467.com/tianjin/co/158835.htm
重庆道凯建筑材料有限公司,http:////www.11467.com/chongqing/co/204701.htm
重庆乐康制冷剂有限公司,http:////www.11467.com/chongqing/co/207341.htm
重庆凌丰化工有限公司,http:////www.11467.com/chongqing/co/207209.htm
海口优信防水加固工程有限公司,http:////www.11467.com/haikou/co/4526.htm
海南豪旭升实业有限公司,http:////www.11467.com/haikou/co/4691.htm
万华化学佛山容威聚氨酯有限公司,http:////www.11467.com/foshan/co/360291.htm
蒙阴天誉钙业有限公司,http:////www.11467.com/qiye/19115647.htm
厦门河成化工有限公司,http:////www.11467.com/xiamen/co/115434.htm
天津市汇金海化工有限公司,http:////www.11467.com/tianjin/co/303581.htm
天津斯德博科技发展有限公司,http:////www.11467.com/tianjin/co/303654.htm
天津市优聚科技有限公司,http:////www.11467.com/tianjin/co/303655.htm
天津征兆国际贸易有限公司,http:////www.11467.com/tianjin/co/305956.htm
天津润格助剂科技有限公司,http:////www.11467.com/tianjin/co/306203.htm
上海戴勒实业有限公司,http:////www.11467.com/shanghai/co/1109038.htm
天津企辰聚氨酯有限公司,http:////www.11467.com/tianjin/co/306920.htm
赖德（天津）进出口贸易有限公司,http:////www.11467.com/tianjin/co/306936.htm
宜昌桔丰实蝇诱剂销售有限公司,http:////www.11467.com/yichang/co/56676.htm
上海吉腾化工有限公司,http:////www.11467.com/shanghai/co/1120571.htm
山东旭日科技建筑节能有限公司,http:////www.11467.com/liaocheng/co/59131.htm
深圳市华能智研电子公司,http:////www.11467.com/shenzhen/co/820478.htm
上海蓝华聚氨脂制品有限公司,http:////www.11467.com/shnanhui/co/37482.htm
深圳市万盛达建筑材料有限公司,http:////www.11467.com/shenzhen/co/953552.htm
泰安云梵聚氨酯制品有限公司,http:////www.11467.com/taian/co/65160.htm
陕西海舵物流有限公司,http:////www.11467.com/xian/co/141209.htm
河北聚合物流有限公司,http:////www.11467.com/shijiazhuang/co/195526.htm
山东津兰特种聚合物有限公司,http:////www.11467.com/linyi/co/125045.htm
烟台欧邦胶黏剂有限公司,http:////www.11467.com/yantai/co/188634.htm
佛山市德克玛化工科技有限公司,http:////www.11467.com/foshan/co/424230.htm
佛山市优印网印科技有限公司,http:////www.11467.com/foshan/co/424267.htm
福建禾悦塑胶有限公司,http:////www.11467.com/quanzhou/co/169240.htm
枣庄丰森水处理技术有限公司,http:////www.11467.com/zaozhuang/co/56190.htm
威马科技发展有限公司,http:////www.11467.com/tianjin/co/262980.htm
深圳市栗成科技有限公司,http:////www.11467.com/shenzhen/co/1127756.htm
安庆巨元高分子材料科技有限公司,http:////www.11467.com/qiye/29341323.htm
安徽华美高分子材料科技有限公司,http:////www.11467.com/qiye/29434190.htm
安徽兴业高分子材料有限责任公司,http:////www.11467.com/qiye/29623715.htm
德州百特化工科技有限公司,http:////www.11467.com/qiye/93051575.htm
江苏宏达化工新材料股份有限公司东莞分公司,http:////www.11467.com/dongguan/co/376072.htm
嘉禾化工有限公司,http:////www.11467.com/dongguan/co/378000.htm
东莞市中塑塑胶原料有限公司,http:////www.11467.com/dongguan/co/378970.htm
美纳建筑防水材料有限公司,http:////www.11467.com/dongguan/co/376995.htm
精亮颜料色母有限公司,http:////www.11467.com/dongguan/co/375459.htm
靓彩颜料有限公司,http:////www.11467.com/dongguan/co/376903.htm
明华国际贸易公司,http:////www.11467.com/dongguan/co/375789.htm
柯彩塑胶颜料公司,http:////www.11467.com/dongguan/co/376750.htm
东莞台佳商贸有限公司,http:////www.11467.com/dongguan/co/375572.htm
广兴胶粘制品厂,http:////www.11467.com/dongguan/co/501088.htm
广州宏一超颜料科技有限公司,http:////www.11467.com/dongguan/co/410866.htm
上海元鑫贸易有限公司,http:////www.11467.com/dongguan/co/379040.htm
深圳市通用化工有限公司,http:////www.11467.com/dongguan/co/379528.htm
正东胶粘剂有限公司,http:////www.11467.com/dongguan/co/378924.htm
东莞市锋发实业有限公司,http:////www.11467.com/dongguan/co/375208.htm
东莞市锋塑塑胶颜料有限公司,http:////www.11467.com/dongguan/co/530833.htm
深圳市永安助焊有限公司,http:////www.11467.com/dongguan/co/375201.htm
台湾虹牌涂料（虹牌油漆）东莞代表处,http:////www.11467.com/dongguan/co/377549.htm
毅顺化工有限公司,http:////www.11467.com/dongguan/co/378667.htm
怡诺复合材料有限公司,http:////www.11467.com/dongguan/co/378354.htm
千泰塑胶原料有限公司,http:////www.11467.com/dongguan/co/510263.htm
仙諾化工有限公司,http:////www.11467.com/dongguan/co/378111.htm
香港瑞年行化工有限公司/东莞市迪克印材有限公司（售後服務處）,http:////www.11467.com/dongguan/co/375520.htm
誉诚塑胶TPU薄膜制品有限公司,http:////www.11467.com/dongguan/co/378755.htm
东莞市优特化工有限公司,http:////www.11467.com/dongguan/co/549057.htm
唯宇化工实业有限公司,http:////www.11467.com/dongguan/co/377245.htm
中国石化深圳市宏宇石油有限公司,http:////www.11467.com/dongguan/co/378855.htm
中山市中日化工有限公司,http:////www.11467.com/dongguan/co/379062.htm
中山市黄圃镇同科胶粘制品厂,http:////www.11467.com/dongguan/co/379451.htm
丰达化工（东莞）有限公司销售部,http:////www.11467.com/dongguan/co/377690.htm
山东东营顺通化工集团有限公司,http:////www.11467.com/dongying/co/31332.htm
胜利油田聚合物公司,http:////www.11467.com/dongying/co/31213.htm
东营市恒翔化工有限公司,http:////www.11467.com/dongying/co/42236.htm
山东省东营市成润化工有限责任公司,http:////www.11467.com/dongying/co/31462.htm
汉阳商贸公司,http:////www.11467.com/dongying/co/31289.htm
东营卓达石油科技有限公司,http:////www.11467.com/dongying/co/43578.htm
湖北海力化工科技有限公司 市场部,http:////www.11467.com/ezhou/co/12115.htm
湖北来斯化工新材料有限公司市场部,http:////www.11467.com/ezhou/co/12169.htm
寶川國際股份有限公司,http:////www.11467.com/foshan/co/282676.htm
白氏化工贸易公司(销售部),http:////www.11467.com/foshan/co/281405.htm
德信硅材料有限公司,http:////www.11467.com/foshan/co/282735.htm
东莞市星彩贸易有限公司,http:////www.11467.com/foshan/co/281431.htm
冬溢化工有限公司,http:////www.11467.com/foshan/co/283673.htm
佛山德利仕特种化工有限公司,http:////www.11467.com/foshan/co/283367.htm
佛山大浩科技有限公司,http:////www.11467.com/foshan/co/281573.htm
佛山市科德丽化工科技有限公司,http:////www.11467.com/foshan/co/338362.htm
佛山市力奥水性材料有限公司,http:////www.11467.com/foshan/co/340045.htm
佛山南海丹灶康有为化工有限公司,http:////www.11467.com/foshan/co/282600.htm
佛山市施安耐建材有限公司,http:////www.11467.com/foshan/co/343091.htm
佛山市高明大都化工有限公司,http:////www.11467.com/foshan/co/282756.htm
佛山市玻璃胶总汇有限公司,http:////www.11467.com/foshan/co/342307.htm
佛山市南海恒德粘胶厂,http:////www.11467.com/foshan/co/283275.htm
佛山市顺德区裕筌化工有限公司,http:////www.11467.com/foshan/co/283165.htm
佛山市南海区西樵显岗东升化工部,http:////www.11467.com/foshan/co/97607.htm
佛山市新盛日高分子材料制造有限公司,http:////www.11467.com/foshan/co/290907.htm
佛山市南海区迈特助剂厂销售部,http:////www.11467.com/foshan/co/281753.htm
佛山市顺德区荣标涂料有限公司,http:////www.11467.com/foshan/co/292892.htm
佛山市高明区悦达化工有限公司,http:////www.11467.com/foshan/co/281788.htm
佛山市南海区九江顺发兴海绵厂,http:////www.11467.com/foshan/co/284035.htm
佛山市顺德区科维化工有限公司,http:////www.11467.com/foshan/co/282446.htm
广东伟仕达粘胶有限公司业务部,http:////www.11467.com/foshan/co/281463.htm
天硕化工有限公司,http:////www.11467.com/foshan/co/282378.htm
展翔科技实业有限公司,http:////www.11467.com/foshan/co/281531.htm
億嘉(香港)有限公司,http:////www.11467.com/foshan/co/283578.htm
佛山市顺德区容桂泉欣家具配件厂,http:////www.11467.com/foshan/co/342151.htm
佛山市政轩化工有限公司,http:////www.11467.com/foshan/co/283732.htm
菊兰有机硅有限公司,http:////www.11467.com/foshan/co/344458.htm
普力塑料实业限公司,http:////www.11467.com/foshan/co/347942.htm
南海荣泰实业有限公司,http:////www.11467.com/foshan/co/282148.htm
中士纳米漆有限公司,http:////www.11467.com/foshan/co/283792.htm
顺德金冠涂料集团有限公司,http:////www.11467.com/foshan/co/283628.htm
顺德金一百实业有限公司,http:////www.11467.com/foshan/co/283723.htm
赛璐化工有限公司,http:////www.11467.com/foshan/co/283814.htm
渤海商品交易所联众创富抚顺营业部,http:////www.11467.com/fushun/co/30156.htm
辽宁抚顺市顺合化工产品有限公司,http:////www.11467.com/fushun/co/27240.htm
抚顺华顺盟商贸有限公司,http:////www.11467.com/fushun/co/26189.htm
辽宁省阜新市海州区化联化工厂,http:////www.11467.com/fuxin/co/16603.htm
康树建材(福建)科技有限公司,http:////www.11467.com/fuzhou/co/181605.htm
福州正邦化工贸易有限公司销售部,http:////www.11467.com/fuzhou/co/157841.htm
福州凯德钢结构防水工程有限公司,http:////www.11467.com/fuzhou/co/181480.htm
福州兴元才有限公司,http:////www.11467.com/fuzhou/co/180811.htm
抚州市协达商贸有限公司,http:////www.11467.com/fuzhoushi/co/16792.htm
赣州丰源泡沫塑料包装厂,http:////www.11467.com/ganzhou/co/29100.htm
北方化工广州分公司,http:////www.11467.com/guangzhou/co/397831.htm
奥迪雅国际发展有限公司,http:////www.11467.com/guangzhou/co/398823.htm
广东精益贸易有限公司,http:////www.11467.com/guangzhou/co/395680.htm
广州精业代理销售公司,http:////www.11467.com/guangzhou/co/399619.htm
广州联爱化工有限公司东莞分公司,http:////www.11467.com/guangzhou/co/397277.htm
广州叠成贸易有限公司,http:////www.11467.com/guangzhou/co/400000.htm
东莞宛隆电子材料有限公司,http:////www.11467.com/guangzhou/co/466996.htm
公利贸易（广州）有限公司,http:////www.11467.com/guangzhou/co/396807.htm
广州方骏贸易有限公司,http:////www.11467.com/guangzhou/co/395259.htm
广州奥丝路贸易咨询有限公司,http:////www.11467.com/guangzhou/co/396782.htm
高迪建材(广州)有限公司,http:////www.11467.com/guangzhou/co/397577.htm
北京东方雨虹防水技术有限公司广州分公司,http:////www.11467.com/guangzhou/co/396556.htm
广州荟科生物科技有限公司,http:////www.11467.com/guangzhou/co/396707.htm
广州迪骊商贸有限公司,http:////www.11467.com/guangzhou/co/396545.htm
广州博鑫材料有限公司,http:////www.11467.com/guangzhou/co/395780.htm
北京实达丰商贸有限公司广州分公司,http:////www.11467.com/guangzhou/co/396759.htm
博士得化工有限公司,http:////www.11467.com/guangzhou/co/394906.htm
广州君江贸易有限公司,http:////www.11467.com/guangzhou/co/398434.htm
广州民竣生物科技有限公司化工部,http:////www.11467.com/guangzhou/co/398785.htm
广州瑞宝化工涂料有限公司,http:////www.11467.com/guangzhou/co/396137.htm
广州广顶环保化工有限公司,http:////www.11467.com/guangzhou/co/320234.htm
广州市黄埔区容能粘胶剂店,http:////www.11467.com/guangzhou/co/400182.htm
广州帝森康体设备有限公司材料部,http:////www.11467.com/guangzhou/co/395353.htm
广州盛濤化工科技有限公司,http:////www.11467.com/guangzhou/co/398435.htm
佛山市南海嘉美化工厂一部,http:////www.11467.com/guangzhou/co/461285.htm
广州名宏通讯有限公司,http:////www.11467.com/guangzhou/co/478942.htm
广州民竣生物科技有限公司(化工部),http:////www.11467.com/guangzhou/co/399624.htm
广州欧普帝机电制造技术有限公司,http:////www.11467.com/guangzhou/co/395149.htm
广州名驰化工有限公司硅胶部,http:////www.11467.com/guangzhou/co/397001.htm
广州市科明化工科技有限公司,http:////www.11467.com/guangzhou/co/397588.htm
广州市千色塑料色母有限公司,http:////www.11467.com/guangzhou/co/396165.htm
广州市宏诺化工有限公司,http:////www.11467.com/guangzhou/co/406679.htm
广州旭翔贸易有限公司,http:////www.11467.com/guangzhou/co/396677.htm
广州希鹏计算机科技有限公司,http:////www.11467.com/guangzhou/co/394984.htm
惠州中海壳牌石油化工有限公司(商务部),http:////www.11467.com/guangzhou/co/395004.htm
广州市毅胜化工有限公司,http:////www.11467.com/guangzhou/co/395488.htm
美国双虹防水广州分公司,http:////www.11467.com/guangzhou/co/464343.htm
清远市穗精塑料制品有限公司 业务部,http:////www.11467.com/guangzhou/co/398255.htm
广州市炜途贸易有限公司营销部,http:////www.11467.com/guangzhou/co/397189.htm
廣州名川貿易有限公司,http:////www.11467.com/guangzhou/co/399873.htm
广州元源造纸化学品有限公司,http:////www.11467.com/guangzhou/co/399457.htm
广州正冠高分子材料有限公司,http:////www.11467.com/guangzhou/co/458137.htm
广州市自由能精细化工科技有限公司,http:////www.11467.com/guangzhou/co/466993.htm
中华制漆（深圳）有限公司广州办事处,http:////www.11467.com/guangzhou/co/395084.htm
苏纯（个体经营）,http:////www.11467.com/guangzhou/co/398446.htm
佳铂有限公司,http:////www.11467.com/guangzhou/co/482339.htm
梦云化工有限公司,http:////www.11467.com/guangzhou/co/397724.htm
广州市利凯化工有限公司,http:////www.11467.com/guangzhou/co/400152.htm
广州新丰化工贸易有限公司,http:////www.11467.com/guangzhou/co/398973.htm
广州新展有机硅有限公司杭州办事处,http:////www.11467.com/guangzhou/co/464345.htm
厦门市荣鑫行化工有限公司广州分公司,http:////www.11467.com/guangzhou/co/397713.htm
任丘市旭灿化工有限公司(广州办事处),http:////www.11467.com/guangzhou/co/396831.htm
中山市露施化工有限公司(广州销售处）,http:////www.11467.com/guangzhou/co/397293.htm
鲁班建筑集团防水事业部,http:////www.11467.com/guangzhou/co/464342.htm
茂名日化涂料有限公司花都总代理门市部,http:////www.11467.com/guangzhou/co/397787.htm
凯美斯化学有限公司,http:////www.11467.com/guangzhou/co/397237.htm
广州市建华塑料管道公司,http:////www.11467.com/guangzhou/co/395789.htm
广州市方宝贸易有限公司,http:////www.11467.com/guangzhou/co/395961.htm
上海和黄白猫有限公司西南区域店,http:////www.11467.com/guiyang/co/76330.htm
马谦（个体经营）,http:////www.11467.com/guiyang/co/76502.htm
黑龙江明坤经贸有限公司,http:////www.11467.com/haerbin/co/58524.htm
宏益海面制造有限公司,http:////www.11467.com/haerbin/co/58470.htm
塑料袋生产厂,http:////www.11467.com/haerbin/co/58590.htm
杭州奥圆工贸公司,http:////www.11467.com/hangzhou/co/294593.htm
广州原野实业有限公司(华东办),http:////www.11467.com/hangzhou/co/295684.htm
杭州康诚汽车附件有限公司,http:////www.11467.com/hangzhou/co/243161.htm
杭州精锐瓷釉有限公司,http:////www.11467.com/hangzhou/co/193145.htm
杭州兴达橡胶公司,http:////www.11467.com/hangzhou/co/295126.htm
临安海宝建材有限公司,http:////www.11467.com/hangzhou/co/372236.htm
杭州友谊包装材料有限公司（业务部）,http:////www.11467.com/hangzhou/co/247823.htm
杭州旭林塑化有限公司,http:////www.11467.com/hangzhou/co/132387.htm
临安王辉粒子厂,http:////www.11467.com/hangzhou/co/295671.htm
杭州天鸿运工贸有限公司销售部,http:////www.11467.com/hangzhou/co/295771.htm
建德市菲思达精细化工厂,http:////www.11467.com/hangzhou/co/295062.htm
夜明科技有限公司,http:////www.11467.com/hangzhou/co/295066.htm
杭州市天道实业有限公司,http:////www.11467.com/hangzhou/co/295663.htm
赫特国际集团有限公司杭州有限公司,http:////www.11467.com/hangzhou/co/295501.htm
浙江福达物资石化有限公司,http:////www.11467.com/hangzhou/co/295216.htm
杭州市精彩化工有限公司,http:////www.11467.com/hangzhou/co/295060.htm
安徽海丰精细化工厂,http:////www.11467.com/hefei/co/100446.htm
安徽大明化工有限公司,http:////www.11467.com/hefei/co/100434.htm
合肥振源化工有限公司,http:////www.11467.com/hefei/co/4365.htm
合肥小木虫实验室设备有限公司,http:////www.11467.com/hefei/co/137439.htm
合肥峰博科技发展有限公司,http:////www.11467.com/hefei/co/54356.htm
合肥真全橡塑制品有限公司,http:////www.11467.com/hefei/co/100611.htm
合肥常泰化轻有限责任公司,http:////www.11467.com/hefei/co/100281.htm
衡水红星工贸有限公司,http:////www.11467.com/hengshui/co/24439.htm
河北省衡水市博洋粘合剂厂,http:////www.11467.com/hengshui/co/24361.htm
饶阳宏基网业有限公司,http:////www.11467.com/hengshui/co/34050.htm
衡水精信塑料助剂有限公司国贸部,http:////www.11467.com/hengshui/co/24508.htm
吉天益电子有限公司,http:////www.11467.com/huizhou/co/97694.htm
吉美工贸易公司,http:////www.11467.com/huizhou/co/78973.htm
惠州市泰华涂料有限公司,http:////www.11467.com/huizhou/co/78889.htm
广东惠州惠祥塑胶制品有限公司,http:////www.11467.com/huizhou/co/78838.htm
深圳市湘马龙经贸有限公司惠州办事处,http:////www.11467.com/huizhou/co/78963.htm
中海壳牌石油化工有限公司,http:////www.11467.com/huizhou/co/6791.htm
湖州久益有机玻璃有限公司(总经理）,http:////www.11467.com/huzhou/co/53402.htm
湖州久益有机玻璃有限公司（业务部）,http:////www.11467.com/huzhou/co/53492.htm
湖州展望天明药业有限公司-KFB,http:////www.11467.com/huzhou/co/53451.htm
永新镒宏化工有限公司,http:////www.11467.com/jian/co/18391.htm
广东江门蓝天粘胶实业有限公司,http:////www.11467.com/jiangmen/co/115041.htm
托亚商贸有限公司,http:////www.11467.com/jiangmen/co/99785.htm
江门市汇雅海绵制品有限公司,http:////www.11467.com/jiangmen/co/88041.htm
焦作宏达化工公司,http:////www.11467.com/jiaozuo/co/22369.htm
焦作市爱尔福克化工有限公司,http:////www.11467.com/jiaozuo/co/10839.htm
嘉善東材木膠貿易有限公司,http:////www.11467.com/jiaxing/co/89967.htm
嘉兴信一贸易有限公司,http:////www.11467.com/jiaxing/co/90050.htm
浙江省嘉兴荣泰塑胶有限公司,http:////www.11467.com/jiaxing/co/90139.htm
赛诺斯实业有限公司,http:////www.11467.com/jilinshi/co/81096.htm
济南杰兴实业有限公司,http:////www.11467.com/jinan/co/105963.htm
济南固信密封材料有限公司,http:////www.11467.com/jinan/co/138120.htm
得福油漆有限公司,http:////www.11467.com/jinan/co/105780.htm
济南山大化工厂,http:////www.11467.com/jinan/co/138464.htm
山东大学南区化学工程与工艺研究所,http:////www.11467.com/jinan/co/106341.htm
金方聚氨酯材料有限公司,http:////www.11467.com/jinan/co/105848.htm
济南中能化工有限公司,http:////www.11467.com/jinan/co/134125.htm
济南天茂环氧树脂有限公司,http:////www.11467.com/jinan/co/138121.htm
山东梁山山鹰化工有限公司济南代理商,http:////www.11467.com/jinan/co/106531.htm
济南昌利精细化工有限公司,http:////www.11467.com/jinan/co/105545.htm
天隆建筑添加剂化工有限公司,http:////www.11467.com/jinan/co/106662.htm
泰畅化工有限公司,http:////www.11467.com/jinan/co/105709.htm
山东神州冠威国际贸易有限公司（开发部）,http:////www.11467.com/jinan/co/106502.htm
山东省华英达机电设备有限公司,http:////www.11467.com/jinan/co/139962.htm
山东鸿瑞石油化工有限公司市场部,http:////www.11467.com/jinan/co/106558.htm
济宁中煤工矿物资有限公司化工设备分公司,http:////www.11467.com/jining/co/73413.htm
天宇化工科技有限公司,http:////www.11467.com/jining/co/53553.htm
浙江佳华高分子材料有限公司,http:////www.11467.com/jining/co/53509.htm
济宁恒创工贸有限责任公司,http:////www.11467.com/jining/co/53395.htm
昆明路怡贸易有限公司,http:////www.11467.com/kunming/co/117584.htm
云南骏凯经贸有限公司,http:////www.11467.com/kunming/co/117809.htm
昆明通尔化工有限公司,http:////www.11467.com/kunming/co/117737.htm
河北省廊坊市黄甫化工厂,http:////www.11467.com/langfang/co/48279.htm
宏达保温有限公司,http:////www.11467.com/langfang/co/46300.htm
固安恒科信石油化工有限公司,http:////www.11467.com/langfang/co/37520.htm
河北文安长虹化工公司北京分厂,http:////www.11467.com/langfang/co/48776.htm
文安县宏腾纤维素有限公司,http:////www.11467.com/langfang/co/51174.htm
廊坊市伟信建筑胶业有限公司,http:////www.11467.com/langfang/co/47509.htm
廊坊市年信成化工有限公司,http:////www.11467.com/langfang/co/34372.htm
立高防水有限责任公司,http:////www.11467.com/langfang/co/48910.htm
兰州助剂厂,http:////www.11467.com/lanzhou/co/27006.htm
甘肃北化贸易公司,http:////www.11467.com/lanzhou/co/71283.htm
灌南县宏图植物胶厂,http:////www.11467.com/lianyungang/co/16825.htm
聊城新荣化工厂,http:////www.11467.com/liaocheng/co/35325.htm
聊城市鑫泰化工有限公司,http:////www.11467.com/liaocheng/co/35510.htm
山东阳谷金堤化工有限公司,http:////www.11467.com/liaocheng/co/30336.htm
辽阳市广益有限责任公司,http:////www.11467.com/liaoyang/co/15018.htm
安然固胶业,http:////www.11467.com/linyi/co/71358.htm
北京瑞建信尔科贸有限公司,http:////www.11467.com/linyi/co/71203.htm
临沂兴盛塑料色母有限公司,http:////www.11467.com/linyi/co/71779.htm
山东凯米化工股份有限公司,http:////www.11467.com/linyi/co/94697.htm
临沂市德诚商贸有限公司,http:////www.11467.com/linyi/co/48927.htm
临沂君诚塑料化工有限公司,http:////www.11467.com/linyi/co/71381.htm
临沂金正商贸有限公司,http:////www.11467.com/linyi/co/71427.htm
山东临沂久展化工有限公司,http:////www.11467.com/linyi/co/95045.htm
万国经贸有限公司,http:////www.11467.com/linyi/co/71751.htm
浙江永安化工有限公司,http:////www.11467.com/lishui/co/25775.htm
柳州市益盛化轻建材有限责任公司,http:////www.11467.com/liuzhou/co/39629.htm
南峰聚酯有限公司,http:////www.11467.com/luoyang/co/46075.htm
黎明化工研究院—聚氨酯发展公司,http:////www.11467.com/luoyang/co/51498.htm
洛阳米林通用助剂厂销售部,http:////www.11467.com/luoyang/co/51258.htm
茂名市丰产塑料厂,http:////www.11467.com/maoming/co/3886.htm
梅州市瓷亮防水材料厂家,http:////www.11467.com/meizhou/co/27765.htm
南昌化工有限公司,http:////www.11467.com/nanchang/co/97654.htm
南昌华美新型保温材料有限公司,http:////www.11467.com/nanchang/co/97504.htm
南昌盛佳捷高坽土贸易公司,http:////www.11467.com/nanchang/co/97671.htm
江苏鑫正祥贵金属有限责任制公司,http:////www.11467.com/nanjing/co/155847.htm
南京奥沃科技发展有限公司,http:////www.11467.com/nanjing/co/89395.htm
南京海域化工有限公司,http:////www.11467.com/nanjing/co/104996.htm
南京西部路桥工程材料有限公司,http:////www.11467.com/nanjing/co/105043.htm
南京立派化工有限责任公司,http:////www.11467.com/nanjing/co/104204.htm
南京天祥涂料有限公司,http:////www.11467.com/nanjing/co/104797.htm
南京强发净水剂厂,http:////www.11467.com/nanjing/co/42354.htm
南京东高科技股份有限公司聚氨酯部,http:////www.11467.com/nanjing/co/103698.htm
中国林业科学院南京林产化学工业研究所,http:////www.11467.com/nanjing/co/104870.htm
南京本源化工科技有限公司,http:////www.11467.com/nanjing/co/156173.htm
南京志学贸易有限公司业务部,http:////www.11467.com/nanjing/co/104211.htm
南京尊亮化工有限公司,http:////www.11467.com/nanjing/co/21212.htm
南京市六合区虎晓化工产品经营部,http:////www.11467.com/nanjing/co/15636.htm
南京万原科技实业有限公司,http:////www.11467.com/nanjing/co/105193.htm
南京裕鹏贸易有限公司,http:////www.11467.com/nanjing/co/104503.htm
苏州森凯塑胶有限公司销售部,http:////www.11467.com/nanjing/co/104631.htm
山东力扬工贸有限公司南京分公司,http:////www.11467.com/nanjing/co/105040.htm
午和(南京)塑业有限公司,http:////www.11467.com/nanjing/co/104905.htm
南京岳子化工有限公司,http:////www.11467.com/nanjing/co/104877.htm
菲律宾化工商行南宁公司,http:////www.11467.com/nanning/co/75258.htm
南宁市航锋化工有限责任公司,http:////www.11467.com/nanning/co/74930.htm
广西南宁约书亚商贸有限公司,http:////www.11467.com/nanning/co/75398.htm
广西南宁绿桂外墙涂料厂,http:////www.11467.com/nanning/co/86990.htm
南宁福莱斯科技开发有限公司生产部,http:////www.11467.com/nanning/co/75228.htm
江苏华硕贸易公司,http:////www.11467.com/nantong/co/111075.htm
四川康庄生物化工有限公司,http:////www.11467.com/neijiang/co/18304.htm
宁波保税区大荣国际贸易有限公司,http:////www.11467.com/ningbo/co/133628.htm
宁波小蓄贸易有限公司,http:////www.11467.com/ningbo/co/133915.htm
宁波市鄞州下应安特建材厂,http:////www.11467.com/ningbo/co/195887.htm
宁波博特聚合物新材料有限公司,http:////www.11467.com/ningbo/co/78618.htm
宁波江北如意电机配件厂,http:////www.11467.com/ningbo/co/133960.htm
鄞洲琼天涂料厂,http:////www.11467.com/ningbo/co/134223.htm
镇海石化工业贸易有限责任公司营销部,http:////www.11467.com/ningbo/co/133835.htm
宁波市江北海之纳贸易有限公司业务部门,http:////www.11467.com/ningbo/co/134401.htm
宁波市浩天工贸有限公司,http:////www.11467.com/ningbo/co/46522.htm
绍兴三强塑胶有限公司（宁波朗森特）,http:////www.11467.com/ningbo/co/134252.htm
龙华贸易有限公司产品部,http:////www.11467.com/ningde/co/24686.htm
宁德益辉建材有限公司,http:////www.11467.com/ningde/co/24678.htm
盘锦金塑化工有限公司,http:////www.11467.com/panjin/co/606.htm
萍乡市方正填料厂,http:////www.11467.com/pingxiang/co/12701.htm
江西新新材料有限公司,http:////www.11467.com/pingxiang/co/12743.htm
江西萍乡春蕾钻井助剂有限公司,http:////www.11467.com/pingxiang/co/12805.htm
濮阳市诚信钻采助剂有限公司,http:////www.11467.com/puyang/co/3609.htm
三江源化工（河南）有限公司,http:////www.11467.com/puyang/co/21037.htm
河南濮阳双鑫化工絮凝剂有限公司,http:////www.11467.com/puyang/co/21010.htm
濮阳银丰化工有限公司,http:////www.11467.com/puyang/co/24392.htm
濮阳市鲁鑫化工有限公司,http:////www.11467.com/puyang/co/25126.htm
奥塔防腐产品(青岛)有限公司,http:////www.11467.com/qingdao/co/115327.htm
青资源商贸有限公司,http:////www.11467.com/qingdao/co/116337.htm
山东索尔粘胶制品有限公司,http:////www.11467.com/qingdao/co/68364.htm
青岛恒煜凯商贸有限公司,http:////www.11467.com/qingdao/co/115545.htm
青岛江川工贸有限公司,http:////www.11467.com/qingdao/co/115863.htm
武汉昆联石化公司,http:////www.11467.com/wuhan/co/106959.htm
广州市斯洛柯化学有限公司武汉办事处,http:////www.11467.com/wuhan/co/106824.htm
武汉华东化工有限公司－广州办,http:////www.11467.com/wuhan/co/105963.htm
武汉华茂化工有限公司 销售,http:////www.11467.com/wuhan/co/107335.htm
乐斯尔涂料有限公司,http:////www.11467.com/wuhan/co/106039.htm
武汉国胶胶业有限公司,http:////www.11467.com/wuhan/co/106117.htm
武汉奥宣特节能材料有限公司,http:////www.11467.com/wuhan/co/106332.htm
紫荆花制漆(成都)有限公司武汉营业处,http:////www.11467.com/wuhan/co/107590.htm
武汉神马新材料有限公司,http:////www.11467.com/wuhan/co/106487.htm
武汉远纺新材料有限公司,http:////www.11467.com/wuhan/co/106568.htm
亚化科技武汉有限公司,http:////www.11467.com/wuhan/co/51731.htm
武汉铭顺科技有限公司,http:////www.11467.com/wuhan/co/146446.htm
武汉荣昌化工有限公司,http:////www.11467.com/wuhan/co/107073.htm
武汉兆隆表面技术有限公司,http:////www.11467.com/wuhan/co/106132.htm
江苏省无锡市鲁锡物资有限公司,http:////www.11467.com/wuxi/co/208582.htm
北京天山新材料技术有限公司销售部,http:////www.11467.com/wuxi/co/208212.htm
无锡市明烨保护膜有限公司,http:////www.11467.com/wuxi/co/247113.htm
上海标盈电子科技有限公司,http:////www.11467.com/wuxi/co/245220.htm
无锡市锡峰化工产品有限公司,http:////www.11467.com/wuxi/co/208377.htm
宜兴市蓝波化学品有限公司,http:////www.11467.com/wuxi/co/169249.htm
无锡市德威塑料制品有限公司,http:////www.11467.com/wuxi/co/208168.htm
无锡市亿泰化工有限公司新区分公司,http:////www.11467.com/wuxi/co/208671.htm
康本树脂科技有限公司,http:////www.11467.com/xiamen/co/75993.htm
美特杰邦涂料有限公司,http:////www.11467.com/xiamen/co/75987.htm
厦门市宏浩信工贸有限公司,http:////www.11467.com/xiamen/co/76360.htm
厦门德丰行塑胶科技有限公司,http:////www.11467.com/xiamen/co/75966.htm
上海尚瑞格塑胶（厦门）有限公司,http:////www.11467.com/xiamen/co/76479.htm
厦门市宏浩信工程塑料厂,http:////www.11467.com/xiamen/co/76110.htm
厦门市禾宏科技有限公司,http:////www.11467.com/xiamen/co/76296.htm
山东力扬工贸有限公司厦门分部,http:////www.11467.com/xiamen/co/76247.htm
厦门市镕灏化工有限公司,http:////www.11467.com/xiamen/co/76267.htm
厦门市沈荣建筑辅助材料经营部 (个体经营),http:////www.11467.com/xiamen/co/95410.htm
厦门协合欣电子电子有限公司,http:////www.11467.com/xiamen/co/76874.htm
亚邦集团厦门市通展复合材料有限公司,http:////www.11467.com/xiamen/co/96657.htm
厦门盛润水处理有限公司,http:////www.11467.com/xiamen/co/76088.htm
厦门闽奥贸易有限公司,http:////www.11467.com/xiamen/co/76281.htm
厦门欧陆金典艺术砂岩工艺厂,http:////www.11467.com/xiamen/co/94610.htm
厦门恒信通电子有限公司业务部,http:////www.11467.com/xiamen/co/76569.htm
厦门航空开发股份公司,http:////www.11467.com/xiamen/co/76353.htm
同喜轮胎商行,http:////www.11467.com/xian/co/86526.htm
西安双菱工业股份有限公司,http:////www.11467.com/xian/co/86504.htm
西安恒鼎工贸有限公司,http:////www.11467.com/xian/co/87316.htm
中国带压堵漏设备服务有限公司,http:////www.11467.com/xian/co/123628.htm
陕西省信威贸易有限公司,http:////www.11467.com/xian/co/87300.htm
襄樊明熙化工有限公司,http:////www.11467.com/xiangfan/co/39957.htm
襄樊市华炽化工有限公司,http:////www.11467.com/xiangfan/co/3013.htm
湖北佳记合成材料有限公司,http:////www.11467.com/xianning/co/14513.htm
邢台云涛化工有限公司聚氨酯加工厂,http:////www.11467.com/xintai/co/37914.htm
邢台光大塑料有限公司,http:////www.11467.com/xintai/co/3634.htm
新乡市长远化工有限公司,http:////www.11467.com/xinxiang/co/3265.htm
