深圳市富仕源橡塑制品厂,http:////www.11467.com/shenzhen/co/150593.htm
深圳市富仕源橡塑制品厂的商铺,http://shenzhen0150593.11467.com
绍兴县翔宇塑胶制品有限公司,http:////www.11467.com/shaoxing/co/79158.htm
绍兴县翔宇塑胶制品有限公司的商铺,http://shaoxing079158.11467.com
余姚市祎乐日用品厂,http:////www.11467.com/ningbo/co/92794.htm
余姚市祎乐日用品厂的商铺,http://ningbo092794.11467.com
金华市金腾橡塑化工科技有限公司,http:////www.11467.com/jinhua/co/75076.htm
金华市金腾橡塑化工科技有限公司的商铺,http://jinhua075076.11467.com
广州市海珠区广贰五金机电商行,http:////www.11467.com/guangzhou/co/432503.htm
广州市海珠区广贰五金机电商行的商铺,http://guangzhou0432503.11467.com
安徽金门工贸有限公司枞阳热熔胶厂,http:////www.11467.com/hefei/co/92373.htm
安徽金门工贸有限公司枞阳热熔胶厂的商铺,http://hefei092373.11467.com
惠州市百程精密工业有限公司,http:////www.11467.com/huizhou/co/44210.htm
惠州市百程精密工业有限公司的商铺,http://huizhou044210.11467.com
江门市江海区新意塑料制品厂,http:////www.11467.com/jiangmen/co/93524.htm
江门市江海区新意塑料制品厂的商铺,http://jiangmen093524.11467.com
江门市新会区伟业塑胶制刷厂,http:////www.11467.com/jiangmen/co/83121.htm
江门市新会区伟业塑胶制刷厂的商铺,http://jiangmen083121.11467.com
嘉兴市富兴塑业机械有限公司,http:////www.11467.com/jiaxing/co/65580.htm
嘉兴市富兴塑业机械有限公司的商铺,http://jiaxing065580.11467.com
嘉兴市杰森金属制品有限公司,http:////www.11467.com/jiaxing/co/80553.htm
嘉兴市杰森金属制品有限公司的商铺,http://jiaxing080553.11467.com
清远市清城区源潭镇华力塑胶饰品加工厂,http:////www.11467.com/qingyuan/co/22124.htm
清远市清城区源潭镇华力塑胶饰品加工厂的商铺,http://qingyuan022124.11467.com
泉州市丰泽百源塑料制品有限公司,http:////www.11467.com/quanzhou/co/98145.htm
泉州市丰泽百源塑料制品有限公司的商铺,http://quanzhou098145.11467.com
泉州市丰泽五福塑料包装用品厂,http:////www.11467.com/quanzhou/co/100849.htm
泉州市丰泽五福塑料包装用品厂的商铺,http://quanzhou0100849.11467.com
衢州市柯城双键塑料厂,http:////www.11467.com/quzhou/co/21279.htm
衢州市柯城双键塑料厂的商铺,http://quzhou021279.11467.com
汕头市金平区金园创嘉塑胶厂,http:////www.11467.com/shantou/co/123294.htm
汕头市金平区金园创嘉塑胶厂的商铺,http://shantou0123294.11467.com
南京汤峰注塑厂,http:////www.11467.com/nanjing/co/63.htm
南京汤峰注塑厂的商铺,http://nanjing063.11467.com
绍兴市鸿达服装辅料厂,http:////www.11467.com/shaoxing/co/49542.htm
绍兴市鸿达服装辅料厂的商铺,http://shaoxing049542.11467.com
沈阳鑫顺隆塑胶制品有限公司,http:////www.11467.com/shenyang/co/55100.htm
沈阳鑫顺隆塑胶制品有限公司的商铺,http://shenyang055100.11467.com
衢州市柯城辰光高分子材料厂,http:////www.11467.com/quzhou/co/1047.htm
衢州市柯城辰光高分子材料厂的商铺,http://quzhou01047.11467.com
江门市蓬江区联创塑料型材厂,http:////www.11467.com/jiangmen/co/88697.htm
江门市蓬江区联创塑料型材厂的商铺,http://jiangmen088697.11467.com
深圳市巨贤塑胶制品有限公司,http:////www.11467.com/shenzhen/co/278424.htm
深圳市巨贤塑胶制品有限公司的商铺,http://shenzhen0278424.11467.com
景县华宇橡塑化工铸造有限公司,http:////www.11467.com/hengshui/co/28703.htm
景县华宇橡塑化工铸造有限公司的商铺,http://hengshui028703.11467.com
湖州良辰塑业有限公司,http:////www.11467.com/huzhou/co/49940.htm
湖州良辰塑业有限公司的商铺,http://huzhou049940.11467.com
淮安市翔顺塑料制品厂,http:////www.11467.com/huaian/co/36207.htm
淮安市翔顺塑料制品厂的商铺,http://huaian036207.11467.com
杭州三正橡胶有限公司,http:////www.11467.com/jiaxing/co/135002.htm
杭州三正橡胶有限公司的商铺,http://jiaxing0135002.11467.com
广州市国良橡胶制品有限公司,http:////www.11467.com/guangzhou/co/406688.htm
广州市国良橡胶制品有限公司的商铺,http://guangzhou0406688.11467.com
广州市荔湾区捷丰五金塑料模具厂,http:////www.11467.com/guangzhou/co/276642.htm
广州市荔湾区捷丰五金塑料模具厂的商铺,http://guangzhou0276642.11467.com
广州市威明橡胶制品有限公司,http:////www.11467.com/guangzhou/co/488152.htm
广州市威明橡胶制品有限公司的商铺,http://guangzhou0488152.11467.com
嘉兴市裕鑫塑料五金有限公司,http:////www.11467.com/jiaxing/co/9522.htm
嘉兴市裕鑫塑料五金有限公司的商铺,http://jiaxing09522.11467.com
深圳市精雅诚工业设备有限公司,http:////www.11467.com/shenzhen/co/498585.htm
深圳市精雅诚工业设备有限公司的商铺,http://shenzhen0498585.11467.com
深圳市太阳雨展示制品有限公司,http:////www.11467.com/shenzhen/co/253398.htm
深圳市太阳雨展示制品有限公司的商铺,http://shenzhen0253398.11467.com
深圳市伟恒塑胶制品有限公司,http:////www.11467.com/shenzhen/co/224699.htm
深圳市伟恒塑胶制品有限公司的商铺,http://shenzhen0224699.11467.com
深圳市永晨五金塑胶制品有限公司,http:////www.11467.com/shenzhen/co/731139.htm
深圳市永晨五金塑胶制品有限公司的商铺,http://shenzhen0731139.11467.com
深圳市创煊工艺制品有限公司,http:////www.11467.com/shenzhen/co/792697.htm
深圳市创煊工艺制品有限公司的商铺,http://shenzhen0792697.11467.com
深圳市联通达塑料有限公司,http:////www.11467.com/shenzhen/co/144436.htm
深圳市联通达塑料有限公司的商铺,http://shenzhen0144436.11467.com
宁波市鄞州恒维塑胶有限公司,http:////www.11467.com/ningbo/co/136754.htm
宁波市鄞州恒维塑胶有限公司的商铺,http://ningbo0136754.11467.com
上虞市凯城号码机制造厂,http:////www.11467.com/shaoxing/co/119229.htm
上虞市凯城号码机制造厂的商铺,http://shaoxing0119229.11467.com
太仓市乐丰工贸有限公司,http:////www.11467.com/shaoxing/co/119745.htm
太仓市乐丰工贸有限公司的商铺,http://shaoxing0119745.11467.com
日照博通塑胶有限公司,http:////www.11467.com/rizhao/co/23490.htm
日照博通塑胶有限公司的商铺,http://rizhao023490.11467.com
阳谷县西湖镇新宇塑料制品厂,http:////www.11467.com/liaocheng/co/54588.htm
阳谷县西湖镇新宇塑料制品厂的商铺,http://liaocheng054588.11467.com
临沂万用塑料制品有限公司,http:////www.11467.com/linyi/co/73181.htm
临沂万用塑料制品有限公司的商铺,http://linyi073181.11467.com
临沂市鲁军耐特塑料有限公司,http:////www.11467.com/linyi/co/72755.htm
临沂市鲁军耐特塑料有限公司的商铺,http://linyi072755.11467.com
南昌市西湖区桃花春新渔具用品经营部,http:////www.11467.com/nanchang/co/113564.htm
南昌市西湖区桃花春新渔具用品经营部的商铺,http://nanchang0113564.11467.com
广州市天虹气模制品有限公司,http:////www.11467.com/guangzhou/co/131810.htm
广州市天虹气模制品有限公司的商铺,http://guangzhou0131810.11467.com
广州市白云区美星五金制品厂,http:////www.11467.com/guangzhou/co/455308.htm
广州市白云区美星五金制品厂的商铺,http://guangzhou0455308.11467.com
深圳市康泰五金塑胶有限公司,http:////www.11467.com/shenzhen/co/810361.htm
深圳市康泰五金塑胶有限公司的商铺,http://shenzhen0810361.11467.com
深圳市金捷成科技有限公司,http:////www.11467.com/shenzhen/co/427950.htm
深圳市金捷成科技有限公司的商铺,http://shenzhen0427950.11467.com
深圳市宝安区西乡精力塑胶制品厂,http:////www.11467.com/shenzhen/co/148145.htm
深圳市宝安区西乡精力塑胶制品厂的商铺,http://shenzhen0148145.11467.com
安平县森旺丝网制造有限公司,http:////www.11467.com/hengshui/co/34599.htm
上海顺硕塑料制品有限公司,http:////www.11467.com/shanghai/co/1260339.htm
上海顺硕塑料制品有限公司的商铺,http://shanghai01260339.11467.com
中山市京域五金塑料制品有限公司,http:////www.11467.com/zhongshan/co/72010.htm
中山市京域五金塑料制品有限公司的商铺,http://zhongshan072010.11467.com
武汉天龙中南橡胶有限公司,http:////www.11467.com/wuhan/co/75955.htm
武汉天龙中南橡胶有限公司的商铺,http://wuhan075955.11467.com
厦门尚记塑胶有限公司,http:////www.11467.com/xiamen/co/2111.htm
厦门尚记塑胶有限公司的商铺,http://xiamen02111.11467.com
北京富华塑业有限公司,http:////www.11467.com/beijing/co/212805.htm
北京富华塑业有限公司的商铺,http://beijing0212805.11467.com
天津捷瑞康工贸有限公司,http:////www.11467.com/tianjin/co/117081.htm
天津捷瑞康工贸有限公司的商铺,http://tianjin0117081.11467.com
厦门远城硅橡胶制品有限公司,http:////www.11467.com/xiamen/co/2176.htm
厦门远城硅橡胶制品有限公司的商铺,http://xiamen02176.11467.com
河北汇特塑业有限公司,http:////www.11467.com/shijiazhuang/co/84030.htm
河北汇特塑业有限公司的商铺,http://shijiazhuang084030.11467.com
新疆瑞德祥商贸有限公司,http:////www.11467.com/wulumuqi/co/90786.htm
新疆瑞德祥商贸有限公司的商铺,http://wulumuqi090786.11467.com
镇江市天瑞机电设备有限公司,http:////www.11467.com/zhenjiang/co/40425.htm
镇江市天瑞机电设备有限公司的商铺,http://zhenjiang040425.11467.com
青鸟科盛达塑料机械有限公司,http:////www.11467.com/qingdao/co/188558.htm
青鸟科盛达塑料机械有限公司的商铺,http://qingdao0188558.11467.com
陕西杰通工贸有限公司,http:////www.11467.com/xian/co/62540.htm
陕西杰通工贸有限公司的商铺,http://xian062540.11467.com
无锡市锦远塑料厂,http:////www.11467.com/wuxi/co/193127.htm
无锡市锦远塑料厂的商铺,http://wuxi0193127.11467.com
佛山市南海专高模具有限公司,http:////www.11467.com/foshan/co/424228.htm
佛山市南海专高模具有限公司的商铺,http://foshan0424228.11467.com
济宁市华奕工贸有限公司营销部,http:////www.11467.com/jining/co/104977.htm
济宁市华奕工贸有限公司营销部的商铺,http://jining0104977.11467.com
成都市友顺塑料包装厂,http:////www.11467.com/chengdu/co/282984.htm
成都市友顺塑料包装厂的商铺,http://chengdu0282984.11467.com
平乡县塑腾塑料制品厂,http:////www.11467.com/xintai/co/82888.htm
平乡县塑腾塑料制品厂的商铺,http://xintai082888.11467.com
常州尚泰海绵有限公司,http:////www.11467.com/changzhou/co/165604.htm
常州尚泰海绵有限公司的商铺,http://changzhou0165604.11467.com
诸城天仕利塑业有限公司,http:////www.11467.com/weifang/co/157075.htm
诸城天仕利塑业有限公司的商铺,http://weifang0157075.11467.com
洛阳卓航塑胶厂,http:////www.11467.com/luoyang/co/74636.htm
洛阳卓航塑胶厂的商铺,http://luoyang074636.11467.com
东莞市常平酷炫吸塑厂,http:////www.11467.com/dongguan/co/617181.htm
东莞市常平酷炫吸塑厂的商铺,http://dongguan0617181.11467.com
鼎沣晟化工科技有限公司,http:////www.11467.com/guangzhou/co/506862.htm
鼎沣晟化工科技有限公司的商铺,http://guangzhou0506862.11467.com
浙江东丽塑料有限公司贸易部,http:////www.11467.com/wenzhou/co/238629.htm
浙江东丽塑料有限公司贸易部的商铺,http://wenzhou0238629.11467.com
深圳市臻创矽橡胶科技有限公司,http:////www.11467.com/shenzhen/co/983984.htm
深圳市臻创矽橡胶科技有限公司的商铺,http://shenzhen0983984.11467.com
常州隆飞塑业有限公司,http:////www.11467.com/changzhou/co/155942.htm
常州隆飞塑业有限公司的商铺,http://changzhou0155942.11467.com
无锡飞宏精密模塑有限公司,http:////www.11467.com/wuxi/co/201193.htm
无锡飞宏精密模塑有限公司的商铺,http://wuxi0201193.11467.com
鑫久同材料包装有限公司,http:////www.11467.com/shenzhen/co/814707.htm
鑫久同材料包装有限公司的商铺,http://shenzhen0814707.11467.com
安平县渌顺丝网制品有限公司,http:////www.11467.com/hengshui/co/72699.htm
安平县渌顺丝网制品有限公司的商铺,http://hengshui072699.11467.com
深圳鼎利兴有机玻璃加工厂,http:////www.11467.com/shenzhen/co/1102234.htm
深圳鼎利兴有机玻璃加工厂的商铺,http://shenzhen01102234.11467.com
东莞市欧尚新电子材料有限公司,http:////www.11467.com/dongguan/co/615494.htm
东莞市欧尚新电子材料有限公司的商铺,http://dongguan0615494.11467.com
北京世宇冷链科技有限公司,http:////www.11467.com/beijing/co/762113.htm
北京世宇冷链科技有限公司的商铺,http://beijing0762113.11467.com
衡水市昊通工程橡胶有限公司,http:////www.11467.com/hengshui/co/66824.htm
衡水市昊通工程橡胶有限公司的商铺,http://hengshui066824.11467.com
聊城鸿运塑料包装有限公司,http:////www.11467.com/liaocheng/co/74499.htm
聊城鸿运塑料包装有限公司的商铺,http://liaocheng074499.11467.com
广州番禺盛达绝缘材料厂,http:////www.11467.com/guangzhou/co/533828.htm
广州番禺盛达绝缘材料厂的商铺,http://guangzhou0533828.11467.com
中山茂凯工业有限公司,http:////www.11467.com/zhongshan/co/99608.htm
中山茂凯工业有限公司的商铺,http://zhongshan099608.11467.com
中山市小可铝制品有限公司,http:////www.11467.com/zhongshan/co/134424.htm
中山市小可铝制品有限公司的商铺,http://zhongshan0134424.11467.com
广陵区石金机械经营部,http:////www.11467.com/yangzhou/co/109135.htm
广陵区石金机械经营部的商铺,http://yangzhou0109135.11467.com
苏州美嘉达塑胶有限公司,http:////www.11467.com/suzhou/co/243248.htm
苏州美嘉达塑胶有限公司的商铺,http://suzhou0243248.11467.com
泰安市格瑞土工材料有限公司,http:////www.11467.com/taian/co/41539.htm
泰安市格瑞土工材料有限公司的商铺,http://taian041539.11467.com
中山市业升塑料五金制品有限公司,http:////www.11467.com/zhongshan/co/152856.htm
中山市业升塑料五金制品有限公司的商铺,http://zhongshan0152856.11467.com
淄博市临淄宽力塑料制品厂,http:////www.11467.com/zibo/co/20221.htm
淄博市临淄宽力塑料制品厂的商铺,http://zibo020221.11467.com
济南青峻包装制品有限公司,http:////www.11467.com/jinan/co/153590.htm
济南青峻包装制品有限公司的商铺,http://jinan0153590.11467.com
淄博鸿烨上勤塑胶有限公司,http:////www.11467.com/zibo/co/117769.htm
淄博鸿烨上勤塑胶有限公司的商铺,http://zibo0117769.11467.com
广州华州吸塑制品有限公司,http:////www.11467.com/guangzhou/co/697016.htm
广州华州吸塑制品有限公司的商铺,http://guangzhou0697016.11467.com
苏州毅豪兴精密模具有限公司,http:////www.11467.com/suzhou/co/400919.htm
苏州毅豪兴精密模具有限公司的商铺,http://suzhou0400919.11467.com
上海川塑高分子材料有限公司,http:////www.11467.com/shanghai/co/1161309.htm
上海川塑高分子材料有限公司的商铺,http://shanghai01161309.11467.com
河北新好家塑钢橱柜板材公司,http:////www.11467.com/baoding/co/99183.htm
河北新好家塑钢橱柜板材公司的商铺,http://baoding099183.11467.com
深圳市华成鑫塑胶模具有限公司,http:////www.11467.com/shenzhen/co/865306.htm
深圳市华成鑫塑胶模具有限公司的商铺,http://shenzhen0865306.11467.com
泰安星辉塑料有限公司,http:////www.11467.com/taian/co/51251.htm
泰安星辉塑料有限公司的商铺,http://taian051251.11467.com
昆山鑫盛塑料工业有限公司,http:////www.11467.com/suzhou/co/319714.htm
昆山鑫盛塑料工业有限公司的商铺,http://suzhou0319714.11467.com
贵阳南明富强工程塑料厂,http:////www.11467.com/guiyang/co/18094.htm
哈尔滨天晨塑料包装制品有限公司,http:////www.11467.com/haerbin/co/71533.htm
杭州富阳市宏泰管业有限公司,http:////www.11467.com/hangzhou/co/100398.htm
杭州方盛塑料制品有限公司,http:////www.11467.com/hangzhou/co/298021.htm
合肥吉比斯橡塑五金科技有限公司,http:////www.11467.com/hefei/co/138169.htm
长兴盛世达塑胶有限公司,http:////www.11467.com/huzhou/co/67253.htm
浙江中义家具有限公司,http:////www.11467.com/huzhou/co/67387.htm
嘉兴市申豪塑胶有限公司,http:////www.11467.com/jiaxing/co/82470.htm
平湖市永兴塑料五金厂,http:////www.11467.com/jiaxing/co/35693.htm
广东永汇塑胶实业有限公司,http:////www.11467.com/jieyang/co/31323.htm
廊坊市柏莹包装制品有限公司,http:////www.11467.com/langfang/co/47590.htm
山东莘县莘冠塑料制品有限公司,http:////www.11467.com/liaocheng/co/51016.htm
南京琛晨塑料包装有限公司,http:////www.11467.com/nanjing/co/66560.htm
宁波大收塑料制品有限公司,http:////www.11467.com/ningbo/co/119371.htm
慈溪市实发塑业有限公司,http:////www.11467.com/ningbo/co/193578.htm
宁波市鄞州前进实业公司,http:////www.11467.com/ningbo/co/137246.htm
青岛世林新海绵有限公司,http:////www.11467.com/qingdao/co/118352.htm
青岛宏泰盛橡胶制品有限公司,http:////www.11467.com/qingdao/co/9706.htm
泉州精达皮塑五金工艺有限公司,http:////www.11467.com/quanzhou/co/5261.htm
泉州金山扣具有限公司,http:////www.11467.com/quanzhou/co/112013.htm
绍兴市兴成塑料制品厂,http:////www.11467.com/shaoxing/co/119452.htm
慈溪曙光塑料厂深圳办事处,http:////www.11467.com/shenzhen/co/695343.htm
深圳市宝安区盛达宏业塑胶厂,http:////www.11467.com/shenzhen/co/578443.htm
深圳市华林环保橡塑制品有限公司（业务部）,http:////www.11467.com/shenzhen/co/699611.htm
十堰跨宇贸易有限公司,http:////www.11467.com/shiyan/co/23616.htm
苏州迅盛塑胶电器有限公司,http:////www.11467.com/suzhou/co/319491.htm
乐清市横江工具厂,http:////www.11467.com/wenzhou/co/224921.htm
中山霖扬塑料有限公司,http:////www.11467.com/zhongshan/co/26809.htm
上海乔治费歇尔亚大塑料管件制品有限公司,http:////www.11467.com/shanghai/co/810178.htm
深圳市奥杰尼硅胶科技有限公司,http:////www.11467.com/shenzhen/co/815497.htm
上海群鹿塑胶制品有限公司,http:////www.11467.com/shanghai/co/1198379.htm
昆山桂缘电子有限公司,http:////www.11467.com/suzhou/co/357329.htm
汤阴县三有工程橡塑制品有限公司,http:////www.11467.com/anyang/co/10523.htm
雄县海燕无纺布制袋厂,http:////www.11467.com/baoding/co/82088.htm
常州市小河镇日昕橡塑制品有限公司,http:////www.11467.com/changzhou/co/123995.htm
东莞市鸿来工程塑料有限公司,http:////www.11467.com/chenzhou/co/20864.htm
东莞市腾丰塑料制造有限公司,http:////www.11467.com/dongguan/co/86266.htm
东莞市华亮塑料科技有限公司,http:////www.11467.com/dongguan/co/491091.htm
东莞市言胜塑胶电子有限公司,http:////www.11467.com/dongguan/co/411744.htm
雁田祥丰塑胶五金制品厂,http:////www.11467.com/dongguan/co/394456.htm
东莞大同塑料制品有限公司,http:////www.11467.com/dongguan/co/22125.htm
东莞雅域实业有限公司（注塑部）,http:////www.11467.com/dongguan/co/393604.htm
广东东莞锦绣塑胶机械有限公司,http:////www.11467.com/dongguan/co/397336.htm
佛山市顺德区杏坛镇逢业塑料五金精品厂,http:////www.11467.com/foshan/co/288312.htm
佛山市盛鹏塑料制品有限公司,http:////www.11467.com/foshan/co/291070.htm
佛山市亚联装饰材料厂,http:////www.11467.com/foshan/co/290856.htm
佛山市南海区金沙东联启骏五金塑料厂,http:////www.11467.com/foshan/co/250643.htm
广州市蔼洋塑料工业有限公司,http:////www.11467.com/guangzhou/co/126392.htm
广州南良橡胶制品有限公司,http:////www.11467.com/guangzhou/co/404530.htm
广州兴杭塑胶制品有限公司,http:////www.11467.com/guangzhou/co/429040.htm
山东临朐丰顺塑胶厂,http:////www.11467.com/weifang/co/93248.htm
宁波市鄞州塑料六厂,http:////www.11467.com/ningbo/co/144327.htm
江门景隆橡塑有限公司,http:////www.11467.com/jiangmen/co/86670.htm
东莞市塘厦同瑞塑胶制品厂,http:////www.11467.com/dongguan/co/488154.htm
深圳市优兴塑胶制品有限公司,http:////www.11467.com/shenzhen/co/759735.htm
恩科塑胶制品有限公司,http:////www.11467.com/guangzhou/co/457015.htm
牡丹江市西安区荣盛塑料制品厂,http:////www.11467.com/mudanjiang/co/51422.htm
烟台时利和吸塑包装厂,http:////www.11467.com/yantai/co/156616.htm
东莞市奥普实业投资有限公司,http:////www.11467.com/dongguan/co/555632.htm
厦门仕搏橡塑科技有限公司,http:////www.11467.com/xiamen/co/103404.htm
济南天桥区顺发塑料制品厂,http:////www.11467.com/jining/co/84300.htm
保定振安塑料模盒制品厂,http:////www.11467.com/baoding/co/91148.htm
安徽省光明塑业有限公司,http:////www.11467.com/anqing/co/27012.htm
桐城市华王塑料制品厂,http:////www.11467.com/anqing/co/35720.htm
安徽金新塑业有限公司,http:////www.11467.com/anqing/co/35848.htm
桐城市龙松包装有限公司,http:////www.11467.com/anqing/co/35824.htm
安徽林创包装厂,http:////www.11467.com/anqing/co/35958.htm
安阳市恒盛泡沫制品有限公司,http:////www.11467.com/anyang/co/36387.htm
德昌塑料制品厂,http:////www.11467.com/baise/co/11957.htm
北京喜洋洋包装材料有限公司,http:////www.11467.com/baoding/co/81286.htm
雄县华奥无纺布加工厂,http:////www.11467.com/baoding/co/81145.htm
任丘市好兄弟体育器材配件有限公司,http:////www.11467.com/cangzhou/co/46353.htm
沧州市精美注塑有限公司,http:////www.11467.com/cangzhou/co/44940.htm
沧州市东海公司,http:////www.11467.com/cangzhou/co/44877.htm
青县兴隆电子塑料制品厂,http:////www.11467.com/cangzhou/co/8739.htm
深圳市佳富达包装制品有限公司,http:////www.11467.com/shenzhen/co/789570.htm
深圳市君逸彩工艺品有限公司,http:////www.11467.com/shenzhen/co/235322.htm
深圳市聚亿胶袋有限公司,http:////www.11467.com/shenzhen/co/40513.htm
深圳市伟创兴塑胶制品厂,http:////www.11467.com/shenzhen/co/203368.htm
石家庄远大实业有限公司,http:////www.11467.com/shijiazhuang/co/103653.htm
苏州汉丰新材料股份有限公司,http:////www.11467.com/suzhou/co/317047.htm
苏州聚益塑料制品有限公司,http:////www.11467.com/suzhou/co/274337.htm
苏州市金威塑胶制品厂,http:////www.11467.com/suzhou/co/248495.htm
吴江市苏沪软管包装有限公司,http:////www.11467.com/suzhou/co/319713.htm
苏州鑫艺门窗有限公司,http:////www.11467.com/suzhou/co/263722.htm
台州黄岩鸿来塑料制品厂,http:////www.11467.com/taizhou/co/139366.htm
台州市路桥健达塑料厂,http:////www.11467.com/taizhou/co/102365.htm
潍坊中石科技有限公司,http:////www.11467.com/weifang/co/83481.htm
寿光市东海塑料包装有限公司,http:////www.11467.com/weifang/co/118085.htm
温州市通联橡塑管件有限公司,http:////www.11467.com/wenzhou/co/166997.htm
芜湖蓝博塑胶有限公司,http:////www.11467.com/wuhu/co/2855.htm
无锡第二塑料厂有限公司,http:////www.11467.com/wuxi/co/185512.htm
江苏立华塑料制品有限公司,http:////www.11467.com/xuzhou/co/81455.htm
营口华隆塑料制品有限公司,http:////www.11467.com/yingkou/co/42374.htm
淄博博瑞塑胶制品有限公司,http:////www.11467.com/zibo/co/39606.htm
北京市朝阳区麦子店福利塑料制品厂,http:////www.11467.com/beijing/co/46329.htm
上海菱达斯橡胶扶手有限公司,http:////www.11467.com/shanghai/co/535022.htm
上海斯瑞聚合体科技有限公司,http:////www.11467.com/shanghai/co/746422.htm
上海统笙塑胶制品有限公司,http:////www.11467.com/shanghai/co/896249.htm
天津华涛汽车塑料饰件有限公司,http:////www.11467.com/tianjin/co/18840.htm
河北省沧州市运西树洪搪塑销售处,http:////www.11467.com/cangzhou/co/44873.htm
长春星达热缩科技有限公司,http:////www.11467.com/changchun/co/81049.htm
常州纳威尔塑业有限公司,http:////www.11467.com/changzhou/co/115626.htm
常州市春源园艺用品厂,http:////www.11467.com/changzhou/co/135956.htm
常州鼎尚电器配件有限公司,http:////www.11467.com/changzhou/co/146183.htm
常州东木橡塑制品有限公司,http:////www.11467.com/changzhou/co/76518.htm
常州市环圆塑料制品厂,http:////www.11467.com/changzhou/co/29251.htm
常州市四叶草塑料有限公司,http:////www.11467.com/changzhou/co/124073.htm
常州市炜发塑业有限公司,http:////www.11467.com/changzhou/co/124062.htm
常州市冯一塑料厂,http:////www.11467.com/changzhou/co/150703.htm
常州裕禾橡塑有限公司,http:////www.11467.com/changzhou/co/123607.htm
常州市盛浩电器有限公司,http:////www.11467.com/changzhou/co/123488.htm
常州新天地塑料公司,http:////www.11467.com/changzhou/co/124091.htm
许晓境(个体经营),http:////www.11467.com/changzhou/co/124318.htm
苏州欧创塑胶材料有限公司(业务部),http:////www.11467.com/changzhou/co/123660.htm
余阳（个体经营）,http:////www.11467.com/chaozhou/co/31435.htm
永金反光杯厂,http:////www.11467.com/chaozhou/co/31456.htm
成都市新都区嘉瑞新材料厂,http:////www.11467.com/chengdu/co/134316.htm
四川省新都三益翻胎有限公司销售部,http:////www.11467.com/chengdu/co/134105.htm
大连洋鑫塑料制品有限公司制造部,http:////www.11467.com/dalian/co/62360.htm
天津新辉润滑油有限公司大连办事处,http:////www.11467.com/dalian/co/62339.htm
丰疆商贸有限公司,http:////www.11467.com/dandong/co/48304.htm
百盈防静电制品厂,http:////www.11467.com/dongguan/co/388588.htm
创杨塑胶制品厂,http:////www.11467.com/dongguan/co/385537.htm
东莞和达365塑胶制品有限公司,http:////www.11467.com/dongguan/co/387033.htm
东莞柏盛塑胶制品厂,http:////www.11467.com/dongguan/co/387699.htm
东莞佳信橡塑有限公司,http:////www.11467.com/dongguan/co/388436.htm
东莞市高瞻海绵制品有限公司,http:////www.11467.com/dongguan/co/73778.htm
东莞常平桥沥利昌塑胶厂,http:////www.11467.com/dongguan/co/19344.htm
东莞市奥迪利塑胶原料有限公司,http:////www.11467.com/dongguan/co/156722.htm
东莞欧艾姆化工有限公司,http:////www.11467.com/dongguan/co/16600.htm
东莞杰宏硅橡胶有限公司（业务部0,http:////www.11467.com/dongguan/co/395686.htm
东莞虎门亚典塑胶模具制品厂,http:////www.11467.com/dongguan/co/110618.htm
东莞建设扣具(泉州)有限公司,http:////www.11467.com/dongguan/co/387133.htm
东莞亨路达手袋材料厂,http:////www.11467.com/dongguan/co/191494.htm
东莞戴尔电子厂,http:////www.11467.com/dongguan/co/387981.htm
东莞市茶山合利五金加工部,http:////www.11467.com/dongguan/co/387036.htm
东莞富森五金制品有限公司,http:////www.11467.com/dongguan/co/20892.htm
东莞市长安弘瑛塑胶五金经营部,http:////www.11467.com/dongguan/co/389471.htm
东莞市道滘欣华塑胶板材店,http:////www.11467.com/dongguan/co/387530.htm
东莞市达隆饰品厂,http:////www.11467.com/dongguan/co/392441.htm
东莞市凤岗一冠手袋加工厂,http:////www.11467.com/dongguan/co/486802.htm
东莞市常平镇长河橡塑制品厂,http:////www.11467.com/dongguan/co/386197.htm
保利盛塑料（东莞）有限公司,http:////www.11467.com/dongguan/co/116791.htm
东莞市浩荣塑胶制品厂,http:////www.11467.com/dongguan/co/388699.htm
东莞市恒彩塑胶颜料有限公司(业务部),http:////www.11467.com/dongguan/co/392013.htm
东莞市合昌机电有限公司销售部,http:////www.11467.com/dongguan/co/394310.htm
东莞市清溪奥创化工产品经营部,http:////www.11467.com/dongguan/co/378341.htm
东莞市合兴橡胶制品厂,http:////www.11467.com/dongguan/co/387574.htm
东莞市嘉乐颖实业有限公司,http:////www.11467.com/dongguan/co/154058.htm
东莞市凯盛泡棉制品厂,http:////www.11467.com/dongguan/co/390447.htm
东莞市麻涌建诚橡塑制品经营部,http:////www.11467.com/dongguan/co/396698.htm
东莞市寮步红鑫橡塑制品厂,http:////www.11467.com/dongguan/co/240928.htm
东莞市升辉鞋材有限公司,http:////www.11467.com/dongguan/co/392916.htm
东莞市升辉鞋材有限公司,http:////www.11467.com/dongguan/co/392917.htm
东莞市长安永丰五金塑胶厂,http:////www.11467.com/dongguan/co/390916.htm
东莞市虎门金誉五金塑胶制品厂,http:////www.11467.com/dongguan/co/534363.htm
东莞市石龙星辉五金加工店,http:////www.11467.com/dongguan/co/428393.htm
东莞市益扬高分子材料有限公司,http:////www.11467.com/dongguan/co/410909.htm
东莞市塘厦展丰塑胶制品经营部,http:////www.11467.com/dongguan/co/386478.htm
东莞市清溪品致五金工艺制品厂,http:////www.11467.com/dongguan/co/195013.htm
东莞市如江包装制品有限公司,http:////www.11467.com/dongguan/co/478108.htm
东莞市石排联峰工模部,http:////www.11467.com/dongguan/co/83681.htm
东莞市兴昌五金塑胶制品厂,http:////www.11467.com/dongguan/co/397359.htm
东莞市双羽塑料制品有限公司,http:////www.11467.com/dongguan/co/385612.htm
佛山市禅城区旭圣塑胶制品厂,http:////www.11467.com/dongguan/co/199977.htm
东莞市虎门粤冠辉五金加工店,http:////www.11467.com/dongguan/co/397059.htm
东莞双立塑业有限公司（销售部）,http:////www.11467.com/dongguan/co/395777.htm
东莞市虎门站源塑胶模具加工厂,http:////www.11467.com/dongguan/co/395901.htm
东莞腾达塑胶玩具厂,http:////www.11467.com/dongguan/co/393308.htm
惠丰塑胶厂,http:////www.11467.com/dongguan/co/386768.htm
吉郅塑胶电子制品厂,http:////www.11467.com/dongguan/co/393261.htm
汇源胶类制品厂业务部,http:////www.11467.com/dongguan/co/390401.htm
东莞市大岭山苏辉塑胶五金制品厂,http:////www.11467.com/dongguan/co/460706.htm
东莞市谢岗信展塑胶机械加工厂,http:////www.11467.com/dongguan/co/394809.htm
东莞贤林橡塑制品有限公司-市场部,http:////www.11467.com/dongguan/co/394541.htm
东莞市清溪荣陞塑胶模具厂,http:////www.11467.com/dongguan/co/392648.htm
骏峰塑胶工艺厂,http:////www.11467.com/dongguan/co/390140.htm
康年红星特殊吸塑制品厂,http:////www.11467.com/dongguan/co/390357.htm
東莞國帥塑膠制品廠,http:////www.11467.com/dongguan/co/387014.htm
广东市东莞风岗联溢模具塑料制品厂,http:////www.11467.com/dongguan/co/390016.htm
广东裕丰塑胶制品有限公司,http:////www.11467.com/dongguan/co/396267.htm
上海派瑞特塑业有限公司东莞分公司,http:////www.11467.com/dongguan/co/393004.htm
上海派瑞特塑业有限公司（东莞分公司）,http:////www.11467.com/dongguan/co/389335.htm
新世界塑胶制品厂,http:////www.11467.com/dongguan/co/394778.htm
東莞塘廈匯達塑膠製品廠,http:////www.11467.com/dongguan/co/394032.htm
東莞市通美塑料有限公司,http:////www.11467.com/dongguan/co/396467.htm
恒业复模公司,http:////www.11467.com/dongguan/co/392996.htm
宏兴塑胶五金制品公司,http:////www.11467.com/dongguan/co/393228.htm
东莞市新昊坤五金橡塑制品有限公司,http:////www.11467.com/dongguan/co/385731.htm
东莞市丰茂纱网商行,http:////www.11467.com/dongguan/co/393366.htm
祥盛五金塑胶制品公司,http:////www.11467.com/dongguan/co/394558.htm
鑫万达硅胶制品厂业务部,http:////www.11467.com/dongguan/co/392350.htm
盛发塑胶电子有限公司,http:////www.11467.com/dongguan/co/394284.htm
盛欣模具科技有限公司,http:////www.11467.com/dongguan/co/393311.htm
盛利塑胶制品厂,http:////www.11467.com/dongguan/co/394165.htm
业成塑料制品有限公司,http:////www.11467.com/dongguan/co/396510.htm
禾吉塑料有限公司,http:////www.11467.com/dongguan/co/389380.htm
茂名市富华塑料制品厂,http:////www.11467.com/dongguan/co/386326.htm
伟诚再生资源回收有限公司,http:////www.11467.com/dongguan/co/395989.htm
联丰实业公司销售部,http:////www.11467.com/dongguan/co/395330.htm
宏立基实业有限公司,http:////www.11467.com/dongguan/co/390893.htm
昌华五金塑料厂,http:////www.11467.com/foshan/co/287884.htm
佛山市南海区桂城山大塑料厂业务部,http:////www.11467.com/foshan/co/290513.htm
佛山市南海朗利塑料精工有限公司,http:////www.11467.com/foshan/co/289220.htm
佛山市高明雅士杰塑料模具有限公司,http:////www.11467.com/foshan/co/290620.htm
佛山市禅城区雅各绝缘材料厂,http:////www.11467.com/foshan/co/224597.htm
佛山市南海齐粤塑胶有限公司,http:////www.11467.com/foshan/co/227314.htm
佛山市禅城区南庄兴启塑料五金厂,http:////www.11467.com/foshan/co/289592.htm
佛山市三水区河口苗芽塑料厂,http:////www.11467.com/foshan/co/288499.htm
佛山市亿特环保科技有限公司除味销售部,http:////www.11467.com/foshan/co/290173.htm
佛山市南海聚新塑料五金厂,http:////www.11467.com/foshan/co/224985.htm
佛山市禅城区富顺达塑料厂,http:////www.11467.com/foshan/co/288398.htm
佛山市顺德区宜兴电子电器有限公司,http:////www.11467.com/foshan/co/291139.htm
佛山市顺德区兴业塑胶五金制品有限公司,http:////www.11467.com/foshan/co/301939.htm
佛山市德瑞新塑料有限公司,http:////www.11467.com/foshan/co/290799.htm
佛山市南海盐步洲英良塑胶模具厂,http:////www.11467.com/foshan/co/291056.htm
佛山市顺德区勒流龙明达塑料厂,http:////www.11467.com/foshan/co/189050.htm
佛山市顺德区枫明装饰材料有限公司,http:////www.11467.com/foshan/co/252867.htm
佛山市顺德区谷丰家具材料实业有限公司,http:////www.11467.com/foshan/co/291108.htm
佛山市顺德区丽固威塑料实业有限公司,http:////www.11467.com/foshan/co/209146.htm
佛山市三水兆丰和塑料制品有限公司,http:////www.11467.com/foshan/co/213896.htm
鸿威(个体经营),http:////www.11467.com/foshan/co/289643.htm
佛山市南海区里水同隆塑料五金鞋材厂,http:////www.11467.com/foshan/co/290279.htm
佛山市文汇办公用品有限公司,http:////www.11467.com/foshan/co/67282.htm
广东南海粤海鞋材厂,http:////www.11467.com/foshan/co/290734.htm
广东省佛山市顺德区北滘镇合力顺五金塑料厂,http:////www.11467.com/foshan/co/288721.htm
盈丰二手塑料制品贸易行,http:////www.11467.com/foshan/co/290669.htm
永达模具塑料厂,http:////www.11467.com/foshan/co/290777.htm
江夏模具厂,http:////www.11467.com/foshan/co/288927.htm
山大塑料厂（业务部门）,http:////www.11467.com/foshan/co/289606.htm
顺德市华塑龙塑料实业有限公司,http:////www.11467.com/foshan/co/138498.htm
顺德区勒流镇强信塑胶制品厂,http:////www.11467.com/foshan/co/287849.htm
南海新新鞋材有限公司,http:////www.11467.com/foshan/co/290548.htm
福州优的塑胶颜料有限公司,http:////www.11467.com/fuzhou/co/158603.htm
福州华荣五金电器有限公司,http:////www.11467.com/fuzhou/co/133280.htm
福州市台江区陈小明塑料制品店,http:////www.11467.com/fuzhou/co/158308.htm
广州东程橡塑制品厂,http:////www.11467.com/guangzhou/co/406503.htm
鼎斯睿商务礼品公司,http:////www.11467.com/guangzhou/co/406223.htm
广州佳得塑胶制品有限公司,http:////www.11467.com/guangzhou/co/478976.htm
广东省维特塑料有限公司,http:////www.11467.com/guangzhou/co/404220.htm
沣盛国际商品配送供应中心,http:////www.11467.com/guangzhou/co/403602.htm
佛山广信兴五金塑料厂,http:////www.11467.com/guangzhou/co/405948.htm
广州市创永装饰材料有限公司,http:////www.11467.com/guangzhou/co/276849.htm
广州金德塑料制品厂,http:////www.11467.com/guangzhou/co/406660.htm
广州品文塑料制品有限公司,http:////www.11467.com/guangzhou/co/406705.htm
佛山市顺德区东生塑料有限公司,http:////www.11467.com/guangzhou/co/406745.htm
广州龙睿橡胶制品有限公司,http:////www.11467.com/guangzhou/co/405002.htm
广州市金锋实业有限公司,http:////www.11467.com/guangzhou/co/47545.htm
广州市松宏建材商行,http:////www.11467.com/guangzhou/co/406639.htm
桐乡市洲泉昌顺塑料配件厂,http:////www.11467.com/jiaxing/co/43030.htm
嘉兴市瑞丰塑料有限公司销售部,http:////www.11467.com/jiaxing/co/90655.htm
荣兴表业塑胶厂,http:////www.11467.com/jieyang/co/26962.htm
广东省揭阳市义恒信鞋业有限公司,http:////www.11467.com/jieyang/co/26948.htm
玉训塑料厂,http:////www.11467.com/jieyang/co/27032.htm
济南市洪楼橡胶制品厂,http:////www.11467.com/jinan/co/108438.htm
金华市凯华塑料制品厂,http:////www.11467.com/jinhua/co/37590.htm
珊珊塑料厂,http:////www.11467.com/jinhua/co/82300.htm
磐安县广通塑料软管厂,http:////www.11467.com/jinhua/co/46216.htm
义乌市新爱塑料包装有限公司,http:////www.11467.com/jinhua/co/128061.htm
和嘉塑业有限公司,http:////www.11467.com/jinhua/co/82321.htm
山东讯达科技发展有限公司市场部,http:////www.11467.com/jining/co/53883.htm
廊坊市文安县兰诺门窗配件厂,http:////www.11467.com/langfang/co/47377.htm
文安县鹏程塑料厂,http:////www.11467.com/langfang/co/46062.htm
廊坊开发区娄庄鑫慧塑业,http:////www.11467.com/langfang/co/34790.htm
莒南县万翔塑料制品有限公司,http:////www.11467.com/linyi/co/96313.htm
陈庆朋(个体经营),http:////www.11467.com/linyi/co/73164.htm
莒南县金力包装材料有限公司,http:////www.11467.com/linyi/co/94620.htm
临沂东立塑业有限公司,http:////www.11467.com/linyi/co/72722.htm
临沂海利丰制绳有限公司,http:////www.11467.com/linyi/co/73140.htm
临沂市永固蓬布厂,http:////www.11467.com/linyi/co/72870.htm
刘政群(个体经营),http:////www.11467.com/linyi/co/59043.htm
临沂市力扬塑钢带厂,http:////www.11467.com/linyi/co/96912.htm
沂水县鑫翔塑料制品厂,http:////www.11467.com/linyi/co/96993.htm
临沂桐诚塑料包装有限公司,http:////www.11467.com/linyi/co/96648.htm
临沂市兰山区玮琛网袋厂,http:////www.11467.com/linyi/co/58995.htm
山东力扬工贸有限公司青岛办事处,http:////www.11467.com/linyi/co/72886.htm
旭日吹塑厂,http:////www.11467.com/linyi/co/96647.htm
临沂批发城张华塑料模具经销部,http:////www.11467.com/linyi/co/72940.htm
安徽工业大学,http:////www.11467.com/maanshan/co/983.htm
鼎安文具商行,http:////www.11467.com/maoming/co/33375.htm
鸿达塑胶制品厂,http:////www.11467.com/maoming/co/33379.htm
魏太朗（个体经营）,http:////www.11467.com/nanchang/co/98240.htm
南京大奇化工有限公司,http:////www.11467.com/nanjing/co/106712.htm
南京华体塑胶有限公司营销部,http:////www.11467.com/nanjing/co/107392.htm
南京宝菱塑料制袋有限公司,http:////www.11467.com/nanjing/co/25071.htm
紫薇星五金塑料厂,http:////www.11467.com/nanning/co/76219.htm
南宁市广发商贸有限责任公司,http:////www.11467.com/nanning/co/76221.htm
南宁市广发商贸有限责任公司,http:////www.11467.com/nanning/co/76220.htm
南通崇川众德塑胶厂,http:////www.11467.com/nantong/co/111524.htm
南通兴隆塑料有限公司,http:////www.11467.com/nantong/co/22368.htm
南洋灯泡厂,http:////www.11467.com/nantong/co/111448.htm
新野速特印刷包装有限公司,http:////www.11467.com/nanyang/co/38504.htm
宁波北仑茂诚工贸有限公司,http:////www.11467.com/ningbo/co/138314.htm
宁波北仑新矸塑料编织厂,http:////www.11467.com/ningbo/co/138215.htm
宁波景逸塑胶有限公司(营销部）,http:////www.11467.com/ningbo/co/136241.htm
宁波鄞州艾迪凯工贸有限公司,http:////www.11467.com/ningbo/co/137496.htm
宁波市鄞州区勤业工贸有限公司,http:////www.11467.com/ningbo/co/138104.htm
宁波市鄞州康宁科业工艺品有限公司（厂部）,http:////www.11467.com/ningbo/co/136412.htm
宁波市江北长城电子元件厂,http:////www.11467.com/ningbo/co/138268.htm
宁波市鄞州迈斯特机械有限公司(业务部）,http:////www.11467.com/ningbo/co/137827.htm
慈溪天佑塑料模具厂,http:////www.11467.com/ningbo/co/136349.htm
宁波市鄞州鄞江明兴塑料厂,http:////www.11467.com/ningbo/co/137417.htm
宁波英格塑料制品有限公司 销售部,http:////www.11467.com/ningbo/co/136517.htm
宁波市鄞州同德卫生敷料有限公司 销售部,http:////www.11467.com/ningbo/co/137681.htm
浙江宁海橡塑贸易有限公司,http:////www.11467.com/ningbo/co/137988.htm
宁波市镇海建宁橡塑制品厂,http:////www.11467.com/ningbo/co/138312.htm
宁波江北三恒工贸有限公司,http:////www.11467.com/ningbo/co/137194.htm
台湾爱之福有限公司,http:////www.11467.com/ningbo/co/137799.htm
宁波市和美塑业有限公司,http:////www.11467.com/ningbo/co/136707.htm
宁波欣荣塑业有限公司,http:////www.11467.com/ningbo/co/138115.htm
富尔(宁德)工贸有限公司,http:////www.11467.com/ningde/co/24718.htm
莆田市驷锦鞋材加工厂,http:////www.11467.com/putian/co/33794.htm
安贝塑料制品厂,http:////www.11467.com/putian/co/33873.htm
濮阳市新长源塑业有限公司,http:////www.11467.com/puyang/co/24226.htm
青岛海宝塑料厂,http:////www.11467.com/qingdao/co/156109.htm
韩国towrold贸易有限公司青岛分公司,http:////www.11467.com/qingdao/co/117633.htm
青岛大宏华塑胶有限公司（销售部门）,http:////www.11467.com/qingdao/co/118324.htm
青岛吉耐电子塑胶工业有限公司采购部,http:////www.11467.com/qingdao/co/117577.htm
青岛鸿腾包装制品厂,http:////www.11467.com/qingdao/co/155841.htm
水城（个体经营）,http:////www.11467.com/qingdao/co/118070.htm
青岛鼎昌工贸有限公司,http:////www.11467.com/qingdao/co/56321.htm
青岛锦宏塑料泡沫制品厂,http:////www.11467.com/qingdao/co/117814.htm
青岛英贝包装材料厂,http:////www.11467.com/qingdao/co/154899.htm
泉州鲤城锦美万达塑胶有限公司（业务部）,http:////www.11467.com/quanzhou/co/111895.htm
泉州海燕塑胶有限公司业务部,http:////www.11467.com/quanzhou/co/111942.htm
泉州三祥塑胶模具厂,http:////www.11467.com/quanzhou/co/112093.htm
泉州长源箱包有限公司,http:////www.11467.com/quanzhou/co/112044.htm
力源橡塑制品厂,http:////www.11467.com/quanzhou/co/111914.htm
日照鑫汇橡塑有限公司,http:////www.11467.com/rizhao/co/16021.htm
日照鑫汇橡塑有限公司,http:////www.11467.com/rizhao/co/16022.htm
日照天恩塑胶有限公司,http:////www.11467.com/rizhao/co/13519.htm
河南阳光橡胶地垫厂,http:////www.11467.com/shangqiu/co/21153.htm
汕头市汇佳塑胶包装制品有限公司,http:////www.11467.com/shantou/co/129323.htm
汕头市郭氏旭光实业有限公司,http:////www.11467.com/shantou/co/142595.htm
汕头市凯地贸易有限公司,http:////www.11467.com/shantou/co/147167.htm
恒昌磁电有限公司,http:////www.11467.com/shantou/co/142063.htm
杨航（个体经营）,http:////www.11467.com/shantou/co/142514.htm
汕头市鸿星塑料饰品实业有限公司,http:////www.11467.com/shantou/co/115312.htm
汕头市泰鑫塑料制品厂(销售部）,http:////www.11467.com/shantou/co/142348.htm
润丰网绳厂,http:////www.11467.com/shantou/co/142273.htm
上虞市凯通塑料制品厂,http:////www.11467.com/shaoxing/co/119533.htm
绍兴市越城区玉新塑料厂,http:////www.11467.com/shaoxing/co/6203.htm
腾辉塑料厂,http:////www.11467.com/shaoxing/co/83002.htm
腾辉塑料厂,http:////www.11467.com/shaoxing/co/83001.htm
沈阳市富民塑料厂,http:////www.11467.com/shenyang/co/77291.htm
沈阳建筑大学,http:////www.11467.com/shenyang/co/77072.htm
沈阳大顺石化有限公司,http:////www.11467.com/shenyang/co/77166.htm
沈阳市金吉祥工贸有限公司,http:////www.11467.com/shenyang/co/77208.htm
安泰香港电子股份有限公司,http:////www.11467.com/shenzhen/co/692588.htm
东莞市高瞻海绵塑胶制品厂销售部,http:////www.11467.com/shenzhen/co/694111.htm
勃凌塑胶制品厂深圳门市部,http:////www.11467.com/shenzhen/co/693375.htm
大镛科技（深圳）有限公司简介,http:////www.11467.com/shenzhen/co/692420.htm
厚吸塑制品厂,http:////www.11467.com/shenzhen/co/698747.htm
军辉塑胶制品有限公司,http:////www.11467.com/shenzhen/co/696828.htm
华川科技有限公司,http:////www.11467.com/shenzhen/co/697275.htm
丰源塑胶制品厂,http:////www.11467.com/shenzhen/co/692456.htm
绅晟电子有限公司业务,http:////www.11467.com/shenzhen/co/698784.htm
深圳编织纤维袋回收公司,http:////www.11467.com/shenzhen/co/693217.htm
佳嘉乐硅胶制品厂,http:////www.11467.com/shenzhen/co/693269.htm
瑞福来富友电子有限公司,http:////www.11467.com/shenzhen/co/700076.htm
坚利达塑胶制品（深圳）有限公司,http:////www.11467.com/shenzhen/co/699123.htm
鹏敏塑胶厂,http:////www.11467.com/shenzhen/co/699430.htm
恒鑫（个体经营）生产部,http:////www.11467.com/shenzhen/co/692362.htm
瑞绰塑胶五金制品厂,http:////www.11467.com/shenzhen/co/693530.htm
深圳富达塑胶厂,http:////www.11467.com/shenzhen/co/698445.htm
深圳澳科维PVC包装袋厂,http:////www.11467.com/shenzhen/co/699423.htm
米莱实业有限公司,http:////www.11467.com/shenzhen/co/695585.htm
峰盟塑胶(深圳) 有限公司,http:////www.11467.com/shenzhen/co/695382.htm
深圳锦格电子塑胶有限公司,http:////www.11467.com/shenzhen/co/694784.htm
深圳市宝安福永鑫汇塑料行,http:////www.11467.com/shenzhen/co/698933.htm
深圳市宝安区公明星辉塑胶五金制品厂,http:////www.11467.com/shenzhen/co/697688.htm
利德化工有限公司,http:////www.11467.com/shenzhen/co/694427.htm
深圳市长源桶业,http:////www.11467.com/shenzhen/co/692857.htm
深圳利源模具公司,http:////www.11467.com/shenzhen/co/695731.htm
深圳朗信电子科技有限公司,http:////www.11467.com/shenzhen/co/697003.htm
深圳科益光电材料有限公司（市场部）,http:////www.11467.com/shenzhen/co/699881.htm
深圳合兴塑胶制品有限公司,http:////www.11467.com/shenzhen/co/698097.htm
深圳恒昌塑胶五金制品有限公司,http:////www.11467.com/shenzhen/co/696818.htm
深圳市东方阳塑胶制品厂,http:////www.11467.com/shenzhen/co/697630.htm
鸿运发塑胶制品(深圳)有限公司,http:////www.11467.com/shenzhen/co/694024.htm
深圳市彩信有限公司(销售部),http:////www.11467.com/shenzhen/co/693534.htm
深圳分享文具有限公司,http:////www.11467.com/shenzhen/co/692498.htm
深圳市长旺塑胶制造有限公司,http:////www.11467.com/shenzhen/co/699599.htm
深圳市昌硕机械有限公司,http:////www.11467.com/shenzhen/co/33033.htm
深圳市高质科技有限公司,http:////www.11467.com/shenzhen/co/694739.htm
深圳市广海大橡塑有限公司,http:////www.11467.com/shenzhen/co/64194.htm
鸿泰精密塑胶模具厂,http:////www.11467.com/shenzhen/co/694219.htm
深圳市恒盛塑胶五金制品厂,http:////www.11467.com/shenzhen/co/693987.htm
深圳市观澜文辉吹塑制品厂,http:////www.11467.com/shenzhen/co/698198.htm
深圳市诚馨电子有限公司,http:////www.11467.com/shenzhen/co/698740.htm
深圳市华大塑胶制品厂,http:////www.11467.com/shenzhen/co/699094.htm
深圳市华城硅橡胶厂(商务三),http:////www.11467.com/shenzhen/co/693726.htm
深圳市龙岗区平湖镇文新塑胶厂,http:////www.11467.com/shenzhen/co/697675.htm
深圳市龙岗区诚伟业橡胶制品厂,http:////www.11467.com/shenzhen/co/224704.htm
深圳市平湖街道办佳明注塑厂,http:////www.11467.com/shenzhen/co/693755.htm
深圳市曼尔维塑胶五金制品有限公司,http:////www.11467.com/shenzhen/co/253716.htm
深圳市尚想产品开发有限公司,http:////www.11467.com/shenzhen/co/696915.htm
深圳市华茂通塑料包装有限公司,http:////www.11467.com/shenzhen/co/277443.htm
深圳市伟利橡塑制品有限公司,http:////www.11467.com/shenzhen/co/287686.htm
宁国市欧泰橡塑制品有限公司,http:////www.11467.com/xuancheng/co/27458.htm
天盛橡胶经营部,http:////www.11467.com/yancheng/co/59713.htm
阜宁县万通隧道材料有限公司,http:////www.11467.com/yancheng/co/78299.htm
扬州市邗江劲鹏橡塑制品厂,http:////www.11467.com/yangzhou/co/88340.htm
滕勇实业有限公司,http:////www.11467.com/yantai/co/131853.htm
福东塑料厂,http:////www.11467.com/yantai/co/131860.htm
枣庄诚宇经贸发展有限公司,http:////www.11467.com/zaozhuang/co/29850.htm
台州路桥利航渔绳厂,http:////www.11467.com/taizhou/co/102450.htm
台州市椒江东华塑料制品厂,http:////www.11467.com/taizhou/co/103305.htm
台州市西元吸塑厂贸易部,http:////www.11467.com/taizhou/co/102933.htm
台州市黄岩创先宠物用品厂,http:////www.11467.com/taizhou/co/103896.htm
台州市椒江振东胶管厂,http:////www.11467.com/taizhou/co/1026.htm
浙江省台州市椒江诚腾塑料五金厂,http:////www.11467.com/taizhou/co/102692.htm
玉环县陈屿华信塑料厂,http:////www.11467.com/taizhou/co/17978.htm
台州黄岩耀阳塑料模具厂,http:////www.11467.com/taizhou/co/103540.htm
台州敦华塑料模具公司,http:////www.11467.com/taizhou/co/102357.htm
浙江台州塑料模具厂,http:////www.11467.com/taizhou/co/103423.htm
台州云鑫塑料厂,http:////www.11467.com/taizhou/co/103664.htm
黄岩南城飞龙塑料厂,http:////www.11467.com/taizhou/co/102592.htm
台州韦戈尔工贸有限公司,http:////www.11467.com/taizhou/co/103716.htm
台州市黄岩丽娜塑料模具厂,http:////www.11467.com/taizhou/co/95614.htm
临海市欧宇眼镜厂,http:////www.11467.com/taizhou/co/103882.htm
唐山市丰润区兴利橡胶厂,http:////www.11467.com/tangshan/co/61996.htm
潍坊潍城区橡胶制品厂,http:////www.11467.com/weifang/co/90875.htm
潍坊市汇泉塑胶篷布厂（业务部）,http:////www.11467.com/weifang/co/90686.htm
潍坊兴达塑料厂,http:////www.11467.com/weifang/co/90878.htm
潍坊市寒亭区海兴塑料制品厂,http:////www.11467.com/weifang/co/120282.htm
威海玉都塑料制口有限公司,http:////www.11467.com/weihai/co/35219.htm
鹿城区广化龙翔塑料沿条加工场,http:////www.11467.com/wenzhou/co/166825.htm
伟人工艺礼品厂,http:////www.11467.com/wenzhou/co/166958.htm
苍南正于包装有限公司,http:////www.11467.com/wenzhou/co/217559.htm
温州市众人木业（木皮）有限公司,http:////www.11467.com/wenzhou/co/166961.htm
蘇州品基電子科技有限公司武漢辦事處,http:////www.11467.com/wuhan/co/109497.htm
芜湖寅晨塑业有限公司,http:////www.11467.com/wuhu/co/24781.htm
芜湖海浩塑料厂,http:////www.11467.com/wuhu/co/24805.htm
无锡市滨湖区大浮恒安模塑厂,http:////www.11467.com/wuxi/co/47791.htm
无锡市润发塑料厂,http:////www.11467.com/wuxi/co/211289.htm
无锡市长安红升塑料制品厂,http:////www.11467.com/wuxi/co/35712.htm
无锡市吉城工业皮带有限公司,http:////www.11467.com/wuxi/co/211181.htm
无锡市海博精密橡塑制品有限公司销售部,http:////www.11467.com/wuxi/co/210969.htm
无锡吉象橡塑机械有限公司,http:////www.11467.com/wuxi/co/211257.htm
宜兴市森泰塑胶有限公司,http:////www.11467.com/wuxi/co/228999.htm
厦门市海沧区隆之踏塑胶制品厂,http:////www.11467.com/xiamen/co/37982.htm
福建利鑫塑胶工业有限公司,http:////www.11467.com/xiamen/co/78895.htm
Xiamen Silicone rubber product,http:////www.11467.com/xiamen/co/78161.htm
厦门文锦鑫工贸有限公司生产部,http:////www.11467.com/xiamen/co/78681.htm
厦门市集美区安祺达塑胶制品厂,http:////www.11467.com/xiamen/co/28441.htm
西安力扬塑料制品有限公司,http:////www.11467.com/xian/co/88669.htm
仙桃康华佳利塑料制品有限公司,http:////www.11467.com/xiantao/co/14.htm
邢台市 可耐橡胶密封厂,http:////www.11467.com/xintai/co/38213.htm
枣庄宏宇塑料制品厂,http:////www.11467.com/zaozhuang/co/29745.htm
微山县立统包装材料有限公司,http:////www.11467.com/zaozhuang/co/24565.htm
宏欣塑胶厂,http:////www.11467.com/zhaoqing/co/33891.htm
美商贸易公司郑州代表处,http:////www.11467.com/zhengzhou/co/141257.htm
北京诚信飞驰塑胶有限公司郑州分店,http:////www.11467.com/zhengzhou/co/141185.htm
郑州万方工贸有限公司,http:////www.11467.com/zhengzhou/co/141293.htm
郑州鸿志塑料制品销售有限公司,http:////www.11467.com/zhengzhou/co/75778.htm
河南宏光塑胶制品厂,http:////www.11467.com/zhengzhou/co/141173.htm
镇江市永森新材料有限公司,http:////www.11467.com/zhenjiang/co/63616.htm
中山市富威吸塑包装有限公司,http:////www.11467.com/zhongshan/co/150511.htm
广东省中山市小榄镇业于勤塑料模具厂,http:////www.11467.com/zhongshan/co/113605.htm
余姚市金丹窗饰厂,http:////www.11467.com/zhongshan/co/113126.htm
金利宝膠粘制品有限公司,http:////www.11467.com/zhongshan/co/113686.htm
中山市南头镇正南塑料制品厂,http:////www.11467.com/zhongshan/co/113714.htm
中山市兴华建业包装制品有限公司,http:////www.11467.com/zhongshan/co/61481.htm
中山市三英塑料制品有限公司,http:////www.11467.com/zhongshan/co/27694.htm
中山市东凤镇恒通家用电器配件厂,http:////www.11467.com/zhongshan/co/113036.htm
中山市金杰塑胶制品有限公司,http:////www.11467.com/zhongshan/co/113131.htm
中山市小榄镇勇达塑料模具制品厂,http:////www.11467.com/zhongshan/co/58502.htm
鑫强硅橡胶制品厂,http:////www.11467.com/zhongshan/co/113617.htm
龙祥渔具配件厂,http:////www.11467.com/zhongshan/co/113238.htm
中山市小榄镇诚益塑料五金厂,http:////www.11467.com/zhongshan/co/32046.htm
中山市神湾镇美鑫塑胶制品厂,http:////www.11467.com/zhongshan/co/99621.htm
孟发泳池配件有限公司,http:////www.11467.com/zhuhai/co/86993.htm
淄博经纬塑编有限公司,http:////www.11467.com/zibo/co/98689.htm
北京凡钥科技有限公司,http:////www.11467.com/beijing/co/587559.htm
北京金时路科技发展有限公司,http:////www.11467.com/beijing/co/327641.htm
北京明迅达商贸中心,http:////www.11467.com/beijing/co/434783.htm
北京绿寰宇化工有限公司,http:////www.11467.com/beijing/co/327583.htm
北京市聚华兴联科技有限公司,http:////www.11467.com/beijing/co/224571.htm
北京祥龙塑料制品厂,http:////www.11467.com/beijing/co/327598.htm
北京兄奕橡塑制品有限公司,http:////www.11467.com/beijing/co/626153.htm
北京朗驰新星塑业有限公司,http:////www.11467.com/beijing/co/224568.htm
上海创元防水布有限公司,http:////www.11467.com/shanghai/co/689358.htm
怀远县正鑫密封制品厂,http:////www.11467.com/shanghai/co/895949.htm
上海兰昊塑胶有限责任公司,http:////www.11467.com/shanghai/co/428526.htm
上海美端精密机件有限公司,http:////www.11467.com/shanghai/co/786855.htm
南通旭洋橡塑有限公司上海分公司,http:////www.11467.com/shanghai/co/689043.htm
上海龙其塑料制品有限公司,http:////www.11467.com/shanghai/co/846816.htm
上海联大海绵有限公司,http:////www.11467.com/shanghai/co/484187.htm
上海国岑交通设施工程有限公司工程部,http:////www.11467.com/shanghai/co/535343.htm
上海东嵩家居用品有限公司外贸部,http:////www.11467.com/shanghai/co/688969.htm
上海市奉贤区柘林镇法华镇中塑料厂,http:////www.11467.com/shanghai/co/168428.htm
上海市锦程塑料厂,http:////www.11467.com/shanghai/co/328574.htm
上海奇盈橡塑工艺制品有限公司生产部,http:////www.11467.com/shanghai/co/534980.htm
上海奇康生物科技有限公司,http:////www.11467.com/shanghai/co/534876.htm
上海三孚新型建材有限公司,http:////www.11467.com/shanghai/co/810292.htm
上海亭利物资回收有限公司,http:////www.11467.com/shanghai/co/328505.htm
上海遐欣塑胶模具有限公司业务部,http:////www.11467.com/shanghai/co/328321.htm
上海永利塑料厂,http:////www.11467.com/shanghai/co/130923.htm
重庆北碚泰银塑料零件厂,http:////www.11467.com/chongqing/co/210005.htm
桐城市健力塑料包装有限公司,http:////www.11467.com/anqing/co/35769.htm
安庆橡塑公司,http:////www.11467.com/anqing/co/27025.htm
保定市新创电塑有限公司,http:////www.11467.com/baoding/co/62475.htm
上海史利塑胶加工厂,http:////www.11467.com/shanghai/co/516524.htm
上海欣运塑胶制品有限公司销售部,http:////www.11467.com/shanghai/co/896179.htm
上海沙通EVA压模厂,http:////www.11467.com/shanghai/co/428354.htm
上海易通密封件有限公司,http:////www.11467.com/shanghai/co/282957.htm
深圳亿洲建材有限公司上海办事处,http:////www.11467.com/shanghai/co/89925.htm
上海彤晨化工有限公司,http:////www.11467.com/shanghai/co/517751.htm
上海瀚塑模具厂,http:////www.11467.com/shanghai/co/810329.htm
上海浦东毛根工贸有限公司,http:////www.11467.com/shanghai/co/689159.htm
天津市津南南洋橡塑器件厂,http:////www.11467.com/tianjin/co/118517.htm
天津市源马塑料制品有限公司,http:////www.11467.com/tianjin/co/190590.htm
顺迪塑料制品厂,http:////www.11467.com/chongqing/co/13550.htm
唐红春（个体经营）,http:////www.11467.com/chongqing/co/80550.htm
重庆市合川区永勤吸塑包装加工厂,http:////www.11467.com/chongqing/co/208198.htm
荆州精塑塑料制品加工公司,http:////www.11467.com/jingzhou/co/31283.htm
佛山市顺德区华悦塑料制品有限公司,http:////www.11467.com/foshan/co/361512.htm
长沙市振通管业有限公司,http:////www.11467.com/changsha/co/139505.htm
衡水中桥橡胶制品有限公司,http:////www.11467.com/hengshui/co/45933.htm
天津市九华塑料制品有限责任公司,http:////www.11467.com/tianjin/co/307228.htm
天津市泰成塑胶有限公司,http:////www.11467.com/tianjin/co/307229.htm
中山市港口镇宏益吹塑厂,http:////www.11467.com/zhongshan/co/173643.htm
中山市光云塑胶制品有限公司,http:////www.11467.com/zhongshan/co/154418.htm
广州市赞晨塑胶科技有限公司,http:////www.11467.com/guangzhou/co/581739.htm
浙江杭州力豪塑料制品有限公司,http:////www.11467.com/hangzhou/co/391692.htm
江苏金霸环境技术股份有限公司,http:////www.11467.com/wuxi/co/250284.htm
德州市睿彩颜料色母有限公司,http:////www.11467.com/dezhou/co/63384.htm
深圳市凯丰盛吸塑制品厂,http:////www.11467.com/shenzhen/co/815221.htm
厦门市德力达硅橡胶制品有限公司,http:////www.11467.com/xiamen/co/119587.htm
上海绪腾机电科技有限公司,http:////www.11467.com/shanghai/co/1131594.htm
张家港鸿源网业有限公司,http:////www.11467.com/suzhou/co/393764.htm
义乌市鸿飞像素制品厂,http:////www.11467.com/jinhua/co/185764.htm
苏州普乐特模型科技有限公司,http:////www.11467.com/suzhou/co/398574.htm
任丘市威森塑料制品厂,http:////www.11467.com/cangzhou/co/101414.htm
武汉市凯帝塑料包装防护品有限公司,http:////www.11467.com/wuhan/co/191140.htm
浙江鸿雁塑胶有限公司,http:////www.11467.com/hangzhou/co/462798.htm
廊坊塔斯克科技有限公司,http:////www.11467.com/langfang/co/78762.htm
瑞安市恒飞模具厂,http:////www.11467.com/wenzhou/co/321733.htm
贵阳精坤塑业制品有限公司,http:////www.11467.com/guiyang/co/89496.htm
东莞市都弘塑胶电子有限公司,http:////www.11467.com/dongguan/co/626259.htm
盐城市正中橡塑制品有限公司,http:////www.11467.com/yancheng/co/89364.htm
临沂旺象篷布厂,http:////www.11467.com/linyi/co/133777.htm
宁国市玉东塑料制品有限责任公司,http:////www.11467.com/xuancheng/co/32847.htm
河北尼龙塑料铸件厂,http:////www.11467.com/cangzhou/co/125824.htm
宁晋县建鑫塑料厂,http:////www.11467.com/xintai/co/117455.htm
聊城成美塑业有限公司,http:////www.11467.com/qiye/93124805.htm
台州赟明建设工程有限公司,http:////www.11467.com/qiye/93133926.htm
清河县凯森橡塑制品有限公司,http:////www.11467.com/qiye/93321904.htm
沧州东源塑料制品有限公司,http:////www.11467.com/cangzhou/co/44888.htm
长沙市朝阳篷布帐篷厂,http:////www.11467.com/changsha/co/100041.htm
兴龙百货商行,http:////www.11467.com/changsha/co/100249.htm
GHL国际有限公司长沙办事处,http:////www.11467.com/changsha/co/100061.htm
常州软门帘顺风化工建材有限公司,http:////www.11467.com/changzhou/co/124161.htm
常州市帮达塑料定型丝厂,http:////www.11467.com/changzhou/co/123363.htm
武进绝缘壳厂,http:////www.11467.com/changzhou/co/124060.htm
森瑞（常州）橡塑制品有限公司销售部,http:////www.11467.com/changzhou/co/102082.htm
常州市横林焊丝盘厂,http:////www.11467.com/changzhou/co/124180.htm
常州欣乐橡塑配件厂,http:////www.11467.com/changzhou/co/124090.htm
常州康尔佳塑胶器材有限公司,http:////www.11467.com/changzhou/co/77663.htm
常州仟佰塑料制品有限公司,http:////www.11467.com/changzhou/co/123887.htm
成都飞腾豪美塑胶有限公司,http:////www.11467.com/chengdu/co/22621.htm
成都市鸿康玻钢股份有限公司,http:////www.11467.com/chengdu/co/133675.htm
成都市麒蓉科技有限公司,http:////www.11467.com/chengdu/co/47623.htm
滁州橡胶辊厂,http:////www.11467.com/chuzhou/co/22217.htm
大连宏远自控仪表厂,http:////www.11467.com/dalian/co/62374.htm
大连金怡塑胶制品有限公司,http:////www.11467.com/dalian/co/62082.htm
加拿大利津国际股份有限公司,http:////www.11467.com/dalian/co/62204.htm
大庆市龙凤区兆彬塑料制品厂,http:////www.11467.com/daqing/co/7302.htm
广汉市福达塑料厂,http:////www.11467.com/deyang/co/11521.htm
百纳塑胶五金电子厂,http:////www.11467.com/dongguan/co/389419.htm
长江塑胶原料有限公司,http:////www.11467.com/dongguan/co/386204.htm
DONGGUAN HEWANG RUBBER PLASTIC,http:////www.11467.com/dongguan/co/389407.htm
东强塑胶制品厂,http:////www.11467.com/dongguan/co/387783.htm
东莞全田塑胶制品有限公司,http:////www.11467.com/dongguan/co/21290.htm
彩美塑料加工厂,http:////www.11467.com/dongguan/co/391920.htm
东莞汩天实业有限公司,http:////www.11467.com/dongguan/co/391799.htm
东莞坚利塑胶制品有限公司,http:////www.11467.com/dongguan/co/111140.htm
东莞金力硅橡胶有限公司,http:////www.11467.com/dongguan/co/387696.htm
东莞普立万氯乙烯聚合体有限公司,http:////www.11467.com/dongguan/co/215527.htm
东莞凯钛塑胶制品有限公司,http:////www.11467.com/dongguan/co/199945.htm
东莞声佳塑胶制品厂,http:////www.11467.com/dongguan/co/392271.htm
东莞飞跃塑胶厂,http:////www.11467.com/dongguan/co/390499.htm
东莞市明红硅材料有限公司,http:////www.11467.com/dongguan/co/460596.htm
东莞市理中展示用品有限公司,http:////www.11467.com/dongguan/co/68549.htm
东莞东晟贸易有限公司,http:////www.11467.com/dongguan/co/385840.htm
东莞市道滘裕新鞋材厂(分厂),http:////www.11467.com/dongguan/co/395125.htm
东莞市凤岗咏通塑胶颜料厂,http:////www.11467.com/dongguan/co/387590.htm
东莞就记塑胶钮扣有限公司,http:////www.11467.com/dongguan/co/111301.htm
东莞市金运塑胶助剂有限公司,http:////www.11467.com/dongguan/co/390224.htm
东莞市诚丰实业,http:////www.11467.com/dongguan/co/390926.htm
东莞市清溪源升塑料制品厂,http:////www.11467.com/dongguan/co/482689.htm
东莞市青峰实业有限公司(塘厦青峰),http:////www.11467.com/dongguan/co/390095.htm
东莞市东和塑胶电子有限公司,http:////www.11467.com/dongguan/co/393172.htm
东莞市创富事业有限公司,http:////www.11467.com/dongguan/co/386449.htm
东莞市石龙骏兴五金塑料厂,http:////www.11467.com/dongguan/co/47973.htm
东莞市同诚塑胶有限公司,http:////www.11467.com/dongguan/co/389751.htm
东莞市新研工业材料有限公司（业务部）,http:////www.11467.com/dongguan/co/391438.htm
东莞市全纬塑胶制品有限公司,http:////www.11467.com/dongguan/co/238520.htm
东莞市行者鞋业有限公司,http:////www.11467.com/dongguan/co/522114.htm
东莞市旭昱五金塑胶制品有限公司,http:////www.11467.com/dongguan/co/468018.htm
东莞枳轩塑胶制品厂,http:////www.11467.com/dongguan/co/391249.htm
东莞市宏冠橡胶制品有限公司,http:////www.11467.com/dongguan/co/314926.htm
东莞市桥头高扬塑胶五金厂,http:////www.11467.com/dongguan/co/22762.htm
恒博塑胶硅胶制品厂,http:////www.11467.com/dongguan/co/387684.htm
东莞同鑫模具抛光硬铬电镀厂,http:////www.11467.com/dongguan/co/385485.htm
东莞万志塑胶制品有限公司,http:////www.11467.com/dongguan/co/183987.htm
華社電子科技有限公司,http:////www.11467.com/dongguan/co/388716.htm
明士达(香港)有限公司,http:////www.11467.com/dongguan/co/390686.htm
杰美塑料制品公司,http:////www.11467.com/dongguan/co/385652.htm
建昇塑胶制品有限公司,http:////www.11467.com/dongguan/co/394618.htm
广东天行塑料有限公司,http:////www.11467.com/dongguan/co/390955.htm
荣翔塑胶五金模具厂,http:////www.11467.com/dongguan/co/392652.htm
東莞市巨一科技有限公司,http:////www.11467.com/dongguan/co/388584.htm
恒峰塑胶厂,http:////www.11467.com/dongguan/co/395735.htm
恒优塑胶厂,http:////www.11467.com/dongguan/co/390517.htm
甬发塑胶模具制品厂,http:////www.11467.com/dongguan/co/395220.htm
可丰欣業股份有限公司,http:////www.11467.com/dongguan/co/391683.htm
优威王电子塑胶五金有限公司,http:////www.11467.com/dongguan/co/385533.htm
龙华颜料有限公司,http:////www.11467.com/dongguan/co/395006.htm
东莞市凤岗港平五金塑胶厂,http:////www.11467.com/dongguan/co/396901.htm
鑫贸塑胶制品厂,http:////www.11467.com/dongguan/co/394418.htm
欧陆电子厂,http:////www.11467.com/dongguan/co/393130.htm
顺达电工胶带有限公司,http:////www.11467.com/dongguan/co/392831.htm
聲寶塑料制品有限公司,http:////www.11467.com/dongguan/co/394639.htm
亿进塑胶厂,http:////www.11467.com/dongguan/co/390488.htm
永聚塑胶有限公司,http:////www.11467.com/dongguan/co/386436.htm
永年硅胶制品有限公司,http:////www.11467.com/dongguan/co/395359.htm
毅诚塑胶电子五金实业有限公司,http:////www.11467.com/dongguan/co/385455.htm
盛涵精密塑胶制品有限公司,http:////www.11467.com/dongguan/co/393957.htm
合盛塑胶有限公司,http:////www.11467.com/dongguan/co/391463.htm
东莞市虎门祥展塑胶制品加工店,http:////www.11467.com/dongguan/co/397539.htm
永胜橡塑制品厂,http:////www.11467.com/dongguan/co/393649.htm
祈胜模具塑胶制品厂,http:////www.11467.com/dongguan/co/394890.htm
品佳五金模具厂,http:////www.11467.com/dongguan/co/396340.htm
群福塑胶制品有限公司,http:////www.11467.com/dongguan/co/392780.htm
恒昇纽扣饰品制品有限公司,http:////www.11467.com/dongguan/co/394142.htm
翔龙塑胶工模厂,http:////www.11467.com/dongguan/co/394735.htm
洪艺塑胶五金厂,http:////www.11467.com/dongguan/co/395776.htm
原科塑胶制品厂,http:////www.11467.com/dongguan/co/392023.htm
威达塑胶厂,http:////www.11467.com/dongguan/co/391948.htm
伟昌盛塑胶模具厂,http:////www.11467.com/dongguan/co/386447.htm
广东省东莞市振中塑胶有限公司,http:////www.11467.com/dongguan/co/386721.htm
中庆橡塑制品厂,http:////www.11467.com/dongguan/co/396265.htm
利华手板模型制作公司,http:////www.11467.com/dongguan/co/392394.htm
金铭模具塑胶制品厂,http:////www.11467.com/dongguan/co/392079.htm
华隆塑胶制品有限公司,http:////www.11467.com/dongguan/co/394202.htm
威泰塑膠製品廠,http:////www.11467.com/dongguan/co/389589.htm
佛山市南海区富圣塑料制品有限公司,http:////www.11467.com/foshan/co/260238.htm
安华塑料五金制品有限公司,http:////www.11467.com/foshan/co/289767.htm
佛山高明亿龙塑胶工业有限公司,http:////www.11467.com/foshan/co/288532.htm
佛山市格雷亚特实业有限公司 销售部,http:////www.11467.com/foshan/co/289749.htm
佛山市顺德区德芙迪实业有限公司业务部,http:////www.11467.com/foshan/co/290214.htm
佛山市顺德区固特朗实业有限公司,http:////www.11467.com/foshan/co/236257.htm
佛山欧力达塑胶模具有限公司,http:////www.11467.com/foshan/co/290841.htm
佛山市顺德区乐从镇星标塑胶助剂经营部,http:////www.11467.com/foshan/co/290521.htm
佛山市顺德华悦塑料制品有限公司,http:////www.11467.com/foshan/co/289985.htm
佛山市顺德区北滘逸勤塑料五金厂,http:////www.11467.com/foshan/co/214002.htm
海洲电器塑料五金制品有限公司,http:////www.11467.com/foshan/co/288409.htm
鸿福模具厂,http:////www.11467.com/foshan/co/288007.htm
顺德容桂康途鞋材有限公司,http:////www.11467.com/foshan/co/289131.htm
佛山市顺德去容桂毅丰塑料模具厂,http:////www.11467.com/foshan/co/288529.htm
佛山市南海区立洋装饰材料有限公司,http:////www.11467.com/foshan/co/288434.htm
佛山市义华橡塑厂,http:////www.11467.com/foshan/co/288358.htm
佛山市南海太平冲表西塑料厂,http:////www.11467.com/foshan/co/34927.htm
广东韶创印务投资服务部,http:////www.11467.com/foshan/co/289936.htm
裕兴塑料厂,http:////www.11467.com/foshan/co/288069.htm
金鸿爵五金塑料厂,http:////www.11467.com/foshan/co/290578.htm
骏盈塑料制品有限公司,http:////www.11467.com/foshan/co/290670.htm
佛山市顺德区利达塑料制品有限公司,http:////www.11467.com/foshan/co/346350.htm
南海富达塑料五金制品厂,http:////www.11467.com/foshan/co/288396.htm
森硕业塑胶五金制品有限公司,http:////www.11467.com/foshan/co/290091.htm
冼笑联{个体经营},http:////www.11467.com/foshan/co/290138.htm
谢钦元(个体经营),http:////www.11467.com/foshan/co/288997.htm
顺德海电实业有限公司,http:////www.11467.com/foshan/co/290441.htm
顺德戚冠塑料厂,http:////www.11467.com/foshan/co/290687.htm
抚顺市腾飞塑料泡沫厂,http:////www.11467.com/fushun/co/18715.htm
福州惠嘉清洁用品有限公司销售部,http:////www.11467.com/fuzhou/co/158323.htm
福州三威橡塑化工有限公司（生产部）,http:////www.11467.com/fuzhou/co/158545.htm
天福塑革有限公司,http:////www.11467.com/fuzhou/co/158526.htm
福州旺强模具公司,http:////www.11467.com/fuzhou/co/158552.htm
福州闽一鞋业有限公司,http:////www.11467.com/fuzhou/co/25968.htm
蔡二工艺厂,http:////www.11467.com/guangzhou/co/404712.htm
广州花都宏利塑胶厂,http:////www.11467.com/guangzhou/co/406435.htm
广州迪亚纳国际贸易有限公司,http:////www.11467.com/guangzhou/co/405042.htm
从化万星塑料制品厂,http:////www.11467.com/guangzhou/co/64830.htm
德联塑料制品有限公司,http:////www.11467.com/guangzhou/co/406007.htm
广州yongdebao公司,http:////www.11467.com/guangzhou/co/406287.htm
广州贝士特橡胶 塑料有限公司,http:////www.11467.com/guangzhou/co/403167.htm
广州市奥杰斯日用品有限公司贸易部,http:////www.11467.com/guangzhou/co/405186.htm
广州市宏业塑胶制品有限公司,http:////www.11467.com/guangzhou/co/405926.htm
广州市龙飞塑业有限公司,http:////www.11467.com/guangzhou/co/405460.htm
广州市花都区炭步鹏辉五金塑料厂,http:////www.11467.com/guangzhou/co/282499.htm
广州赛能冷藏科技有限公司销售部,http:////www.11467.com/guangzhou/co/403705.htm
广州全兴塑料模具有限公司,http:////www.11467.com/guangzhou/co/404045.htm
广州瑞星化工贸易有限公司,http:////www.11467.com/guangzhou/co/403414.htm
广州市惠丰回力胶有限公司,http:////www.11467.com/guangzhou/co/404612.htm
广州市番禺区淼鑫硅胶套制品厂－业务部门,http:////www.11467.com/guangzhou/co/405137.htm
广州市亚泰实业有限公司,http:////www.11467.com/guangzhou/co/403558.htm
揭阳经济开发试验区长荣塑料模具厂,http:////www.11467.com/jieyang/co/1895.htm
杨德书(个体经营),http:////www.11467.com/jieyang/co/27025.htm
劲浪塑料模具厂,http:////www.11467.com/jieyang/co/26947.htm
威海都程塑料有限公司,http:////www.11467.com/jimo/co/8879.htm
济南鑫河塑料制品厂,http:////www.11467.com/jinan/co/108209.htm
济南民兴帘业有限公司,http:////www.11467.com/jinan/co/108283.htm
Dongyang CANLAN Metallic Yarn,http:////www.11467.com/jinhua/co/82269.htm
金华市大不同工具有限公司,http:////www.11467.com/jinhua/co/54900.htm
聂养杰（个体经营）,http:////www.11467.com/jining/co/53861.htm
山东济宁华斯立塑料制品公司,http:////www.11467.com/jining/co/53929.htm
西安优派日化有限公司昆明分公司,http:////www.11467.com/kunming/co/118759.htm
昆明华阳密封件商行,http:////www.11467.com/kunming/co/118766.htm
永清县康达橡塑有限公司,http:////www.11467.com/langfang/co/27857.htm
廊坊市宇鹏塑料制品有限公司,http:////www.11467.com/langfang/co/34674.htm
文安县天恒再生资源有限公司,http:////www.11467.com/langfang/co/52597.htm
天力塑料制品厂,http:////www.11467.com/liaocheng/co/37519.htm
安吉县亿成塑料制品厂,http:////www.11467.com/linfen/co/38466.htm
莒县富达橡塑制品厂,http:////www.11467.com/linyi/co/52003.htm
莒县宏发橡塑制品厂,http:////www.11467.com/linyi/co/52051.htm
临沂飞仑塑料制品有限公司,http:////www.11467.com/linyi/co/91377.htm
沂水盛隆塑料制品有限公司,http:////www.11467.com/linyi/co/87108.htm
朋达塑业公司,http:////www.11467.com/linyi/co/72848.htm
鑫富临塑化有限公司,http:////www.11467.com/linyi/co/73034.htm
张华塑料模具厂,http:////www.11467.com/linyi/co/72598.htm
山东临沂盛达塑胶制品有限公司,http:////www.11467.com/linyi/co/72906.htm
山东临沂八湖塑料打包带厂分厂,http:////www.11467.com/linyi/co/72721.htm
上海双龙塑料有限公司,http:////www.11467.com/linyi/co/72941.htm
浙江宏胜贸易有限公司,http:////www.11467.com/lishui/co/25862.htm
洛阳奋进密封件厂,http:////www.11467.com/luoyang/co/51979.htm
鸿泰塑料有限公司,http:////www.11467.com/maoming/co/33270.htm
宝耀电器厂,http:////www.11467.com/nanjing/co/107595.htm
吗的贸易有限公司,http:////www.11467.com/nanjing/co/107599.htm
南京兴达橡塑密封件批发中心,http:////www.11467.com/nanjing/co/107610.htm
南通博锐精密橡塑技术有限公司 营销,http:////www.11467.com/nantong/co/111497.htm
宏大包装海安有限公司,http:////www.11467.com/nantong/co/138572.htm
南通友星机电有限公司,http:////www.11467.com/nantong/co/111507.htm
南通鹏远实业有限公司,http:////www.11467.com/nantong/co/111613.htm
宁波大陆塑胶制品厂,http:////www.11467.com/ningbo/co/136845.htm
蓝科国际有限公司,http:////www.11467.com/ningbo/co/137996.htm
江群(个体经营),http:////www.11467.com/ningbo/co/136831.htm
宁波杰利塑业有限公司,http:////www.11467.com/ningbo/co/12058.htm
庞松塑料制品厂,http:////www.11467.com/ningbo/co/137958.htm
宁波市鄞州宝翎塑业有限公司,http:////www.11467.com/ningbo/co/130391.htm
宁波市鄞州克鲁格工具有限公司,http:////www.11467.com/ningbo/co/136521.htm
慈溪市长河吉泰塑料制品厂,http:////www.11467.com/ningbo/co/183746.htm
余姚市奥邦塑模实业有限公司,http:////www.11467.com/ningbo/co/137639.htm
宁波市鄞州古林双龙塑料模具厂,http:////www.11467.com/ningbo/co/12470.htm
宁波名灿塑料有限公司业务部,http:////www.11467.com/ningbo/co/137888.htm
福建省莆田鑫辉塑胶有限公司,http:////www.11467.com/putian/co/33829.htm
青岛松美国际贸易有限公司,http:////www.11467.com/qingdao/co/117612.htm
"Qingdao Gyoha En-Tech Co., Ltd",http:////www.11467.com/qingdao/co/118142.htm
毕马可机械电子(青岛)有限公司,http:////www.11467.com/qingdao/co/81670.htm
凯纳特实业有限公司,http:////www.11467.com/qingdao/co/118461.htm
韩国塑料篷布青岛加工厂,http:////www.11467.com/qingdao/co/117759.htm
青岛嘉兴塑料厂,http:////www.11467.com/qingdao/co/117965.htm
青岛怡丰电子有限公司,http:////www.11467.com/qingdao/co/118612.htm
青岛崇元塑料有限公司,http:////www.11467.com/qingdao/co/13689.htm
青岛永茂塑胶有限公司,http:////www.11467.com/qingdao/co/117766.htm
泉州天海贸易有限公司,http:////www.11467.com/quanzhou/co/112127.htm
泉州邦达塑料制品厂,http:////www.11467.com/quanzhou/co/112172.htm
侨艺鞋材有限公司,http:////www.11467.com/quanzhou/co/50336.htm
泉州江南模具厂,http:////www.11467.com/quanzhou/co/112008.htm
泉州市鲤城区华顺塑胶有限公司,http:////www.11467.com/quanzhou/co/51690.htm
瑞祥商贸公司,http:////www.11467.com/quanzhou/co/111903.htm
日照鸿泰塑料制绳厂,http:////www.11467.com/rizhao/co/16065.htm
日照博林包装有限公司,http:////www.11467.com/rizhao/co/15933.htm
汕头市泰鑫制品实业有限公司,http:////www.11467.com/shantou/co/142464.htm
南方塑胶制品有限公司,http:////www.11467.com/shantou/co/142238.htm
汕头市美新塑胶有限公司,http:////www.11467.com/shantou/co/142396.htm
汕头市尼格塑胶有限公司,http:////www.11467.com/shantou/co/142181.htm
汕头市灿成工艺玩具实业有限公司,http:////www.11467.com/shantou/co/141926.htm
绍兴市凯迪塑料建筑材料有限公司,http:////www.11467.com/shaoxing/co/83060.htm
李德贵（个体经营）,http:////www.11467.com/shaoxing/co/82936.htm
嵊州市鸿强文具礼品有限公司,http:////www.11467.com/shaoxing/co/124121.htm
宁波三和壳体公司 沈阳办,http:////www.11467.com/shenyang/co/77112.htm
沈阳大同北泰注塑有限公司,http:////www.11467.com/shenyang/co/76943.htm
沈阳市北方机械厂,http:////www.11467.com/shenyang/co/77181.htm
沈阳市诺亚数码立体科技有限公司,http:////www.11467.com/shenyang/co/77102.htm
沈阳东北橡塑材料有限公司,http:////www.11467.com/shenyang/co/77239.htm
Jacos International Ltd.,http:////www.11467.com/shenzhen/co/696986.htm
崇达实业公司,http:////www.11467.com/shenzhen/co/693490.htm
宝耀塑胶制品厂,http:////www.11467.com/shenzhen/co/692658.htm
东方骏实业有限公司,http:////www.11467.com/shenzhen/co/694136.htm
发蒲兴塑胶模具厂,http:////www.11467.com/shenzhen/co/697972.htm
昌兴硅胶制品厂,http:////www.11467.com/shenzhen/co/697959.htm
动力塑胶模具有限公司,http:////www.11467.com/shenzhen/co/693291.htm
邓雪峰(个体经营),http:////www.11467.com/shenzhen/co/693234.htm
佳盈塑胶模具制造(深圳)有限公司,http:////www.11467.com/shenzhen/co/694831.htm
金泰塑胶五金制品有限公司,http:////www.11467.com/shenzhen/co/692463.htm
海源硅橡胶制品厂业务部,http:////www.11467.com/shenzhen/co/694414.htm
华键矽胶科技（深圳）有限公司2,http:////www.11467.com/shenzhen/co/694239.htm
乐斯塑胶模具厂,http:////www.11467.com/shenzhen/co/694297.htm
瑞兴隆塑胶五金厂,http:////www.11467.com/shenzhen/co/695212.htm
深圳均川塑胶五金制品厂,http:////www.11467.com/shenzhen/co/692678.htm
洛华发展有限公司,http:////www.11467.com/shenzhen/co/696445.htm
深圳得金贸易公司,http:////www.11467.com/shenzhen/co/696653.htm
精业万为塑胶模具厂,http:////www.11467.com/shenzhen/co/695020.htm
乔丰塑胶实业有限公司坑梓销售部,http:////www.11467.com/shenzhen/co/699596.htm
艾文斯塑料(深圳)有限公司,http:////www.11467.com/shenzhen/co/693410.htm
深圳利达贸易有限责任公司,http:////www.11467.com/shenzhen/co/696758.htm
深圳发蒲兴塑胶模具厂,http:////www.11467.com/shenzhen/co/697201.htm
深圳峰盟塑膠有限公司,http:////www.11467.com/shenzhen/co/698194.htm
深圳方大电子塑胶厂,http:////www.11467.com/shenzhen/co/697654.htm
金海洋经贸有限公司上海办事处,http:////www.11467.com/shenzhen/co/694527.htm
三荣塑胶制品有限公司,http:////www.11467.com/shenzhen/co/694923.htm
深圳南山区西丽福荣制品来料加工厂,http:////www.11467.com/shenzhen/co/693610.htm
立联实业有限公司,http:////www.11467.com/shenzhen/co/693290.htm
深圳市宝安区联振塑胶制品厂,http:////www.11467.com/shenzhen/co/695756.htm
欧科塑胶五金厂,http:////www.11467.com/shenzhen/co/696645.htm
欧科塑胶制品（深圳）有限公司,http:////www.11467.com/shenzhen/co/565623.htm
焯锋香港有限公司,http:////www.11467.com/shenzhen/co/695872.htm
刘碧（个体经营）,http:////www.11467.com/shenzhen/co/697993.htm
华塑塑胶制品厂,http:////www.11467.com/shenzhen/co/695533.htm
深圳华维塑胶制品有限公司,http:////www.11467.com/shenzhen/co/697288.htm
深圳爱宝塑胶加工厂,http:////www.11467.com/shenzhen/co/693666.htm
荣兴EVA发泡厂,http:////www.11467.com/shenzhen/co/694456.htm
深圳市奥德康实业有限公司营销部,http:////www.11467.com/shenzhen/co/694702.htm
深圳市广源五金浸胶厂,http:////www.11467.com/shenzhen/co/693768.htm
深圳市超达成模具行,http:////www.11467.com/shenzhen/co/697309.htm
深圳市汇升隆塑胶模具有限公司,http:////www.11467.com/shenzhen/co/697265.htm
深圳市观澜华采塑胶颜料行,http:////www.11467.com/shenzhen/co/694230.htm
奇浩塑胶模具五金有限公司,http:////www.11467.com/shenzhen/co/151204.htm
深圳市佳佑模具制品有限公司外贸部,http:////www.11467.com/shenzhen/co/694614.htm
深圳市宏盛发塑胶模具有限公司业务1,http:////www.11467.com/shenzhen/co/692525.htm
深圳市宏明吸塑制品有限公司,http:////www.11467.com/shenzhen/co/695922.htm
深圳市鸿瑞塑胶制品厂,http:////www.11467.com/shenzhen/co/696992.htm
深圳市宝翔五金塑胶厂,http:////www.11467.com/shenzhen/co/697055.htm
深圳市锦星塑胶制品厂,http:////www.11467.com/shenzhen/co/694482.htm
深圳市九九一实业有限公司,http:////www.11467.com/shenzhen/co/696133.htm
深圳市宝安区龙华信越精密制品厂,http:////www.11467.com/shenzhen/co/42212.htm
深圳市昆仑兴塑胶制品有限公司（业务部）,http:////www.11467.com/shenzhen/co/696675.htm
深圳市创金达塑胶有限公司,http:////www.11467.com/shenzhen/co/697077.htm
深圳市金新轻塑制品厂,http:////www.11467.com/shenzhen/co/697335.htm
深圳市南华制造厂,http:////www.11467.com/shenzhen/co/693348.htm
深圳市濠新实业有限公司,http:////www.11467.com/shenzhen/co/698870.htm
深圳市宝安区大浪恒星塑胶颜料行,http:////www.11467.com/shenzhen/co/693983.htm
深圳市琪琪贸易有限公司,http:////www.11467.com/shenzhen/co/694777.htm
深圳市明达兴轻塑制品厂,http:////www.11467.com/shenzhen/co/697449.htm
深圳市盛达塑胶制品厂,http:////www.11467.com/shenzhen/co/693906.htm
深圳市绅晟电子有限公司yw,http:////www.11467.com/shenzhen/co/694378.htm
深圳市鑫富莱科技有限公司,http:////www.11467.com/shenzhen/co/697476.htm
深圳市南大洋塑胶有限公司市场部,http:////www.11467.com/shenzhen/co/695174.htm
深圳市业勤塑胶模具制品厂销售部,http:////www.11467.com/shenzhen/co/697759.htm
深圳市俊凯实业有限公司市场部,http:////www.11467.com/shenzhen/co/694736.htm
深圳市台骐电子有限公司/采购部,http:////www.11467.com/shenzhen/co/697949.htm
深圳市永联电子有限公司,http:////www.11467.com/shenzhen/co/699116.htm
深圳市源泰塑胶制品厂,http:////www.11467.com/shenzhen/co/696324.htm
深圳市雨佳田实业发展有限公司营业部,http:////www.11467.com/shenzhen/co/698609.htm
深圳田丰盛实业有限公司,http:////www.11467.com/shenzhen/co/491382.htm
盛利五金饰品制品厂,http:////www.11467.com/shenzhen/co/696804.htm
浙江黄岩康亿丰塑业有限公司,http:////www.11467.com/taizhou/co/103377.htm
台州市路桥赛亚塑料制品厂,http:////www.11467.com/taizhou/co/102535.htm
朝进塑料厂,http:////www.11467.com/taizhou/co/102480.htm
东远国际贸易有限公司台州办事处,http:////www.11467.com/taizhou/co/103756.htm
台州市椒江洪家塑料机械设备厂,http:////www.11467.com/taizhou/co/982.htm
中天塑业有限公司外协部,http:////www.11467.com/taizhou/co/103390.htm
黄岩金通工艺塑料厂,http:////www.11467.com/taizhou/co/6677.htm
东远国际贸易有限公司台州办事处,http:////www.11467.com/taizhou/co/103755.htm
中海五金塑胶厂,http:////www.11467.com/taizhou/co/103696.htm
泰州市高港区益达塑料制品厂,http:////www.11467.com/taizhoushi/co/34087.htm
泰州市海陵区飞意达塑料制品有限公司,http:////www.11467.com/taizhoushi/co/46906.htm
泰州市汇丰工业皮带有限公司销售部,http:////www.11467.com/taizhoushi/co/34002.htm
泰州高港区宏发箱包厂,http:////www.11467.com/taizhoushi/co/34054.htm
玉田县林西镇玉卓塑料厂,http:////www.11467.com/tangshan/co/76251.htm
山东布莱森国际贸易有限公司,http:////www.11467.com/weifang/co/90678.htm
潍坊昌达包装保温材料有限公司,http:////www.11467.com/weifang/co/120281.htm
高密塑字公司,http:////www.11467.com/weifang/co/90698.htm
潍坊盛泰塑胶有限公司业务部,http:////www.11467.com/weifang/co/90715.htm
普利兹包装有限公司,http:////www.11467.com/weifang/co/90871.htm
威海双平塑料制品有限公司,http:////www.11467.com/weihai/co/35155.htm
威海三益电子有限公司,http:////www.11467.com/weihai/co/35142.htm
高翔模具有限公司,http:////www.11467.com/wenzhou/co/166746.htm
苍南县龙港正伟塑料制品厂,http:////www.11467.com/wenzhou/co/166938.htm
温州利业橡胶密封件厂,http:////www.11467.com/wenzhou/co/166819.htm
万峰皮鞋厂,http:////www.11467.com/wenzhou/co/166940.htm
浙江宏泰电器有限公司，销售七部,http:////www.11467.com/wenzhou/co/166705.htm
温州市博海塑料有限公司,http:////www.11467.com/wenzhou/co/166778.htm
钱通二手编织袋贸易有限公司,http:////www.11467.com/wuhan/co/109262.htm
上海捷诺电子有限公司（销售部）,http:////www.11467.com/wuhan/co/109160.htm
上海捷诺电子有限公司（武汉分公司）,http:////www.11467.com/wuhan/co/109156.htm
武汉欧建塑胶有限公司,http:////www.11467.com/wuhan/co/109305.htm
武汉市洪山区学彬塑料制品厂,http:////www.11467.com/wuhan/co/109490.htm
新疆金创益道路设施有限公司,http:////www.11467.com/wulumuqi/co/98540.htm
模艺（无锡）塑料有限公司,http:////www.11467.com/wuxi/co/210925.htm
无锡高云塑料制品有限公司,http:////www.11467.com/wuxi/co/218196.htm
无锡市科京塑业制品有限公司,http:////www.11467.com/wuxi/co/249444.htm
天航电机配件有限公司,http:////www.11467.com/wuxi/co/211129.htm
无锡市凌燕模具机械有限公司,http:////www.11467.com/wuxi/co/56301.htm
无锡市红叶塑钢有限公司,http:////www.11467.com/wuxi/co/211067.htm
无锡中良橡胶有限公司,http:////www.11467.com/wuxi/co/211308.htm
无锡市钱桥黎明橡塑制品厂,http:////www.11467.com/wuxi/co/115513.htm
田江（个体经营）,http:////www.11467.com/wuxi/co/211130.htm
新明眼镜厂,http:////www.11467.com/wuxi/co/210863.htm
无锡市玉祁民主保持架厂,http:////www.11467.com/wuxi/co/149202.htm
华尔达(厦门)塑胶有限公司研发部,http:////www.11467.com/xiamen/co/78530.htm
隆台廈門塑膠公司,http:////www.11467.com/xiamen/co/77924.htm
厦门港光塑胶工业有限公司业务部,http:////www.11467.com/xiamen/co/78580.htm
厦门嘉晖塑料制品有限公司,http:////www.11467.com/xiamen/co/78602.htm
厦门树容工贸有限公司业务部门,http:////www.11467.com/xiamen/co/78564.htm
厦门世洁塑料制品有限公司业务部,http:////www.11467.com/xiamen/co/78740.htm
鑫龙达塑胶制品厂,http:////www.11467.com/xiamen/co/77968.htm
厦门金汤模具有限公司客服部,http:////www.11467.com/xiamen/co/78404.htm
漳州东力工贸公司驻厦办事处,http:////www.11467.com/xiamen/co/78261.htm
厦门浦天贸易有限公司,http:////www.11467.com/xiamen/co/8032.htm
厦门豪法佳塑胶制品有限公司,http:////www.11467.com/xiamen/co/77877.htm
厦门震鸣工贸有限公司,http:////www.11467.com/xiamen/co/78843.htm
廈門市锦润塑膠有限公司,http:////www.11467.com/xiamen/co/78864.htm
威县万全橡塑制品厂,http:////www.11467.com/xintai/co/54188.htm
河北省宁晋东昌裕塑料制品厂,http:////www.11467.com/xintai/co/38121.htm
新乡市德诚塑业有限公司,http:////www.11467.com/xinxiang/co/27533.htm
宁国市扬子塑胶件厂,http:////www.11467.com/xuancheng/co/17563.htm
徐州市泉山区新华塑料瓶盖厂,http:////www.11467.com/xuzhou/co/61849.htm
盐城登冕塑业有限公司,http:////www.11467.com/yancheng/co/19889.htm
江苏盐城市龙龙塑业有限公司,http:////www.11467.com/yancheng/co/59660.htm
阳江市江城区艺彪五金制品厂,http:////www.11467.com/yangjiang/co/18929.htm
宏达橡胶制品公司,http:////www.11467.com/yangzhou/co/88412.htm
严继清（个体经营）,http:////www.11467.com/yangzhou/co/88458.htm
高邮市神龙箱包配件厂,http:////www.11467.com/yangzhou/co/38593.htm
扬州市环球塑料制品厂,http:////www.11467.com/yangzhou/co/88306.htm
琼花高科股份有限公司,http:////www.11467.com/yangzhou/co/88385.htm
广和塑料有限公司,http:////www.11467.com/yantai/co/131683.htm
烟台诚和塑业有限公司,http:////www.11467.com/yantai/co/131675.htm
烟台市福山文源塑料包装有限公司,http:////www.11467.com/yantai/co/19938.htm
付强,http:////www.11467.com/yibin/co/15896.htm
宜昌市新天利塑胶彩印包装有限公司,http:////www.11467.com/yichang/co/47430.htm
宜昌市华都科技有限公司,http:////www.11467.com/yichang/co/36046.htm
益阳市衡丰塑业有限公司,http:////www.11467.com/yiyang/co/10563.htm
广西玉林创奇塑料厂,http:////www.11467.com/yulin/co/19744.htm
徐道松(个体经营),http:////www.11467.com/yunfu/co/25589.htm
容成塑膠（福建）有限公司,http:////www.11467.com/zhangzhou/co/41103.htm
无锡市美盛图文展示有限公司,http:////www.11467.com/zhenjiang/co/48585.htm
江苏镇江渔干塑料拉丝厂,http:////www.11467.com/zhenjiang/co/53184.htm
镇江荣发塑料制品有限公司,http:////www.11467.com/zhenjiang/co/53119.htm
丹阳市汇力橡塑制品有限公司,http:////www.11467.com/zhenjiang/co/62007.htm
Zhenjiang Jerun Chemical Fiber,http:////www.11467.com/zhenjiang/co/53110.htm
振阳塑料五金厂,http:////www.11467.com/zhenjiang/co/53176.htm
森科塑胶制品厂,http:////www.11467.com/zhongshan/co/113635.htm
中山市浚华电器有限公司,http:////www.11467.com/zhongshan/co/28351.htm
小榄镇亨达塑料电器厂,http:////www.11467.com/zhongshan/co/113567.htm
中山市韩老大磁电实业有限公司,http:////www.11467.com/zhongshan/co/113004.htm
刘环（个体经营）,http:////www.11467.com/zhongshan/co/113128.htm
中山市钰山硅胶制品有限公司(春燕电子厂）,http:////www.11467.com/zhongshan/co/113631.htm
中山市小榄镇嘉权塑料制品厂,http:////www.11467.com/zhongshan/co/139930.htm
兴华五金塑料制品有限公司,http:////www.11467.com/zhongshan/co/113482.htm
彭玉龙（个体经营）,http:////www.11467.com/zhongshan/co/113327.htm
中山市长能五金塑料制品有限公司,http:////www.11467.com/zhongshan/co/46443.htm
山东齐鲁塑编集团股份有限公司销售部,http:////www.11467.com/zibo/co/89233.htm
山东蓝帆塑胶股份有限公司内贸部,http:////www.11467.com/zibo/co/89298.htm
临淄澄源塑料制品厂,http:////www.11467.com/zibo/co/89370.htm
山东淄博蒙信塑胶有限公司,http:////www.11467.com/zibo/co/89216.htm
宁波市镇海孙捷塑料制品厂,http:////www.11467.com/ningbo/co/84260.htm
玉环绿岛塑料包装厂,http:////www.11467.com/qingyang/co/12459.htm
玉环康诺医疗用品有限公司,http:////www.11467.com/qingyang/co/12418.htm
潮安县雅琪塑胶制品有限公司,http:////www.11467.com/shantou/co/97370.htm
苏州恒江塑料制品有限公司,http:////www.11467.com/suzhou/co/223260.htm
中山市飞恒脚轮有限公司,http:////www.11467.com/zhongshan/co/78053.htm
北京庭杰塑胶制品有限公司,http:////www.11467.com/beijing/co/582747.htm
诸城市日昇塑胶制品有限公司,http:////www.11467.com/weifang/co/145422.htm
