东莞市桥头台鑫包装材料店,http:////www.11467.com/dongguan/co/121888.htm
东莞市桥头台鑫包装材料店的商铺,http://dongguan0121888.11467.com
东莞市长安耀鼎饰品材料经营部,http:////www.11467.com/dongguan/co/410883.htm
东莞市长安耀鼎饰品材料经营部的商铺,http://dongguan0410883.11467.com
南京建康金箔厂,http:////www.11467.com/nanjing/co/12525.htm
南京建康金箔厂的商铺,http://nanjing012525.11467.com
深圳市大彩科技有限公司,http:////www.11467.com/shenzhen/co/762863.htm
深圳市大彩科技有限公司的商铺,http://shenzhen0762863.11467.com
缙云县粤得捷工艺品制品厂,http:////www.11467.com/guangzhou/co/160965.htm
缙云县粤得捷工艺品制品厂的商铺,http://guangzhou0160965.11467.com
西安恒泰软木有限公司,http:////www.11467.com/xian/co/48684.htm
西安恒泰软木有限公司的商铺,http://xian048684.11467.com
汕头市亮彩工艺制品实业有限公司,http:////www.11467.com/shantou/co/127822.htm
汕头市亮彩工艺制品实业有限公司的商铺,http://shantou0127822.11467.com
临沂河东旭丰工艺品厂,http:////www.11467.com/linyi/co/67691.htm
临沂河东旭丰工艺品厂的商铺,http://linyi067691.11467.com
南昌市西湖区唯美艺苑手工艺品店,http:////www.11467.com/nanchang/co/84864.htm
南昌市西湖区唯美艺苑手工艺品店的商铺,http://nanchang084864.11467.com
汕头市澄海区澄华丝叶工艺辅料店,http:////www.11467.com/shantou/co/133920.htm
汕头市澄海区澄华丝叶工艺辅料店的商铺,http://shantou0133920.11467.com
浙江大禾园景园艺有限公司,http:////www.11467.com/hangzhou/co/222305.htm
浙江大禾园景园艺有限公司的商铺,http://hangzhou0222305.11467.com
惠州市惠阳区焕晨贸易有限公司,http:////www.11467.com/huizhou/co/60816.htm
惠州市惠阳区焕晨贸易有限公司的商铺,http://huizhou060816.11467.com
灵寿县鼎鸿矿产品加工厂,http:////www.11467.com/shijiazhuang/co/80777.htm
灵寿县鼎鸿矿产品加工厂的商铺,http://shijiazhuang080777.11467.com
石家庄市桥东区一二三手工珠包批发商行,http:////www.11467.com/shijiazhuang/co/82797.htm
石家庄市桥东区一二三手工珠包批发商行的商铺,http://shijiazhuang082797.11467.com
莆田市涵江区龙标金箔厂,http:////www.11467.com/putian/co/31765.htm
莆田市涵江区龙标金箔厂的商铺,http://putian031765.11467.com
沈阳春恩橡化产品有限公司,http:////www.11467.com/shenyang/co/55092.htm
沈阳春恩橡化产品有限公司的商铺,http://shenyang055092.11467.com
江门市新会区会城建发胶丝厂,http:////www.11467.com/jiangmen/co/84458.htm
江门市新会区会城建发胶丝厂的商铺,http://jiangmen084458.11467.com
中山市古镇台鑫工艺材料部,http:////www.11467.com/dongguan/co/555821.htm
中山市古镇台鑫工艺材料部的商铺,http://dongguan0555821.11467.com
深圳市科晟达贸易有限公司,http:////www.11467.com/shenzhen/co/795737.htm
深圳市科晟达贸易有限公司的商铺,http://shenzhen0795737.11467.com
安溪县凤城新滢藤铁工艺品销售点,http:////www.11467.com/quanzhou/co/147232.htm
安溪县凤城新滢藤铁工艺品销售点的商铺,http://quanzhou0147232.11467.com
广州市晶固胶粘剂有限公司,http:////www.11467.com/guangzhou/co/451695.htm
广州市晶固胶粘剂有限公司的商铺,http://guangzhou0451695.11467.com
广州市番禺区大石晖彩化学产品经营部,http:////www.11467.com/guangzhou/co/431506.htm
广州市番禺区大石晖彩化学产品经营部的商铺,http://guangzhou0431506.11467.com
深圳市龙岗区平湖全顺达筛网经营部,http:////www.11467.com/shenzhen/co/811252.htm
深圳市龙岗区平湖全顺达筛网经营部的商铺,http://shenzhen0811252.11467.com
厦门市双宏体育文化用品有限公司,http:////www.11467.com/xiamen/co/37915.htm
厦门市双宏体育文化用品有限公司的商铺,http://xiamen037915.11467.com
深圳市俊霖技术发展有限公司,http:////www.11467.com/shenzhen/co/153669.htm
深圳市俊霖技术发展有限公司的商铺,http://shenzhen0153669.11467.com
东莞市日彩膜工艺材料有限公司,http:////www.11467.com/dongguan/co/184556.htm
东莞市日彩膜工艺材料有限公司的商铺,http://dongguan0184556.11467.com
东莞市樟木头盛记工艺品经营部,http:////www.11467.com/dongguan/co/183751.htm
东莞市樟木头盛记工艺品经营部的商铺,http://dongguan0183751.11467.com
广州市达添银饰品有限公司,http:////www.11467.com/guangzhou/co/429450.htm
广州市达添银饰品有限公司的商铺,http://guangzhou0429450.11467.com
深圳市达利行工艺制品有限公司,http:////www.11467.com/shenzhen/co/316818.htm
深圳市达利行工艺制品有限公司的商铺,http://shenzhen0316818.11467.com
深圳市龙岗区平湖博顺玻璃钢原料商行,http:////www.11467.com/shenzhen/co/810437.htm
深圳市龙岗区平湖博顺玻璃钢原料商行的商铺,http://shenzhen0810437.11467.com
深圳市龙岗区鑫顺发圣诞工艺商行,http:////www.11467.com/shenzhen/co/224022.htm
深圳市龙岗区鑫顺发圣诞工艺商行的商铺,http://shenzhen0224022.11467.com
石家庄魔码网络科技有限公司,http:////www.11467.com/shijiazhuang/co/154394.htm
石家庄魔码网络科技有限公司的商铺,http://shijiazhuang0154394.11467.com
深圳市尹文陶瓷技术有限公司,http:////www.11467.com/shenzhen/co/369320.htm
深圳市尹文陶瓷技术有限公司的商铺,http://shenzhen0369320.11467.com
深圳市鸿禧创意科技有限公司,http:////www.11467.com/shenzhen/co/254561.htm
深圳市鸿禧创意科技有限公司的商铺,http://shenzhen0254561.11467.com
深圳市迪恒光电有限公司,http:////www.11467.com/shenzhen/co/726496.htm
深圳市迪恒光电有限公司的商铺,http://shenzhen0726496.11467.com
东莞市万江小酷比工艺品材料经营部,http:////www.11467.com/dongguan/co/532621.htm
东莞市万江小酷比工艺品材料经营部的商铺,http://dongguan0532621.11467.com
东莞市英达纺织原料有限公司,http:////www.11467.com/dongguan/co/556329.htm
东莞市英达纺织原料有限公司的商铺,http://dongguan0556329.11467.com
合肥飞鸟纸工艺有限公司,http:////www.11467.com/hefei/co/137401.htm
合肥飞鸟纸工艺有限公司的商铺,http://hefei0137401.11467.com
义乌市青云电子商务有限公司,http:////www.11467.com/hangzhou/co/368977.htm
义乌市青云电子商务有限公司的商铺,http://hangzhou0368977.11467.com
义乌市普道工艺品厂,http:////www.11467.com/jinhua/co/122913.htm
义乌市普道工艺品厂的商铺,http://jinhua0122913.11467.com
连云港天盛草编制品有限公司,http:////www.11467.com/lianyungang/co/40921.htm
连云港天盛草编制品有限公司的商铺,http://lianyungang040921.11467.com
江门市新会区小冈戴灵香厂,http:////www.11467.com/jiangmen/co/84871.htm
江门市新会区小冈戴灵香厂的商铺,http://jiangmen084871.11467.com
深圳市广之研科技有限公司,http:////www.11467.com/shenzhen/co/810397.htm
深圳市广之研科技有限公司的商铺,http://shenzhen0810397.11467.com
深圳市龙岗区龙岗炜康电子粘胶剂商行,http:////www.11467.com/shenzhen/co/604418.htm
深圳市龙岗区龙岗炜康电子粘胶剂商行的商铺,http://shenzhen0604418.11467.com
江苏森豪仕软木有限公司,http:////www.11467.com/nantong/co/138922.htm
江苏森豪仕软木有限公司的商铺,http://nantong0138922.11467.com
深圳市新联振业包装材料有限公司,http:////www.11467.com/shenzhen/co/272675.htm
深圳市新联振业包装材料有限公司的商铺,http://shenzhen0272675.11467.com
深圳市正德行科技有限公司,http:////www.11467.com/shenzhen/co/98300.htm
深圳市正德行科技有限公司的商铺,http://shenzhen098300.11467.com
沭阳县福弟干花工艺品厂,http:////www.11467.com/suqian/co/26823.htm
沭阳县福弟干花工艺品厂的商铺,http://suqian026823.11467.com
深圳市捷超行模具有限公司,http:////www.11467.com/shenzhen/co/223286.htm
深圳市捷超行模具有限公司的商铺,http://shenzhen0223286.11467.com
赤壁市富强工艺厂,http:////www.11467.com/xianning/co/14827.htm
赤壁市富强工艺厂的商铺,http://xianning014827.11467.com
东莞市常平昊艺工艺材料经营部,http:////www.11467.com/dongguan/co/413640.htm
东莞市常平昊艺工艺材料经营部的商铺,http://dongguan0413640.11467.com
惠州市惠城区腾达人造花材料厂,http:////www.11467.com/huizhou/co/51596.htm
惠州市惠城区腾达人造花材料厂的商铺,http://huizhou051596.11467.com
福州恒通铁艺装饰有限公司,http:////www.11467.com/fuzhou/co/144396.htm
福州恒通铁艺装饰有限公司的商铺,http://fuzhou0144396.11467.com
杭州斯彩化工有限公司,http:////www.11467.com/hangzhou/co/222493.htm
杭州斯彩化工有限公司的商铺,http://hangzhou0222493.11467.com
中山市三乡金堡丝花工艺厂,http:////www.11467.com/zhongshan/co/925.htm
中山市三乡金堡丝花工艺厂的商铺,http://zhongshan0925.11467.com
鲍平（个体经营）,http:////www.11467.com/beijing/co/177294.htm
鲍平（个体经营）的商铺,http://beijing0177294.11467.com
北京爱陶乐软陶厂,http:////www.11467.com/beijing/co/305897.htm
北京爱陶乐软陶厂的商铺,http://beijing0305897.11467.com
温州市龙湾蒲州天成制笔厂,http:////www.11467.com/shanghai/co/87664.htm
温州市龙湾蒲州天成制笔厂的商铺,http://shanghai087664.11467.com
天津市宝坻区志贵工艺品厂,http:////www.11467.com/tianjin/co/6404.htm
天津市宝坻区志贵工艺品厂的商铺,http://tianjin06404.11467.com
惠州市富鑫源实业有限公司,http:////www.11467.com/huizhou/co/60800.htm
惠州市富鑫源实业有限公司的商铺,http://huizhou060800.11467.com
北京陶乐思手工材料有限公司,http:////www.11467.com/beijing/co/305867.htm
北京陶乐思手工材料有限公司的商铺,http://beijing0305867.11467.com
深圳市神美嘉科技有限公司,http:////www.11467.com/dongguan/co/607153.htm
深圳市神美嘉科技有限公司的商铺,http://dongguan0607153.11467.com
东阳市康龙工艺材料有限公司,http:////www.11467.com/jinhua/co/147776.htm
东阳市康龙工艺材料有限公司的商铺,http://jinhua0147776.11467.com
深圳市金彩箔业有限公司,http:////www.11467.com/shenzhen/co/1037669.htm
深圳市金彩箔业有限公司的商铺,http://shenzhen01037669.11467.com
中山市沙溪镇佳华工艺印花材料行,http:////www.11467.com/zhongshan/co/61525.htm
中山市沙溪镇佳华工艺印花材料行的商铺,http://zhongshan061525.11467.com
佛山市森美亚复合材料有限公司,http:////www.11467.com/foshan/co/284029.htm
佛山市森美亚复合材料有限公司的商铺,http://foshan0284029.11467.com
许昌市连熙化纤有限公司,http:////www.11467.com/xuchang/co/17058.htm
许昌市连熙化纤有限公司的商铺,http://xuchang017058.11467.com
深圳巨鑫工艺品有限公司,http:////www.11467.com/shenzhen/co/971565.htm
深圳巨鑫工艺品有限公司的商铺,http://shenzhen0971565.11467.com
郑州中昆农业技术开发有限公司,http:////www.11467.com/zhengzhou/co/148040.htm
郑州中昆农业技术开发有限公司的商铺,http://zhengzhou0148040.11467.com
珠海市华纶无纺布有限公司,http:////www.11467.com/zhuhai/co/6091.htm
珠海市华纶无纺布有限公司的商铺,http://zhuhai06091.11467.com
嘉兴市金利雅纺织有限公司,http:////www.11467.com/jiaxing/co/81516.htm
嘉兴市金利雅纺织有限公司的商铺,http://jiaxing081516.11467.com
潮州市永进鞋业有限公司,http:////www.11467.com/chaozhou/co/30379.htm
潮州市永进鞋业有限公司的商铺,http://chaozhou030379.11467.com
深圳市永辉颜料科技有限公司,http:////www.11467.com/dongguan/co/410320.htm
深圳市永辉颜料科技有限公司的商铺,http://dongguan0410320.11467.com
淄博市淄川明硕化工厂,http:////www.11467.com/zibo/co/71532.htm
淄博市淄川明硕化工厂的商铺,http://zibo071532.11467.com
平山镇黄德航工艺制品经营部,http:////www.11467.com/yiyang/co/22887.htm
平山镇黄德航工艺制品经营部的商铺,http://yiyang022887.11467.com
四会市大沙镇奔腾藤业制品厂,http:////www.11467.com/zhaoqing/co/39934.htm
四会市大沙镇奔腾藤业制品厂的商铺,http://zhaoqing039934.11467.com
河北迅强丝网制品有限公司,http:////www.11467.com/hengshui/co/40449.htm
河北迅强丝网制品有限公司的商铺,http://hengshui040449.11467.com
赤壁市楚韵竹制工艺品厂,http:////www.11467.com/xianning/co/14828.htm
赤壁市楚韵竹制工艺品厂的商铺,http://xianning014828.11467.com
广西慧泉投资投资有限公司,http:////www.11467.com/nanning/co/98057.htm
广西慧泉投资投资有限公司的商铺,http://nanning098057.11467.com
句容市百事特复合材料有限公司,http:////www.11467.com/zhenjiang/co/54114.htm
凤凰县宝兴工矿产品经营部,http:////www.11467.com/xianxi/co/8426.htm
安徽省广德县燕子岭天然彩砂有限公司,http:////www.11467.com/xuancheng/co/16033.htm
广西河池圣诞工艺天然材料经营部,http:////www.11467.com/hechi/co/11063.htm
霍柏玲（个体经营）,http:////www.11467.com/heihe/co/18892.htm
彩片假发 格格铺子,http:////www.11467.com/yaan/co/7893.htm
延安丝网花工艺品店,http:////www.11467.com/yanan/co/12504.htm
佛山市顺德区巴德富实业有限公司,http:////www.11467.com/foshan/co/267224.htm
月亮（个体经营）,http:////www.11467.com/dingxi/co/8058.htm
李强《个体经营》,http:////www.11467.com/akesu/co/11061.htm
新屯奇石有限公司,http:////www.11467.com/aletai/co/5922.htm
邱亚琼（个体经营）,http:////www.11467.com/bazhong/co/6642.htm
临江市东江工艺制品有限责任公司,http:////www.11467.com/jilinshi/co/82373.htm
个体经营周燕,http:////www.11467.com/jingmen/co/15047.htm
三创工艺公司,http:////www.11467.com/jixi/co/20583.htm
云南彩沙砂文化传播有限公司,http:////www.11467.com/qujing/co/18437.htm
伊人坊手工饰品公司,http:////www.11467.com/shihezi/co/5493.htm
惠农区锦龙石膏粉厂,http:////www.11467.com/shizuishan/co/9827.htm
思特工艺品制造有限责任公司,http:////www.11467.com/shuangyashang/co/9225.htm
塔城市华砚科技有限责任公司,http:////www.11467.com/tacheng/co/8690.htm
马龙【个体经营】,http:////www.11467.com/tulufan/co/4565.htm
保定市赛恩科技发展有限公司,http:////www.11467.com/baoding/co/60302.htm
兴旺木业加工厂,http:////www.11467.com/baoding/co/81733.htm
湖南天通科技有限公司,http:////www.11467.com/changsha/co/91294.htm
常州市方鑫化工物资有限公司,http:////www.11467.com/changzhou/co/79840.htm
东莞市帝皇金工艺品有限公司,http:////www.11467.com/dongguan/co/167105.htm
东莞日彩工艺品材料有限公司,http:////www.11467.com/dongguan/co/164746.htm
东莞市博力斯玻璃纤维有限公司,http:////www.11467.com/dongguan/co/376495.htm
东莞市长安津华彩工艺材料商行,http:////www.11467.com/dongguan/co/351727.htm
东莞市佰仕特工艺制品有限公司,http:////www.11467.com/dongguan/co/458625.htm
东莞市石碣昌发服装辅料厂,http:////www.11467.com/dongguan/co/491875.htm
东莞市絮彩工艺品有限公司,http:////www.11467.com/dongguan/co/498937.htm
鸿远工艺辅料制品有限公司,http:////www.11467.com/dongguan/co/348328.htm
东莞市新时代金属颜料有限公司,http:////www.11467.com/dongguan/co/168836.htm
赖炳祥（个体经营）,http:////www.11467.com/dongguan/co/168926.htm
广州花盛工艺有限公司,http:////www.11467.com/guangzhou/co/195880.htm
广州飞霸商贸有限公司,http:////www.11467.com/guangzhou/co/470940.htm
广州高立织带饰品企业有限公司,http:////www.11467.com/guangzhou/co/196101.htm
中山市东鑫饰品配件有限公司,http:////www.11467.com/guangzhou/co/340703.htm
陕西汉中市中锐超微粉体材料厂广州办事处,http:////www.11467.com/guangzhou/co/162310.htm
杭州诚征机械有限公司,http:////www.11467.com/hangzhou/co/222414.htm
浙江加摩铝塑工业有限公司,http:////www.11467.com/hangzhou/co/277429.htm
东风汽车有限责任公司,http:////www.11467.com/huizhou/co/61031.htm
河南银城科技股份有限公司,http:////www.11467.com/jiaozuo/co/26596.htm
陋室茗茶业（花草茶）有限公司,http:////www.11467.com/jieyang/co/22254.htm
宏杨家具工艺品有限公司,http:////www.11467.com/jiujiang/co/21025.htm
聊城市东昌府区超琪葫芦工艺品有限公司,http:////www.11467.com/liaocheng/co/27098.htm
刘明,http:////www.11467.com/nanjing/co/56855.htm
福建省建瓯市玉林竹制品有限公司,http:////www.11467.com/nanping/co/40413.htm
福建省亮节工贸有限公司,http:////www.11467.com/nanping/co/40237.htm
南阳市丰源角雕工艺厂,http:////www.11467.com/nanyang/co/2402.htm
香港启发集团龙翔机械厂,http:////www.11467.com/ningbo/co/76686.htm
莆田市秀屿区恒达珠宝饰品有限公司,http:////www.11467.com/putian/co/24480.htm
青岛帝安食品配料有限公司销售部,http:////www.11467.com/qingdao/co/76802.htm
泉州恒兴胶业,http:////www.11467.com/quanzhou/co/95417.htm
伟邦有机硅(福建)有限公司,http:////www.11467.com/quanzhou/co/132751.htm
云南永顺水麻皮厂,http:////www.11467.com/qujing/co/19433.htm
滕发五金工艺玩具制品厂,http:////www.11467.com/shantou/co/133833.htm
汕头市鑫谷实业有限公司,http:////www.11467.com/shantou/co/122703.htm
绍兴市永恒熔炉厂,http:////www.11467.com/shaoxing/co/75867.htm
沈阳拜斯特复合材料有限公司销售部,http:////www.11467.com/shenyang/co/55402.htm
彩嘉科技发展有限公司技术部,http:////www.11467.com/shenzhen/co/607135.htm
深圳金彩箔业有限公司,http:////www.11467.com/shenzhen/co/792686.htm
深圳市龙岗区泛台有机玻璃（压克力）商行,http:////www.11467.com/shenzhen/co/613909.htm
深圳市美佳丽工艺品有限公司,http:////www.11467.com/shenzhen/co/224868.htm
河北顺达房地产投资经纪有限公司,http:////www.11467.com/shijiazhuang/co/81000.htm
龍鑫股份有限公司,http:////www.11467.com/weihai/co/47366.htm
乌马河和合贸易有限公司,http:////www.11467.com/yichunshi/co/16109.htm
黑龙江省伊春市美溪林业局种子公司,http:////www.11467.com/yichunshi/co/16108.htm
上海国韵实业有限公司,http:////www.11467.com/shanghai/co/538955.htm
上海大唐盛隆制冷科技有限公司,http:////www.11467.com/shanghai/co/1099175.htm
东莞市汇欣实业有限公司,http:////www.11467.com/dongguan/co/489222.htm
临沂雪艺柳编有限公司,http:////www.11467.com/linyi/co/94462.htm
东莞中鼎模具硅橡胶有机硅胶材料公司,http:////www.11467.com/dongguan/co/489449.htm
得丰木业有限公司,http:////www.11467.com/jiangmen/co/84616.htm
汶川县岷山金刚砂有限责任公司,http:////www.11467.com/aba/co/4766.htm
安徽安庆景泰蓝工艺厂,http:////www.11467.com/anqing/co/24386.htm
爱心陶陶艺工作室,http:////www.11467.com/anshan/co/70786.htm
赵季雪(个体经营),http:////www.11467.com/anshan/co/73175.htm
华艺工艺品加工厂,http:////www.11467.com/anyang/co/26585.htm
河南工艺加工有限公司,http:////www.11467.com/anyang/co/29281.htm
双龙工艺制品公司,http:////www.11467.com/baise/co/10550.htm
曲阳兴辉石材雕刻有限公司,http:////www.11467.com/baoding/co/80006.htm
新港树脂模具制造公司,http:////www.11467.com/baoding/co/55787.htm
秦麦成（个体经营）,http:////www.11467.com/baoji/co/24509.htm
谷立君（个体经营）,http:////www.11467.com/baoji/co/28645.htm
风翔县吉祥农产品专业合作社,http:////www.11467.com/baoji/co/24552.htm
包头市昆区逸雅阁书画店,http:////www.11467.com/baotou/co/25893.htm
包头懋隆白银饰品有限责任公司,http:////www.11467.com/baotou/co/25841.htm
鲁门工艺品有限公司,http:////www.11467.com/baotou/co/23530.htm
广西北海伍福珍珠养殖场,http:////www.11467.com/beihai/co/14207.htm
西宁市标本制作中心,http:////www.11467.com/benxi/co/28677.htm
富键产品集团有限公司,http:////www.11467.com/shenzhen/co/225506.htm
江西都昌进珍珠贝类有限公司,http:////www.11467.com/shenzhen/co/607646.htm
贸联饰品配件厂,http:////www.11467.com/shenzhen/co/604724.htm
深圳红叶杰液体硅胶有限公司,http:////www.11467.com/shenzhen/co/766524.htm
李梅,http:////www.11467.com/shenzhen/co/726878.htm
华宇工艺制品有限公司,http:////www.11467.com/shenzhen/co/609938.htm
深圳市奥贝迪塑胶电子有限公司,http:////www.11467.com/shenzhen/co/725129.htm
深圳曹氏光大贝壳工艺品有限公司,http:////www.11467.com/shenzhen/co/761110.htm
深圳市彩嘉科技发展有限公司(业务部),http:////www.11467.com/shenzhen/co/238898.htm
深圳市杰华文具有限公司——业务部,http:////www.11467.com/shenzhen/co/235921.htm
深圳市惠轩工艺品有限公司,http:////www.11467.com/shenzhen/co/769992.htm
深圳龙岗区平湖信利植绒经销部,http:////www.11467.com/shenzhen/co/792685.htm
深圳诺奥贸易有限公司,http:////www.11467.com/shenzhen/co/229404.htm
深圳市金盛兴工艺制品有限公司,http:////www.11467.com/shenzhen/co/795014.htm
深圳市华盛康波丽材料有限公司,http:////www.11467.com/shenzhen/co/223875.htm
深圳市龙岗区坪地福合兴织带厂,http:////www.11467.com/shenzhen/co/578219.htm
深圳市絮彩科技有限公司,http:////www.11467.com/shenzhen/co/223911.htm
苏州赛恩灵程机械制造有限公司,http:////www.11467.com/suzhou/co/269682.htm
台州市黄岩杨木夹板有限公司,http:////www.11467.com/taizhou/co/82216.htm
台州市黄岩永大工艺线带有限公司,http:////www.11467.com/taizhou/co/98535.htm
台州市万丰林业有限公司,http:////www.11467.com/taizhou/co/139765.htm
陕西威仕花业有限公司,http:////www.11467.com/xian/co/55239.htm
徐州四方铝业集团有限公司,http:////www.11467.com/xuzhou/co/52971.htm
阳江市杰奇美甲美容制品有限公司,http:////www.11467.com/yangjiang/co/17157.htm
宁夏宏昌房地产开发有限公司,http:////www.11467.com/yinchuan/co/38729.htm
郑州三立科技有限公司水晶系列,http:////www.11467.com/zhengzhou/co/127512.htm
丹阳尊泰光学眼镜有限公司,http:////www.11467.com/zhenjiang/co/64299.htm
项城市王明口金凯利德皮件厂,http:////www.11467.com/zhoukou/co/21181.htm
北京昌琪树脂工艺品厂,http:////www.11467.com/beijing/co/710539.htm
夜郎工艺品综合开发有限公司,http:////www.11467.com/bijie/co/8463.htm
山东省博兴县永祥纸绳厂,http:////www.11467.com/binzhou/co/18610.htm
河南安科电子技术有限公司,http:////www.11467.com/bozhou/co/9052.htm
林金桥（个体经营）,http:////www.11467.com/cangzhou/co/42897.htm
沧州市运西恒泰文印中心,http:////www.11467.com/cangzhou/co/42871.htm
吉林恒德贸易有限公司,http:////www.11467.com/changchun/co/77231.htm
长春市净月勤俭五金工具厂,http:////www.11467.com/changchun/co/70932.htm
梦幻工坊软陶吧,http:////www.11467.com/changchun/co/70790.htm
歧薇结古韵坊,http:////www.11467.com/changchun/co/70666.htm
临澧县鼎盛精铸技术有限责任公司,http:////www.11467.com/changde/co/24188.htm
好朋友文具用品公司,http:////www.11467.com/changde/co/31847.htm
龙阳贝壳加工厂,http:////www.11467.com/changde/co/30803.htm
红湘沙工艺制品有限公司,http:////www.11467.com/changsha/co/91530.htm
长沙平盛巧妙佳佳坊,http:////www.11467.com/changsha/co/91056.htm
长沙礼品有限公司,http:////www.11467.com/changsha/co/121430.htm
长沙美诺农产品贸易有限公司,http:////www.11467.com/changsha/co/76386.htm
福商装饰工艺品有限公司,http:////www.11467.com/changsha/co/76525.htm
湖南花泥画制造工作坊,http:////www.11467.com/changsha/co/76537.htm
黑风侠电脑公司,http:////www.11467.com/changsha/co/75919.htm
湖南远剑景泰蓝蓝工艺制作中心,http:////www.11467.com/changsha/co/76467.htm
潘之光（个体经营）,http:////www.11467.com/changsha/co/76300.htm
轻风逐梦手工作坊,http:////www.11467.com/changsha/co/76217.htm
唐定坤食品有限公司,http:////www.11467.com/changsha/co/76178.htm
常州宏洲光电材料有限公司,http:////www.11467.com/changzhou/co/76926.htm
福莲水晶店,http:////www.11467.com/changzhou/co/94458.htm
江苏省常州市鹏强针纺织品有限公司,http:////www.11467.com/changzhou/co/117456.htm
常州市武进庞氏模具有限公司,http:////www.11467.com/changzhou/co/28508.htm
中国 江苏 常州 轩苑园花艺有限公司,http:////www.11467.com/changzhou/co/94655.htm
潮州市枫溪区仕兴木艺制品厂,http:////www.11467.com/chaozhou/co/27136.htm
广东省潮州市开发区修杰装饰材料厂,http:////www.11467.com/chaozhou/co/26235.htm
潮州星光公司,http:////www.11467.com/chaozhou/co/27074.htm
蓝蝶水晶花艺坊,http:////www.11467.com/chaozhou/co/27094.htm
承德盛京工贸有限公司,http:////www.11467.com/chengde/co/20870.htm
宋艳超（个体经营）,http:////www.11467.com/chengde/co/22062.htm
成都紫鹰商贸有限公司,http:////www.11467.com/chengdu/co/65115.htm
成都创意丝网花艺社有限公司,http:////www.11467.com/chengdu/co/117100.htm
成都市华怡达化工有限责任公司,http:////www.11467.com/chengdu/co/117644.htm
乌鲁木齐市地矿局矿山服务公司,http:////www.11467.com/chengdu/co/88739.htm
科立通讯公司,http:////www.11467.com/chengdu/co/117034.htm
江苏草纸公司,http:////www.11467.com/chengdu/co/88360.htm
四川西昌山珍店,http:////www.11467.com/chengdu/co/82153.htm
四川成都金箔工艺美术公司,http:////www.11467.com/chengdu/co/88742.htm
杨贵琼（个体经营）,http:////www.11467.com/chengdu/co/88177.htm
台湾塑胶厂,http:////www.11467.com/chengdu/co/117329.htm
湖南省郴州创意画坊,http:////www.11467.com/chenzhou/co/19857.htm
大理市龙之水晶工艺厂,http:////www.11467.com/dali/co/11987.htm
大连一番沙画工作室,http:////www.11467.com/dalian/co/54173.htm
大家贝壳粉厂,http:////www.11467.com/dalian/co/54233.htm
大连博雅工艺品有限公司,http:////www.11467.com/dalian/co/53896.htm
绿泉艺术品公司,http:////www.11467.com/dandong/co/47324.htm
大庆市石化总厂明苑幼儿园,http:////www.11467.com/daqing/co/40891.htm
北京兰色骏马科技发展有限公司,http:////www.11467.com/daqing/co/39076.htm
中江县锦洋竹草编制品专业合作社,http:////www.11467.com/deyang/co/30824.htm
天艺美术工艺画有限公司,http:////www.11467.com/deyang/co/32166.htm
德州监理有限公司,http:////www.11467.com/dezhou/co/35649.htm
长驱印花材料有限公司,http:////www.11467.com/dongguan/co/348705.htm
长安沃昌金属饰品材料厂,http:////www.11467.com/dongguan/co/169933.htm
EPMC灯饰材料有限公司,http:////www.11467.com/dongguan/co/349745.htm
东莞昊艺工艺品材料经营部,http:////www.11467.com/dongguan/co/347930.htm
东莞诚辉粘胶经营部,http:////www.11467.com/dongguan/co/169733.htm
辰曦饰品厂,http:////www.11467.com/dongguan/co/348014.htm
大岭山竹板竹方竹圆棒经营部,http:////www.11467.com/dongguan/co/169552.htm
东莞蓝艺手办材料厂,http:////www.11467.com/dongguan/co/167036.htm
东莞汇欣工贸有限公司(销售部),http:////www.11467.com/dongguan/co/167634.htm
东莞汇欣雕塑材料工贸有限公司,http:////www.11467.com/dongguan/co/510241.htm
东莞雕塑工艺品材料有限公司,http:////www.11467.com/dongguan/co/349565.htm
东莞鼎坤鞋材料有限公司,http:////www.11467.com/dongguan/co/348229.htm
东莞金箔贴金工艺美术公司,http:////www.11467.com/dongguan/co/169409.htm
东莞恒基实业有限公司,http:////www.11467.com/dongguan/co/348321.htm
东莞科创标牌装饰厂,http:////www.11467.com/dongguan/co/165620.htm
东莞市东城富强蜡烛厂,http:////www.11467.com/dongguan/co/13902.htm
东莞力太饰品有限公司,http:////www.11467.com/dongguan/co/348585.htm
东莞东城厦云电子有限公司,http:////www.11467.com/dongguan/co/148041.htm
东莞瑞丰竹制品有限公司,http:////www.11467.com/dongguan/co/167489.htm
东莞景世模具硅胶矽利康雕塑泥有限公司,http:////www.11467.com/dongguan/co/169194.htm
东莞市虎门强民五金模具厂,http:////www.11467.com/dongguan/co/168919.htm
东莞贝美工艺品辅料有限公司,http:////www.11467.com/dongguan/co/164988.htm
东莞市东仑化工有限公司,http:////www.11467.com/dongguan/co/334096.htm
东莞枫盛实业有限公司,http:////www.11467.com/dongguan/co/348736.htm
东莞港田化工有限公司,http:////www.11467.com/dongguan/co/506851.htm
雕塑材料经营部,http:////www.11467.com/dongguan/co/508727.htm
东莞市大朗福桥石膏粉体材料经营部,http:////www.11467.com/dongguan/co/168958.htm
百利发精品有限公司,http:////www.11467.com/dongguan/co/350599.htm
东莞桦腾橡胶制品有限公司,http:////www.11467.com/dongguan/co/349780.htm
东莞市昊艺工贸有限公司,http:////www.11467.com/dongguan/co/349566.htm
东莞市嘉彩实业有限公司,http:////www.11467.com/dongguan/co/164585.htm
东莞市汇欣公司,http:////www.11467.com/dongguan/co/147980.htm
东莞市明勋化工贸易有限公司,http:////www.11467.com/dongguan/co/374726.htm
东莞市南昱树脂五金制品有限公司,http:////www.11467.com/dongguan/co/223236.htm
东莞市盛记实业有限公司,http:////www.11467.com/dongguan/co/187462.htm
东莞市汇欣公司销售部,http:////www.11467.com/dongguan/co/348348.htm
东莞市汇欣软陶有限公司,http:////www.11467.com/dongguan/co/168412.htm
东莞市欧美亚实业,http:////www.11467.com/dongguan/co/169718.htm
东莞市欣瑞企业有限公司,http:////www.11467.com/dongguan/co/349015.htm
东莞市天豪竹业经营部,http:////www.11467.com/dongguan/co/166411.htm
东莞市天豪竹业有限公司,http:////www.11467.com/dongguan/co/507840.htm
东莞市塘厦南宇五金加工店,http:////www.11467.com/dongguan/co/192437.htm
东莞市鑫润来电子科技有限公司,http:////www.11467.com/dongguan/co/463910.htm
东莞市樟木头虹彩装饰材料店,http:////www.11467.com/dongguan/co/196474.htm
东莞市日彩膜工艺材料有限公司总经理室,http:////www.11467.com/dongguan/co/348449.htm
东莞市锐都装饰材料有限公司,http:////www.11467.com/dongguan/co/166835.htm
东莞市顺通色膏有限公司,http:////www.11467.com/dongguan/co/166665.htm
佛山市顺德区蓝晶德泰塑料制品有限公司,http:////www.11467.com/dongguan/co/184674.htm
东莞市志尚实业有限公司,http:////www.11467.com/dongguan/co/412797.htm
东莞中森玻璃厂,http:////www.11467.com/dongguan/co/169098.htm
东莞易美多丝网油墨器材有限公司,http:////www.11467.com/dongguan/co/167052.htm
东莞忠辉化工有限公司,http:////www.11467.com/dongguan/co/348253.htm
东莞塘厦景世模型材料专卖行,http:////www.11467.com/dongguan/co/169195.htm
湖南高强石膏制品有限公司东莞办事处,http:////www.11467.com/dongguan/co/350823.htm
绘腾编织工艺品厂,http:////www.11467.com/dongguan/co/168517.htm
惠阳区利可得实业有限公司,http:////www.11467.com/dongguan/co/183825.htm
佳烨雕塑工作室,http:////www.11467.com/dongguan/co/349350.htm
东莞市天茂硅胶有限公司,http:////www.11467.com/dongguan/co/65050.htm
东莞市天泰宝化工有限公司,http:////www.11467.com/dongguan/co/175968.htm
黄木东（个体经营）,http:////www.11467.com/dongguan/co/167333.htm
佳辉金箔公司,http:////www.11467.com/dongguan/co/168250.htm
俊俊流行饰品有限公司,http:////www.11467.com/dongguan/co/148230.htm
汇欣工贸有限公司业务部,http:////www.11467.com/dongguan/co/168410.htm
佳欣波丽材料贸易有限公司,http:////www.11467.com/dongguan/co/349348.htm
东莞市谢岗万春工艺制品厂,http:////www.11467.com/dongguan/co/183684.htm
福泰工艺材料商行,http:////www.11467.com/dongguan/co/350442.htm
富冠亚克力展示工艺制品厂,http:////www.11467.com/dongguan/co/351365.htm
华美硅胶制品厂,http:////www.11467.com/dongguan/co/168498.htm
华江工艺化工贸易行,http:////www.11467.com/dongguan/co/349121.htm
华艺堂工作室,http:////www.11467.com/dongguan/co/348341.htm
嘉兴波丽工艺原料有限公司,http:////www.11467.com/dongguan/co/351192.htm
金财堡饰品材料厂业务部,http:////www.11467.com/dongguan/co/168280.htm
嘉达矽利康化工材料有限公司,http:////www.11467.com/dongguan/co/348440.htm
三彩专业蜡制品厂,http:////www.11467.com/dongguan/co/350484.htm
东莞市华丽金箔集团,http:////www.11467.com/dongguan/co/165697.htm
东莞市志兴胶垫粘贴制品厂,http:////www.11467.com/dongguan/co/348159.htm
精雕油泥彩色油泥软陶泥有限公司,http:////www.11467.com/dongguan/co/167152.htm
模具硅胶矽利康PU树脂模型材料厂,http:////www.11467.com/dongguan/co/167035.htm
俊恒工艺品原料供应公司,http:////www.11467.com/dongguan/co/168027.htm
佳欣波丽工艺原材料有限公司,http:////www.11467.com/dongguan/co/349775.htm
海南百椰椰艺术制品有限公司,http:////www.11467.com/dongguan/co/146903.htm
软陶精雕油泥厂,http:////www.11467.com/dongguan/co/350906.htm
新艺丝网花材料批发销售部,http:////www.11467.com/dongguan/co/166881.htm
飞星工艺制品厂,http:////www.11467.com/dongguan/co/166983.htm
東莞市玉兒房工藝製品有限公司,http:////www.11467.com/dongguan/co/350176.htm
胜和五金饰品有限公司,http:////www.11467.com/dongguan/co/349793.htm
东莞文雅达有限公司,http:////www.11467.com/dongguan/co/350243.htm
恒固家私建材附料贸易公司,http:////www.11467.com/dongguan/co/349024.htm
龙祥工艺制品有限公司,http:////www.11467.com/dongguan/co/164977.htm
蓝艺模具硅胶PU树脂模型材料厂,http:////www.11467.com/dongguan/co/347899.htm
泰原花艺经营部,http:////www.11467.com/dongguan/co/168546.htm
榄实贸易有限公司(东莞经营部),http:////www.11467.com/dongguan/co/349681.htm
珍宝阁饰品店,http:////www.11467.com/dongguan/co/168239.htm
东莞市汉平贸易有限公司,http:////www.11467.com/dongguan/co/414508.htm
广州捷艺电镀厂厚街收发点,http:////www.11467.com/dongguan/co/167971.htm
兴泰五金首饰品配件,http:////www.11467.com/dongguan/co/165805.htm
信利波利材料经营部,http:////www.11467.com/dongguan/co/348740.htm
盛智科技工程公司,http:////www.11467.com/dongguan/co/347926.htm
事达滴胶有限公司,http:////www.11467.com/dongguan/co/349542.htm
翊欣工艺品材料有限公司,http:////www.11467.com/dongguan/co/351521.htm
思华有限公司,http:////www.11467.com/dongguan/co/350765.htm
益盛飾品有限公司業務部,http:////www.11467.com/dongguan/co/168439.htm
飞腾达金箔工艺有限公司,http:////www.11467.com/dongguan/co/165686.htm
阴沉木开发有限公司,http:////www.11467.com/dongguan/co/169893.htm
圣东圣诞工艺制品厂,http:////www.11467.com/dongguan/co/166694.htm
雅尼饰品有限公司,http:////www.11467.com/dongguan/co/167895.htm
禾群有限公司,http:////www.11467.com/dongguan/co/349258.htm
金海（康兴）合金有限公司,http:////www.11467.com/dongguan/co/350712.htm
志凌电子材料厂,http:////www.11467.com/dongguan/co/268023.htm
棋顺达布料有限公司,http:////www.11467.com/dongguan/co/350344.htm
琼利珊瑚工艺厂,http:////www.11467.com/dongguan/co/348061.htm
日彩膜工艺有限公司,http:////www.11467.com/dongguan/co/164925.htm
鸿鼎珍珠工艺品厂,http:////www.11467.com/dongguan/co/168824.htm
玉林地板有限公司,http:////www.11467.com/dongguan/co/165142.htm
伟易达公贸有限公司,http:////www.11467.com/dongguan/co/351048.htm
东莞市友盟色浆有限公司,http:////www.11467.com/dongguan/co/347172.htm
东莞泰昌树脂材料有限公司,http:////www.11467.com/dongguan/co/510908.htm
凸高镭射材料有限公司,http:////www.11467.com/dongguan/co/148389.htm
广东省家居建材材料有限公司,http:////www.11467.com/dongguan/co/167711.htm
汇欣工贸有限公司东莞分公司,http:////www.11467.com/dongguan/co/350735.htm
利雅手袋厂,http:////www.11467.com/dongguan/co/169156.htm
东莞市恒泰干花科技有限公司,http:////www.11467.com/dongguan/co/147910.htm
廖赞锋（个体经营,http:////www.11467.com/dongguan/co/350577.htm
广鑫树脂制品厂,http:////www.11467.com/dongguan/co/169957.htm
孤岛个体经营,http:////www.11467.com/dongying/co/27713.htm
零点丝网花店,http:////www.11467.com/dongying/co/27704.htm
迪科家私（佛山）有限公司,http:////www.11467.com/foshan/co/204253.htm
佛山南海艺高洁具配件厂,http:////www.11467.com/foshan/co/203492.htm
佛山市南海区里水镇恒信饰品厂,http:////www.11467.com/foshan/co/204162.htm
顶盛实业股份有限公司,http:////www.11467.com/foshan/co/203447.htm
非凡首饰有限公司,http:////www.11467.com/foshan/co/190380.htm
广东裕元沾胶剂有限公司,http:////www.11467.com/foshan/co/203442.htm
广东佛山时尚女性贸易有限公司,http:////www.11467.com/foshan/co/267179.htm
佛山市南海洪恩藤塑木工艺有限公司,http:////www.11467.com/foshan/co/23480.htm
陈氏海贝供应有限公司,http:////www.11467.com/foshan/co/266138.htm
佛山市顺德区长兴首饰有限公司,http:////www.11467.com/foshan/co/211793.htm
佛山市泰诚贸易发展有限公司,http:////www.11467.com/foshan/co/204711.htm
广东省南海泌冲藤厂,http:////www.11467.com/foshan/co/203357.htm
万胜美花艺店,http:////www.11467.com/foshan/co/203817.htm
元宝家具有限公司,http:////www.11467.com/foshan/co/266169.htm
广东恒立模具硅橡胶有限公司,http:////www.11467.com/foshan/co/266519.htm
金海滨装饰公司,http:////www.11467.com/foshan/co/266667.htm
千彩金箔公司,http:////www.11467.com/foshan/co/203944.htm
明辉雕塑工作室,http:////www.11467.com/foshan/co/204387.htm
开华礼品工艺厂,http:////www.11467.com/foshan/co/266559.htm
凯盛工艺品有限公司,http:////www.11467.com/foshan/co/203844.htm
顺德信兴玻璃制品有限公司,http:////www.11467.com/foshan/co/203867.htm
玉龙手工艺品制做工作室,http:////www.11467.com/fushun/co/26608.htm
春雨苗木有限公司,http:////www.11467.com/fuxin/co/15758.htm
油松果手选厂,http:////www.11467.com/fuxin/co/15750.htm
福州福盛针纺织有限公司,http:////www.11467.com/fuzhou/co/151503.htm
金灵子有限公司,http:////www.11467.com/fuzhou/co/151138.htm
福州市福轩坊工艺品有限公司,http:////www.11467.com/fuzhou/co/137076.htm
信兴颜料有限公司,http:////www.11467.com/fuzhou/co/133686.htm
福州升华龙建材有限公司,http:////www.11467.com/fuzhou/co/136066.htm
福州金兄弟装饰材料有限公司,http:////www.11467.com/fuzhou/co/65897.htm
艺豪贸易有限公司,http:////www.11467.com/fuzhou/co/136236.htm
福州明光实业有限责任公司,http:////www.11467.com/fuzhou/co/150961.htm
福州云智汇电子商务有限公司,http:////www.11467.com/fuzhou/co/191239.htm
抚州市临川汇怡木材加工店,http:////www.11467.com/fuzhoushi/co/16438.htm
四川广元竹子竹业销售公司,http:////www.11467.com/guangyuan/co/16305.htm
包完美手机包膜酷站有限公司,http:////www.11467.com/guangzhou/co/343111.htm
百乐宝玩具有限公司,http:////www.11467.com/guangzhou/co/131450.htm
广州罗曼实业有限公司,http:////www.11467.com/guangzhou/co/426277.htm
恩平市发仕达胶粘厂,http:////www.11467.com/guangzhou/co/340965.htm
陈锟（个体经营）,http:////www.11467.com/guangzhou/co/343562.htm
广义工贸有限公司业务部,http:////www.11467.com/guangzhou/co/167677.htm
广州美家建材公司,http:////www.11467.com/guangzhou/co/167292.htm
番禺榄核中宝专用蜡厂,http:////www.11467.com/guangzhou/co/162468.htm
广州撒哈建材有限公司,http:////www.11467.com/guangzhou/co/167960.htm
丰晟机电设备经营部,http:////www.11467.com/guangzhou/co/162915.htm
广州DIY儿童沙画玩具厂,http:////www.11467.com/guangzhou/co/345128.htm
广州精翠工艺品有限公司,http:////www.11467.com/guangzhou/co/459396.htm
广州市朋程服饰辅料有限公司,http:////www.11467.com/guangzhou/co/167499.htm
广州市品致日用品有限公司,http:////www.11467.com/guangzhou/co/161717.htm
广州金苗花艺坊,http:////www.11467.com/guangzhou/co/166509.htm
广州森邦合成材料有限公司,http:////www.11467.com/guangzhou/co/461460.htm
广州强盛工艺有限公司,http:////www.11467.com/guangzhou/co/168336.htm
广州青工会铭贸易有限公司,http:////www.11467.com/guangzhou/co/122137.htm
广州绿馨工艺厂,http:////www.11467.com/guangzhou/co/342856.htm
广州市承接泥雕工作室,http:////www.11467.com/guangzhou/co/162585.htm
广州市穗扬汽车空调制造有限公司,http:////www.11467.com/guangzhou/co/431381.htm
广州市金林水钻有限公司,http:////www.11467.com/guangzhou/co/167643.htm
广州思维特新材料有限公司,http:////www.11467.com/guangzhou/co/344026.htm
广州市万鹤包装材料有限公司,http:////www.11467.com/guangzhou/co/168509.htm
广州家居丝网花艺材料批发零售店,http:////www.11467.com/guangzhou/co/131687.htm
广州市铭安包装材料有限公司,http:////www.11467.com/guangzhou/co/90909.htm
广州市铧骏化工有限公司,http:////www.11467.com/guangzhou/co/161737.htm
广州市迪润贸易有限公司,http:////www.11467.com/guangzhou/co/102072.htm
广州吴记工艺品有限公司,http:////www.11467.com/guangzhou/co/467929.htm
李林杰礼品店,http:////www.11467.com/guangzhou/co/340442.htm
恋爱物语＆秀色作坊,http:////www.11467.com/guangzhou/co/166621.htm
鸿日模具硅胶有限公司,http:////www.11467.com/guangzhou/co/168494.htm
罗定美盛食品广州销售部,http:////www.11467.com/guangzhou/co/342426.htm
金源实业发展有限公司,http:////www.11467.com/guangzhou/co/167941.htm
广州市人民工艺有限公司,http:////www.11467.com/guangzhou/co/164998.htm
化金天下有限公司,http:////www.11467.com/guangzhou/co/163651.htm
咏欣饰物礼品公司,http:////www.11467.com/guangzhou/co/343386.htm
莆田市秀屿区唯圣珠宝饰品有限公司,http:////www.11467.com/guangzhou/co/194601.htm
海松贸易有限公司,http:////www.11467.com/guangzhou/co/163043.htm
紫魅饰品有限公司,http:////www.11467.com/guangzhou/co/342385.htm
紫藤轩益智手工坊,http:////www.11467.com/guangzhou/co/162295.htm
中利首饰广州有限公司,http:////www.11467.com/guangzhou/co/160951.htm
广州市鹿鸣村工艺用品有限公司手工捏塑部,http:////www.11467.com/guangzhou/co/164997.htm
意隆纸箱厂,http:////www.11467.com/guangzhou/co/161224.htm
广州恒格塑料制品有限公司-销售部,http:////www.11467.com/guangzhou/co/167514.htm
广州市元冠商贸有限公司,http:////www.11467.com/guangzhou/co/281506.htm
广州新一步服装有限公司,http:////www.11467.com/guangzhou/co/168933.htm
顺景精品贸易行,http:////www.11467.com/guangzhou/co/343819.htm
顺双赢辅料贸易公司,http:////www.11467.com/guangzhou/co/341158.htm
新概念木制工艺品厂,http:////www.11467.com/guangzhou/co/345084.htm
深泽工艺制品厂,http:////www.11467.com/guangzhou/co/165803.htm
乡村丝网花手工坊,http:////www.11467.com/guangzhou/co/344312.htm
广州市鑫利铸造材料有限公司,http:////www.11467.com/guangzhou/co/162108.htm
晶晶饰品有限公司,http:////www.11467.com/guangzhou/co/341642.htm
荔湾区海界贝艺店,http:////www.11467.com/guangzhou/co/163050.htm
广州市杰诚贸易有限公司,http:////www.11467.com/guangzhou/co/166716.htm
鑫利首饰材料有限公司,http:////www.11467.com/guangzhou/co/341799.htm
卓文五金首饰工具中心,http:////www.11467.com/guangzhou/co/344689.htm
广西贵港市废旧塑料清洗厂,http:////www.11467.com/guigang/co/5800.htm
桂林沙画工作室,http:////www.11467.com/guilin/co/41540.htm
中国伟业有限公司,http:////www.11467.com/guilin/co/42119.htm
洪峰佳业有限公司,http:////www.11467.com/guiyang/co/69348.htm
刚华圣洋〈北京〉国际贸易有限公司贵州分公司,http:////www.11467.com/guiyang/co/69585.htm
王庭路（个体经营）,http:////www.11467.com/guiyang/co/69548.htm
艺桐（个体经营）,http:////www.11467.com/guiyang/co/73848.htm
ＹＹ工艺公司,http:////www.11467.com/guiyang/co/69537.htm
个体经营手工串珠,http:////www.11467.com/guiyang/co/69591.htm
哈尔滨天龙电热电器设备制造责任有限公司,http:////www.11467.com/haerbin/co/53463.htm
蓝枫（个体经营）,http:////www.11467.com/haerbin/co/44888.htm
哈尔滨隆丰金属材料有限公司,http:////www.11467.com/haerbin/co/3499.htm
世玄责任有限公司,http:////www.11467.com/haerbin/co/44833.htm
多瑞克化学（杭州）有限公司,http:////www.11467.com/hangzhou/co/278091.htm
杭州亚盟有限公司,http:////www.11467.com/hangzhou/co/278016.htm
杭州天创化学技术有限公司,http:////www.11467.com/hangzhou/co/159395.htm
杭州天翔贸易有限公司,http:////www.11467.com/hangzhou/co/157778.htm
深圳银寰公司,http:////www.11467.com/hangzhou/co/278241.htm
陆小萍（个体经营）,http:////www.11467.com/hangzhou/co/214625.htm
可立洁具厂,http:////www.11467.com/hangzhou/co/277473.htm
浙江夜明科技有限公司,http:////www.11467.com/hangzhou/co/222591.htm
杭州美术职业学校,http:////www.11467.com/hangzhou/co/277869.htm
瑞俊科技有限公司,http:////www.11467.com/hangzhou/co/277496.htm
杭州东烈鞋业有限公司,http:////www.11467.com/hangzhou/co/117658.htm
买手时尚国际有限公司,http:////www.11467.com/hangzhou/co/223532.htm
中源电脑有限公司,http:////www.11467.com/hangzhou/co/223364.htm
临安市潜东竹木工艺品有限公司,http:////www.11467.com/hangzhou/co/348475.htm
赵月平(个体经营),http:////www.11467.com/hangzhou/co/277254.htm
河南众邦立体贺卡制作厂家,http:////www.11467.com/hebi/co/8337.htm
巨丰葫芦生产有限公司,http:////www.11467.com/hefei/co/85267.htm
合肥开达石业公司,http:////www.11467.com/hefei/co/84938.htm
恒通科技电子公司,http:////www.11467.com/hefei/co/95683.htm
百业兴艺术品公司,http:////www.11467.com/hengshui/co/23499.htm
安平县冠喜金属网制品厂,http:////www.11467.com/hengshui/co/34994.htm
董氏发制品厂,http:////www.11467.com/heze/co/19390.htm
菏泽市花都商埠真绣坊十字绣经营部,http:////www.11467.com/heze/co/21425.htm
菏泽市福鑫源装饰材料有限公司,http:////www.11467.com/heze/co/19249.htm
忠东木制品厂,http:////www.11467.com/heze/co/34407.htm
山东齐鲁科技快速装裱研究所,http:////www.11467.com/heze/co/19381.htm
山东省菏泽市鄄城县汇英工艺品厂,http:////www.11467.com/heze/co/19270.htm
私营企业：双成工艺品有限公司,http:////www.11467.com/huaian/co/35856.htm
长凯电器有限公司,http:////www.11467.com/huangshi/co/16571.htm
花之梦水晶屋,http:////www.11467.com/huhehaote/co/26969.htm
个体经营瑞庭,http:////www.11467.com/huhehaote/co/23832.htm
剑龙宝石首饰加工厂,http:////www.11467.com/huizhou/co/75538.htm
金华康工艺制品厂,http:////www.11467.com/huizhou/co/61267.htm
大中华竹业有限公司销售部,http:////www.11467.com/huizhou/co/61018.htm
惠州天丽手工坊,http:////www.11467.com/huizhou/co/61166.htm
广东永辉印花颜料工艺厂,http:////www.11467.com/huizhou/co/96944.htm
惠州四正方圆饰品有限公司,http:////www.11467.com/huizhou/co/61083.htm
朝阳玛瑙工艺品厂,http:////www.11467.com/huizhou/co/75702.htm
威宝工业有限公司,http:////www.11467.com/huizhou/co/75493.htm
惠州再兴隆礼品公司,http:////www.11467.com/huizhou/co/61291.htm
星光宝石钟表厂,http:////www.11467.com/huizhou/co/60987.htm
广东惠州明大灯饰艺术品有限公司,http:////www.11467.com/huizhou/co/59148.htm
兴浪科技有限公司,http:////www.11467.com/huludao/co/42868.htm
虹螺女手工坊,http:////www.11467.com/huludao/co/42853.htm
庞永强（个体经营）,http:////www.11467.com/huzhou/co/47990.htm
杭州州市化工有限公司,http:////www.11467.com/huzhou/co/48055.htm
湖州蒋氏布业,http:////www.11467.com/huzhou/co/48118.htm
安吉振国竹木工艺品厂,http:////www.11467.com/huzhou/co/67202.htm
安吉天凯竹制品厂,http:////www.11467.com/huzhou/co/28181.htm
浙江湖州双丰绫绢厂,http:////www.11467.com/huzhou/co/48010.htm
信合工艺品公司,http:////www.11467.com/jiamusi/co/32817.htm
黑龙江省佳木斯市特殊教育中心学校,http:////www.11467.com/jiamusi/co/33424.htm
富虹贝壳贸易有限公司,http:////www.11467.com/jiangmen/co/84489.htm
牛伟涛（个体经营）,http:////www.11467.com/jiangmen/co/84576.htm
君兰贸易购销集团,http:////www.11467.com/jiangmen/co/84727.htm
河南省鹰目轩艺术品有限公司,http:////www.11467.com/jiaozuo/co/20359.htm
嘉兴市盛荣纺织有限公司业务部门,http:////www.11467.com/jiaxing/co/81088.htm
揭阳兴德工艺厂,http:////www.11467.com/jieyang/co/22150.htm
碧云天小花屋,http:////www.11467.com/jinan/co/72610.htm
板桥工艺工作室,http:////www.11467.com/jinan/co/96888.htm
济南泰达利尔商贸有限公司,http:////www.11467.com/jinan/co/72833.htm
济南昌恒商贸有限公司,http:////www.11467.com/jinan/co/72782.htm
刘晓满(个体经营),http:////www.11467.com/jinan/co/72504.htm
济南市金手指工作室,http:////www.11467.com/jinan/co/96995.htm
润欣工艺有限公司,http:////www.11467.com/jinan/co/96458.htm
欣雅艺术工作室,http:////www.11467.com/jinan/co/97061.htm
爱思深加工公司,http:////www.11467.com/jinan/co/73196.htm
金华市安琪儿公司,http:////www.11467.com/jinhua/co/78983.htm
浙江义乌希捷工艺品厂,http:////www.11467.com/jinhua/co/69319.htm
曼曼小屋金华店,http:////www.11467.com/jinhua/co/69375.htm
义乌市稠城千丝头饰品厂,http:////www.11467.com/jinhua/co/69328.htm
丽欣工艺花材厂,http:////www.11467.com/jinhua/co/124823.htm
妖姬工艺品公司,http:////www.11467.com/jinhua/co/128305.htm
巧儿水晶花材料商行,http:////www.11467.com/jinhua/co/69739.htm
美雅珠绣手袋厂,http:////www.11467.com/jinhua/co/69778.htm
陈霞[个体经营],http:////www.11467.com/jining/co/47249.htm
济宁富强鸽业有限公司,http:////www.11467.com/jining/co/47325.htm
山东微山工艺品有限公司,http:////www.11467.com/jining/co/51595.htm
小强工艺制品厂,http:////www.11467.com/jining/co/51673.htm
新苑美术学校,http:////www.11467.com/jinzhong/co/22679.htm
精英电讯科技公司,http:////www.11467.com/jinzhou/co/43182.htm
九江市创锋贝壳工艺有限公司,http:////www.11467.com/jiujiang/co/22470.htm
九江海棠科技有限公司,http:////www.11467.com/jiujiang/co/21018.htm
九江市罗氏纸业商行,http:////www.11467.com/jiujiang/co/20981.htm
昆明民族工艺品厂,http:////www.11467.com/kunming/co/110954.htm
布朗山金杰生态乔木古树茶厂,http:////www.11467.com/kunming/co/110684.htm
昆明市五华区彩石工艺品销售店,http:////www.11467.com/kunming/co/101499.htm
昆明新艺干花厂,http:////www.11467.com/kunming/co/99080.htm
南林有限公司,http:////www.11467.com/kunming/co/102020.htm
东港贸易公司,http:////www.11467.com/kunming/co/110833.htm
鑫鑫工艺品超市,http:////www.11467.com/kunming/co/102012.htm
思乐民族工艺有限公司,http:////www.11467.com/kunming/co/101829.htm
昆明铁路建设公司,http:////www.11467.com/kunming/co/110958.htm
中海工艺品艺术公司,http:////www.11467.com/kunming/co/110336.htm
李晓清（个体经营）,http:////www.11467.com/kunming/co/110593.htm
云铜铅业公司,http:////www.11467.com/kunming/co/101583.htm
莱芜永业有限公司,http:////www.11467.com/laiwu/co/7730.htm
莱芜沈飞工贸有限公司,http:////www.11467.com/laiwu/co/7717.htm
佰佳商贸有限公司,http:////www.11467.com/langfang/co/28739.htm
兰州晶峰物资贸易有限公司,http:////www.11467.com/lanzhou/co/68975.htm
兰州瑞尔生物科技有限公司天然制品部,http:////www.11467.com/lanzhou/co/65400.htm
影子车间工作室,http:////www.11467.com/leshan/co/19601.htm
四川乐山 玩木人 民间手工木艺坊,http:////www.11467.com/leshan/co/19617.htm
穆圩乡贝壳工艺品厂,http:////www.11467.com/lianyungang/co/27411.htm
盛大贝壳贸易公司,http:////www.11467.com/lianyungang/co/27023.htm
连云港畅想柳编厂,http:////www.11467.com/lianyungang/co/27068.htm
苏团华（个体经营）,http:////www.11467.com/lianyungang/co/29998.htm
东海县运捌水晶制品厂,http:////www.11467.com/lianyungang/co/43897.htm
连云港市恒昌贸易有限公司,http:////www.11467.com/lianyungang/co/27072.htm
乾泰轴承贸易公司,http:////www.11467.com/liaocheng/co/33311.htm
亚林工艺品有限公司,http:////www.11467.com/liaocheng/co/33310.htm
石滨（个体经营）,http:////www.11467.com/liaocheng/co/33197.htm
临汾盘古玉器有限公司,http:////www.11467.com/linfen/co/31449.htm
李明工艺品有限公司,http:////www.11467.com/linyi/co/56947.htm
梨落十字绣店,http:////www.11467.com/linyi/co/67443.htm
临沂市飞鸿柳编工艺品公司,http:////www.11467.com/linyi/co/57213.htm
临沂峰业工艺品有限公司,http:////www.11467.com/linyi/co/67351.htm
临沂迪尚服装有限公司针织业务部,http:////www.11467.com/linyi/co/57190.htm
临沂市翔玉粘丝工艺品厂,http:////www.11467.com/linyi/co/96591.htm
名门绣十字绣工艺有限公司,http:////www.11467.com/linyi/co/55449.htm
临沂兴达贸易有限公司,http:////www.11467.com/linyi/co/67570.htm
临沂诚信工艺品有限公司,http:////www.11467.com/linyi/co/56956.htm
徐天生（个体经营）,http:////www.11467.com/linyi/co/56952.htm
临沂普泰商贸有限公司,http:////www.11467.com/linyi/co/57341.htm
水原工艺品工作室,http:////www.11467.com/linyi/co/67525.htm
丽水市集雅斋艺术品公司,http:////www.11467.com/lishui/co/23490.htm
安徽远方工艺原料实业有限公司,http:////www.11467.com/liuan/co/15413.htm
俊兴麻业加工制品厂,http:////www.11467.com/liuan/co/14696.htm
安徽省六安市宏利花店,http:////www.11467.com/liuan/co/15407.htm
兴建造纸厂,http:////www.11467.com/liuzhou/co/39049.htm
陆耀园（个体经营）,http:////www.11467.com/liuzhou/co/39069.htm
广西柳州市纤意十字绣工艺品厂,http:////www.11467.com/liuzhou/co/39048.htm
河南漯河诚信羽毛厂,http:////www.11467.com/luohe/co/16831.htm
鼎杰立体科技有限公司,http:////www.11467.com/luoyang/co/49727.htm
华盛蜡烛工艺厂,http:////www.11467.com/maoming/co/30890.htm
友谊手工艺制作厂,http:////www.11467.com/maoming/co/30568.htm
信宜市镇隆镇宝健沉香种植专业合作社,http:////www.11467.com/maoming/co/39741.htm
兴宁市文良工艺厂,http:////www.11467.com/meizhou/co/24490.htm
刘义海（个体经营）,http:////www.11467.com/mianyang/co/36453.htm
江西铭伟箔业有限公司,http:////www.11467.com/nanchang/co/108077.htm
南昌市青山湖区海新电子经营部,http:////www.11467.com/nanchang/co/85108.htm
众鑫金箔厂,http:////www.11467.com/nanchang/co/85106.htm
江西鑫鸿箔业有限公司,http:////www.11467.com/nanchang/co/107762.htm
好人一个（个体经营）,http:////www.11467.com/nanchang/co/93457.htm
四川省南充市顺庆区云溪镇兴源街18号,http:////www.11467.com/nanchong/co/24176.htm
龚晓哲的公司,http:////www.11467.com/nanjing/co/60912.htm
南京箔座科技有限公司,http:////www.11467.com/nanjing/co/90409.htm
南京百事得实业有限公司,http:////www.11467.com/nanjing/co/60438.htm
利华胶模技术有限公司,http:////www.11467.com/nanjing/co/61322.htm
南京金陵画院,http:////www.11467.com/nanjing/co/60728.htm
南京欧帝商务文化传播有限公司,http:////www.11467.com/nanjing/co/61153.htm
南京平裕贸易工贸有限公司,http:////www.11467.com/nanjing/co/92712.htm
南京竞文商贸有限公司,http:////www.11467.com/nanjing/co/92445.htm
万达通信公司,http:////www.11467.com/nanjing/co/60804.htm
南京龙潭宝陵箔业制造厂,http:////www.11467.com/nanjing/co/54512.htm
手舞足蹈工作室,http:////www.11467.com/nanjing/co/61477.htm
南京市四方田数码影象有限公司,http:////www.11467.com/nanjing/co/92578.htm
南京龙潭兴隆箔业有限公司,http:////www.11467.com/nanjing/co/92312.htm
南京兴达箔制品厂,http:////www.11467.com/nanjing/co/60733.htm
南京安富箔业厂,http:////www.11467.com/nanjing/co/55568.htm
南京和悦金属箔厂,http:////www.11467.com/nanjing/co/60433.htm
龙瑞有机桂有限公司,http:////www.11467.com/qingdao/co/76992.htm
海婷商贸有公司,http:////www.11467.com/qingdao/co/104895.htm
青岛鑫丰源贝壳工艺品有限公司,http:////www.11467.com/qingdao/co/76858.htm
张燕峰（个体经营）,http:////www.11467.com/qingdao/co/76268.htm
清遠維迪有限公司,http:////www.11467.com/qingyuan/co/23300.htm
爱美购物公司,http:////www.11467.com/qinhuangdao/co/36594.htm
金州工艺涂料行,http:////www.11467.com/quanzhou/co/107346.htm
骏马腾飞公司,http:////www.11467.com/quanzhou/co/95804.htm
泉州市树仁礼品有限责任公司,http:////www.11467.com/quanzhou/co/95715.htm
华星家居饰品,http:////www.11467.com/quanzhou/co/96010.htm
泉州联璟化工有限公司,http:////www.11467.com/quanzhou/co/52590.htm
泉州博灵有限公司,http:////www.11467.com/quanzhou/co/95755.htm
泉州市金洲工艺颜料行,http:////www.11467.com/quanzhou/co/95379.htm
石狮市书画装裱艺术中心,http:////www.11467.com/quanzhou/co/107053.htm
翔达有机硅公司,http:////www.11467.com/quanzhou/co/95531.htm
泉州丰泽宏星工艺品有限公司,http:////www.11467.com/quanzhou/co/127149.htm
泉州市丰泽区三荣艺品材料经营部,http:////www.11467.com/quanzhou/co/95695.htm
泉州达胜化工有限公司,http:////www.11467.com/quanzhou/co/94002.htm
语心饰品公司,http:////www.11467.com/quanzhou/co/95508.htm
泉州思滢工艺有限公司,http:////www.11467.com/quanzhou/co/10596.htm
泉州博灵艺品材料公司-销售部,http:////www.11467.com/quanzhou/co/95809.htm
崔潇云（个体经营）,http:////www.11467.com/qujing/co/18093.htm
天一礼品有限公司,http:////www.11467.com/rizhao/co/11719.htm
日照八福工贸有限公司,http:////www.11467.com/rizhao/co/11651.htm
日照工艺品厂,http:////www.11467.com/rizhao/co/13891.htm
梁园区王静工艺品加工部,http:////www.11467.com/shangqiu/co/21077.htm
中国商丘花仙子时尚工艺研究所,http:////www.11467.com/shangqiu/co/15377.htm
吴楼有限公司,http:////www.11467.com/shangqiu/co/15416.htm
商丘市小龙人彩泥厂,http:////www.11467.com/shangqiu/co/15438.htm
汕头精彩工艺品有限公司,http:////www.11467.com/shantou/co/115714.htm
陈传德（个体经营）,http:////www.11467.com/shantou/co/118635.htm
乐奇玩具厂,http:////www.11467.com/shantou/co/118573.htm
唐上宾（个体经营）,http:////www.11467.com/shantou/co/118757.htm
汕头市金平区金明工艺铝薄包装材料厂,http:////www.11467.com/shantou/co/118061.htm
汕头市精彩工艺品公司,http:////www.11467.com/shantou/co/118654.htm
腾思达手袋工艺厂,http:////www.11467.com/shantou/co/118655.htm
汕头市龙湖区美得福工艺制品厂,http:////www.11467.com/shantou/co/119294.htm
新万韬(汕头)文化发展有限公司,http:////www.11467.com/shantou/co/115699.htm
新时尚工艺饰品有限公司,http:////www.11467.com/shantou/co/118116.htm
翁源陶瓷土公司,http:////www.11467.com/shaoguan/co/23952.htm
绍兴武文礼品公司,http:////www.11467.com/shaoxing/co/75903.htm
沈阳市万货集团公司,http:////www.11467.com/shenyang/co/69941.htm
沈阳市雅趣工作室,http:////www.11467.com/shenyang/co/55367.htm
凡谷艺术工作室,http:////www.11467.com/shenyang/co/55637.htm
“诗情花意”丝网花制作手工坊,http:////www.11467.com/shenzhen/co/232483.htm
昌达雕塑材料商行,http:////www.11467.com/shenzhen/co/605327.htm
飞翔雕刻原料有限公司,http:////www.11467.com/shenzhen/co/611635.htm
东莞市大朗镇东源灯饰制品厂,http:////www.11467.com/shenzhen/co/605534.htm
复兴雕塑公司,http:////www.11467.com/shenzhen/co/227450.htm
诚艺（深圳）工艺礼品有限公司,http:////www.11467.com/shenzhen/co/238801.htm
深圳市龙岗区李一品工艺材料行,http:////www.11467.com/shenzhen/co/224168.htm
深圳市龙岗区坪地捷利工艺辅料店,http:////www.11467.com/shenzhen/co/254468.htm
深圳市龙岗区平湖新大兴业工艺辅料销售部,http:////www.11467.com/shenzhen/co/224055.htm
深圳市龙岗区展汇柏源礼品包装材料经销部,http:////www.11467.com/shenzhen/co/226609.htm
深圳市摩尔经典文化发展有限公司,http:////www.11467.com/shenzhen/co/609425.htm
深圳市金盈达贴金工艺有限公司,http:////www.11467.com/shenzhen/co/30495.htm
深圳市龙岗区布吉新鑫顺金属材料店,http:////www.11467.com/shenzhen/co/227160.htm
深圳市利昌工艺制品有限公司,http:////www.11467.com/shenzhen/co/278046.htm
深圳市世纪化工印花材料公司,http:////www.11467.com/shenzhen/co/228433.htm
深圳市施孚化工有限公司,http:////www.11467.com/shenzhen/co/612542.htm
深圳市奇圣达工艺品有限公司,http:////www.11467.com/shenzhen/co/224659.htm
深圳市奇盛颜料制品厂,http:////www.11467.com/shenzhen/co/610170.htm
深圳市乾坤珠宝有限公司,http:////www.11467.com/shenzhen/co/614347.htm
深圳市森乐纸业发展有限公司,http:////www.11467.com/shenzhen/co/277504.htm
深圳市叶氏钟表礼品有限公司（业务部）,http:////www.11467.com/shenzhen/co/227586.htm
深圳市华拓兴电子有限公司,http:////www.11467.com/shenzhen/co/609825.htm
深圳市友令工艺有限公司,http:////www.11467.com/shenzhen/co/227514.htm
深圳市优派实业发展有限公司,http:////www.11467.com/shenzhen/co/234487.htm
深圳市顺丰科技有限公司,http:////www.11467.com/shenzhen/co/231657.htm
深圳市艺邦艺术有限公司,http:////www.11467.com/shenzhen/co/228425.htm
深圳市龙岗区平湖伊美工艺印花材料行,http:////www.11467.com/shenzhen/co/578237.htm
深圳市龙岗区坪山盈利工艺辅料行,http:////www.11467.com/shenzhen/co/152544.htm
深圳旺盈装饰材料公司,http:////www.11467.com/shenzhen/co/233641.htm
世发制品厂,http:////www.11467.com/shenzhen/co/481259.htm
深圳市银立方五金塑胶有限公司,http:////www.11467.com/shenzhen/co/223920.htm
深圳鑫诚科技发展有限公司,http:////www.11467.com/shenzhen/co/228137.htm
圣光实业公司,http:////www.11467.com/shenzhen/co/228419.htm
深圳市相思缘饰品有限公司,http:////www.11467.com/shenzhen/co/605057.htm
昕悦钢球厂,http:////www.11467.com/shenzhen/co/152819.htm
深圳思尔毅贸易有限公司,http:////www.11467.com/shenzhen/co/238908.htm
西藏太阳石珠宝店,http:////www.11467.com/shenzhen/co/229372.htm
西部工艺制作公司,http:////www.11467.com/shenzhen/co/609224.htm
幽幽草景泰蓝手工画工作室,http:////www.11467.com/shenzhen/co/239272.htm
蘇雲冰（个体经营）,http:////www.11467.com/shenzhen/co/611026.htm
深圳市万琪塑胶材料有限公司,http:////www.11467.com/shenzhen/co/280768.htm
厦门康源兴进出口有限公司深圳分公司,http:////www.11467.com/shenzhen/co/790135.htm
中国铭霞创业超市(铭霞）,http:////www.11467.com/shenzhen/co/237171.htm
中国铭霞创业超市招商部,http:////www.11467.com/shenzhen/co/611968.htm
深圳市永达宏工艺品有限公司,http:////www.11467.com/shenzhen/co/58220.htm
奕信家庭用品（深圳）有限公司,http:////www.11467.com/shenzhen/co/97416.htm
深圳市新华建材有限公司,http:////www.11467.com/shenzhen/co/227964.htm
鑫方合金胶模厂,http:////www.11467.com/shenzhen/co/613957.htm
兴隆彩片有限公司,http:////www.11467.com/shenzhen/co/153005.htm
杨顺(个体经营),http:////www.11467.com/shenzhen/co/226209.htm
泰和工艺厂,http:////www.11467.com/shenzhen/co/614376.htm
深圳兄弟禾偕草织精品有限公司,http:////www.11467.com/shenzhen/co/234075.htm
深圳一浩纸品艺术有限公司,http:////www.11467.com/shenzhen/co/608100.htm
许正奎（个体经营）,http:////www.11467.com/shenzhen/co/227915.htm
新艺高新材料厂,http:////www.11467.com/shenzhen/co/238840.htm
永彩金葱粉工艺制品厂,http:////www.11467.com/shenzhen/co/227267.htm
深圳永利科技有限公司,http:////www.11467.com/shenzhen/co/153430.htm
深圳陆强个体经营公司,http:////www.11467.com/shenzhen/co/229204.htm
石家庄佳林装饰工程公司,http:////www.11467.com/shijiazhuang/co/80873.htm
精美花艺 销售有限公司,http:////www.11467.com/shijiazhuang/co/80845.htm
精美花艺销售有限公司,http:////www.11467.com/shijiazhuang/co/95063.htm
雅琳工艺品有限公司,http:////www.11467.com/shijiazhuang/co/95447.htm
石家庄桥西区润鑫玻璃钢复合材料商行,http:////www.11467.com/shijiazhuang/co/95137.htm
石家庄新华区光彩工作室,http:////www.11467.com/shijiazhuang/co/81362.htm
正定鑫雅工艺材料有限公司,http:////www.11467.com/shijiazhuang/co/95168.htm
十堰海阁工艺,http:////www.11467.com/shiyan/co/30440.htm
遂宁市景泰蓝工艺品有限公司,http:////www.11467.com/suining/co/8602.htm
杞柳种植基地,http:////www.11467.com/suqian/co/12218.htm
宿迁市彩塑公司,http:////www.11467.com/suqian/co/12197.htm
瀚德汽车产品公司,http:////www.11467.com/suzhou/co/252625.htm
华创电子材料有限公司,http:////www.11467.com/suzhou/co/260169.htm
华誉飞达塑料机械厂,http:////www.11467.com/suzhou/co/214193.htm
三积瑞电子有限公司,http:////www.11467.com/suzhou/co/214278.htm
苏州合吉精密电子有限公司,http:////www.11467.com/suzhou/co/292247.htm
苏州仪礼工艺品有限公司,http:////www.11467.com/suzhou/co/98461.htm
手工艺术坊（个体经营）,http:////www.11467.com/suzhou/co/213644.htm
苏州韩松印花材料有限公司,http:////www.11467.com/suzhou/co/174395.htm
苏州市十字绣店,http:////www.11467.com/suzhou/co/253011.htm
核雕坊（个体经营）,http:////www.11467.com/suzhou/co/252541.htm
宏金实业有限公司,http:////www.11467.com/suzhou/co/214208.htm
依浓饰品店（个体经营）,http:////www.11467.com/suzhou/co/213583.htm
陶忠良（个体经营）,http:////www.11467.com/suzhou/co/253036.htm
天雷煤炭实业有限公司,http:////www.11467.com/taian/co/34851.htm
新天地石膏建材开发公司,http:////www.11467.com/taian/co/35234.htm
沙画艺术工厂,http:////www.11467.com/taian/co/35323.htm
山西琴缘手工丝网花艺中心,http:////www.11467.com/taiyuan/co/93725.htm
春恒数码影像工艺坊,http:////www.11467.com/taiyuan/co/93604.htm
台州金珏网布有限公司（营销部）,http:////www.11467.com/taizhou/co/82444.htm
温岭舜浦帽业有限公司,http:////www.11467.com/taizhou/co/31981.htm
台州市博林工艺品厂,http:////www.11467.com/taizhou/co/82559.htm
中意工艺品厂,http:////www.11467.com/taizhou/co/98459.htm
台州文华国际经贸有限公司,http:////www.11467.com/taizhou/co/82393.htm
泰州市育才艺术品厂,http:////www.11467.com/taizhoushi/co/27439.htm
泰州宝德内燃机配件有限公司,http:////www.11467.com/taizhoushi/co/45527.htm
艺轩烤漆金属有限公司,http:////www.11467.com/taizhoushi/co/27459.htm
唐山手工艺加工坊,http:////www.11467.com/tangshan/co/54623.htm
浣熊店（个体经营）,http:////www.11467.com/tangshan/co/54670.htm
工艺品制做公司,http:////www.11467.com/tangshan/co/58927.htm
芳芳手工艺坊,http:////www.11467.com/tangshan/co/54665.htm
岳志刚（个体经营）,http:////www.11467.com/tangshan/co/59060.htm
绣梦艺术品批发有限公司,http:////www.11467.com/tianshui/co/15595.htm
山东依兰雅工艺品有限公司,http:////www.11467.com/weifang/co/87184.htm
山东省蓝光工艺品厂,http:////www.11467.com/weifang/co/80613.htm
青州市龙晶工艺玻璃厂,http:////www.11467.com/weifang/co/120153.htm
潍坊爱陶人工作室,http:////www.11467.com/weifang/co/86986.htm
潍坊小商品城淼鑫饰品店,http:////www.11467.com/weifang/co/80780.htm
潍坊弗尔斯特有限公司,http:////www.11467.com/weifang/co/80976.htm
席成业(个体经营),http:////www.11467.com/weihai/co/32973.htm
姜美（个体经营）,http:////www.11467.com/weihai/co/32917.htm
陕西通遂机械有限公司,http:////www.11467.com/weinan/co/21408.htm
店名 鑫鑫手工花艺纺,http:////www.11467.com/weinan/co/21435.htm
苍南县华晟工艺厂,http:////www.11467.com/wenzhou/co/220505.htm
温州欧捷化工有限公司,http:////www.11467.com/wenzhou/co/129787.htm
爱发有限公司,http:////www.11467.com/wenzhou/co/223244.htm
逸雅羽毛工艺制品厂,http:////www.11467.com/wenzhou/co/130162.htm
温州市莹光礼品厂,http:////www.11467.com/wenzhou/co/129697.htm
温州素人工艺专卖店,http:////www.11467.com/wenzhou/co/160075.htm
财神家居博览中心,http:////www.11467.com/wuhan/co/57814.htm
湖北花篮工艺品有限公司,http:////www.11467.com/wuhan/co/93665.htm
菠萝手办材料铺,http:////www.11467.com/wuhan/co/64170.htm
武汉诚瑞丰商贸有限公司,http:////www.11467.com/wuhan/co/142418.htm
武汉TIANBAO经贸有限责任公司,http:////www.11467.com/wuhan/co/63839.htm
华新群(个体经营),http:////www.11467.com/wuhan/co/64206.htm
夕阳装裱公司,http:////www.11467.com/wuhan/co/63482.htm
武汉市桥口区邦特瓷粉销售部,http:////www.11467.com/wuhan/co/93703.htm
德业建材－中国,http:////www.11467.com/wuhu/co/23693.htm
木子水晶花艺中心,http:////www.11467.com/wuhu/co/21233.htm
和田玉缘阁（籽料原料专卖）,http:////www.11467.com/wulumuqi/co/90264.htm
红瑜儿装饰有限公司,http:////www.11467.com/wulumuqi/co/89049.htm
温州泰珠集团好迪营销中心,http:////www.11467.com/wuxi/co/180564.htm
江苏江阴市飞腾珠片,http:////www.11467.com/wuxi/co/180677.htm
无锡市锦裕聚合科技有限公司,http:////www.11467.com/wuxi/co/244407.htm
无锡市金腾文教用品厂,http:////www.11467.com/wuxi/co/54752.htm
张家港市苏立工艺玻璃制品厂,http:////www.11467.com/wuxi/co/180329.htm
无锡兴龙贝类有限公司,http:////www.11467.com/wuxi/co/180330.htm
梧州市蝶山区鸿慧宝石经营部,http:////www.11467.com/wuzhou/co/15752.htm
欢乐园有限公司,http:////www.11467.com/xiamen/co/34095.htm
厦门市海沧区宏翎油画材料经营部,http:////www.11467.com/xiamen/co/93463.htm
厦门市海沧区台鸿工艺品厂,http:////www.11467.com/xiamen/co/38094.htm
铭锴化工有限公司,http:////www.11467.com/xiamen/co/34274.htm
厦门伍莲香业开发有限公司,http:////www.11467.com/xiamen/co/34532.htm
厦门高阳科技有限公司,http:////www.11467.com/xiamen/co/33600.htm
厦门凌宝新材料科技有限公司,http:////www.11467.com/xiamen/co/94614.htm
厦门维拉斯通贸易有限公司,http:////www.11467.com/xiamen/co/64565.htm
巴西玛瑙经营部,http:////www.11467.com/xiamen/co/35112.htm
日鹤实业有限公司,http:////www.11467.com/xiamen/co/65253.htm
厦门宝石贸易公司,http:////www.11467.com/xiamen/co/34854.htm
厦门市集美区伟呈贸易商行,http:////www.11467.com/xiamen/co/33122.htm
青海交通职业技术学院,http:////www.11467.com/xian/co/55814.htm
陕西民俗工艺品商贸有限公司,http:////www.11467.com/xian/co/77395.htm
陕西鸿福民俗工艺品（个体经营）,http:////www.11467.com/xian/co/56480.htm
陕西西安暗香干花花艺公司,http:////www.11467.com/xian/co/77548.htm
宏欣镶金彩艺公司,http:////www.11467.com/xian/co/77341.htm
西安工艺原料厂,http:////www.11467.com/xian/co/77972.htm
闫毅行(个体经营),http:////www.11467.com/xian/co/56188.htm
翟冲（个体经营）,http:////www.11467.com/xian/co/72739.htm
开诚工艺（个体经营）,http:////www.11467.com/xian/co/56322.htm
艺龙工艺有限公司,http:////www.11467.com/xian/co/56470.htm
西安金石工艺品贸易公司,http:////www.11467.com/xian/co/77806.htm
袁启明（个体经营）,http:////www.11467.com/xiangfan/co/38882.htm
华夏工艺公司,http:////www.11467.com/xiangfan/co/38875.htm
湘潭市便利店,http:////www.11467.com/xiangtan/co/25218.htm
印象装饰材料厂,http:////www.11467.com/xianning/co/13181.htm
华星电子股份有限公司,http:////www.11467.com/xianyang/co/22158.htm
多杰帕姆工作室,http:////www.11467.com/xining/co/26165.htm
青海省神韵文化艺术品有限公司,http:////www.11467.com/xining/co/25241.htm
于志霞（个体经营）,http:////www.11467.com/xinxiang/co/20508.htm
许理华(个体经营),http:////www.11467.com/xinyang/co/18315.htm
天鹰精品工艺厂,http:////www.11467.com/xinyang/co/18322.htm
宣城市恒华化学公司,http:////www.11467.com/xuancheng/co/19792.htm
许昌恒源发制品有限公司贸易部,http:////www.11467.com/xuchang/co/17130.htm
许昌东鹏工贸有限公司外贸部,http:////www.11467.com/xuchang/co/17123.htm
台州市锦龙丝业有限公司许昌办事处,http:////www.11467.com/xuchang/co/18306.htm
上海古萧工艺品有限公司徐州分公司,http:////www.11467.com/xuzhou/co/52920.htm
徐州综艺装饰材料厂,http:////www.11467.com/xuzhou/co/52906.htm
里里个体经营,http:////www.11467.com/xuzhou/co/52994.htm
梁根榕（个体经营）,http:////www.11467.com/yangjiang/co/13358.htm
阳泉市华新天然宝石工艺厂,http:////www.11467.com/yangquan/co/11492.htm
扬州巧玲丝网花材料批发中心,http:////www.11467.com/yangzhou/co/84794.htm
天涯风情工艺品有限公司,http:////www.11467.com/yangzhou/co/78216.htm
周芯（个体经营),http:////www.11467.com/yangzhou/co/78204.htm
扬州柏莎梵妮礼品有限公司,http:////www.11467.com/yangzhou/co/98246.htm
菲亚达有限公司,http:////www.11467.com/yantai/co/127070.htm
莱阳市康德化工有限公司,http:////www.11467.com/yantai/co/36005.htm
雅馨坊工作室,http:////www.11467.com/yantai/co/121083.htm
烟台津乐经贸有限公司,http:////www.11467.com/yantai/co/121233.htm
宜宾华友拆除有限公司,http:////www.11467.com/yibin/co/23060.htm
红玫瑰鲜花批发店,http:////www.11467.com/yinchuan/co/38688.htm
银川市宝山陶艺工作室,http:////www.11467.com/yinchuan/co/23599.htm
营口大洋经贸公司,http:////www.11467.com/yingkou/co/41537.htm
岳阳市金诚泰化工厂,http:////www.11467.com/yueyang/co/33155.htm
晨风起舞丝网花销售中心,http:////www.11467.com/yueyang/co/33153.htm
湖南雅豪贝壳厂,http:////www.11467.com/yueyang/co/31961.htm
广西壮族自治区玉林市黄师傅梳业有限公司,http:////www.11467.com/yulin/co/17615.htm
广西容县锦华造纸厂,http:////www.11467.com/yulin/co/17555.htm
刘锦杰（个体经营）,http:////www.11467.com/zaozhuang/co/28288.htm
滕州飞亿生物科技有限公司,http:////www.11467.com/zaozhuang/co/26142.htm
强思力实业有限公司,http:////www.11467.com/zhanjiang/co/41016.htm
湛江市玲珑贝壳工艺加工厂,http:////www.11467.com/zhanjiang/co/52380.htm
广东金天地贸易公司,http:////www.11467.com/zhanjiang/co/42810.htm
云广玛瑙根艺供应集团,http:////www.11467.com/zhanjiang/co/42853.htm
陈春国（个体经营）,http:////www.11467.com/zhaoqing/co/30723.htm
肇庆市维龙网络科技发展有限公司,http:////www.11467.com/zhaoqing/co/39497.htm
万成制绳总厂,http:////www.11467.com/zhengzhou/co/102766.htm
森林工艺制作室,http:////www.11467.com/zhengzhou/co/102891.htm
上海金葱实业有限公司江西办事处,http:////www.11467.com/zhengzhou/co/103220.htm
郑州火车站地区萱萱精品商行,http:////www.11467.com/zhengzhou/co/103140.htm
镇江千慧羽毛工艺厂,http:////www.11467.com/zhenjiang/co/47017.htm
广西桂兴粉体化工建材企业,http:////www.11467.com/zhongshan/co/103452.htm
沈清凤（个体经营）,http:////www.11467.com/zhongshan/co/54867.htm
中山市东凤镇永固胶粘工艺制品厂,http:////www.11467.com/zhongshan/co/99585.htm
中山市金盈毛绒工艺有限公司,http:////www.11467.com/zhongshan/co/54518.htm
东生塑料五金厂,http:////www.11467.com/zhongshan/co/54753.htm
专利精品有限公司,http:////www.11467.com/zhongshan/co/54209.htm
兴业饰品工艺有限公司,http:////www.11467.com/zhongshan/co/54115.htm
中山市逸锐模具硅橡胶胶有限公司,http:////www.11467.com/zhongshan/co/151268.htm
广东珠海洋海经贸发展有限公司,http:////www.11467.com/zhuhai/co/68902.htm
时利达有限公司,http:////www.11467.com/zhuhai/co/81763.htm
珠海丝网花店,http:////www.11467.com/zhuhai/co/81835.htm
周村宏润陶瓷釉料厂,http:////www.11467.com/zibo/co/69573.htm
淄博国瑞公司,http:////www.11467.com/zibo/co/70025.htm
淄博环鑫家电配件有限公司,http:////www.11467.com/zibo/co/92952.htm
山东淄博鸿景工艺品公司,http:////www.11467.com/zibo/co/81698.htm
泰山工艺加工中心,http:////www.11467.com/zibo/co/69566.htm
淄博鑫源陶瓷化工有限公司,http:////www.11467.com/zibo/co/69405.htm
临淄饰品公司,http:////www.11467.com/zibo/co/69962.htm
凝聚精品手工花坊,http:////www.11467.com/ziyang/co/11737.htm
北京枫林塑料制品有限公司客户经理部,http:////www.11467.com/beijing/co/221874.htm
北京创意总动员科技开发有限公司,http:////www.11467.com/beijing/co/653099.htm
北京海回潮商行,http:////www.11467.com/beijing/co/671082.htm
北京金隅集团有限责任公司,http:////www.11467.com/beijing/co/673034.htm
北京金宇宙文化有限公司,http:////www.11467.com/beijing/co/562390.htm
北京汇通科技有限责任公司,http:////www.11467.com/beijing/co/395090.htm
北京时尚花艺丝网花商行,http:////www.11467.com/beijing/co/673039.htm
北京视海高远文化交流中心,http:////www.11467.com/beijing/co/119990.htm
北京市博雅阁工艺砂画厂,http:////www.11467.com/beijing/co/25307.htm
北京四方火花图文工作室,http:////www.11467.com/beijing/co/564151.htm
北京苏盛达金箔贴金招牌中心,http:////www.11467.com/beijing/co/564145.htm
高照民（个体经营),http:////www.11467.com/beijing/co/119106.htm
尚金涛(个体经营),http:////www.11467.com/beijing/co/320876.htm
凯诺时代(北京)公关文化发展有限公司,http:////www.11467.com/beijing/co/101080.htm
博雅阁工艺彩沙画厂,http:////www.11467.com/beijing/co/649859.htm
山东曹县佳信工艺品厂,http:////www.11467.com/beijing/co/119376.htm
北京市达润运通贸易有限公司,http:////www.11467.com/beijing/co/394876.htm
美奇珠宝公司,http:////www.11467.com/beijing/co/487603.htm
西海鱼生餐饮责任有限公司,http:////www.11467.com/beijing/co/649888.htm
重庆上游发光材料有限公司北京分公司,http:////www.11467.com/beijing/co/91040.htm
易禅斋私营企业,http:////www.11467.com/beijing/co/119030.htm
淘宝个体店铺,http:////www.11467.com/beijing/co/320729.htm
嘉名世纪文化发展有限公司,http:////www.11467.com/beijing/co/119901.htm
诚信外贸（个体经营）,http:////www.11467.com/beijing/co/214402.htm
缘典饰品公司,http:////www.11467.com/beijing/co/90749.htm
缘发影像工作室,http:////www.11467.com/beijing/co/320612.htm
上海昌达工贸公司,http:////www.11467.com/shanghai/co/212446.htm
宏安饰品有限公司,http:////www.11467.com/shanghai/co/510835.htm
华美工艺有限公司,http:////www.11467.com/shanghai/co/510823.htm
鞍山大有商务有限公司,http:////www.11467.com/anshan/co/73100.htm
范玉楠（个体经营）,http:////www.11467.com/anshan/co/73134.htm
安顺西秀区瀑乡民族工艺部,http:////www.11467.com/anshun/co/8348.htm
黄氏工艺有限责任公司,http:////www.11467.com/baise/co/10598.htm
保定市瑞珠公司,http:////www.11467.com/baoding/co/54946.htm
宏达(香港)贸易有限公司,http:////www.11467.com/baoding/co/81329.htm
实力发展有限责任公司,http:////www.11467.com/baotou/co/25843.htm
上海贝壳加工厂,http:////www.11467.com/shanghai/co/36092.htm
上海宝锦矿产品有限公司,http:////www.11467.com/shanghai/co/892663.htm
上海卡法有限公司,http:////www.11467.com/shanghai/co/943712.htm
陈伊健（个体经营）,http:////www.11467.com/shanghai/co/880610.htm
上海金望文化传播有限公司北京公司,http:////www.11467.com/shanghai/co/1007593.htm
高凡工艺品制作有限公司,http:////www.11467.com/shanghai/co/734889.htm
上海联美填充料有限公司,http:////www.11467.com/shanghai/co/880405.htm
上海仟知经贸发展有限公司,http:////www.11467.com/shanghai/co/734899.htm
上海沪城建设工程有限公司,http:////www.11467.com/shanghai/co/976433.htm
上海绿岑商贸发展有限公司,http:////www.11467.com/shanghai/co/660945.htm
亮色软陶工坊,http:////www.11467.com/shanghai/co/681166.htm
上海天泽翰霖文化传播有限公司,http:////www.11467.com/shanghai/co/742865.htm
上海水晶花铺手工房,http:////www.11467.com/shanghai/co/427432.htm
上海民族艺术品股份有限公司,http:////www.11467.com/shanghai/co/976441.htm
上海欣连木业有限公司,http:////www.11467.com/shanghai/co/1054944.htm
上海欣典影像科技有限公司,http:////www.11467.com/shanghai/co/1048669.htm
涂鸦画廊工作室,http:////www.11467.com/shanghai/co/87637.htm
艺源超声有限公司,http:////www.11467.com/shanghai/co/161343.htm
上海兆宝古镇工艺礼品有限公司,http:////www.11467.com/shanghai/co/510753.htm
深圳市瀚方磁铁制品有限公司上海分公司,http:////www.11467.com/shanghai/co/510540.htm
清和（个体经营）,http:////www.11467.com/shanghai/co/742823.htm
新加坡美瑞德精细化工私人有限公司(上海办事处),http:////www.11467.com/shanghai/co/1057653.htm
“恋上猫猫”花艺坊,http:////www.11467.com/tianjin/co/75919.htm
静雅画室（个体经营）,http:////www.11467.com/tianjin/co/60974.htm
天津市红荃水晶花工艺品制作有限公司,http:////www.11467.com/tianjin/co/49830.htm
程相虹（个体经营）,http:////www.11467.com/tianjin/co/63316.htm
天津津华玻璃制品厂,http:////www.11467.com/tianjin/co/25791.htm
天津圣彩文化创意有限公司,http:////www.11467.com/tianjin/co/161779.htm
陈寅立（个体经营）,http:////www.11467.com/tianjin/co/144768.htm
中国天津王牌纺织有限公司,http:////www.11467.com/tianjin/co/161795.htm
天津宇鹤数码影像技术有限公司,http:////www.11467.com/tianjin/co/139147.htm
天津四季鲜有限公司,http:////www.11467.com/tianjin/co/161788.htm
天津市武清区雨源座垫绳带加工厂,http:////www.11467.com/tianjin/co/179856.htm
天津市四通手工艺品厂,http:////www.11467.com/tianjin/co/179862.htm
阿途仔玩具店,http:////www.11467.com/chongqing/co/12507.htm
“金益”艺术画工作室,http:////www.11467.com/chongqing/co/23749.htm
重庆峰展铝业有限公司,http:////www.11467.com/chongqing/co/79664.htm
中国永辉（金属粉）集团重庆江北公司,http:////www.11467.com/chongqing/co/124512.htm
海瑞天宏工艺厂,http:////www.11467.com/chongqing/co/42101.htm
加州婚庆礼仪公司,http:////www.11467.com/chongqing/co/62069.htm
海口金海纳工艺品有限公司,http:////www.11467.com/haikou/co/4958.htm
东莞中州胶板有限公司,http:////www.11467.com/dongguan/co/558258.htm
开发区众邦立体光栅材料厂,http:////www.11467.com/hebi/co/13377.htm
益盛飾品有限公司,http:////www.11467.com/dongguan/co/350542.htm
丰凡环保材料技术有限公司,http:////www.11467.com/dongguan/co/169075.htm
丰凡环保材料技术发展有限公司(总部),http:////www.11467.com/dongguan/co/169074.htm
业鸿塑胶厂,http:////www.11467.com/dongguan/co/165616.htm
一米阳光十字绣厂,http:////www.11467.com/dongguan/co/350458.htm
智玮化工有限公司,http:////www.11467.com/dongguan/co/351252.htm
潘仕成个体经营,http:////www.11467.com/dongguan/co/350189.htm
强信波丽工艺材料（贸易）部,http:////www.11467.com/dongguan/co/350302.htm
东莞市虹彩工艺材料有限公司,http:////www.11467.com/dongguan/co/350418.htm
云艺精雕油泥橡皮泥软陶泥厂,http:////www.11467.com/dongguan/co/167037.htm
粤艺贝壳表面厂,http:////www.11467.com/dongguan/co/167306.htm
天然工艺品辅料公司,http:////www.11467.com/dongguan/co/351337.htm
广东力天模具材料行,http:////www.11467.com/dongguan/co/167571.htm
拓新纺织有限公司营业部,http:////www.11467.com/dongguan/co/349567.htm
李欢（个体经营）,http:////www.11467.com/dongguan/co/192555.htm
齐林(个体经营),http:////www.11467.com/dongying/co/27744.htm
廖氏农副产品加工厂,http:////www.11467.com/fangchenggang/co/6169.htm
佛山市鸿果艺金箔行,http:////www.11467.com/foshan/co/266600.htm
佛山市聚能包装材料有限公司,http:////www.11467.com/foshan/co/17268.htm
东盈工艺品有限公司,http:////www.11467.com/foshan/co/204349.htm
翰巧艺工艺品有限公司,http:////www.11467.com/foshan/co/266387.htm
佛山市南海新鸿羽毛工艺制品有限公司,http:////www.11467.com/foshan/co/102841.htm
佛山时尚精品灯饰有限公司,http:////www.11467.com/foshan/co/345660.htm
佛山市顺德区戈得贸易有限公司,http:////www.11467.com/foshan/co/203799.htm
佛山市南海永壹藤条有限公司,http:////www.11467.com/foshan/co/321720.htm
廉江市安铺鸿意工艺编织厂,http:////www.11467.com/foshan/co/266397.htm
佛山市顺德区骏雄包装材料有限公司,http:////www.11467.com/foshan/co/300910.htm
李坚鹏（个体经营）,http:////www.11467.com/foshan/co/204810.htm
佛山市华新工艺礼品有限公司,http:////www.11467.com/foshan/co/263142.htm
佛山顺德卡萨有限公司,http:////www.11467.com/foshan/co/204791.htm
佛山鑫蜀工艺制品有限公司业务部,http:////www.11467.com/foshan/co/266475.htm
远航工艺原料公司,http:////www.11467.com/foshan/co/266337.htm
佛山振辉电讯有限公司,http:////www.11467.com/foshan/co/203846.htm
个人创业有限公司,http:////www.11467.com/foshan/co/302360.htm
金鼎盛纺织烫金有限公司,http:////www.11467.com/foshan/co/266418.htm
锦兴藤艺厂,http:////www.11467.com/foshan/co/204292.htm
俊飞皮具贸易有限公司,http:////www.11467.com/foshan/co/267123.htm
锦兴藤艺厂编织分部,http:////www.11467.com/foshan/co/266686.htm
阙女士（个体经营）,http:////www.11467.com/foshan/co/266886.htm
佛山市森馨香精香料有限公司,http:////www.11467.com/foshan/co/266950.htm
南海平洲玉器厂,http:////www.11467.com/foshan/co/267041.htm
佛山市玉源贸易有限公司,http:////www.11467.com/foshan/co/266134.htm
顺德市迪科实业有限公司,http:////www.11467.com/foshan/co/142922.htm
审评个体经营,http:////www.11467.com/fushun/co/25244.htm
欢乐绣精品坊,http:////www.11467.com/fuyang/co/25033.htm
福州晋安区金誉食品加工场,http:////www.11467.com/fuzhou/co/151042.htm
福州峰达有限公司,http:////www.11467.com/fuzhou/co/136317.htm
罗源县丰源木材加工厂,http:////www.11467.com/fuzhou/co/74182.htm
黑手师傅牌洗手粉福州办事处,http:////www.11467.com/fuzhou/co/151197.htm
山田林业开发（福建）有限公司贸易部,http:////www.11467.com/fuzhou/co/137072.htm
福州三诺影像礼品有限公司,http:////www.11467.com/fuzhou/co/182076.htm
崇仁县晨桉工艺品有限公司,http:////www.11467.com/fuzhoushi/co/18246.htm
大地锦绣公司,http:////www.11467.com/guangan/co/14296.htm
广州丰辉宝石厂,http:////www.11467.com/guangzhou/co/342850.htm
广东盛发发制品公司,http:////www.11467.com/guangzhou/co/340175.htm
广州鼎顺礼品公司,http:////www.11467.com/guangzhou/co/168281.htm
广东湘怡竹材有限公司,http:////www.11467.com/guangzhou/co/470941.htm
广州科艺有机硅材料有限公司,http:////www.11467.com/guangzhou/co/167728.htm
广东省逸锐模具硅胶有机硅有限公司,http:////www.11467.com/guangzhou/co/481175.htm
广州东海金丝彩沙画手工艺厂,http:////www.11467.com/guangzhou/co/168083.htm
广州金捷服装配料厂,http:////www.11467.com/guangzhou/co/341990.htm
广州金达金箔公司,http:////www.11467.com/guangzhou/co/341235.htm
峰业宝石工艺,http:////www.11467.com/guangzhou/co/168144.htm
茶山供销贸易公司,http:////www.11467.com/guangzhou/co/166976.htm
广州坤彩颜料有限公司,http:////www.11467.com/guangzhou/co/166198.htm
广州市花都区狮岭华峰箱包材料厂,http:////www.11467.com/guangzhou/co/167138.htm
广州好好工艺品有限公司,http:////www.11467.com/guangzhou/co/131437.htm
广州鬼谷3D科技公司,http:////www.11467.com/guangzhou/co/474449.htm
广州市高泰金箔有限公司,http:////www.11467.com/guangzhou/co/341005.htm
广州市迷糊居丝网花有限公司,http:////www.11467.com/guangzhou/co/165605.htm
广州市天河区沙河金雕工艺经营部销售部,http:////www.11467.com/guangzhou/co/166531.htm
广州天宏饰品有限公司,http:////www.11467.com/guangzhou/co/167745.htm
广州一加一贸易有限公司,http:////www.11467.com/guangzhou/co/165164.htm
黄汉波(个体经营),http:////www.11467.com/guangzhou/co/164812.htm
连云港晶来利工艺制品有限公司,http:////www.11467.com/guangzhou/co/342868.htm
广州忠化化工有限公司,http:////www.11467.com/guangzhou/co/167842.htm
广州市维纳斯钢琴有限公司,http:////www.11467.com/guangzhou/co/344327.htm
广州卓达印章有限公司,http:////www.11467.com/guangzhou/co/365129.htm
昊创腹膜有限公司,http:////www.11467.com/guangzhou/co/165409.htm
洪记藤器经营部,http:////www.11467.com/guangzhou/co/167148.htm
立兴印花材料＜金葱片＞批发部,http:////www.11467.com/guangzhou/co/343010.htm
永发服务公司,http:////www.11467.com/guangzhou/co/162427.htm
中锐超微粉体材料厂,http:////www.11467.com/guangzhou/co/131221.htm
艺宝珠宝商行,http:////www.11467.com/guangzhou/co/166882.htm
湛江广隆贸易有限公司,http:////www.11467.com/guangzhou/co/343876.htm
王海山(个体经营),http:////www.11467.com/guangzhou/co/163465.htm
尼特工贸有限公司,http:////www.11467.com/guangzhou/co/165112.htm
年代首饰有限公司,http:////www.11467.com/guangzhou/co/344552.htm
广州鑫兴实业有限公司,http:////www.11467.com/guangzhou/co/341495.htm
广州市永顺五金饰品,http:////www.11467.com/guangzhou/co/344601.htm
顺达手板材料厂,http:////www.11467.com/guangzhou/co/166973.htm
新光宝石有限公司,http:////www.11467.com/guangzhou/co/340645.htm
沃美达（国际）有限公司,http:////www.11467.com/guangzhou/co/168121.htm
我型我秀个性礼品有限公司,http:////www.11467.com/guangzhou/co/163361.htm
吴川市王村港海缘贝艺经营部,http:////www.11467.com/guangzhou/co/302428.htm
吴川科色商标制作厂,http:////www.11467.com/guangzhou/co/477418.htm
中扬釉料有限公司,http:////www.11467.com/guangzhou/co/162401.htm
康达贝壳工艺厂,http:////www.11467.com/guangzhou/co/164892.htm
陈丽群（个体经营）,http:////www.11467.com/guigang/co/5580.htm
贵州紫袍玉带石有限责任公司,http:////www.11467.com/guiyang/co/73393.htm
馨语工艺品公司,http:////www.11467.com/jinan/co/96773.htm
杨荔荔（个体经营）,http:////www.11467.com/jingzhou/co/26154.htm
"SUIXI AESOP ENTERPRISE CO., LT",http:////www.11467.com/jinhua/co/69657.htm
义乌泽亿工艺品厂（销售部）,http:////www.11467.com/jinhua/co/69382.htm
文武饰品厂,http:////www.11467.com/jinhua/co/78743.htm
龚津松（个体经营）,http:////www.11467.com/jinhua/co/69873.htm
心石尚钻石画有限公司,http:////www.11467.com/jinhua/co/123661.htm
谷瑞工艺品公司,http:////www.11467.com/jinhua/co/126477.htm
山东济宁原野工艺品有限公司,http:////www.11467.com/jining/co/47399.htm
武义县振峰金属日用品厂,http:////www.11467.com/jinzhou/co/50367.htm
都昌县胜龙工艺品厂,http:////www.11467.com/jiujiang/co/22905.htm
江西省九江市净土宗文化研究学会,http:////www.11467.com/jiujiang/co/20999.htm
赵大海（个体经营）,http:////www.11467.com/kaifeng/co/13847.htm
庞鑫商务公司,http:////www.11467.com/kaifeng/co/14111.htm
昆理工鑫博科技有限公司,http:////www.11467.com/kunming/co/96431.htm
丁丁的店有限公司,http:////www.11467.com/kunming/co/110734.htm
继兰公贸有限公司,http:////www.11467.com/kunming/co/110796.htm
周光跃(个体经营),http:////www.11467.com/kunming/co/110656.htm
莱芜市玉品斋字画店,http:////www.11467.com/laiwu/co/6023.htm
莱芜市开心电子商务有限公司,http:////www.11467.com/laiwu/co/6045.htm
河北云龙饰品有限公司,http:////www.11467.com/langfang/co/29399.htm
同焕国际贸易有限公司,http:////www.11467.com/lanzhou/co/68983.htm
兰州金川金属材料有限公司,http:////www.11467.com/lanzhou/co/65368.htm
豪艺坐垫厂,http:////www.11467.com/liaocheng/co/27286.htm
临沂亿霖草柳编工艺品厂,http:////www.11467.com/linyi/co/67442.htm
华裔工艺有限公司,http:////www.11467.com/linyi/co/57094.htm
临沂市博士爱文具有限公司,http:////www.11467.com/linyi/co/8303.htm
临沂市赢达工艺品有限公司,http:////www.11467.com/linyi/co/12018.htm
桑浩个体经营,http:////www.11467.com/linyi/co/67655.htm
太阳雨专卖店,http:////www.11467.com/linyi/co/57294.htm
临沂银兴工艺品有限公司,http:////www.11467.com/linyi/co/56938.htm
清华陶瓷礼品公司,http:////www.11467.com/linyi/co/67526.htm
宝锋有限公司,http:////www.11467.com/linyi/co/57227.htm
龙泉市贵龙车木厂,http:////www.11467.com/lishui/co/29207.htm
启发羽毛制品公司,http:////www.11467.com/luohe/co/17635.htm
奇美特手工材料商行,http:////www.11467.com/luoyang/co/45373.htm
青艺画材装饰供公司,http:////www.11467.com/maanshan/co/20539.htm
复旦开圆卡通乐园茂名店,http:////www.11467.com/maoming/co/32297.htm
唐亚光（个体经营）,http:////www.11467.com/maoming/co/30904.htm
李政华（个体经营）,http:////www.11467.com/meizhou/co/22798.htm
梅州粤龙高尔夫制品(铸造)有限公司,http:////www.11467.com/meizhou/co/22786.htm
绵阳家美画艺公司,http:////www.11467.com/mianyang/co/33803.htm
江西南昌诚信金箔厂,http:////www.11467.com/nanchang/co/108078.htm
江西南昌晨怡手工艺品店,http:////www.11467.com/nanchang/co/93603.htm
火柴棒数码科技公司,http:////www.11467.com/nanchang/co/93405.htm
北斗星花艺中心,http:////www.11467.com/nanjing/co/92374.htm
南京蓝畅软件开发中心华东区,http:////www.11467.com/nanjing/co/92253.htm
平裕贸易有限公司,http:////www.11467.com/nanjing/co/92914.htm
南京奇艺装饰发光新材料科技公司,http:////www.11467.com/nanjing/co/92715.htm
秀网实业有限公司,http:////www.11467.com/nanjing/co/60723.htm
新春化工有限公司,http:////www.11467.com/quanzhou/co/95586.htm
博灵艺品材料公司,http:////www.11467.com/quanzhou/co/52693.htm
山东省日照山川电子科贸有限公司,http:////www.11467.com/rizhao/co/13928.htm
日照沃德智能科技有限公司,http:////www.11467.com/rizhao/co/11700.htm
三和珍珠宝石有限公司,http:////www.11467.com/shangqiu/co/21078.htm
汕头市澄海区嘉韵塑料胶条店,http:////www.11467.com/shantou/co/115703.htm
汕头市澄海区澄华富隆泰工艺辅料店,http:////www.11467.com/shantou/co/118770.htm
汕头市贝司特工贸有限公司,http:////www.11467.com/shantou/co/118474.htm
广东澄海莲上永丰南金厂,http:////www.11467.com/shantou/co/133846.htm
胜利经营有限公司,http:////www.11467.com/shantou/co/118700.htm
车办之恋商贸有限公司,http:////www.11467.com/shantou/co/118886.htm
陆丰市新望礼品有限公司,http:////www.11467.com/shanwei/co/9847.htm
湖南省邵阳永康发制品有限公司,http:////www.11467.com/shaoyang/co/24166.htm
金峰工艺品公司,http:////www.11467.com/shenyang/co/55515.htm
个性饰品工厂,http:////www.11467.com/shenyang/co/55239.htm
沈阳化艺兴贸易有限公司,http:////www.11467.com/shenyang/co/34923.htm
BESTREE INDUSTRIAL LIMITED,http:////www.11467.com/shenzhen/co/611103.htm
爱特丽尔(深圳)贝壳有限公司,http:////www.11467.com/shenzhen/co/795013.htm
方大文具礼品有限公司,http:////www.11467.com/shenzhen/co/238911.htm
程小楼（个体经营）,http:////www.11467.com/shenzhen/co/239443.htm
个体经营工艺画,http:////www.11467.com/shenzhen/co/238274.htm
湖北省珍源饰品厂,http:////www.11467.com/shenzhen/co/238439.htm
华古艺术公司,http:////www.11467.com/shenzhen/co/229324.htm
金盛服装辅料行,http:////www.11467.com/shenzhen/co/607568.htm
江南彩红膜经营部,http:////www.11467.com/shenzhen/co/235356.htm
茂业贸易公司,http:////www.11467.com/shenzhen/co/233067.htm
基富磨光原料（集团）有限公司,http:////www.11467.com/shenzhen/co/606202.htm
深奥有限公司,http:////www.11467.com/shenzhen/co/609660.htm
美盛工艺品材料有限公司业务部,http:////www.11467.com/shenzhen/co/610258.htm
军发五金工具商行,http:////www.11467.com/shenzhen/co/607604.htm
金明辉工艺耗材公司,http:////www.11467.com/shenzhen/co/233383.htm
罗世龙(个体经营),http:////www.11467.com/shenzhen/co/607457.htm
深圳金鼎天诚商贸有限公司,http:////www.11467.com/shenzhen/co/153536.htm
六角工艺辅料有限公司,http:////www.11467.com/shenzhen/co/605348.htm
德盛工艺品有限公司,http:////www.11467.com/shenzhen/co/227431.htm
邱金来（个体经营）,http:////www.11467.com/shenzhen/co/238818.htm
景益企業有限公司,http:////www.11467.com/shenzhen/co/610256.htm
联兴塑胶制品厂业务部,http:////www.11467.com/shenzhen/co/234686.htm
深圳启华玻璃钢原材料有限公司,http:////www.11467.com/shenzhen/co/230344.htm
广西北海市营盘珍珠店,http:////www.11467.com/shenzhen/co/230140.htm
深圳鸿伟宝石耗材制品厂,http:////www.11467.com/shenzhen/co/606763.htm
深圳市宝安区沙井特丽斯颜料厂,http:////www.11467.com/shenzhen/co/808464.htm
深圳市宝安区公明镇益宝工艺制品厂,http:////www.11467.com/shenzhen/co/235060.htm
深圳宝安区黄田太阳丝网花商行,http:////www.11467.com/shenzhen/co/606002.htm
力源宝石首饰工艺厂,http:////www.11467.com/shenzhen/co/798516.htm
日光电子产业(香港)有限公司,http:////www.11467.com/shenzhen/co/237320.htm
深圳市宝安区西乡达信塑胶制品厂,http:////www.11467.com/shenzhen/co/235748.htm
深圳杰峰波丽化工有限公司,http:////www.11467.com/shenzhen/co/153640.htm
深圳朝阳兴五金制品厂,http:////www.11467.com/shenzhen/co/226607.htm
深圳宝之灵实业有限公司,http:////www.11467.com/shenzhen/co/235714.htm
深圳市汇钜科技有限公司,http:////www.11467.com/shenzhen/co/566550.htm
深圳市宏昇工艺材料经营部,http:////www.11467.com/shenzhen/co/797223.htm
深圳安鹏电子有限公司,http:////www.11467.com/shenzhen/co/610552.htm
深圳市鸿运光学材料有限公司,http:////www.11467.com/shenzhen/co/801174.htm
深圳市时代证卡制作有限公司,http:////www.11467.com/shenzhen/co/238764.htm
深圳市森林工艺技术有限公司,http:////www.11467.com/shenzhen/co/610675.htm
深圳市明珠篷艺有限公司,http:////www.11467.com/shenzhen/co/716497.htm
深圳市松岗新龙石膏经营部,http:////www.11467.com/shenzhen/co/226606.htm
深圳市益源钛业有限公司钛材料销售部,http:////www.11467.com/shenzhen/co/226832.htm
深圳市望京扑克印刷有限公司,http:////www.11467.com/shenzhen/co/236783.htm
深圳市真心手工艺品有限公司,http:////www.11467.com/shenzhen/co/610208.htm
深圳市诱货格子有限公司,http:////www.11467.com/shenzhen/co/153388.htm
深圳市艺佳艺品材料有限公司,http:////www.11467.com/shenzhen/co/604881.htm
深圳市艺佳艺品材料有限公司销售部,http:////www.11467.com/shenzhen/co/227382.htm
深圳市永万丰实业有限公司（业务部）,http:////www.11467.com/shenzhen/co/153631.htm
深圳市永益工艺饰品有限公司,http:////www.11467.com/shenzhen/co/226893.htm
深圳天喜乐贸易有限公司,http:////www.11467.com/shenzhen/co/226317.htm
深圳市正化礼品有限公司,http:////www.11467.com/shenzhen/co/606138.htm
深圳艺源有限公司,http:////www.11467.com/shenzhen/co/604653.htm
深圳新艺工艺材料商行,http:////www.11467.com/shenzhen/co/611370.htm
谢春燕（个体经营）,http:////www.11467.com/shenzhen/co/262644.htm
丝魅花艺有限公司,http:////www.11467.com/shenzhen/co/153076.htm
苏通龙煌布料辅料总汇,http:////www.11467.com/shenzhen/co/609329.htm
香港玉华贵金属化工有限公司,http:////www.11467.com/shenzhen/co/227012.htm
永盛饰品有限公司,http:////www.11467.com/shenzhen/co/232031.htm
深圳市欣辉家私有限公司,http:////www.11467.com/shenzhen/co/604969.htm
浙江省闪光金银丝厂,http:////www.11467.com/shenzhen/co/229218.htm
易顺天有限公司,http:////www.11467.com/shenzhen/co/605779.htm
溢发制品厂,http:////www.11467.com/shenzhen/co/614320.htm
溢发工艺制品厂,http:////www.11467.com/shenzhen/co/614321.htm
深圳市致达化工贸易有限公司,http:////www.11467.com/shenzhen/co/614614.htm
鑫诺礼品工艺有限公司,http:////www.11467.com/shenzhen/co/231627.htm
卓艺雕塑制作公司,http:////www.11467.com/shenzhen/co/610494.htm
晚想工艺品有限公司,http:////www.11467.com/shenzhen/co/608218.htm
烨思实业公司,http:////www.11467.com/shenzhen/co/227521.htm
深圳市友圣贸易有限公司,http:////www.11467.com/shenzhen/co/71628.htm
许昌甲泰发制品有限公司销售部,http:////www.11467.com/shenzhen/co/611280.htm
深圳正大贝壳宝石材料公司,http:////www.11467.com/shenzhen/co/804573.htm
新光辉实业有限公司,http:////www.11467.com/shenzhen/co/613534.htm
銀藝(香港)有限公司深圳辦事處,http:////www.11467.com/shenzhen/co/229284.htm
深圳永嘉鑫礼品工艺厂,http:////www.11467.com/shenzhen/co/148990.htm
深圳市幸运星工艺品有限公司(销售部）,http:////www.11467.com/shenzhen/co/263348.htm
祥和工艺有限公司,http:////www.11467.com/shenzhen/co/232726.htm
深圳市爱丽丝工艺品有限公司（研发部）,http:////www.11467.com/shenzhen/co/153300.htm
丝慧花艺有限公司,http:////www.11467.com/shenzhen/co/611389.htm
深圳速准艺雅标牌有限公司,http:////www.11467.com/shenzhen/co/564931.htm
河北卓林园林工程有限公司,http:////www.11467.com/shijiazhuang/co/105539.htm
谷耀鑫（个体经营）,http:////www.11467.com/shijiazhuang/co/81347.htm
石家庄市雅琳工艺有限公司,http:////www.11467.com/shijiazhuang/co/94981.htm
河北朗捷工贸有限公司,http:////www.11467.com/shijiazhuang/co/80820.htm
河北艺美园艺装饰工程有限公司,http:////www.11467.com/shijiazhuang/co/95461.htm
石家庄雅琳工艺公司,http:////www.11467.com/shijiazhuang/co/95356.htm
惠美创意有限公司,http:////www.11467.com/shijiazhuang/co/83327.htm
大波工艺品店,http:////www.11467.com/siping/co/31084.htm
莫斯科萨利达国际贸易公司,http:////www.11467.com/suihua/co/14196.htm
梅兰(个体经营),http:////www.11467.com/suqian/co/10413.htm
苏州龙晨丝绸服饰工艺品厂,http:////www.11467.com/suzhou/co/20510.htm
苏州环境艺术雕刻工程有限公司,http:////www.11467.com/suzhou/co/252551.htm
珠珠落玉盘（淘宝店）,http:////www.11467.com/suzhou/co/213496.htm
苏州市金阊区金帝小百货店,http:////www.11467.com/suzhou/co/214165.htm
阳光工艺品有限公司,http:////www.11467.com/suzhoushi/co/18295.htm
泰安盛泰石膏粉厂,http:////www.11467.com/taian/co/35330.htm
太原盛唐工艺部,http:////www.11467.com/taiyuan/co/92312.htm
台州小吉鸭文具有限分公司,http:////www.11467.com/taizhou/co/98328.htm
黄岩万乐礼品有限公司,http:////www.11467.com/taizhou/co/82644.htm
欧恒特工艺品有限公司,http:////www.11467.com/taizhou/co/79903.htm
浙江黄岩金禧工艺品有限公司,http:////www.11467.com/taizhou/co/82276.htm
温州杨介豪标牌有限公司,http:////www.11467.com/taizhou/co/82371.htm
台州天意贸易有限公司,http:////www.11467.com/taizhou/co/79938.htm
郝敬旭（个体经营）,http:////www.11467.com/taizhoushi/co/32534.htm
遵化市魏永利金属工艺品有限公司,http:////www.11467.com/tangshan/co/77726.htm
时尚彩珠包包店,http:////www.11467.com/tangshan/co/58963.htm
张溪兰（个体经营）,http:////www.11467.com/tangshan/co/54654.htm
丝网花材料供应公司,http:////www.11467.com/weifang/co/80974.htm
王俊锟(个体经营）,http:////www.11467.com/weifang/co/87126.htm
威海市水晶饰品销售有限责任公司,http:////www.11467.com/weihai/co/28501.htm
雨林装饰工程有限公司,http:////www.11467.com/weihai/co/29061.htm
温州汇丰化工原料经营公司,http:////www.11467.com/wenzhou/co/130255.htm
众鑫饰品有限公司,http:////www.11467.com/wenzhou/co/129729.htm
温州向阳电子厂,http:////www.11467.com/wenzhou/co/160052.htm
湖北宜昌书店,http:////www.11467.com/wuhan/co/57797.htm
武汉富视科技有限公司,http:////www.11467.com/wuhan/co/63609.htm
誉邦辅料装饰经营部,http:////www.11467.com/wuhan/co/63301.htm
久久籽（个体经营）,http:////www.11467.com/wuhan/co/63674.htm
武汉标榜商贸有限公司,http:////www.11467.com/wuhan/co/64334.htm
武汉相国投资有限公司,http:////www.11467.com/wuhan/co/42028.htm
黄鹤楼书画社,http:////www.11467.com/wuhan/co/63652.htm
武汉东俊实业有限公司,http:////www.11467.com/wuhan/co/64457.htm
新洲新大酒店,http:////www.11467.com/wuhan/co/64442.htm
荣城有限公司,http:////www.11467.com/wulumuqi/co/95111.htm
新疆百石缘工美有限公司,http:////www.11467.com/wulumuqi/co/49706.htm
新疆萨拉姆礼品研发制作有限公司,http:////www.11467.com/wulumuqi/co/90064.htm
成程个《体经营》,http:////www.11467.com/wulumuqi/co/90359.htm
宜兴市国峰陶瓷有限公司,http:////www.11467.com/wuxi/co/164545.htm
无锡市惠山泥人研究所有限公司,http:////www.11467.com/wuxi/co/182099.htm
云水艺术品有限公司,http:////www.11467.com/wuxi/co/180431.htm
梧州市隆祥宝石经营部,http:////www.11467.com/wuzhou/co/18413.htm
广西梧州市晶帝珠宝商行,http:////www.11467.com/wuzhou/co/16892.htm
丰元宝石加工厂,http:////www.11467.com/wuzhou/co/16949.htm
金富裕国际有限公司,http:////www.11467.com/xiamen/co/34116.htm
厦门市博方贸易有限公司,http:////www.11467.com/xiamen/co/19435.htm
"DKS INT’L ART Co., Ltd.",http:////www.11467.com/xiamen/co/65126.htm
福建铭锴化工有限公司,http:////www.11467.com/xiamen/co/64882.htm
暂时还没有公司,http:////www.11467.com/xiamen/co/64534.htm
厦门卓德工贸发展有限公司,http:////www.11467.com/xiamen/co/65146.htm
厦门欣丹奴建材有限公司,http:////www.11467.com/xiamen/co/31365.htm
现代风传媒有限公司,http:////www.11467.com/xiamen/co/35114.htm
厦门杰恩商贸有限公司,http:////www.11467.com/xiamen/co/11512.htm
厦门浩威工贸有限公司,http:////www.11467.com/xiamen/co/29354.htm
香港紫荆花（福建）销售公司,http:////www.11467.com/xiamen/co/33834.htm
陕西萧天展示有限公司,http:////www.11467.com/xian/co/124421.htm
舒畅＜个体经营＞,http:////www.11467.com/xian/co/55930.htm
西安中德合资贸易有限责任公司,http:////www.11467.com/xian/co/77503.htm
陕西亿流科技有限公司,http:////www.11467.com/xian/co/112571.htm
溪源彩石厂,http:////www.11467.com/xian/co/55868.htm
西安嘉龙塑雕工艺品有限责任公司,http:////www.11467.com/xian/co/78039.htm
西安力邦制药有限公司（制剂厂）,http:////www.11467.com/xian/co/77261.htm
西安闪讯电子有限公司,http:////www.11467.com/xian/co/77518.htm
襄樊三A礼品商行,http:////www.11467.com/xiangfan/co/36570.htm
湘潭湘锰中学,http:////www.11467.com/xiangtan/co/23615.htm
青海省第一测绘院模型技术与地图工艺中心,http:////www.11467.com/xining/co/26196.htm
青藏土特产品有限公司,http:////www.11467.com/xining/co/26160.htm
河北邢台太行园艺有限公司,http:////www.11467.com/xintai/co/52322.htm
新思路生日用品厂(个体经营),http:////www.11467.com/xintai/co/52197.htm
江西华艺十字绣专业装裱店,http:////www.11467.com/xinyu/co/7060.htm
徐州天赐丝网印刷有限公司,http:////www.11467.com/xuzhou/co/52974.htm
江苏柳条种植基地有限公司,http:////www.11467.com/xuzhou/co/58884.htm
桑浩（个体经营）,http:////www.11467.com/xuzhou/co/58885.htm
徐州天和葫芦工艺品种植研发基地,http:////www.11467.com/xuzhou/co/58938.htm
中国柳条基地,http:////www.11467.com/xuzhou/co/58825.htm
个体经营徐州,http:////www.11467.com/xuzhou/co/58956.htm
云嫣水晶花艺坊,http:////www.11467.com/xuzhou/co/52938.htm
盐城振邦装潢公司,http:////www.11467.com/yancheng/co/53824.htm
烟台世华金银丝有限公司,http:////www.11467.com/yantai/co/114666.htm
钱聪个体经营,http:////www.11467.com/yichang/co/44004.htm
宜春大雅根艺公司,http:////www.11467.com/yichun/co/20264.htm
吴运平（个体经营）,http:////www.11467.com/yongzhou/co/16397.htm
岳阳和一商贸有限公司,http:////www.11467.com/yueyang/co/33158.htm
岳阳华瑞贸易有限公司,http:////www.11467.com/yueyang/co/33163.htm
远山首饰铜专业生产公司,http:////www.11467.com/yunfu/co/20372.htm
厦门搏胜贸易有限公司(漳州),http:////www.11467.com/zhangzhou/co/37468.htm
锦添印花有限公司,http:////www.11467.com/zhangzhou/co/39573.htm
周伟仁（个体经营）,http:////www.11467.com/zhengzhou/co/102419.htm
丹阳市加贝贸易公司,http:////www.11467.com/zhenjiang/co/65353.htm
江苏大学计算机学院,http:////www.11467.com/zhenjiang/co/47059.htm
宝丽绣花服饰配料厂,http:////www.11467.com/zhongshan/co/54732.htm
阿凡提礼品公司,http:////www.11467.com/zhongshan/co/53799.htm
金堡丝花工艺厂,http:////www.11467.com/zhongshan/co/54165.htm
康城健身中心,http:////www.11467.com/zhongshan/co/54676.htm
中联胶骨工艺厂,http:////www.11467.com/zhongshan/co/54528.htm
中山-景生行颜料有限公司,http:////www.11467.com/zhongshan/co/53862.htm
广信五金门窗公司,http:////www.11467.com/zhongshan/co/103516.htm
顺生工艺有限公司,http:////www.11467.com/zhuhai/co/68744.htm
和瑞光电有限公司,http:////www.11467.com/zhuhai/co/68666.htm
安国市康立东北药材有限公司,http:////www.11467.com/zhuhai/co/81947.htm
珠海扬鑫威礼品制造有限公司,http:////www.11467.com/zhuhai/co/35122.htm
山东个人个人公司,http:////www.11467.com/zibo/co/69920.htm
山东瑞诚科技有限公司,http:////www.11467.com/zibo/co/81644.htm
宏健棉麻有限责任公司,http:////www.11467.com/zibo/co/70128.htm
李誉传统工艺坊,http:////www.11467.com/zibo/co/82173.htm
山东大华陶艺设备厂,http:////www.11467.com/zibo/co/81709.htm
淄博景苑陶瓷科技有限公司,http:////www.11467.com/zibo/co/70033.htm
泽慧堂工艺品有限公司,http:////www.11467.com/zibo/co/69561.htm
淄博祺源工艺品有限公司,http:////www.11467.com/zibo/co/69934.htm
胡秋良（个体经营）,http:////www.11467.com/zibo/co/81756.htm
于卉（个体经营）,http:////www.11467.com/zibo/co/81844.htm
艾依然（个体经营）,http:////www.11467.com/beijing/co/564114.htm
北京大正润泰商贸有限公司,http:////www.11467.com/beijing/co/394957.htm
北京翰泉工作室,http:////www.11467.com/beijing/co/584986.htm
北京冠金经济顾问有限公司,http:////www.11467.com/beijing/co/619105.htm
北京东城丝网花批发部,http:////www.11467.com/beijing/co/119991.htm
北京锦绣手工艺品经营部,http:////www.11467.com/beijing/co/119276.htm
北京京宁金箔装饰有限公司,http:////www.11467.com/beijing/co/320615.htm
北京龙鼎皇玉雕艺术中心,http:////www.11467.com/beijing/co/91539.htm
北京利仁轩科技贸易有限公司,http:////www.11467.com/beijing/co/119513.htm
北京润田丰作科技有限公司,http:////www.11467.com/beijing/co/119621.htm
北京千之艺美贸易有限公司,http:////www.11467.com/beijing/co/320984.htm
北京义轩文化用品厂,http:////www.11467.com/beijing/co/214404.htm
北京欣力文科技有限公司,http:////www.11467.com/beijing/co/394713.htm
北京顺创工作室,http:////www.11467.com/beijing/co/306078.htm
北京幸运星饰品有限责任公司,http:////www.11467.com/beijing/co/420126.htm
海利玉石发展公司,http:////www.11467.com/beijing/co/91410.htm
工友之家文化发展中心,http:////www.11467.com/beijing/co/619203.htm
水晶屋影像艺术公司,http:////www.11467.com/beijing/co/420235.htm
美国亚洲国际贸易公司,http:////www.11467.com/beijing/co/119122.htm
茗莱都工贸公司,http:////www.11467.com/beijing/co/584978.htm
吴相民（个体经营）,http:////www.11467.com/beijing/co/395507.htm
正宏食品有限责任公司,http:////www.11467.com/beijing/co/649261.htm
东方绫翔书画装裱中心,http:////www.11467.com/beijing/co/673182.htm
宋亚东（个体经营）,http:////www.11467.com/beijing/co/320897.htm
同兴模式工程有限公司,http:////www.11467.com/beijing/co/214280.htm
北京世纪商都科技公司,http:////www.11467.com/beijing/co/118780.htm
陈金友（个体经营）,http:////www.11467.com/beijing/co/118919.htm
语达龙和国际文化交流有限公司,http:////www.11467.com/beijing/co/619209.htm
凌阳（个体经营）,http:////www.11467.com/beijing/co/91492.htm
浩海外贸有限公司,http:////www.11467.com/shanghai/co/325644.htm
合子工艺品销售公司,http:////www.11467.com/shanghai/co/660737.htm
上海达飞实业公司,http:////www.11467.com/shanghai/co/880599.htm
上海凤纯纺织品有限公司,http:////www.11467.com/shanghai/co/376209.htm
健生经营部,http:////www.11467.com/shanghai/co/880355.htm
大连世大工艺品有限公司,http:////www.11467.com/dalian/co/39356.htm
李少坚,http:////www.11467.com/shantou/co/58866.htm
姜堰市吉祥工艺品厂,http:////www.11467.com/taizhoushi/co/48031.htm
厦门和诚晶德艺术品有限公司,http:////www.11467.com/xiamen/co/103251.htm
镇江市真彩文化用品有限责任公司,http:////www.11467.com/zhenjiang/co/60566.htm
上海凤纯纺织品有限公司,http:////www.11467.com/shanghai/co/376209.htm
健生经营部,http:////www.11467.com/shanghai/co/880355.htm
上海佳艺透着管理有限公司,http:////www.11467.com/shanghai/co/734966.htm
马小卜手工艺工作室,http:////www.11467.com/shanghai/co/660705.htm
上海海福隆珠宝玉器股份有限公司,http:////www.11467.com/shanghai/co/972026.htm
上海清全实业有限公司,http:////www.11467.com/shanghai/co/469246.htm
上海申深饰品批发贸易有限公司,http:////www.11467.com/shanghai/co/1013781.htm
苏扎尔(上海)商贸有限公司,http:////www.11467.com/shanghai/co/1053877.htm
文思化工技术服务公司,http:////www.11467.com/shanghai/co/510589.htm
盛源玛瑙上海分公司,http:////www.11467.com/shanghai/co/529631.htm
悠凡暖宝宝批发厂,http:////www.11467.com/shanghai/co/510818.htm
多美蓝孔雀有限公司,http:////www.11467.com/tianjin/co/63307.htm
天津市塘沽区山水美术用品有限责任公司,http:////www.11467.com/tianjin/co/196330.htm
天津艺梦工艺有限公司,http:////www.11467.com/tianjin/co/99517.htm
张宝兴（个体经营）,http:////www.11467.com/tianjin/co/6424.htm
天津市彩虹工艺品公司,http:////www.11467.com/tianjin/co/118087.htm
“李东（个体经营）”,http:////www.11467.com/chongqing/co/5453.htm
重庆嘉泰丝绸有限公司,http:////www.11467.com/chongqing/co/43508.htm
重庆西环科技有限公司,http:////www.11467.com/chongqing/co/194333.htm
天津帝格兰玉石珠宝有限公司,http:////www.11467.com/tianjin/co/306329.htm
福州日新工艺材料商行,http:////www.11467.com/fuzhou/co/206444.htm
东升油画布厂,http:////www.11467.com/jinhua/co/226300.htm
鑫隆玻璃钢科技有限公司,http:////www.11467.com/qiye/93154744.htm
