长城科技装备洛阳有限公司,http:////www.11467.com/luoyang/co/46387.htm
江苏三鑫特殊金属材料股份有限公司,http:////www.11467.com/nanjing/co/76162.htm
南皮中渤防爆特种工具厂,http:////www.11467.com/cangzhou/co/45699.htm
南皮中渤防爆特种工具厂的商铺,http://cangzhou045699.11467.com
广州市晶博电子有限公司,http:////www.11467.com/guangzhou/co/269265.htm
广州市晶博电子有限公司的商铺,http://guangzhou0269265.11467.com
泊头市平原工量具有限公司,http:////www.11467.com/cangzhou/co/46154.htm
泊头市平原工量具有限公司的商铺,http://cangzhou046154.11467.com
邵东县仙槎桥镇湘益五金工具厂,http:////www.11467.com/shaoyang/co/25152.htm
邵东县仙槎桥镇湘益五金工具厂的商铺,http://shaoyang025152.11467.com
邵东县恒发五金工具有限公司,http:////www.11467.com/shaoyang/co/25156.htm
邵东县恒发五金工具有限公司的商铺,http://shaoyang025156.11467.com
邵东县仙槎桥飞跃五金工具厂,http:////www.11467.com/shaoyang/co/25159.htm
邵东县仙槎桥飞跃五金工具厂的商铺,http://shaoyang025159.11467.com
武强县鸿马工具制造有限公司,http:////www.11467.com/hengshui/co/27020.htm
武强县鸿马工具制造有限公司的商铺,http://hengshui027020.11467.com
天水风动工具厂南京经销部,http:////www.11467.com/tianshui/co/16438.htm
天水风动工具厂南京经销部的商铺,http://tianshui016438.11467.com
长沙市森茂五金机电有限公司,http:////www.11467.com/changsha/co/8813.htm
长沙市森茂五金机电有限公司的商铺,http://changsha08813.11467.com
河北精工机床制造有限公司,http:////www.11467.com/cangzhou/co/57460.htm
河北精工机床制造有限公司的商铺,http://cangzhou057460.11467.com
十堰福曼德工具有限公司,http:////www.11467.com/shiyan/co/31424.htm
十堰福曼德工具有限公司的商铺,http://shiyan031424.11467.com
苏州安妮维斯电子科技有限公司,http:////www.11467.com/suzhou/co/239133.htm
苏州安妮维斯电子科技有限公司的商铺,http://suzhou0239133.11467.com
河东区万平五金工具厂,http:////www.11467.com/linyi/co/63741.htm
河东区万平五金工具厂的商铺,http://linyi063741.11467.com
河东区星光扳钳工具厂,http:////www.11467.com/linyi/co/63857.htm
河东区星光扳钳工具厂的商铺,http://linyi063857.11467.com
付玉如(个体经营),http:////www.11467.com/linyi/co/64504.htm
付玉如(个体经营)的商铺,http://linyi064504.11467.com
南京永拓机电设备有限公司,http:////www.11467.com/nanjing/co/83053.htm
南京永拓机电设备有限公司的商铺,http://nanjing083053.11467.com
泊头市创新工量具有限公司,http:////www.11467.com/cangzhou/co/46298.htm
泊头市创新工量具有限公司的商铺,http://cangzhou046298.11467.com
国营东方仪器厂,http:////www.11467.com/hanzhong/co/3984.htm
国营东方仪器厂的商铺,http://hanzhong03984.11467.com
良材五金园林机电物质商行,http:////www.11467.com/huaihua/co/18143.htm
良材五金园林机电物质商行的商铺,http://huaihua018143.11467.com
黄山市斯特尔机械制造有限公司,http:////www.11467.com/huangshan/co/12942.htm
黄山市斯特尔机械制造有限公司的商铺,http://huangshan012942.11467.com
北京金翊福嘉商贸有限公司,http:////www.11467.com/beijing/co/249103.htm
北京金翊福嘉商贸有限公司的商铺,http://beijing0249103.11467.com
沧州中防科技有限公司,http:////www.11467.com/cangzhou/co/45874.htm
沧州中防科技有限公司的商铺,http://cangzhou045874.11467.com
郁家环（个体经营）,http:////www.11467.com/linyi/co/106947.htm
郁家环（个体经营）的商铺,http://linyi0106947.11467.com
佛山市易测试验仪器有限公司,http:////www.11467.com/foshan/co/235544.htm
佛山市易测试验仪器有限公司的商铺,http://foshan0235544.11467.com
珠海佳力五金制品有限公司,http:////www.11467.com/zhuhai/co/77494.htm
珠海佳力五金制品有限公司的商铺,http://zhuhai077494.11467.com
昆山詹允精密机械有限公司,http:////www.11467.com/suzhou/co/314639.htm
昆山詹允精密机械有限公司的商铺,http://suzhou0314639.11467.com
东台市东环电工机械有限公司,http:////www.11467.com/yancheng/co/80971.htm
东台市东环电工机械有限公司的商铺,http://yancheng080971.11467.com
天津博都弘科贸有限公司,http:////www.11467.com/tianjin/co/75414.htm
天津博都弘科贸有限公司的商铺,http://tianjin075414.11467.com
河东区大山五金工具销售部,http:////www.11467.com/linyi/co/94367.htm
河东区大山五金工具销售部的商铺,http://linyi094367.11467.com
无棣方正福利不锈钢制品有限公司,http:////www.11467.com/binzhou/co/35295.htm
无棣方正福利不锈钢制品有限公司的商铺,http://binzhou035295.11467.com
博罗县罗阳镇铭恒工艺品销售部,http:////www.11467.com/huizhou/co/96736.htm
博罗县罗阳镇铭恒工艺品销售部的商铺,http://huizhou096736.11467.com
苏州克兰恩工具贸易有限公司,http:////www.11467.com/suzhou/co/269553.htm
苏州克兰恩工具贸易有限公司的商铺,http://suzhou0269553.11467.com
邵东县美誉五金工具有限公司,http:////www.11467.com/shaoyang/co/25161.htm
邵东县美誉五金工具有限公司的商铺,http://shaoyang025161.11467.com
波霆机械（上海）有限公司,http:////www.11467.com/shanghai/co/1304873.htm
波霆机械（上海）有限公司的商铺,http://shanghai01304873.11467.com
苏州斯泰迪贸易有限公司,http:////www.11467.com/suzhou/co/270247.htm
苏州斯泰迪贸易有限公司的商铺,http://suzhou0270247.11467.com
阳东县联信五金制品厂,http:////www.11467.com/yangjiang/co/21782.htm
阳东县联信五金制品厂的商铺,http://yangjiang021782.11467.com
中山市智旺贸易有限公司,http:////www.11467.com/zhongshan/co/147486.htm
中山市智旺贸易有限公司的商铺,http://zhongshan0147486.11467.com
莒南县佳力五金工具有限公司,http:////www.11467.com/linyi/co/77252.htm
莒南县佳力五金工具有限公司的商铺,http://linyi077252.11467.com
广州市番禺区大石镇洛溪沙辉玻璃工艺工具配件经营部,http:////www.11467.com/guangzhou/co/274383.htm
广州市番禺区大石镇洛溪沙辉玻璃工艺工具配件经营部的商铺,http://guangzhou0274383.11467.com
安徽晟威机电销售有限公司,http:////www.11467.com/chuzhou/co/31423.htm
安徽晟威机电销售有限公司的商铺,http://chuzhou031423.11467.com
东莞市黄江三禾塑胶五金制品厂,http:////www.11467.com/dongguan/co/304981.htm
东莞市黄江三禾塑胶五金制品厂的商铺,http://dongguan0304981.11467.com
安平县强冠五金网类有限公司,http:////www.11467.com/hengshui/co/27232.htm
安平县强冠五金网类有限公司的商铺,http://hengshui027232.11467.com
柳州市中大五金工具有限公司,http:////www.11467.com/liuzhou/co/9872.htm
柳州市中大五金工具有限公司的商铺,http://liuzhou09872.11467.com
杨保山(个体经营),http:////www.11467.com/liuzhou/co/47504.htm
杨保山(个体经营)的商铺,http://liuzhou047504.11467.com
南京鑫程机械工具有限公司,http:////www.11467.com/nanjing/co/114541.htm
南京鑫程机械工具有限公司的商铺,http://nanjing0114541.11467.com
深圳畅联贸易有限公司,http:////www.11467.com/shenzhen/co/343905.htm
深圳畅联贸易有限公司的商铺,http://shenzhen0343905.11467.com
邵东县万浬工具制造有限公司,http:////www.11467.com/shaoyang/co/25172.htm
邵东县万浬工具制造有限公司的商铺,http://shaoyang025172.11467.com
邵东县利鹰工具制造有限公司,http:////www.11467.com/shaoyang/co/25157.htm
邵东县利鹰工具制造有限公司的商铺,http://shaoyang025157.11467.com
泊头市宇通特种工具制造厂,http:////www.11467.com/cangzhou/co/57503.htm
泊头市宇通特种工具制造厂的商铺,http://cangzhou057503.11467.com
东莞市寮步长骏衡器五金店,http:////www.11467.com/dongguan/co/488789.htm
东莞市寮步长骏衡器五金店的商铺,http://dongguan0488789.11467.com
沧州中防科技有限公司,http:////www.11467.com/cangzhou/co/45874.htm
沧州中防科技有限公司的商铺,http://cangzhou045874.11467.com
山东顺源液压制造有限公司,http:////www.11467.com/jining/co/71319.htm
山东顺源液压制造有限公司的商铺,http://jining071319.11467.com
泊头市恒达量具厂,http:////www.11467.com/cangzhou/co/21121.htm
泊头市恒达量具厂的商铺,http://cangzhou021121.11467.com
辛集市兴杰防爆工具有限公司,http:////www.11467.com/shijiazhuang/co/142050.htm
辛集市兴杰防爆工具有限公司的商铺,http://shijiazhuang0142050.11467.com
泊头市秉信工量具有限公司,http:////www.11467.com/cangzhou/co/69635.htm
泊头市秉信工量具有限公司的商铺,http://cangzhou069635.11467.com
上海扭矩扳手恒刚仪器工具有限公司,http:////www.11467.com/shanghai/co/898615.htm
上海扭矩扳手恒刚仪器工具有限公司的商铺,http://shanghai0898615.11467.com
河北四凯防爆工具制造有限公司,http:////www.11467.com/cangzhou/co/56987.htm
河北四凯防爆工具制造有限公司的商铺,http://cangzhou056987.11467.com
宝鸡市齐兴科技有限公司,http:////www.11467.com/baoji/co/25571.htm
宝鸡市齐兴科技有限公司的商铺,http://baoji025571.11467.com
苏州喜乐美制五金有限公司,http:////www.11467.com/suzhou/co/241960.htm
苏州喜乐美制五金有限公司的商铺,http://suzhou0241960.11467.com
宁波市北仑区小港顺驰汽车配件厂,http:////www.11467.com/ningbo/co/7460.htm
宁波市北仑区小港顺驰汽车配件厂的商铺,http://ningbo07460.11467.com
泊头市精益防爆工具有限公司,http:////www.11467.com/cangzhou/co/46152.htm
泊头市精益防爆工具有限公司的商铺,http://cangzhou046152.11467.com
常州市冀发机电经营部,http:////www.11467.com/changzhou/co/110657.htm
常州市冀发机电经营部的商铺,http://changzhou0110657.11467.com
深圳市艾尔玛机电设备有限公司,http:////www.11467.com/shenzhen/co/475348.htm
深圳市艾尔玛机电设备有限公司的商铺,http://shenzhen0475348.11467.com
常州市荣得亿五金工具有限公司,http:////www.11467.com/changzhou/co/111263.htm
常州市荣得亿五金工具有限公司的商铺,http://changzhou0111263.11467.com
常州市正丰动力机械有限公司,http:////www.11467.com/changzhou/co/111501.htm
常州市正丰动力机械有限公司的商铺,http://changzhou0111501.11467.com
成都融维科技有限公司,http:////www.11467.com/chengdu/co/212235.htm
成都融维科技有限公司的商铺,http://chengdu0212235.11467.com
常州市飞云工具有限公司,http:////www.11467.com/changzhou/co/108929.htm
常州市飞云工具有限公司的商铺,http://changzhou0108929.11467.com
盐城市鑫之凯五交化有限公司,http:////www.11467.com/yancheng/co/55503.htm
盐城市鑫之凯五交化有限公司的商铺,http://yancheng055503.11467.com
阳江市满成五金制品有限公司,http:////www.11467.com/yangjiang/co/15299.htm
阳江市满成五金制品有限公司的商铺,http://yangjiang015299.11467.com
沧州天龙五金电子有限公司,http:////www.11467.com/cangzhou/co/38996.htm
沧州天龙五金电子有限公司的商铺,http://cangzhou038996.11467.com
苏州德贸金属制品有限公司,http:////www.11467.com/suzhou/co/214618.htm
苏州德贸金属制品有限公司的商铺,http://suzhou0214618.11467.com
陕西恒瑞测控系统有限公司,http:////www.11467.com/xian/co/63546.htm
陕西恒瑞测控系统有限公司的商铺,http://xian063546.11467.com
献县中工汽车工具厂,http:////www.11467.com/cangzhou/co/46467.htm
献县中工汽车工具厂的商铺,http://cangzhou046467.11467.com
南京畅驰机电设备有限公司,http:////www.11467.com/nanjing/co/156349.htm
南京畅驰机电设备有限公司的商铺,http://nanjing0156349.11467.com
河北安易达思防爆电气设备有限公司,http:////www.11467.com/cangzhou/co/58240.htm
河北安易达思防爆电气设备有限公司的商铺,http://cangzhou058240.11467.com
深圳市永昌数控刀具配件经营部,http:////www.11467.com/shenzhen/co/502508.htm
深圳市永昌数控刀具配件经营部的商铺,http://shenzhen0502508.11467.com
上海诚帛精密机械设备有限公司,http:////www.11467.com/shanghai/co/1066727.htm
上海诚帛精密机械设备有限公司的商铺,http://shanghai01066727.11467.com
圆兴(厦门)精密工具有限公司,http:////www.11467.com/xiamen/co/94554.htm
圆兴(厦门)精密工具有限公司的商铺,http://xiamen094554.11467.com
嵊州市帕克工具厂,http:////www.11467.com/shaoxing/co/118357.htm
嵊州市帕克工具厂的商铺,http://shaoxing0118357.11467.com
上海思准实业有限公司,http:////www.11467.com/shanghai/co/1037776.htm
上海思准实业有限公司的商铺,http://shanghai01037776.11467.com
嵊州市三岛工具有限公司,http:////www.11467.com/shaoxing/co/118359.htm
嵊州市三岛工具有限公司的商铺,http://shaoxing0118359.11467.com
泊头市天强工量具有限公司,http:////www.11467.com/cangzhou/co/66854.htm
泊头市天强工量具有限公司的商铺,http://cangzhou066854.11467.com
东莞市常平和美五金贸易商行,http:////www.11467.com/dongguan/co/410117.htm
东莞市常平和美五金贸易商行的商铺,http://dongguan0410117.11467.com
上海丹姆仕顿紧固系统有限公司,http:////www.11467.com/shanghai/co/1065419.htm
上海丹姆仕顿紧固系统有限公司的商铺,http://shanghai01065419.11467.com
深圳市宝安区松岗精工电子经营部,http:////www.11467.com/shenzhen/co/727856.htm
深圳市宝安区松岗精工电子经营部的商铺,http://shenzhen0727856.11467.com
东莞市佳帆五金制品有限公司,http:////www.11467.com/dongguan/co/285591.htm
东莞市佳帆五金制品有限公司的商铺,http://dongguan0285591.11467.com
东莞市常平岳波五金批发部,http:////www.11467.com/dongguan/co/411360.htm
东莞市常平岳波五金批发部的商铺,http://dongguan0411360.11467.com
张家港市锦都五金工具制造有限公司,http:////www.11467.com/suzhou/co/333653.htm
张家港市锦都五金工具制造有限公司的商铺,http://suzhou0333653.11467.com
泊头市亿海机械设备有限公司,http:////www.11467.com/cangzhou/co/53027.htm
泊头市亿海机械设备有限公司的商铺,http://cangzhou053027.11467.com
献县王牌五金工具厂,http:////www.11467.com/cangzhou/co/46466.htm
献县王牌五金工具厂的商铺,http://cangzhou046466.11467.com
任丘市兴隆五金机电有限公司,http:////www.11467.com/cangzhou/co/23924.htm
任丘市兴隆五金机电有限公司的商铺,http://cangzhou023924.11467.com
上海天端实业有限公司,http:////www.11467.com/shanghai/co/975287.htm
上海天端实业有限公司的商铺,http://shanghai0975287.11467.com
嵊州市金源汽车配件有限公司,http:////www.11467.com/shaoxing/co/118356.htm
嵊州市金源汽车配件有限公司的商铺,http://shaoxing0118356.11467.com
石家庄市金盾防爆工具有限公司,http:////www.11467.com/shijiazhuang/co/138210.htm
石家庄市金盾防爆工具有限公司的商铺,http://shijiazhuang0138210.11467.com
河北华鼎工量具制造有限公司,http:////www.11467.com/cangzhou/co/45924.htm
辛集市兴杰防爆工具有限公司,http:////www.11467.com/shijiazhuang/co/142050.htm
温岭市太平荣升五金工具店,http:////www.11467.com/qiye/3574.htm
广州森安机电设备有限公司,http:////www.11467.com/qiye/6078.htm
安阳新创五金工具有限公司,http:////www.11467.com/anyang/co/36444.htm
泊头市宏鹏机械量具有限公司,http:////www.11467.com/cangzhou/co/59741.htm
泊头市恒盛机床量具有限公司,http:////www.11467.com/cangzhou/co/61944.htm
沧州德安防爆特种工具制造有限公司国内部,http:////www.11467.com/cangzhou/co/42200.htm
河北中泊防爆工具有限公司 杨正娟,http:////www.11467.com/cangzhou/co/61723.htm
沧州航宇工量具有限责任公司,http:////www.11467.com/cangzhou/co/45876.htm
湖南森茂机电科技有限公司,http:////www.11467.com/changsha/co/119069.htm
长沙恒泰五金有限公司,http:////www.11467.com/changsha/co/8898.htm
常州三鑫五金工具商行,http:////www.11467.com/changzhou/co/111843.htm
常州牟氏格瑞五金工具有限公司,http:////www.11467.com/changzhou/co/151022.htm
成都市万全工具贸易有限公司,http:////www.11467.com/chengdu/co/108598.htm
曹太平（个体经营),http:////www.11467.com/chenzhou/co/19546.htm
美国约克工具有限公司,http:////www.11467.com/dalian/co/74105.htm
东莞达威五金设备有限公司,http:////www.11467.com/dongguan/co/495299.htm
东莞宝福五金制品厂,http:////www.11467.com/dongguan/co/304186.htm
东莞市大岭山森盛五金电子制品厂,http:////www.11467.com/dongguan/co/547285.htm
东莞市长安废料回收有限公司,http:////www.11467.com/dongguan/co/505961.htm
东莞市黄江通商大田精密切削工具商行,http:////www.11467.com/dongguan/co/301072.htm
东莞市广聚五金塑胶制品有限公司,http:////www.11467.com/dongguan/co/280738.htm
东莞市妙达电动工具制造有限公司,http:////www.11467.com/dongguan/co/194048.htm
东莞市南城科强五金电子经营部,http:////www.11467.com/dongguan/co/290870.htm
广东东莞金淼电子工具量具有限公司经销叁部,http:////www.11467.com/dongguan/co/249723.htm
东莞市常平浚丰五金制品厂,http:////www.11467.com/dongguan/co/290989.htm
广东东莞金淼电子工具量具经销壹部,http:////www.11467.com/dongguan/co/249722.htm
东莞勇林(诚泰)五金制品厂,http:////www.11467.com/dongguan/co/291095.htm
湖南邵东仙槎桥青山五金工具东莞办事处,http:////www.11467.com/dongguan/co/293117.htm
东莞市万正五金制品有限公司,http:////www.11467.com/dongguan/co/417173.htm
惠州市都诚模具五金有限公司,http:////www.11467.com/dongguan/co/296362.htm
东莞市中堂其鑫五金工具制品厂,http:////www.11467.com/dongguan/co/411380.htm
广州东莞鑫淼电子工具量具商行,http:////www.11467.com/dongguan/co/243782.htm
东莞益邦塑胶制品有限公司,http:////www.11467.com/dongguan/co/77981.htm
银鑫合金材料制品厂,http:////www.11467.com/dongguan/co/305213.htm
香港華氏國際股份有限公司,http:////www.11467.com/dongguan/co/500827.htm
深圳市捷兴工具有限公司,http:////www.11467.com/shenzhen/co/476268.htm
深圳市捷兴仪器有限公司,http:////www.11467.com/shenzhen/co/368974.htm
深圳市三高贸易有限公司业务部,http:////www.11467.com/shenzhen/co/515636.htm
深圳市银丰弹簧五金厂,http:////www.11467.com/shenzhen/co/799458.htm
辰光五金电子经营部,http:////www.11467.com/suining/co/11085.htm
临朐县驰铭汽车工具厂,http:////www.11467.com/weifang/co/120188.htm
瑞安市正兴汽保工具厂(正力工具),http:////www.11467.com/wenzhou/co/219228.htm
武汉宏锐昌机电设备有限公司,http:////www.11467.com/wuhan/co/84614.htm
西安生罗兰壁纸有限公司,http:////www.11467.com/xian/co/123220.htm
镇江国际经济技术合作有限公司,http:////www.11467.com/zhenjiang/co/48480.htm
上海富工工具有限公司,http:////www.11467.com/shanghai/co/1040432.htm
杜德机械科技(上海)有限公司,http:////www.11467.com/shanghai/co/1048875.htm
上海臻奇实业发展有限公司,http:////www.11467.com/shanghai/co/1047285.htm
区强记机械集团有限公司,http:////www.11467.com/shanghai/co/1047263.htm
天津市鹏工贸有限公司,http:////www.11467.com/tianjin/co/199957.htm
天津市桥防防爆工具有限公司,http:////www.11467.com/tianjin/co/198838.htm
安徽艾诺克工矿机械设备有限公司,http:////www.11467.com/chongqing/co/206036.htm
东营皓翔商贸有限公司,http:////www.11467.com/dongying/co/22055.htm
佛山市正标工具有限公司,http:////www.11467.com/foshan/co/236411.htm
伍尔特（天津）国际贸易有限公司,http:////www.11467.com/fushun/co/26283.htm
广州圣欧轴承有限公司,http:////www.11467.com/guangzhou/co/474575.htm
广州市威逊工贸有限公司,http:////www.11467.com/guangzhou/co/457703.htm
广州市荔湾区豪艺五金工具商行,http:////www.11467.com/guangzhou/co/269532.htm
广州泰纳电子科技有限公司总部,http:////www.11467.com/guangzhou/co/122166.htm
广州市明升伟业机电有限公司,http:////www.11467.com/guangzhou/co/279569.htm
广州亚翔报检产地证服务有限公司,http:////www.11467.com/guangzhou/co/472921.htm
广州升久音响有限公司,http:////www.11467.com/guangzhou/co/457702.htm
汪洋,http:////www.11467.com/haerbin/co/43804.htm
杭州安静科技有限公司,http:////www.11467.com/hangzhou/co/147559.htm
杭州格劳莱工具有限公司,http:////www.11467.com/hangzhou/co/260017.htm
杭州华岳工具有限公司,http:////www.11467.com/hangzhou/co/116528.htm
杭州阳工工具有限公司,http:////www.11467.com/hangzhou/co/262587.htm
杭州科隆实业有限公司,http:////www.11467.com/hangzhou/co/248252.htm
杭州旗锐工具有限公司,http:////www.11467.com/hangzhou/co/118040.htm
杭州萧山力源工具厂,http:////www.11467.com/hangzhou/co/126809.htm
杭州浩工五金工具有限公司,http:////www.11467.com/hangzhou/co/256754.htm
临安三强工具厂,http:////www.11467.com/hangzhou/co/145356.htm
天曲（杭州）股份有限公司,http:////www.11467.com/hangzhou/co/261374.htm
台湾瑞祥气动工具有限公司(杭州营业部),http:////www.11467.com/hangzhou/co/261435.htm
杭州力天工具有限公司,http:////www.11467.com/hangzhou/co/260811.htm
永康永大工贸有限公司,http:////www.11467.com/hangzhou/co/372901.htm
杭州群杰紧固件有限公司,http:////www.11467.com/hangzhou/co/257864.htm
CRANE吉助金属制品有限公司,http:////www.11467.com/hefei/co/131754.htm
合肥鑫威力机电设备有限公司,http:////www.11467.com/hefei/co/132724.htm
衡水宏祥套筒厂,http:////www.11467.com/hengshui/co/34745.htm
衡水联亿机电设备公司,http:////www.11467.com/hengshui/co/33823.htm
威铁克电子科技有限公司,http:////www.11467.com/heyuan/co/18370.htm
江苏淮安力天工具制造有限公司,http:////www.11467.com/huaian/co/36969.htm
江门市亨特五金有限公司(外销部),http:////www.11467.com/jiangmen/co/88615.htm
嘉兴市久一工具有限公司,http:////www.11467.com/jiaxing/co/64527.htm
济南世达济南方氏科技有限公司,http:////www.11467.com/jinan/co/134930.htm
济南耐扣五金有限公司,http:////www.11467.com/jinan/co/135709.htm
浙江省武义县新天五金电镀有限公司,http:////www.11467.com/jinhua/co/123730.htm
兰溪市一洲工具有限公司,http:////www.11467.com/jinhua/co/122246.htm
济宁市市中区鑫隆工矿配件公司,http:////www.11467.com/jining/co/73829.htm
山东济宁链条厂,http:////www.11467.com/jining/co/74063.htm
河南豫中实业有限公司,http:////www.11467.com/kaifeng/co/19930.htm
昆明米格贸易有限公司,http:////www.11467.com/kunming/co/107816.htm
霸州市康仙庄电力施工工具厂,http:////www.11467.com/langfang/co/45866.htm
霸州市康仙庄得力电力液压机具厂,http:////www.11467.com/langfang/co/46267.htm
兰诺门窗配件厂,http:////www.11467.com/langfang/co/46651.htm
山东阳谷九鑫机械工具有限公司,http:////www.11467.com/liaocheng/co/50002.htm
临沂临沂吉顺五金工具有限公司,http:////www.11467.com/linyi/co/96603.htm
临沂鲁平五金工具厂,http:////www.11467.com/linyi/co/94640.htm
临沂天昊五金工具有限公司,http:////www.11467.com/linyi/co/60724.htm
临沂市兰山区广顺进出口有限公司,http:////www.11467.com/linyi/co/85794.htm
山东艺川国际贸易有限公司,http:////www.11467.com/linyi/co/64613.htm
上海实干实业有限责任公司,http:////www.11467.com/shanghai/co/1036314.htm
上海恒刚仪器仪表有限公司销售,http:////www.11467.com/shanghai/co/1036878.htm
上海实干拉力计有限公司,http:////www.11467.com/shanghai/co/1036913.htm
山东汉普机械工业有限公司,http:////www.11467.com/jinan/co/135707.htm
安徽青松工具有限公司,http:////www.11467.com/anqing/co/17019.htm
奥斯威机电工具有限公司,http:////www.11467.com/anshan/co/70590.htm
安阳市工业电器总公司电器厂（销售部）,http:////www.11467.com/anyang/co/26150.htm
百色市创发五金有限公司,http:////www.11467.com/baise/co/11071.htm
广州威力狮工具制造有限公司,http:////www.11467.com/baoding/co/58854.htm
保定龙鑫工具有限公司,http:////www.11467.com/baoding/co/58620.htm
宝鸡市齐兴科技有限公司1,http:////www.11467.com/baoji/co/25567.htm
宝鸡秦德机械科技发展有限公司,http:////www.11467.com/baoji/co/30696.htm
包头市青山区达兴有限公司,http:////www.11467.com/baotou/co/25157.htm
包头市齐多工业设备有限公司,http:////www.11467.com/baotou/co/25291.htm
包头市青山区达兴五金有限责任公司,http:////www.11467.com/baotou/co/17075.htm
飞跃兴五金机电有限责任公司,http:////www.11467.com/baotou/co/25250.htm
安徽辉源机电有限公司,http:////www.11467.com/bengbu/co/27752.htm
毕节宏利五金交电行,http:////www.11467.com/bijie/co/8423.htm
海庆工具有限公司,http:////www.11467.com/binzhou/co/20765.htm
山东省顺德电力器材有限公司,http:////www.11467.com/binzhou/co/35216.htm
南皮县中德防爆工具制造厂,http:////www.11467.com/cangzhou/co/57506.htm
泊头亚东工量具厂,http:////www.11467.com/cangzhou/co/57438.htm
无锡市宇峰五金机械厂,http:////www.11467.com/wuxi/co/149089.htm
无锡建筑五金工具厂,http:////www.11467.com/wuxi/co/22769.htm
厦门雷力五金工具有限公司,http:////www.11467.com/xiamen/co/93501.htm
厦门信天宇软件公司,http:////www.11467.com/xiamen/co/95126.htm
陕西西安扭矩工具制造有限公司,http:////www.11467.com/xian/co/125605.htm
邢台双利钢筋连接机械厂,http:////www.11467.com/xintai/co/49632.htm
新江五金工具电料批发商行,http:////www.11467.com/xinxiang/co/23666.htm
温州同一首歌工贸有限公司,http:////www.11467.com/xuzhou/co/81719.htm
国银建材五金机电批发部,http:////www.11467.com/yancheng/co/79412.htm
阳东县泰乐工贸有限公司,http:////www.11467.com/yangjiang/co/15874.htm
江都市瑞达工具有限公司,http:////www.11467.com/yangzhou/co/107314.htm
江苏省江都市国网电力工具研发制造有限公司,http:////www.11467.com/yangzhou/co/107691.htm
龙口市北马鑫龙工具厂,http:////www.11467.com/yantai/co/155163.htm
烟台坤森仪器仪表有限公司,http:////www.11467.com/yantai/co/124950.htm
烟台力世工具有限公司,http:////www.11467.com/yantai/co/154993.htm
郑州市中陆机电城海英五金机电商行,http:////www.11467.com/zhengzhou/co/117033.htm
郑州高频感应电炉有限公司,http:////www.11467.com/zhengzhou/co/177623.htm
北京力度五金商贸有限公司,http:////www.11467.com/beijing/co/692785.htm
北京科顺展览有限公司,http:////www.11467.com/beijing/co/701995.htm
吉多瑞工具(北京)有限公司,http:////www.11467.com/beijing/co/303162.htm
上海明宝工具有限公司,http:////www.11467.com/shanghai/co/1049329.htm
上海宝宜威机电有限公司(上海总部),http:////www.11467.com/shanghai/co/675689.htm
可路普史（上海）贸易有限公司,http:////www.11467.com/shanghai/co/888528.htm
上海能辉建筑安装工程有限公司,http:////www.11467.com/shanghai/co/322517.htm
上海拓科科技有限公司,http:////www.11467.com/shanghai/co/1052884.htm
天津金恒泰五金有限公司,http:////www.11467.com/tianjin/co/200931.htm
天津桥防安全工具有限公司,http:////www.11467.com/tianjin/co/196436.htm
重庆腾辉标准件经销部,http:////www.11467.com/chongqing/co/206035.htm
广东(深圳)东莞市金淼电子工具量具商行,http:////www.11467.com/dongguan/co/249724.htm
广东东莞启隆研磨销售部,http:////www.11467.com/dongguan/co/223207.htm
东莞市长安骏龙五金商店,http:////www.11467.com/dongguan/co/289987.htm
东莞市长安乐驰五金经营部,http:////www.11467.com/dongguan/co/295746.htm
东莞道格贸易有限公司(销售部),http:////www.11467.com/dongguan/co/275410.htm
东鑫盛五金制品有限公司,http:////www.11467.com/dongguan/co/294188.htm
东莞佑立五金有限公司业务部,http:////www.11467.com/dongguan/co/411379.htm
东莞渝元五金精密有限公司,http:////www.11467.com/dongguan/co/139909.htm
东莞市常平立基五金工具商店,http:////www.11467.com/dongguan/co/36243.htm
东莞亿诚电子工具商行,http:////www.11467.com/dongguan/co/247727.htm
东莞市中元五金制品有限公司,http:////www.11467.com/dongguan/co/303687.htm
东莞市樟木头润田电子有限公司,http:////www.11467.com/dongguan/co/504829.htm
东莞市威特五金电子工具有限公司(樟木头分店),http:////www.11467.com/dongguan/co/248639.htm
东莞市威特五金电子工具有限公司,http:////www.11467.com/dongguan/co/140652.htm
东莞市文良塑胶五金有限公司,http:////www.11467.com/dongguan/co/271610.htm
东莞市怡益行贸易有限公司(私营企业）,http:////www.11467.com/dongguan/co/300943.htm
桓禹五金加工公司,http:////www.11467.com/dongguan/co/305806.htm
凯迪机械配件有限公司,http:////www.11467.com/dongguan/co/272145.htm
立基五金商店,http:////www.11467.com/dongguan/co/142959.htm
东莞协力五金制品厂,http:////www.11467.com/dongguan/co/300144.htm
东莞鑫恒五金工具厂,http:////www.11467.com/dongguan/co/490445.htm
湖南湘江工具厂—上海销售总部,http:////www.11467.com/dongguan/co/302232.htm
金宏电器五金制品厂,http:////www.11467.com/dongguan/co/278793.htm
荣钜五金科技有限公司,http:////www.11467.com/dongguan/co/293892.htm
东莞市中堂其鑫五金加工场,http:////www.11467.com/dongguan/co/306325.htm
三丰优良五金工具公司,http:////www.11467.com/dongguan/co/222707.htm
东莞市怡之丰实业有限公司(销售部),http:////www.11467.com/dongguan/co/280912.htm
深圳德至高工具有限公司莞城分店,http:////www.11467.com/dongguan/co/243836.htm
晶益五金塑胶有限公司,http:////www.11467.com/dongguan/co/272141.htm
精英鞋材有限公司业务部,http:////www.11467.com/dongguan/co/284011.htm
明亮五金标准件机械有限公司石龙分公司,http:////www.11467.com/dongguan/co/294338.htm
施杰五金机械模具配件机床附件,http:////www.11467.com/dongguan/co/297361.htm
科标五金制品有限公司业务部,http:////www.11467.com/dongguan/co/297763.htm
荣钜五金厂,http:////www.11467.com/dongguan/co/305211.htm
鑫博气动工具公司,http:////www.11467.com/dongguan/co/299710.htm
東莞市均固五金有限公司,http:////www.11467.com/dongguan/co/290794.htm
深圳市裕昌机电有限公司营销部,http:////www.11467.com/dongguan/co/289568.htm
恒泰(东莞)五金工具有限公司,http:////www.11467.com/dongguan/co/281121.htm
隆盛五金制品厂,http:////www.11467.com/dongguan/co/506993.htm
佑立五金有限公司 销售部,http:////www.11467.com/dongguan/co/295782.htm
东莞林兴五金塑胶有限公司,http:////www.11467.com/dongguan/co/302382.htm
广东永建企业有限公司,http:////www.11467.com/dongguan/co/505933.htm
东莞市陆王机电有限公司,http:////www.11467.com/dongguan/co/301010.htm
世纪电子科技有限公司,http:////www.11467.com/dongguan/co/243827.htm
台神机械五金钢材有限公司(业务部),http:////www.11467.com/dongguan/co/280331.htm
顺鑫五金有限公司,http:////www.11467.com/dongguan/co/288959.htm
速锐特精密工具有限公司,http:////www.11467.com/dongguan/co/492796.htm
永钢模具五金机械公司,http:////www.11467.com/dongguan/co/499195.htm
雄真五金螺丝制品厂,http:////www.11467.com/dongguan/co/502296.htm
何武（个体经营）,http:////www.11467.com/dongguan/co/168671.htm
志豪工具商行,http:////www.11467.com/longyan/co/21852.htm
中国洛阳大凯五金机械有限公司,http:////www.11467.com/luoyang/co/60701.htm
马鞍山市鸿屹机械厂,http:////www.11467.com/maanshan/co/25625.htm
南昌基阳科技有限公司（业务部）,http:////www.11467.com/nanchang/co/81905.htm
南昌同济物资贸易有限公司,http:////www.11467.com/nanchang/co/90128.htm
南昌市中野精密科技有限公司业务部,http:////www.11467.com/nanchang/co/89784.htm
南昌鹏达商贸有限公司,http:////www.11467.com/nanchang/co/88761.htm
南昌市中野精密科技有限公司,http:////www.11467.com/nanchang/co/88974.htm
江苏森宝五金工具有限公司,http:////www.11467.com/nanjing/co/71992.htm
南京川吉机电科技有限公司,http:////www.11467.com/nanjing/co/154474.htm
南华电孑有限公司,http:////www.11467.com/nanjing/co/82372.htm
南京溧水南方特种工具实业有限公司,http:////www.11467.com/nanjing/co/80764.htm
南京立新专用工具制造有限公司,http:////www.11467.com/nanjing/co/156139.htm
曹杨峰（个体经营）,http:////www.11467.com/nanjing/co/82896.htm
大商彩钢瓦有限公司,http:////www.11467.com/nanjing/co/83571.htm
南京大江专用工具制造有限公司销售1部,http:////www.11467.com/nanjing/co/83309.htm
南京立泽机电设备有限公司,http:////www.11467.com/nanjing/co/79420.htm
南京磊嘉机械有限公司,http:////www.11467.com/nanjing/co/72035.htm
南京溧新冶金机械配件有限公司,http:////www.11467.com/nanjing/co/16306.htm
南京金桥装饰城锦捷五金经营部,http:////www.11467.com/nanjing/co/83866.htm
南京华东特种工具制造有限公司,http:////www.11467.com/nanjing/co/153969.htm
俊生五金公司（个体经营）,http:////www.11467.com/nanjing/co/84102.htm
南京宗孚实业有限公司,http:////www.11467.com/nanjing/co/79100.htm
南京宁金工具制造有限公司,http:////www.11467.com/nanjing/co/114732.htm
南京市溧水华发冶金机械制造厂,http:////www.11467.com/nanjing/co/114900.htm
南京积水工贸有限公司,http:////www.11467.com/nanjing/co/34597.htm
宁庆工具经营部,http:////www.11467.com/nanjing/co/83209.htm
南京美基机电设备有限公司,http:////www.11467.com/nanjing/co/144966.htm
南京京宁工具制造有限公司,http:////www.11467.com/nanjing/co/153458.htm
南京思伦特工具有限公司,http:////www.11467.com/nanjing/co/83538.htm
南京华力工具制造有限公司,http:////www.11467.com/nanjing/co/72036.htm
南京天仙五金建材超市,http:////www.11467.com/nanjing/co/82850.htm
南京宁金机械制造有限公司,http:////www.11467.com/nanjing/co/114737.htm
章春晖（个体经营）,http:////www.11467.com/nanjing/co/82198.htm
南京季松科贸有限公司 销售部,http:////www.11467.com/nanjing/co/83208.htm
南京昊星机械实业有限公司,http:////www.11467.com/nanjing/co/83746.htm
上海唐美机电设备有限公司南京办事处,http:////www.11467.com/nanjing/co/114731.htm
南通华峰五金机电有限公司,http:////www.11467.com/nantong/co/107268.htm
南通华信工具有限公司,http:////www.11467.com/nantong/co/106144.htm
南通沃得公司,http:////www.11467.com/nantong/co/107502.htm
顺福木业公司,http:////www.11467.com/nantong/co/101933.htm
上海田岛工具有限公司南京营业所(南通),http:////www.11467.com/nantong/co/105478.htm
南通天茂机械制造有限公司,http:////www.11467.com/nantong/co/118927.htm
江苏省南通东帝五金有限公司,http:////www.11467.com/nantong/co/107619.htm
宁波百事达公司,http:////www.11467.com/ningbo/co/91756.htm
浩博五金工具批发经销部,http:////www.11467.com/ningbo/co/110181.htm
风云销售公司,http:////www.11467.com/ningbo/co/110216.htm
慈溪市立新弹簧厂,http:////www.11467.com/ningbo/co/198545.htm
慈溪市双奇工具厂,http:////www.11467.com/ningbo/co/192827.htm
慈溪市力索工具有限公司,http:////www.11467.com/ningbo/co/192680.htm
宁波市鄞州区鑫腾异型工具厂,http:////www.11467.com/ningbo/co/111670.htm
宁波市保税区永易工贸有限公司,http:////www.11467.com/ningbo/co/91822.htm
宁波市北仑帮尼机械有限公司,http:////www.11467.com/ningbo/co/91754.htm
宁波市鄞州启量五金工具厂,http:////www.11467.com/ningbo/co/112004.htm
宁波市鄞州姜山甬工五金工具厂.,http:////www.11467.com/ningbo/co/112002.htm
宁波市鄞州宁东橡筋线厂,http:////www.11467.com/ningbo/co/110487.htm
鄞州区姜山宏力五金工具厂,http:////www.11467.com/ningbo/co/109824.htm
宁波市鄞州民锋机械工具厂,http:////www.11467.com/ningbo/co/58554.htm
宁波正品五金厂,http:////www.11467.com/ningbo/co/110215.htm
慈溪新梨园工具有限公司,http:////www.11467.com/ningbo/co/70729.htm
余姚市天露五金机械厂,http:////www.11467.com/ningbo/co/192826.htm
寧波利盛工具有限公司,http:////www.11467.com/ningbo/co/91989.htm
宁波鄞州芬银五金工具厂,http:////www.11467.com/ningbo/co/101161.htm
宁波鄞州特种工具螺批有限公司,http:////www.11467.com/ningbo/co/111125.htm
慈溪市少威工具有限公司,http:////www.11467.com/ningbo/co/199276.htm
宁波市鄞州恒锢工具厂,http:////www.11467.com/ningbo/co/110229.htm
鄞州大众工具有限公司,http:////www.11467.com/ningbo/co/111149.htm
宁波市鄞州欧力工具有限公司,http:////www.11467.com/ningbo/co/70767.htm
鄞州麦迪工具制造有限公司-业务部,http:////www.11467.com/ningbo/co/111659.htm
宁波志凡五金工具有限公司,http:////www.11467.com/ningbo/co/92028.htm
宁波卓越工具有限公司,http:////www.11467.com/ningbo/co/109810.htm
浙江省慈溪侃天塑胶制品有限公司,http:////www.11467.com/ningbo/co/195268.htm
宁波市鄞州麦迪工具制造有限公司,http:////www.11467.com/ningbo/co/111153.htm
宁波市鄞州豪工工具厂,http:////www.11467.com/ningbo/co/100851.htm
宁波市鄞州姜山寰洲五金工具厂,http:////www.11467.com/ningbo/co/12199.htm
宁波市鄞州姜山强力五金工具厂,http:////www.11467.com/ningbo/co/50518.htm
宁波市华岳克工具商行,http:////www.11467.com/ningbo/co/111669.htm
香港诺科森工具有限公司,http:////www.11467.com/ningbo/co/110184.htm
宁波灵翔五金商行,http:////www.11467.com/ningbo/co/112513.htm
余姚市泰源五金加工厂,http:////www.11467.com/ningbo/co/192825.htm
小港顺驰汽车配件厂,http:////www.11467.com/ningbo/co/111056.htm
宁波通驰实业有限公司,http:////www.11467.com/ningbo/co/196663.htm
宁波市鄞州长城工具厂,http:////www.11467.com/ningbo/co/110182.htm
余姚市顺胜实业有限公司旺鼎工具厂,http:////www.11467.com/ningbo/co/194625.htm
宁波江东生由汽车部件商行,http:////www.11467.com/ningbo/co/111655.htm
宁波市鄞州湘工工具厂(甬工工具),http:////www.11467.com/ningbo/co/197705.htm
宁波市鄞州永欣五金工具厂,http:////www.11467.com/ningbo/co/70690.htm
宁波市鄞州泰龙机械输送工具有限公司,http:////www.11467.com/ningbo/co/92161.htm
宁波市鄞州姜山微特精益工具厂,http:////www.11467.com/ningbo/co/50541.htm
宁波市鄞州区五洲五金工具厂,http:////www.11467.com/ningbo/co/92162.htm
宁波市鄞州高桥鑫鹏五金厂,http:////www.11467.com/ningbo/co/194623.htm
宁波市鄞州甬恒工具有限公司,http:////www.11467.com/ningbo/co/111151.htm
宁波市鑫腾异型工具厂,http:////www.11467.com/ningbo/co/112772.htm
宁波鄞州区鑫华精密工具厂,http:////www.11467.com/ningbo/co/111150.htm
宁波鄞州鑫腾异型工具厂,http:////www.11467.com/ningbo/co/91821.htm
宁波市鄞州万江输送滑轮有限公司,http:////www.11467.com/ningbo/co/110190.htm
宁波市鄞州姜山金益工具厂,http:////www.11467.com/ningbo/co/143405.htm
余姚市杰峰工具厂,http:////www.11467.com/ningbo/co/111032.htm
卓力工具（余姚）有限公司,http:////www.11467.com/ningbo/co/112774.htm
强力五金工具厂,http:////www.11467.com/ningbo/co/92164.htm
汕头市特普五金工具进出口有限公司,http:////www.11467.com/shantou/co/127624.htm
通泰汽车设备商行,http:////www.11467.com/shantou/co/128570.htm
汕头市金平区威力马五金工具商行,http:////www.11467.com/shantou/co/128761.htm
汕头市闪电五金交电有限公司,http:////www.11467.com/shantou/co/144153.htm
汕尾市建成五交电器批发行,http:////www.11467.com/shanwei/co/9160.htm
广东玖牧五金有限公司,http:////www.11467.com/shaoguan/co/29397.htm
嵊州市伊甸工具有限公司,http:////www.11467.com/shaoxing/co/120181.htm
绍兴县中国轻纺城华伟物资经销部,http:////www.11467.com/shaoxing/co/86653.htm
嵊州市欧力工具有限公司,http:////www.11467.com/shaoxing/co/118590.htm
浙江省嵊州市力矩工具制造有限公司,http:////www.11467.com/shaoxing/co/118402.htm
嵊州市巩固工具有限公司,http:////www.11467.com/shaoxing/co/118858.htm
嵊州市景宏工具制造有限公司,http:////www.11467.com/shaoxing/co/118358.htm
嵊州市世力工具有限公司,http:////www.11467.com/shaoxing/co/104432.htm
诸暨市威盾汽保工具有限公司,http:////www.11467.com/shaoxing/co/118409.htm
虹桥经贸公司,http:////www.11467.com/shaoyang/co/23872.htm
邵东县青山锻压机床三厂,http:////www.11467.com/shaoyang/co/3994.htm
仙槎桥镇恒辉五金工具厂,http:////www.11467.com/shaoyang/co/26788.htm
邵东县仙槎桥镇云峰五金加工厂,http:////www.11467.com/shaoyang/co/26905.htm
邵东县仙槎桥镇纯能五金工具厂,http:////www.11467.com/shaoyang/co/26744.htm
达旺五金工具厂,http:////www.11467.com/shaoyang/co/23817.htm
湖南省成达五金工具有限公司,http:////www.11467.com/shaoyang/co/26609.htm
香港众瑞五金工具有限公司,http:////www.11467.com/shaoyang/co/26753.htm
湖南邵东祥盛五金工具厂,http:////www.11467.com/shaoyang/co/26831.htm
湖南顺工制造有限公司,http:////www.11467.com/shaoyang/co/26832.htm
辽宁五金商贸公司,http:////www.11467.com/shenyang/co/97254.htm
沈阳咏豪五金机电设备有限公司,http:////www.11467.com/shenyang/co/64847.htm
光达五金电动工具有限公司,http:////www.11467.com/shenyang/co/65858.htm
沈阳特尔鑫贸易有限公司,http:////www.11467.com/shenyang/co/64718.htm
哈尔滨香成特种工具厂,http:////www.11467.com/shenyang/co/65954.htm
王英唐（个体经营）,http:////www.11467.com/shenyang/co/63386.htm
安联五金工具厂,http:////www.11467.com/shenzhen/co/344547.htm
程生，个体经营,http:////www.11467.com/shenzhen/co/476822.htm
诚智信起重设备有限公司,http:////www.11467.com/shenzhen/co/510885.htm
广东省深圳市永顺丰五金机电有限公司,http:////www.11467.com/shenzhen/co/515986.htm
东良实业公司,http:////www.11467.com/shenzhen/co/517330.htm
广东省深圳市振兴五金工具配送中心,http:////www.11467.com/shenzhen/co/498348.htm
揭阳市吉兴实业有限公司,http:////www.11467.com/shenzhen/co/503031.htm
华仑电子工具有限公司（市场部）,http:////www.11467.com/shenzhen/co/406994.htm
健达化工有限公司,http:////www.11467.com/shenzhen/co/514180.htm
深阳行快速扳手不锈钢扎钩科技有限公司,http:////www.11467.com/shenzhen/co/476828.htm
华毅电子工具,http:////www.11467.com/shenzhen/co/475976.htm
邓伟煌（个体经营）,http:////www.11467.com/shenzhen/co/510889.htm
上海申雨洋实业有限公司深圳办事处,http:////www.11467.com/shenzhen/co/773247.htm
深圳德飞翔电子有限公司,http:////www.11467.com/shenzhen/co/490387.htm
湖南省周氏工具制造有限公司,http:////www.11467.com/shenzhen/co/334056.htm
佰通电子工具商行,http:////www.11467.com/shenzhen/co/475977.htm
康达五金交电经营部塘尾分店,http:////www.11467.com/shenzhen/co/511878.htm
上海亨耐赫实业有限公司深圳办事处,http:////www.11467.com/shenzhen/co/803100.htm
德至高科技有限公司,http:////www.11467.com/shenzhen/co/476005.htm
深圳废品废料回收公司,http:////www.11467.com/shenzhen/co/474507.htm
苏州日晶软件科技有限公司,http:////www.11467.com/suzhou/co/207763.htm
苏州仁义机械工具有限公司销售部,http:////www.11467.com/suzhou/co/242456.htm
台北德贸贸易有限公司,http:////www.11467.com/suzhou/co/202802.htm
苏州吉田工具行,http:////www.11467.com/suzhou/co/225139.htm
苏州润科机电科技有限公司,http:////www.11467.com/suzhou/co/317917.htm
苏州申友工贸有限公司,http:////www.11467.com/suzhou/co/236152.htm
苏州周诚商贸有限公司,http:////www.11467.com/suzhou/co/163894.htm
苏州伟创科技科仪精密仪器有限公司,http:////www.11467.com/suzhou/co/242905.htm
苏州吴中经济开发区松标模具厂,http:////www.11467.com/suzhou/co/317642.htm
江苏宏宝五金股份有限公司,http:////www.11467.com/suzhou/co/119001.htm
昆山毅佳润机电有限公司,http:////www.11467.com/suzhou/co/243898.htm
苏州工业园区驰迅自动化科技有限公司,http:////www.11467.com/suzhou/co/236071.htm
自力五金电子科技有限公司,http:////www.11467.com/suzhou/co/236084.htm
中设(苏州)机械设备进出口公司业务3部,http:////www.11467.com/suzhou/co/240886.htm
张家港市巨人工具有限公司,http:////www.11467.com/suzhou/co/321745.htm
五洲五金工具厂,http:////www.11467.com/suzhou/co/242907.htm
张家港三鼎工具有限公司,http:////www.11467.com/suzhou/co/337260.htm
张家港市东恺五金工具有限公司,http:////www.11467.com/suzhou/co/271958.htm
苏州正旭贸易有限公司(瑞士PB工具江苏总代理),http:////www.11467.com/suzhou/co/236154.htm
苏州市润洋五金机电设备有限公司,http:////www.11467.com/suzhou/co/225199.htm
苏州市平江区万吉五金机电经营部,http:////www.11467.com/suzhou/co/166772.htm
张家港市海天工具制造厂,http:////www.11467.com/suzhou/co/122906.htm
苏州吴中经济开发区海欣五金经营部,http:////www.11467.com/suzhou/co/243897.htm
泰山鲁玉机电设备销售中心,http:////www.11467.com/taian/co/37406.htm
山东泰工工贸有限责任公司(原山东省泰安工具厂),http:////www.11467.com/taian/co/37588.htm
泰工工贸有限责任公司,http:////www.11467.com/taian/co/37541.htm
山东省泰安工具厂(山东泰工工贸有限责任公司),http:////www.11467.com/taian/co/34762.htm
山东泰安泰工国际贸易有限公司,http:////www.11467.com/taian/co/41688.htm
泰安市华纳矿山设备有限公司,http:////www.11467.com/taian/co/53492.htm
山东九鑫机械工具有限公司外贸部,http:////www.11467.com/taian/co/37123.htm
泰安市华纳煤矿机电设备有限公司,http:////www.11467.com/taian/co/36482.htm
山东世达机械工具有限公司,http:////www.11467.com/taian/co/44340.htm
山东东平九鑫五金工具有限公司,http:////www.11467.com/taian/co/44229.htm
山东九鑫机械工具有限公司外贸处,http:////www.11467.com/taian/co/37536.htm
江阳劳动服务公司机械厂,http:////www.11467.com/taiyuan/co/97381.htm
太原市国雷机电设备有限公司,http:////www.11467.com/taiyuan/co/125206.htm
太原市杏花岭区隆盛五金工具经销部,http:////www.11467.com/taiyuan/co/98247.htm
台州市路桥来安机车部件商行,http:////www.11467.com/taizhou/co/89618.htm
台州益发汽车零部件有限公司,http:////www.11467.com/taizhou/co/30422.htm
台州国华五金贸易有限公司,http:////www.11467.com/taizhou/co/105850.htm
创鑫机械有限公司,http:////www.11467.com/taizhou/co/87497.htm
玉环县诚达机械厂,http:////www.11467.com/taizhou/co/137166.htm
温岭市斯柯特工具有限公司,http:////www.11467.com/taizhou/co/105499.htm
玉环博特工量具仪器经营部,http:////www.11467.com/taizhou/co/139781.htm
温岭泽国秀玲五金厂,http:////www.11467.com/taizhou/co/139307.htm
温岭市龙鸣机电贸易有限公司,http:////www.11467.com/taizhou/co/93817.htm
江苏省泰州市亚泰机具厂,http:////www.11467.com/taizhoushi/co/29733.htm
泰州市亚明不锈钢有限公司,http:////www.11467.com/taizhoushi/co/50460.htm
姜堰市大宝五金工具有限公司,http:////www.11467.com/taizhoushi/co/50232.htm
泰州恒信机械有限公司,http:////www.11467.com/taizhoushi/co/31220.htm
江苏美德机械制造有限公司,http:////www.11467.com/taizhoushi/co/30518.htm
江苏泰州市海陵区矛盾工具厂,http:////www.11467.com/taizhoushi/co/28855.htm
泰州市鑫源工矿器材有限公司销售部,http:////www.11467.com/taizhoushi/co/31052.htm
开发区恒信机械工具厂,http:////www.11467.com/taizhoushi/co/49526.htm
泰州市腾飞电力工具厂,http:////www.11467.com/taizhoushi/co/31074.htm
泰州苏中机械制造有限公司,http:////www.11467.com/taizhoushi/co/26853.htm
泰州市恒信机械制造有限公司,http:////www.11467.com/taizhoushi/co/31461.htm
泰州振华机械设备厂,http:////www.11467.com/taizhoushi/co/30967.htm
华飞机械工具厂,http:////www.11467.com/taizhoushi/co/30927.htm
泰州市海陵区力优机电设备有限公司,http:////www.11467.com/taizhoushi/co/38889.htm
唐山轩宇五金商贸有限公司,http:////www.11467.com/tangshan/co/75632.htm
振兴五金公司,http:////www.11467.com/tongliao/co/8945.htm
临朐县鸣达汽车工具厂,http:////www.11467.com/weifang/co/119130.htm
临朐县成金汽车工具厂,http:////www.11467.com/weifang/co/117783.htm
临朐县强力汽车工具厂,http:////www.11467.com/weifang/co/117782.htm
临朐顺达汽车工具厂,http:////www.11467.com/weifang/co/120187.htm
山东潍坊金瑞经贸有限公司,http:////www.11467.com/weifang/co/120504.htm
山东临朐顺达汽车工具有限公司,http:////www.11467.com/weifang/co/119754.htm
潍坊富利达工贸有限公司,http:////www.11467.com/weifang/co/119709.htm
高密市海泰精密金属有限公司,http:////www.11467.com/weifang/co/119131.htm
临朐县欣炜汽车工具厂,http:////www.11467.com/weifang/co/117780.htm
临朐县新光汽车工具厂,http:////www.11467.com/weifang/co/117626.htm
文登市圣达工具厂,http:////www.11467.com/weihai/co/47378.htm
文登东琦工具厂,http:////www.11467.com/weihai/co/47172.htm
文登威力浩然工具制造有限公司,http:////www.11467.com/weihai/co/47061.htm
文登威力迈泊工具有限公司,http:////www.11467.com/weihai/co/47065.htm
文登市大水泊山天工具厂,http:////www.11467.com/weihai/co/47173.htm
威海鸿禄能源贸易有限公司,http:////www.11467.com/weihai/co/31812.htm
阿化模具配件店,http:////www.11467.com/wenzhou/co/152395.htm
瑞安市千虎五金机电经营部,http:////www.11467.com/wenzhou/co/151909.htm
苍南县中兴纸塑包装厂,http:////www.11467.com/wenzhou/co/216585.htm
温州长雄五交化有限公司,http:////www.11467.com/wenzhou/co/151900.htm
温州瓯海仙岩顺泰五金工具厂,http:////www.11467.com/wenzhou/co/151172.htm
温州市瓯海仙岩南洋五金工具厂,http:////www.11467.com/wenzhou/co/152394.htm
瑞安市徐特标准件有限公司,http:////www.11467.com/wenzhou/co/221307.htm
浙江省温州市瓯海仙岩南洋五金工具厂,http:////www.11467.com/wenzhou/co/153356.htm
温州开泰五金工具厂,http:////www.11467.com/wenzhou/co/151157.htm
湖北广济五金工具有限公司,http:////www.11467.com/wuhan/co/143095.htm
施德福（武汉）液压技术有限公司,http:////www.11467.com/wuhan/co/83264.htm
武汉固克电子科技有限公司,http:////www.11467.com/wuhan/co/84281.htm
临朐县雄冠汽车工具厂,http:////www.11467.com/wuhan/co/84613.htm
武汉捷安机电设备有限公司,http:////www.11467.com/wuhan/co/80694.htm
武汉润祥泰贸易有限公司,http:////www.11467.com/wuhan/co/75730.htm
广东佛山正标工具（武汉）有限公司,http:////www.11467.com/wuhan/co/84935.htm
武汉长荣发科技有限公司,http:////www.11467.com/wuhan/co/143588.htm
武汉史坦利机电设备有限公司,http:////www.11467.com/wuhan/co/84105.htm
武汉敏锐五金工具有限公司,http:////www.11467.com/wuhan/co/2996.htm
武汉市一兵科技发展有限公司市场部,http:////www.11467.com/wuhan/co/81921.htm
武汉鑫浩伦商贸有限公司,http:////www.11467.com/wuhan/co/141846.htm
湖北武汉派诺机械制造有限公司,http:////www.11467.com/wuhan/co/83434.htm
龙延机械工具制造有限公司,http:////www.11467.com/xinxiang/co/23676.htm
徐州先行科技机械有限公司,http:////www.11467.com/xuzhou/co/81127.htm
徐州市意斯特机电设备有限公司,http:////www.11467.com/xuzhou/co/56765.htm
徐州昆宇五金工具厂,http:////www.11467.com/xuzhou/co/57360.htm
徐州市泰舸五金工具有限公司,http:////www.11467.com/xuzhou/co/54998.htm
徐州凯今腾进出口有限公司,http:////www.11467.com/xuzhou/co/28057.htm
建湖县红花工具厂,http:////www.11467.com/yancheng/co/60762.htm
盐城军威工具有限公司,http:////www.11467.com/yancheng/co/78792.htm
阳江市广溢丰五金制品有限公司,http:////www.11467.com/yangjiang/co/18232.htm
保利丰工具有限公司,http:////www.11467.com/yangjiang/co/16639.htm
阳江市江城永虹五金塑料厂(业务部),http:////www.11467.com/yangjiang/co/15431.htm
阳江市江城胜凯五金厂,http:////www.11467.com/yangjiang/co/16147.htm
阳江市昌信工贸有限公司(销售部),http:////www.11467.com/yangjiang/co/15423.htm
阳江市昌信工贸有限公司 业务部,http:////www.11467.com/yangjiang/co/15185.htm
甘泉兄弟家电商行,http:////www.11467.com/yangzhou/co/81946.htm
江苏鼎鑫建设工程有限公司,http:////www.11467.com/yangzhou/co/51764.htm
扬州市邗江晨辉动力机械有限公司,http:////www.11467.com/yangzhou/co/107025.htm
扬州华银五金工具有限公司,http:////www.11467.com/yangzhou/co/76230.htm
扬州市经济开发区创新工具厂,http:////www.11467.com/yangzhou/co/70609.htm
泰州市众力机电设备有限公司,http:////www.11467.com/yangzhou/co/82991.htm
扬州安志五金工具有限公司,http:////www.11467.com/yangzhou/co/100622.htm
扬州市君诺工具有限公司,http:////www.11467.com/yangzhou/co/106168.htm
劳伦斯工具有限公司,http:////www.11467.com/yangzhou/co/82536.htm
龙口市盛达五金工具有限公司,http:////www.11467.com/yantai/co/156572.htm
龙口市威固工具有限公司,http:////www.11467.com/yantai/co/155325.htm
山东亿力工具有限公司贸易部,http:////www.11467.com/yantai/co/126125.htm
龙口市永昌工具厂,http:////www.11467.com/yantai/co/155324.htm
铮研五金有限公司,http:////www.11467.com/yantai/co/126020.htm
五金配件总汇,http:////www.11467.com/yantai/co/126022.htm
山东亿力工具有限公司办公室,http:////www.11467.com/yantai/co/126100.htm
烟台市宏刚五金机电总汇,http:////www.11467.com/yantai/co/125668.htm
烟台佳业经贸有限责任公司,http:////www.11467.com/yantai/co/108364.htm
宜昌市力神机械制造有限公司,http:////www.11467.com/yichang/co/36778.htm
辽宁营口君诚汽保机械厂,http:////www.11467.com/yingkou/co/42579.htm
湖南省精密机械研究所,http:////www.11467.com/yiyang/co/18516.htm
榆林市新华机电物资有限公司,http:////www.11467.com/yulinshi/co/21165.htm
台湾稳汀五金制品有限公司,http:////www.11467.com/yunfu/co/21685.htm
鑫诚信（工具商行）,http:////www.11467.com/yunfu/co/23081.htm
漳州科晖机械电子有限公司,http:////www.11467.com/zhangzhou/co/677.htm
湛江昌盛汽保工具经营部,http:////www.11467.com/zhanjiang/co/52505.htm
郑州四方工贸有限公司,http:////www.11467.com/zhengzhou/co/57004.htm
郑州英福伦高频炉公司,http:////www.11467.com/zhengzhou/co/95100.htm
郑州市龙云机电设备供应站,http:////www.11467.com/zhengzhou/co/111713.htm
河南鸿鑫机械工具有限公司,http:////www.11467.com/zhengzhou/co/120022.htm
新乡市龙延机械工具制造有限公司,http:////www.11467.com/zhengzhou/co/120213.htm
河南恒久五金商贸有限公司,http:////www.11467.com/zhengzhou/co/176167.htm
江苏宇天贸易有限公司,http:////www.11467.com/zhenjiang/co/65125.htm
华星国际贸易有限责任公司综合事业部,http:////www.11467.com/zhenjiang/co/50577.htm
江苏奇瑞工具有限公司,http:////www.11467.com/zhenjiang/co/64024.htm
陈福善（个体经营）,http:////www.11467.com/zhongshan/co/84294.htm
荣鑫五金螺丝厂,http:////www.11467.com/zhongshan/co/84954.htm
中山超越五金厂,http:////www.11467.com/zhongshan/co/46326.htm
中山成业五金制品有限公司,http:////www.11467.com/zhongshan/co/77902.htm
中山市高林电子工具制造有限公司,http:////www.11467.com/zhongshan/co/76988.htm
双扬气动五金商行,http:////www.11467.com/zhongshan/co/81111.htm
中山市坦洲镇伟创五金模具包装材料销售部,http:////www.11467.com/zhongshan/co/85524.htm
中山市新艺五金加工厂,http:////www.11467.com/zhongshan/co/151687.htm
洋威机电有限公司,http:////www.11467.com/zhongshan/co/81103.htm
民泰五金交电商行,http:////www.11467.com/zhongshan/co/83728.htm
沈丘鑫鑫电子科技有限公司,http:////www.11467.com/zhoukou/co/21106.htm
杨文珠（个体经营）,http:////www.11467.com/zhoushan/co/18021.htm
珠海市源盛五金商行,http:////www.11467.com/zhuhai/co/78200.htm
珠海鹏隆五金制品有限公司,http:////www.11467.com/zhuhai/co/77577.htm
珠海市凯迈克贸易有限公司,http:////www.11467.com/zhuhai/co/99574.htm
珠海市信安五金商行,http:////www.11467.com/zhuhai/co/77641.htm
驻马店市金誉精密机械部件铸造有限公司,http:////www.11467.com/zhumadian/co/26334.htm
淄博宏特金属制品有限公司,http:////www.11467.com/zibo/co/78710.htm
博山四通铁路工具厂,http:////www.11467.com/zibo/co/73625.htm
淄博文鼎塑料包装有限公司销售部,http:////www.11467.com/zibo/co/76026.htm
淄博金泉铁路工具厂,http:////www.11467.com/zibo/co/78905.htm
淄博岩林商贸有限公司,http:////www.11467.com/zibo/co/72381.htm
资阳市雁江区跃宇机电产品供应公司,http:////www.11467.com/ziyang/co/11926.htm
北京飞骐永业商贸有限公司,http:////www.11467.com/beijing/co/315874.htm
北京华森世达五金工具公司,http:////www.11467.com/beijing/co/703553.htm
北京开元全顺制冷设备安装服务中心,http:////www.11467.com/beijing/co/621717.htm
北京吉多天地商贸有限责任公司,http:////www.11467.com/beijing/co/303205.htm
北京机电应用电子有限公司,http:////www.11467.com/beijing/co/700225.htm
北京圣博兴宏科技发展有限公司,http:////www.11467.com/beijing/co/692786.htm
北京普隆成五金机电销售有限公司天赋工具北京办事处,http:////www.11467.com/beijing/co/110660.htm
北京天工茏苑国际商业贸易有限公司,http:////www.11467.com/beijing/co/276297.htm
北京中瑞能仪表技术有限公司广州分公司,http:////www.11467.com/beijing/co/412892.htm
德尔玛液压(北京)有限公司,http:////www.11467.com/beijing/co/707425.htm
汉中森创工贸有限公司,http:////www.11467.com/beijing/co/707426.htm
张领（个体经营）,http:////www.11467.com/beijing/co/412946.htm
远东海华科技发展有限公司,http:////www.11467.com/beijing/co/110702.htm
上海诚平机电科技有限公司,http:////www.11467.com/shanghai/co/322532.htm
上海滁全防爆工具有限公司,http:////www.11467.com/shanghai/co/319574.htm
上海创其五金厂,http:////www.11467.com/shanghai/co/889578.htm
上海达欣孚机电设备有限公司,http:////www.11467.com/shanghai/co/1040436.htm
上海滁全经贸有限公司－销售,http:////www.11467.com/shanghai/co/322654.htm
上海德众汽修设备有限公司,http:////www.11467.com/shanghai/co/1052885.htm
上海百雒精密仪器仪表有限公司,http:////www.11467.com/shanghai/co/1012037.htm
上海德列可商贸有限公司,http:////www.11467.com/shanghai/co/1011976.htm
上海伴首信息科技有限公司,http:////www.11467.com/shanghai/co/1040429.htm
上海富工工具公司,http:////www.11467.com/shanghai/co/675690.htm
上海奥力得汽车工具有限公司市场供应部,http:////www.11467.com/shanghai/co/656958.htm
上海百工五金机械成套有限公司销售部,http:////www.11467.com/shanghai/co/675533.htm
上海力思塑料制品有限公司,http:////www.11467.com/shanghai/co/322833.htm
上海丰勋金属品有限公司,http:////www.11467.com/shanghai/co/675166.htm
上海凯邦工具有限公司,http:////www.11467.com/shanghai/co/1011992.htm
上海亿邦贸易有限公司,http:////www.11467.com/shanghai/co/884074.htm
斯帕克機電有限公司,http:////www.11467.com/shanghai/co/1051681.htm
上海臻奇实业发展有限公司销售部,http:////www.11467.com/shanghai/co/672330.htm
青岛至卓飞高自动化系统有公司,http:////www.11467.com/shanghai/co/675158.htm
上海拓精工业测定仪器有限公司,http:////www.11467.com/shanghai/co/885692.htm
上海玉飞五金工具有限公司,http:////www.11467.com/shanghai/co/319483.htm
上海攢翺貿易有限公司,http:////www.11467.com/shanghai/co/889580.htm
上海银河贸易有限公司销售部,http:////www.11467.com/shanghai/co/675225.htm
天赋工具有限公司销售处,http:////www.11467.com/tianjin/co/143360.htm
天津品尚仪表设备有限公司,http:////www.11467.com/tianjin/co/196425.htm
天津市易嘉维有限公司,http:////www.11467.com/tianjin/co/143279.htm
天津英杰华机电设备有限公司,http:////www.11467.com/tianjin/co/199085.htm
天津凯恒机械设备销售有限公司,http:////www.11467.com/tianjin/co/198547.htm
天津祥瑞成国际贸易有限公司进出口部,http:////www.11467.com/tianjin/co/143232.htm
天津市伟豪五金交电商行网络营销部,http:////www.11467.com/tianjin/co/179338.htm
天津易嘉维国际贸易公司,http:////www.11467.com/tianjin/co/197935.htm
天津市桥防安全防爆工具有限公司,http:////www.11467.com/tianjin/co/137981.htm
天津市桥防防爆工具集团有限公司,http:////www.11467.com/tianjin/co/143455.htm
天津市桥防安全工具集团有限公司,http:////www.11467.com/tianjin/co/143278.htm
天津腾钻精密仪器有限公司,http:////www.11467.com/tianjin/co/163085.htm
天津市瑞兴机电工具设备有限责任公司黄河道店,http:////www.11467.com/tianjin/co/143476.htm
天津市天丰自行车工具厂,http:////www.11467.com/tianjin/co/36965.htm
天津旺高电器科技有限公司,http:////www.11467.com/tianjin/co/199958.htm
天津市桥防安全工具有限公司（天津市南开区西马路30号）,http:////www.11467.com/tianjin/co/143304.htm
重庆创易公司,http:////www.11467.com/chongqing/co/62265.htm
渝北区乐固标准件经营部,http:////www.11467.com/chongqing/co/206820.htm
祥源国际贸易越南贸易部,http:////www.11467.com/chongqing/co/206038.htm
重庆中实创新有限公司,http:////www.11467.com/chongqing/co/206821.htm
重庆日宝商贸有限公司(外资企业）,http:////www.11467.com/chongqing/co/169780.htm
海南沃施园艺艺术发展有限公司,http:////www.11467.com/sanya/co/668.htm
南方电力机具有限公司(海南分公司),http:////www.11467.com/qionghai/co/87.htm
沧州德安防爆工具特种工具制造分公司,http:////www.11467.com/cangzhou/co/69657.htm
天津桐玺乐达商贸有限公司,http:////www.11467.com/tianjin/co/300999.htm
安卡防爆工具（天津）有限公司,http:////www.11467.com/tianjin/co/301002.htm
天津市東輝盛達商貿有限公司,http:////www.11467.com/tianjin/co/301003.htm
天津市昌旺五金工具有限公司,http:////www.11467.com/tianjin/co/301007.htm
天津市万腾达五金工具厂,http:////www.11467.com/tianjin/co/301010.htm
天津易嘉维贸易有限公司,http:////www.11467.com/tianjin/co/301013.htm
南京盛世机械工具有限公司天津销售公司,http:////www.11467.com/tianjin/co/301014.htm
天津市賀崎興盛五金工具商行,http:////www.11467.com/tianjin/co/301016.htm
天津市信诚五金轴承有限公司,http:////www.11467.com/tianjin/co/301040.htm
天津市鑫达润五金销售有限公司,http:////www.11467.com/tianjin/co/305504.htm
沧州中防科技有限责任公司,http:////www.11467.com/cangzhou/co/82310.htm
昌贤威国际贸易（上海）有限公司,http:////www.11467.com/tianjin/co/305515.htm
天津市南开区悦鑫五金经营部,http:////www.11467.com/tianjin/co/308342.htm
天津金腾工具厂,http:////www.11467.com/tianjin/co/308344.htm
临沂华彩五金工具厂,http:////www.11467.com/linyi/co/111230.htm
固安捷（中国）工业品销售有限责任公司,http:////www.11467.com/shminxing/co/54706.htm
昆山凯派五金机电有限公司,http:////www.11467.com/suzhou/co/377946.htm
河北维多机电有限责任公司,http:////www.11467.com/baoding/co/123796.htm
合肥星保五金厂（合肥）,http:////www.11467.com/anqing/co/25227.htm
友谊/公司,http:////www.11467.com/anqing/co/35742.htm
安徽久安消防工程公司,http:////www.11467.com/anqing/co/35507.htm
安徽省望江县通宝汽车维修有限公司,http:////www.11467.com/anqing/co/35692.htm
鞍山市优弗特商贸有限公司,http:////www.11467.com/anshan/co/78604.htm
鞍山市东辉物资销售有限公司,http:////www.11467.com/anshan/co/70657.htm
河南祥和五金加工有限公司,http:////www.11467.com/anyang/co/36718.htm
淮远科技开发公司,http:////www.11467.com/baoji/co/31086.htm
陕西恒瑞测控有限责任公司,http:////www.11467.com/baoji/co/25954.htm
包头市世达兴五金工具有限责任公司,http:////www.11467.com/baotou/co/31417.htm
彩安维修公司,http:////www.11467.com/baotou/co/25275.htm
包头市飞跃兴五金机电有限责任公司,http:////www.11467.com/baotou/co/25292.htm
安徽辉源机电发展有限公司,http:////www.11467.com/bengbu/co/35845.htm
惠民县源诚制线厂,http:////www.11467.com/binzhou/co/35215.htm
河北鑫诺机械制造有限公司,http:////www.11467.com/cangzhou/co/61724.htm
河北防爆工具有限公司,http:////www.11467.com/cangzhou/co/58848.htm
沧州德安防爆有限公司,http:////www.11467.com/cangzhou/co/58241.htm
沧州中渤重工(武汉)机械装备有限公司,http:////www.11467.com/cangzhou/co/59813.htm
河北中防科技有限公司,http:////www.11467.com/cangzhou/co/59345.htm
顺达工量具厂,http:////www.11467.com/cangzhou/co/41503.htm
河北恒力机电设备有限公司,http:////www.11467.com/cangzhou/co/59343.htm
河北省献县通利汽车平衡块厂(一分厂),http:////www.11467.com/cangzhou/co/60292.htm
中桥防爆工具有限公司重庆办事处,http:////www.11467.com/cangzhou/co/60874.htm
小礼子快乐铺,http:////www.11467.com/cangzhou/co/41030.htm
佳诚贸易有限公司国际贸易部,http:////www.11467.com/cangzhou/co/40166.htm
沧州德安防爆特种工具制造有限公司办事处,http:////www.11467.com/cangzhou/co/60557.htm
沧州德安防爆特种工具制造有限公司二公司,http:////www.11467.com/cangzhou/co/58850.htm
河北省泊头市新日工量具厂,http:////www.11467.com/cangzhou/co/58246.htm
沧州渤海防爆特种工具外贸部,http:////www.11467.com/cangzhou/co/59342.htm
泊头市新创工量具厂,http:////www.11467.com/cangzhou/co/62180.htm
浙江富润机械制造有限公司深圳贸易部,http:////www.11467.com/cangzhou/co/61725.htm
泊头翔瑞机械制造有限公司,http:////www.11467.com/cangzhou/co/57508.htm
南皮鸿宇五金加工厂,http:////www.11467.com/cangzhou/co/58245.htm
吉林省莱恒工贸有限公司,http:////www.11467.com/changchun/co/75226.htm
长沙迪比翼国际快递有限公司,http:////www.11467.com/changsha/co/121036.htm
长沙华翔进出口贸易有限公司,http:////www.11467.com/changsha/co/84814.htm
长沙峰灏工具有限公司,http:////www.11467.com/changsha/co/86745.htm
长沙市力锋机电有限公司(电子商务部),http:////www.11467.com/changsha/co/86841.htm
长沙星光五金工具商行,http:////www.11467.com/changsha/co/86652.htm
湖南汇丰汽车设备有限公司,http:////www.11467.com/changsha/co/72278.htm
长沙市特瑞德机电有限公司,http:////www.11467.com/changsha/co/121251.htm
湖南凯特国际贸易有限公司,http:////www.11467.com/changsha/co/81595.htm
常州金得利工具制造有限公司,http:////www.11467.com/changzhou/co/111846.htm
常州力达工具有限公司,http:////www.11467.com/changzhou/co/75924.htm
常州市范丰机械厂,http:////www.11467.com/changzhou/co/91895.htm
常州市光明机电有限公司,http:////www.11467.com/changzhou/co/107861.htm
上海鼎拓力学仪器设备有限公司,http:////www.11467.com/shanghai/co/1249609.htm
上海铸衡测力仪计有限公司,http:////www.11467.com/shanghai/co/1249351.htm
深圳市富兰德科技发展有限公司,http:////www.11467.com/qiye/23946625.htm
邵东县仙槎桥镇全晟五金工具厂,http:////www.11467.com/qiye/26122668.htm
