宁夏塞丽麦穆斯林用品贸易有限公司,http:////www.11467.com/yinchuan/co/42728.htm
宁夏塞丽麦穆斯林用品贸易有限公司的商铺,http://yinchuan042728.11467.com
常州市欧恒服饰厂,http:////www.11467.com/changzhou/co/10800.htm
常州市欧恒服饰厂的商铺,http://changzhou010800.11467.com
衡水宝云皮草有限公司,http:////www.11467.com/hengshui/co/20247.htm
衡水宝云皮草有限公司的商铺,http://hengshui020247.11467.com
呼和浩特市网龙信息技术有限公司,http:////www.11467.com/huhehaote/co/24663.htm
呼和浩特市网龙信息技术有限公司的商铺,http://huhehaote024663.11467.com
秦皇岛宋氏华之芳服装服饰有限公司,http:////www.11467.com/qinhuangdao/co/34193.htm
秦皇岛宋氏华之芳服装服饰有限公司的商铺,http://qinhuangdao034193.11467.com
东莞市厚街亿福帽厂,http:////www.11467.com/dongguan/co/170127.htm
东莞市厚街亿福帽厂的商铺,http://dongguan0170127.11467.com
东莞市厚街亿思帽厂,http:////www.11467.com/dongguan/co/170049.htm
东莞市厚街亿思帽厂的商铺,http://dongguan0170049.11467.com
亿利美服装公司,http:////www.11467.com/dalian/co/41139.htm
亿利美服装公司的商铺,http://dalian041139.11467.com
漳州市芗城区智成帽子店,http:////www.11467.com/zhangzhou/co/37470.htm
漳州市芗城区智成帽子店的商铺,http://zhangzhou037470.11467.com
扬州瑞杰服饰制造有限公司,http:////www.11467.com/yangzhou/co/78437.htm
扬州瑞杰服饰制造有限公司的商铺,http://yangzhou078437.11467.com
扬州鑫凯帽业有限公司,http:////www.11467.com/yangzhou/co/78449.htm
扬州鑫凯帽业有限公司的商铺,http://yangzhou078449.11467.com
亳州市伊真穆斯林用品批发中心,http:////www.11467.com/bozhou/co/8705.htm
亳州市伊真穆斯林用品批发中心的商铺,http://bozhou08705.11467.com
甘肃伊尊民族用品工贸有限公司,http:////www.11467.com/lanzhou/co/65419.htm
甘肃伊尊民族用品工贸有限公司的商铺,http://lanzhou065419.11467.com
安宁贞观商贸有限责任公司,http:////www.11467.com/kunming/co/134035.htm
安宁贞观商贸有限责任公司的商铺,http://kunming0134035.11467.com
广州任我行帽业有限公司,http:////www.11467.com/guangzhou/co/169577.htm
广州任我行帽业有限公司的商铺,http://guangzhou0169577.11467.com
广州市越秀区一铭饰品经营部,http:////www.11467.com/guangzhou/co/496269.htm
广州市越秀区一铭饰品经营部的商铺,http://guangzhou0496269.11467.com
苍南县夫车马帽饰厂,http:////www.11467.com/baoding/co/91427.htm
苍南县夫车马帽饰厂的商铺,http://baoding091427.11467.com
天津市宝智毛纺制品有限公司,http:////www.11467.com/tianjin/co/161530.htm
天津市宝智毛纺制品有限公司的商铺,http://tianjin0161530.11467.com
张家港市尚欧服饰有限公司,http:////www.11467.com/suzhou/co/356743.htm
张家港市尚欧服饰有限公司的商铺,http://suzhou0356743.11467.com
黄红花（个体经营）,http:////www.11467.com/zhengzhou/co/188956.htm
黄红花（个体经营）的商铺,http://zhengzhou0188956.11467.com
东莞市石排成真帽袋厂,http:////www.11467.com/dongguan/co/522493.htm
东莞市石排成真帽袋厂的商铺,http://dongguan0522493.11467.com
广州市花都区新华润欣帽类加工厂,http:////www.11467.com/guangzhou/co/488886.htm
广州市花都区新华润欣帽类加工厂的商铺,http://guangzhou0488886.11467.com
定兴县伟志帽业有限公司,http:////www.11467.com/lvliang/co/19061.htm
定兴县伟志帽业有限公司的商铺,http://lvliang019061.11467.com
昆明市五华区靓色艺术服饰工作室,http:////www.11467.com/kunming/co/103087.htm
昆明市五华区靓色艺术服饰工作室的商铺,http://kunming0103087.11467.com
南宫市柏松皮毛制品有限公司,http:////www.11467.com/xintai/co/53737.htm
南宫市柏松皮毛制品有限公司的商铺,http://xintai053737.11467.com
东莞市荣泰制帽厂,http:////www.11467.com/dongguan/co/412915.htm
东莞市荣泰制帽厂的商铺,http://dongguan0412915.11467.com
活泼帽子（东莞）有限公司,http:////www.11467.com/dongguan/co/545233.htm
活泼帽子（东莞）有限公司的商铺,http://dongguan0545233.11467.com
陈世(个体经营),http:////www.11467.com/baoding/co/91631.htm
陈世(个体经营)的商铺,http://baoding091631.11467.com
张家港市洛贝服饰有限公司,http:////www.11467.com/suzhou/co/343795.htm
张家港市洛贝服饰有限公司的商铺,http://suzhou0343795.11467.com
二连浩特市李氏服装厂,http:////www.11467.com/erlianhaote/co/934.htm
保定冠中冠制帽有限公司,http:////www.11467.com/baoding/co/55855.htm
广州市凯维帽业有限公司,http:////www.11467.com/guangzhou/co/169450.htm
云南楚雄彝人手工制品总汇,http:////www.11467.com/chuxiong/co/13083.htm
许昌市爱购商贸服饰有限公司,http:////www.11467.com/xuchang/co/19227.htm
阳西县利恒帽袋厂,http:////www.11467.com/yangjiang/co/23302.htm
阳西县雅奇帽袋工艺制品厂,http:////www.11467.com/yangjiang/co/23303.htm
阳西县建诚制帽有限公司,http:////www.11467.com/yangjiang/co/18403.htm
阳西县程程帽袋厂,http:////www.11467.com/yangjiang/co/23361.htm
阳西县祥光制帽有限公司,http:////www.11467.com/yangjiang/co/19459.htm
汕头市潮阳区光烨隆针织厂,http:////www.11467.com/shantou/co/119652.htm
深圳昂冠帽业有限公司,http:////www.11467.com/shenzhen/co/761060.htm
深圳市鑫鸿源服饰有限公司,http:////www.11467.com/shenzhen/co/239564.htm
云中三七经贸有限公司,http:////www.11467.com/kunming/co/102113.htm
董学(个体经营）,http:////www.11467.com/kashi/co/8410.htm
南通富士美帽业有限公司,http:////www.11467.com/nantong/co/5297.htm
南通阳阳帽业有限公司,http:////www.11467.com/nantong/co/103176.htm
临夏市明智帽业加工厂,http:////www.11467.com/linxia/co/6630.htm
张伯阳（个体经营）,http:////www.11467.com/tongliao/co/9416.htm
苍南县复临工艺品厂,http:////www.11467.com/zhenjiang/co/54013.htm
陈灵斌（个体经营）,http:////www.11467.com/zhangjiajie/co/7868.htm
定兴金祥德制帽有限公司,http:////www.11467.com/baoding/co/47576.htm
定兴县翼翔制帽有限公司,http:////www.11467.com/baoding/co/86728.htm
杨满华（个体经营）,http:////www.11467.com/changde/co/31801.htm
潮安县沙溪镇三方工艺服装厂,http:////www.11467.com/chaozhou/co/32037.htm
大连姿彩帽子大集专卖店,http:////www.11467.com/dalian/co/39708.htm
创艺帽袋制品厂,http:////www.11467.com/dongguan/co/498853.htm
东莞市黄江中强服饰制品厂,http:////www.11467.com/dongguan/co/347741.htm
东莞华欣工艺制品厂,http:////www.11467.com/dongguan/co/170201.htm
东莞市四通帽袋制造厂,http:////www.11467.com/dongguan/co/171688.htm
东莞市石排和康帽袋制品厂,http:////www.11467.com/dongguan/co/146161.htm
东莞市石排时新制帽厂,http:////www.11467.com/dongguan/co/464520.htm
东莞市瑞扬服饰有限公司,http:////www.11467.com/dongguan/co/478750.htm
东莞市常平宏艺制帽厂,http:////www.11467.com/dongguan/co/25929.htm
鵬富帽袋製造廠,http:////www.11467.com/dongguan/co/147824.htm
卓盛环贸有限公司,http:////www.11467.com/dongguan/co/175740.htm
恒艺轩民族舞蹈服饰礼品行,http:////www.11467.com/eerduosi/co/8273.htm
佛山市南海宇扬玩具厂,http:////www.11467.com/foshan/co/211882.htm
冠冕帽袋（中山）有限公司,http:////www.11467.com/foshan/co/83162.htm
广州疯狂鸟帽业有限公司 （内贸32部）,http:////www.11467.com/guangzhou/co/179365.htm
广州疯狂鸟制帽厂深圳分公司（内贸34部）,http:////www.11467.com/guangzhou/co/179398.htm
广州功名制服有限公司,http:////www.11467.com/guangzhou/co/328602.htm
广州疯狂鸟帽业有限公司（内贸三十一部）,http:////www.11467.com/guangzhou/co/338958.htm
广州疯狂鸟帽业有限公司（内贸六十六部）,http:////www.11467.com/guangzhou/co/173526.htm
广州疯狂鸟帽业有限公司上海分公司（内贸77部）,http:////www.11467.com/guangzhou/co/172524.htm
广州疯狂鸟帽业有限公司（内贸二十部）,http:////www.11467.com/guangzhou/co/172776.htm
广州疯狂鸟制帽厂上海分公司（内贸201部）,http:////www.11467.com/guangzhou/co/179368.htm
广州疯狂鸟帽业有限公司（内贸一百五十五部）,http:////www.11467.com/guangzhou/co/174818.htm
广州景顺帽业有限公司,http:////www.11467.com/guangzhou/co/336682.htm
广州疯狂鸟帽业有限公司(内贸一百二十部）,http:////www.11467.com/guangzhou/co/180581.htm
广州疯狂鸟帽业有限公司（内贸一百零二部）,http:////www.11467.com/guangzhou/co/338964.htm
广州利源帽业有限公司,http:////www.11467.com/guangzhou/co/462705.htm
广州厚达帽业有限公司业务部,http:////www.11467.com/guangzhou/co/130700.htm
广州疯狂鸟帽业有限公司（内贸一百七十五部）,http:////www.11467.com/guangzhou/co/174919.htm
广州疯狂鸟制帽厂上海分公司（内贸８４部）,http:////www.11467.com/guangzhou/co/174904.htm
广州疯狂鸟制帽厂深圳分公司（内贸1部）,http:////www.11467.com/guangzhou/co/179369.htm
东莞市石龙富森制帽加工厂业务部门,http:////www.11467.com/guangzhou/co/338778.htm
广州市源冠帽业有限公司,http:////www.11467.com/guangzhou/co/459522.htm
广州市零度服饰有限公司,http:////www.11467.com/guangzhou/co/459521.htm
揭东阳冠工艺有限公司-广州销售部,http:////www.11467.com/guangzhou/co/339102.htm
广州特美斯商贸有限公司,http:////www.11467.com/guangzhou/co/475420.htm
广州市哆哆帽业有限公司,http:////www.11467.com/guangzhou/co/459523.htm
广州市多来米礼品有限公司,http:////www.11467.com/guangzhou/co/180406.htm
袁燕如（个体经营）,http:////www.11467.com/guangzhou/co/194816.htm
翔羽服饰有限公司,http:////www.11467.com/guangzhou/co/169759.htm
富阳市志玲日化经营部,http:////www.11467.com/hangzhou/co/368969.htm
杭州市天天演出服装有限公司,http:////www.11467.com/hangzhou/co/369432.htm
杭州逸华服饰有限公司,http:////www.11467.com/hangzhou/co/31518.htm
农产品出口公司,http:////www.11467.com/huhehaote/co/26897.htm
内蒙古诚信商贸有限公司,http:////www.11467.com/huhehaote/co/24680.htm
泰州捷锋帽业有限公司,http:////www.11467.com/yangzhou/co/78783.htm
呼和浩特市蒙阁礼品店,http:////www.11467.com/huhehaote/co/24558.htm
精美民族工艺品批发部,http:////www.11467.com/huhehaote/co/26853.htm
蒙古服饰公司,http:////www.11467.com/huhehaote/co/26863.htm
揭阳市绵绵帽业有限公司,http:////www.11467.com/jieyang/co/25496.htm
济南历城幸福服装厂,http:////www.11467.com/jinan/co/135282.htm
浙江华清伊斯兰民族用品有限公司,http:////www.11467.com/jinhua/co/122669.htm
山东梁山傲升帽业有限公司,http:////www.11467.com/jining/co/71626.htm
云南省昆明市天创意天空贸易有限公司,http:////www.11467.com/kunming/co/102062.htm
昆明市五华区舞台用品服务部,http:////www.11467.com/kunming/co/110151.htm
杨逢湖（个体经营）,http:////www.11467.com/kunming/co/121728.htm
兰州雅赛尼商贸有限公司,http:////www.11467.com/lanzhou/co/61533.htm
临沂市盛郯帽业有限公司,http:////www.11467.com/linyi/co/94135.htm
定兴县华艺制帽有限公司,http:////www.11467.com/lvliang/co/23321.htm
南宁市百舞汇舞蹈服装有限责任公司,http:////www.11467.com/nanning/co/81171.htm
南通东华花边厂,http:////www.11467.com/nantong/co/103472.htm
南通喜发衬布有限公司,http:////www.11467.com/nantong/co/103470.htm
南通奔时代帽业,http:////www.11467.com/nantong/co/109087.htm
河南南阳宝山穆斯林用品服务开发中心,http:////www.11467.com/nanyang/co/30558.htm
云南彩妮儿艺术服饰有限公司,http:////www.11467.com/qujing/co/18095.htm
衢州天地帽业有限公司营销部,http:////www.11467.com/quzhou/co/22999.htm
虞城县鸿泰创业服饰有限公司,http:////www.11467.com/shangqiu/co/15453.htm
阿依莎穆斯林用品有限公司销售部,http:////www.11467.com/shangqiu/co/15492.htm
沈阳永发帽业有限责任公司,http:////www.11467.com/shenyang/co/56974.htm
朱静伟(个体经营),http:////www.11467.com/shenyang/co/55736.htm
沈阳华典戏服有限公司,http:////www.11467.com/shenyang/co/56015.htm
昆明市原始部落民族饰品厂,http:////www.11467.com/shenzhen/co/242088.htm
深圳海虹实业有限公司（营业部）,http:////www.11467.com/shenzhen/co/600272.htm
深圳市宝安区新安华丽舞蹈用品店,http:////www.11467.com/shenzhen/co/239500.htm
深圳市富强帽业有限公司,http:////www.11467.com/shenzhen/co/240317.htm
深圳市和兴帽业有限公司,http:////www.11467.com/shenzhen/co/254592.htm
深圳市罗湖区徐帽子商店,http:////www.11467.com/shenzhen/co/239567.htm
深圳市龙岗南湾叶永富帽业制造厂,http:////www.11467.com/shenzhen/co/254209.htm
深圳市灵珑服饰有限公司,http:////www.11467.com/shenzhen/co/254332.htm
深圳市胜嘉源帽业有限公司,http:////www.11467.com/shenzhen/co/239479.htm
深圳市耀兰帽业(服饰)制造厂,http:////www.11467.com/shenzhen/co/258330.htm
盛隆竹业公司,http:////www.11467.com/shenzhen/co/604365.htm
舞尊服饰有限公司,http:////www.11467.com/shenzhen/co/244216.htm
深圳市艾玛璐服饰有限公司,http:////www.11467.com/shenzhen/co/765050.htm
宿迁市恒丰帽业有限公司,http:////www.11467.com/suqian/co/10504.htm
张家港诚信皮件有限公司,http:////www.11467.com/suzhou/co/63650.htm
浙江省温州三林桥服饰有限公司,http:////www.11467.com/wenzhou/co/131227.htm
麦尔丹阿布力米提（个体经营）,http:////www.11467.com/wuhan/co/65025.htm
鑫鸿鹏商贸公司,http:////www.11467.com/wulumuqi/co/90434.htm
吴忠市万绨旎民族服饰有限责任公司,http:////www.11467.com/wuzhong/co/8117.htm
美妃子时尚布包坊有限公司,http:////www.11467.com/xiamen/co/63873.htm
厦门市海沧区扬艺制帽加工厂,http:////www.11467.com/xiamen/co/62535.htm
安隆帽袋有限公司,http:////www.11467.com/xiamen/co/35568.htm
西安市西华戏剧舞蹈服饰店,http:////www.11467.com/xian/co/58626.htm
青海央宗中医药科技有限公司,http:////www.11467.com/xining/co/26143.htm
阳西县冠诚制帽有限公司,http:////www.11467.com/yangjiang/co/18263.htm
孟凡君(个体经营),http:////www.11467.com/hangzhou/co/276037.htm
桐庐宇浩针织厂,http:////www.11467.com/hangzhou/co/354926.htm
腾小波（个体经营）,http:////www.11467.com/hangzhou/co/214584.htm
桐庐县横村镇佳军针织加工厂,http:////www.11467.com/hangzhou/co/385586.htm
秦娜(个体经营）,http:////www.11467.com/hangzhou/co/239188.htm
冀州市通达联轴器厂,http:////www.11467.com/hengshui/co/31096.htm
色兰商贸有限公司,http:////www.11467.com/huaian/co/36216.htm
宿州锐利服饰淮北业务部,http:////www.11467.com/huaibei/co/17847.htm
蒙鑫民族工艺用品厂,http:////www.11467.com/huhehaote/co/24613.htm
丁小峰（个体经营）,http:////www.11467.com/huizhou/co/74976.htm
袁秀珍(个体经营),http:////www.11467.com/huizhou/co/60736.htm
董学（个体经营）,http:////www.11467.com/jiamusi/co/32696.htm
平湖市丰臣塑料厂,http:////www.11467.com/jiaxing/co/96845.htm
广东省揭阳市绵绵帽业有限公司,http:////www.11467.com/jieyang/co/22634.htm
揭阳市波艺制帽厂,http:////www.11467.com/jieyang/co/25429.htm
星辉商贸公司营销部,http:////www.11467.com/jinan/co/96327.htm
武义县弗明戈工艺品有限公司,http:////www.11467.com/jinhua/co/84353.htm
方金苹（个体经营）,http:////www.11467.com/kunming/co/118857.htm
昆明美之恋商贸有限公司（管理部门）,http:////www.11467.com/kunming/co/102275.htm
马溯(个体经营),http:////www.11467.com/kunming/co/107701.htm
昆明市香巴拉贸易有限公司,http:////www.11467.com/kunming/co/102760.htm
吴昌鹏（个体经营）,http:////www.11467.com/kunming/co/102559.htm
郯城和信工艺品有限公司,http:////www.11467.com/linyi/co/100293.htm
郯城县新军工艺品厂,http:////www.11467.com/linyi/co/15464.htm
南京天大服饰有限公司,http:////www.11467.com/nanjing/co/91965.htm
顺顺太子长琴股份有限责任公司,http:////www.11467.com/nanjing/co/153713.htm
南通市锦洲服饰有限公司,http:////www.11467.com/nantong/co/22094.htm
南通山珀帽业有限公司,http:////www.11467.com/nantong/co/14466.htm
宁波雨辰刺绣工艺品厂,http:////www.11467.com/ningbo/co/78227.htm
贞丰县紫色河民族用品厂,http:////www.11467.com/qianxinan/co/6404.htm
河南喜庆戏剧服装厂,http:////www.11467.com/qingdao/co/104410.htm
景宁畲族自治县龙凤民族服饰有限公司,http:////www.11467.com/qingyang/co/12631.htm
名扬贸易公司(福建),http:////www.11467.com/quanzhou/co/106767.htm
泉州龙冠帽业有限公司,http:////www.11467.com/quanzhou/co/130247.htm
尤素福(个体经营),http:////www.11467.com/shangqiu/co/15471.htm
虞城县鑫鹏工艺品有限公司,http:////www.11467.com/shangqiu/co/6915.htm
诸暨市城北杨洋制帽厂,http:////www.11467.com/shaoxing/co/112887.htm
蜡染风民俗工艺公司,http:////www.11467.com/shenzhen/co/603464.htm
宏源明电子有限公司,http:////www.11467.com/shenzhen/co/422957.htm
深圳伊丝特服饰有限公司,http:////www.11467.com/shenzhen/co/602243.htm
满晶(个体经营),http:////www.11467.com/suzhou/co/209230.htm
苏州云行信息科技有限公司,http:////www.11467.com/suzhou/co/349180.htm
台州亚威帽业有限公司,http:////www.11467.com/taizhou/co/6951.htm
芊煜佾服装厂,http:////www.11467.com/wulumuqi/co/103112.htm
夏丹丽（个体经营）,http:////www.11467.com/wulumuqi/co/90433.htm
乌鲁木齐金安科技有限公司,http:////www.11467.com/wulumuqi/co/90411.htm
刀郎西部干果批发有限公司,http:////www.11467.com/wulumuqi/co/94890.htm
宏远新疆民族特色饰品公司,http:////www.11467.com/wulumuqi/co/90485.htm
厦门华特佳进出口公司,http:////www.11467.com/xiamen/co/63729.htm
厦门奕发工贸有限公司,http:////www.11467.com/xiamen/co/9659.htm
马尔康民族用品加工店,http:////www.11467.com/aba/co/5533.htm
库车县二轻局民族用品厂,http:////www.11467.com/akesu/co/9776.htm
淮安市楚州区隆达针织帽厂,http:////www.11467.com/huaian/co/25397.htm
新昌县城关森业包装制品厂,http:////www.11467.com/shaoxing/co/20975.htm
厦门熠程工贸有限公司,http:////www.11467.com/xiamen/co/93456.htm
荣日丝绸外贸有限公司,http:////www.11467.com/xian/co/76989.htm
中国国学实业集团,http:////www.11467.com/xian/co/76922.htm
青海伊佳民族服饰有限责任公司,http:////www.11467.com/xining/co/25313.htm
西宁普瑞商贸有限公司,http:////www.11467.com/xining/co/21092.htm
南宫澳亚毛毡厂,http:////www.11467.com/xintai/co/49748.htm
汪建（个体经营）,http:////www.11467.com/xuancheng/co/20594.htm
江苏商贸网信息服务公司,http:////www.11467.com/xuzhou/co/53353.htm
阳西县恒生帽袋厂,http:////www.11467.com/yangjiang/co/20046.htm
阳西县兴达帽袋厂,http:////www.11467.com/yangjiang/co/5751.htm
阳西县景泰帽业制品有限公司,http:////www.11467.com/yangjiang/co/20038.htm
扬州市圣丰服饰帽业有限公司,http:////www.11467.com/yangzhou/co/78515.htm
扬州新紫恒帽业服饰有限公司,http:////www.11467.com/yangzhou/co/78445.htm
宜春市恒鑫服饰有限公司,http:////www.11467.com/yichun/co/20284.htm
银川卧菲格服装有限公司,http:////www.11467.com/yinchuan/co/38839.htm
宁夏东港威服装有限公司,http:////www.11467.com/yinchuan/co/44201.htm
镇江市佳艺制帽有限公司,http:////www.11467.com/zhenjiang/co/1789.htm
中山市颂华贸易有限公司,http:////www.11467.com/zhongshan/co/39544.htm
黄桂明（个体经营）,http:////www.11467.com/zhuhai/co/66942.htm
北京鑫红商贸中心,http:////www.11467.com/beijing/co/118672.htm
逢源外贸有限公司,http:////www.11467.com/shanghai/co/1041721.htm
甘肃伊诚民族用品有限公司,http:////www.11467.com/linxia/co/7858.htm
天津市宝坻区深爱时光服装店,http:////www.11467.com/tianjin/co/302487.htm
甘孜县卡瓦龙日民族用品店,http:////www.11467.com/ganzi/co/5128.htm
玛曲县贡去乎吉民族用品商贸有限公司,http:////www.11467.com/gannan/co/4114.htm
河南伊昌民族用品有限公司,http:////www.11467.com/shangqiu/co/48489.htm
平凉伊德民族用品有限责任公司,http:////www.11467.com/pingliang/co/11501.htm
甘南州啊仓民族用品加工销售有限公司,http:////www.11467.com/gannan/co/4438.htm
兴海县顿格尔民族用品制品厂,http:////www.11467.com/qiye/90324394.htm
正蓝旗上都镇青石民族用品,http:////www.11467.com/qiye/91241829.htm
阿鲁科尔沁旗天山镇多艺民族用品店,http:////www.11467.com/qiye/91459701.htm
达茂旗百灵庙镇其木格民族用品摊,http:////www.11467.com/qiye/91498900.htm
都兰县刚尖吧民族用品综合商店,http:////www.11467.com/qiye/91516026.htm
比如民族用品,http:////www.11467.com/qiye/91553227.htm
旺堆民族用品店,http:////www.11467.com/qiye/91553373.htm
崃山民族用品门市,http:////www.11467.com/qiye/91663488.htm
赛乾路文林民族用品,http:////www.11467.com/qiye/91754528.htm
阿巴嘎旗绿洲民族用品店,http:////www.11467.com/qiye/91854059.htm
鄂托克旗蒙古斋民族用品商店,http:////www.11467.com/qiye/91873456.htm
乌苏市甘家湖牧场加克斯拉克民族用品商店,http:////www.11467.com/qiye/92099882.htm
伊金霍洛旗蒙汉缘民族用品店,http:////www.11467.com/qiye/92254905.htm
奇台县阿依特民族用品店,http:////www.11467.com/qiye/92432198.htm
囊谦次成民族用品商店,http:////www.11467.com/qiye/92575068.htm
贵德县新太阳民族用品,http:////www.11467.com/qiye/92644190.htm
包头市东河区拔都民族用品食品店,http:////www.11467.com/qiye/92673575.htm
同德县秀莲民族用品商店,http:////www.11467.com/qiye/92721435.htm
兴海县才让民族用品商店,http:////www.11467.com/qiye/64010514.htm
永浩民族用品店,http:////www.11467.com/qiye/64073154.htm
阿拉善左旗巴彦浩特镇永恒之美民族用品店,http:////www.11467.com/qiye/64073155.htm
兴海县高原民族用品店,http:////www.11467.com/qiye/64265436.htm
湟中县鲁沙尔蜜蜡传奇民族用品商行,http:////www.11467.com/qiye/64528060.htm
格尔木冶占山民族用品店,http:////www.11467.com/qiye/64664384.htm
达茂旗满都拉镇乌云民族用品商店,http:////www.11467.com/qiye/64851267.htm
二连浩特市苏乙拉赛汉民族用品店,http:////www.11467.com/qiye/64962283.htm
翁牛特旗乌丹镇民霞民族用品商店,http:////www.11467.com/qiye/65063057.htm
湟中县鲁沙尔王平民族用品店,http:////www.11467.com/qiye/65444554.htm
乌审旗扎布民族用品收藏店,http:////www.11467.com/qiye/65500291.htm
索朗曲措民族用品店,http:////www.11467.com/qiye/65531743.htm
湟中县鲁沙尔哇燕民族用品商店,http:////www.11467.com/qiye/65915751.htm
西宁城东佛缘阁民族用品经销部,http:////www.11467.com/qiye/65918105.htm
二连浩特市之美蒙古民族用品,http:////www.11467.com/qiye/66089772.htm
通辽市科尔沁区华申时代广场蒙古利亚民族用品店,http:////www.11467.com/qiye/66208205.htm
格尔木藏新民族用品经营店,http:////www.11467.com/qiye/66212103.htm
西宁城东红高原民族用品店,http:////www.11467.com/qiye/66346704.htm
青山区蒙缘草原民族用品店,http:////www.11467.com/qiye/66373989.htm
格尔木随缘民族用品经营店,http:////www.11467.com/qiye/66682148.htm
西宁城东区鑫鑫民族用品商行,http:////www.11467.com/qiye/66702244.htm
呼图壁县伊源民族用品店,http:////www.11467.com/qiye/66889738.htm
夏洛民族用品商店,http:////www.11467.com/qiye/67018175.htm
沙湾县三道河子镇叶林桃民族用品店,http:////www.11467.com/qiye/67046676.htm
贵德县河西民族用品商店,http:////www.11467.com/qiye/67052039.htm
包头市东河区尔里民族用品店,http:////www.11467.com/qiye/67183723.htm
和硕县巴音塔乐民族用品店,http:////www.11467.com/qiye/67230252.htm
呼图壁县马丽亚木民族用品店,http:////www.11467.com/qiye/67262010.htm
阿拉善左旗巴彦浩特镇瑞爱丽银饰民族用品专柜,http:////www.11467.com/qiye/67262015.htm
吉木乃县玉新民族用品厂,http:////www.11467.com/qiye/67308771.htm
西宁城东意鑫诺布民族用品经营部,http:////www.11467.com/qiye/67341136.htm
阿巴嘎旗恩克民族用品店,http:////www.11467.com/qiye/67386584.htm
阜康市玉芳民族用品店,http:////www.11467.com/qiye/67455900.htm
玛域民族用品,http:////www.11467.com/qiye/67510686.htm
西宁城东鸿玉民族用品经销部,http:////www.11467.com/qiye/67646923.htm
新巴尔虎左旗阿木古郎镇怒德勒民族用品巴尔虎裁缝店,http:////www.11467.com/qiye/67837427.htm
陈巴尔虎旗巴彦库仁镇天鹅故乡民族用品店,http:////www.11467.com/qiye/67938672.htm
贵德县吉祥民族用品商店,http:////www.11467.com/qiye/68017983.htm
锡林浩特市磊鑫民族用品商店,http:////www.11467.com/qiye/68124729.htm
西宁城东陈静民族用品店,http:////www.11467.com/qiye/68142683.htm
阿鲁科尔沁旗天山镇沃得民族用品店,http:////www.11467.com/qiye/68187481.htm
西宁城东春玉民族用品商行,http:////www.11467.com/qiye/68188585.htm
德格民族用品商店,http:////www.11467.com/qiye/68195682.htm
囊谦曲勇德格民族用品商店,http:////www.11467.com/qiye/68195703.htm
贵德县叶果民族用品商行,http:////www.11467.com/qiye/68306564.htm
泽库三夫旦民族用品店,http:////www.11467.com/qiye/68365179.htm
山巴民族用品店,http:////www.11467.com/qiye/68391524.htm
东胜区天骄路八字胡传统民族用品珍藏馆,http:////www.11467.com/qiye/68539838.htm
阜康市巴孜安民族用品店,http:////www.11467.com/qiye/68675244.htm
哈尔滨市道里区哈朝百韩式民族用品店,http:////www.11467.com/qiye/68894353.htm
西宁城东臧佛缘民族用品店,http:////www.11467.com/qiye/69141100.htm
苏尼特右旗希图根民族用品,http:////www.11467.com/qiye/69184685.htm
锡林浩特市锡林巴雅尔民族用品商行,http:////www.11467.com/qiye/69328563.htm
鲁沙尔麒麟鑫民族用品店,http:////www.11467.com/qiye/69541334.htm
新城区鹏秀民族用品经销部,http:////www.11467.com/qiye/69565976.htm
鄂托克旗金敖包民族用品店,http:////www.11467.com/qiye/69888094.htm
桑培民族用品,http:////www.11467.com/qiye/70036534.htm
民族用品商店,http:////www.11467.com/qiye/70047350.htm
雪域民族用品商店,http:////www.11467.com/qiye/70047352.htm
囊谦吉祥民族用品商店,http:////www.11467.com/qiye/70047359.htm
民族市场花吉民族用品综合商店,http:////www.11467.com/qiye/70047360.htm
同心街民族用品商店,http:////www.11467.com/qiye/70047361.htm
同仁永昌民族用品商店,http:////www.11467.com/qiye/70047362.htm
石河子市紫泥泉镇民族用品商店,http:////www.11467.com/qiye/70047365.htm
杭锦旗锡尼博古通今民族用品店,http:////www.11467.com/qiye/70072795.htm
杭锦旗巴拉贡敖其尔民族用品店,http:////www.11467.com/qiye/70505833.htm
同仁多郭民族用品店,http:////www.11467.com/qiye/70844576.htm
乌拉特后旗巴音宝力格镇向阳葵民族用品店,http:////www.11467.com/qiye/70907405.htm
西宁城东远志民族用品经销部,http:////www.11467.com/qiye/71068628.htm
海原县七营镇马蓉民族用品店,http:////www.11467.com/qiye/71168196.htm
同仁扎西民族用品店、,http:////www.11467.com/qiye/71231079.htm
囊谦巴忠民族用品商店,http:////www.11467.com/qiye/71296005.htm
乌苏市哈图布呼镇阿依玛西民族用品店,http:////www.11467.com/qiye/71638935.htm
呼图壁县雀尔沟镇加米民族用品店,http:////www.11467.com/qiye/71942826.htm
兴海县花样民族用品店,http:////www.11467.com/qiye/72006290.htm
二连浩特市鑫新民族用品,http:////www.11467.com/qiye/72011561.htm
苏尼特右旗萨仁蒙古民族用品店,http:////www.11467.com/qiye/72016522.htm
阿拉善左旗巴彦浩特镇吉祥五珍民族用品商行,http:////www.11467.com/qiye/72063986.htm
阿巴嘎旗多兰布茶民族用品店,http:////www.11467.com/qiye/72236170.htm
锡林浩特市金达日钢嘎民族用品店,http:////www.11467.com/qiye/72244785.htm
邛崃市鑫马民族用品厂,http:////www.11467.com/qiye/72378021.htm
桑杰措民族用品店,http:////www.11467.com/qiye/72484172.htm
西宁城东马忠民族用品店,http:////www.11467.com/qiye/72660481.htm
呼和浩特市回民区永龙民族用品厂,http:////www.11467.com/qiye/72785022.htm
玛沁县玛玉琼派民族用品商店,http:////www.11467.com/qiye/72901825.htm
伊宁县向道民族用品店,http:////www.11467.com/qiye/72949259.htm
拉萨民族用品,http:////www.11467.com/qiye/73007553.htm
哈巴河县阿拉奴尔民族用品商店,http:////www.11467.com/qiye/73010776.htm
西宁城东马占虎民族用品店,http:////www.11467.com/qiye/73141891.htm
西宁城东天伟民族用品商行,http:////www.11467.com/qiye/73142610.htm
西宁城东伟灵民族用品商行,http:////www.11467.com/qiye/73143542.htm
玛沁县刚热民族用品店,http:////www.11467.com/qiye/73365015.htm
贵德县雪山民族用品服装店,http:////www.11467.com/qiye/73540602.htm
新城区格日乐民族用品厂,http:////www.11467.com/qiye/73611804.htm
荷霖阁民族用品店,http:////www.11467.com/qiye/73735870.htm
苏尼特右旗艳艳奇石民族用品店,http:////www.11467.com/qiye/73844875.htm
达茂旗巴音花镇巴音希力民族用品商店,http:////www.11467.com/qiye/73855610.htm
镶黄旗宝拉格民族用品店,http:////www.11467.com/qiye/73983119.htm
玛纳斯县哈斯也提民族用品店,http:////www.11467.com/qiye/74225550.htm
都兰香日德德吉民族用品商店,http:////www.11467.com/qiye/74240572.htm
同德县德发民族用品商店,http:////www.11467.com/qiye/74582782.htm
鄂托克旗孟根浩日呼民族用品店,http:////www.11467.com/qiye/74626581.htm
包头市青山区铁木真民族用品店,http:////www.11467.com/qiye/74872351.htm
同心县和平民族用品商行,http:////www.11467.com/qiye/74987818.htm
鄂托克前旗银店民族用品店,http:////www.11467.com/qiye/75187953.htm
佳秀民族用品服饰店,http:////www.11467.com/qiye/75548591.htm
阿拉善左旗巴彦浩特镇汇旺民族用品店,http:////www.11467.com/qiye/75602852.htm
西宁城东青藏风情民族用品商行,http:////www.11467.com/qiye/75885102.htm
西宁城东恒胜民族用品商行,http:////www.11467.com/qiye/75896617.htm
达茂旗满都拉镇阿拉坦其其格民族用品商店,http:////www.11467.com/qiye/76234379.htm
达茂旗满都拉镇其其格民族用品商店,http:////www.11467.com/qiye/76234380.htm
正蓝旗桑根达来镇故乡民族用品店,http:////www.11467.com/qiye/76380815.htm
民和县永雄民族用品店,http:////www.11467.com/qiye/76412110.htm
玛沁县盛泰民族用品店,http:////www.11467.com/qiye/76558229.htm
阿巴嘎旗蒙原民族用品店,http:////www.11467.com/qiye/76987928.htm
青海岁丰民族用品有限公司,http:////www.11467.com/qiye/77016869.htm
贵南县梅朵文化民族用品店,http:////www.11467.com/qiye/77016873.htm
西宁城东圣光民族用品商店,http:////www.11467.com/qiye/77059064.htm
杭锦旗锡尼金格特布奇民族用品店,http:////www.11467.com/qiye/77232007.htm
锡林浩特市阿拉腾额日和民族用品商行,http:////www.11467.com/qiye/77290998.htm
乌拉特中旗阳光部落民族用品店,http:////www.11467.com/qiye/77309242.htm
温泉县呼场阿牙拉哈萨克民族用品店,http:////www.11467.com/qiye/77417518.htm
贵德县诺布央杰民族用品商行,http:////www.11467.com/qiye/77603130.htm
西宁城东智慧光民族用品商行,http:////www.11467.com/qiye/77645256.htm
西乌珠穆沁旗梵音民族用品商行,http:////www.11467.com/qiye/77799835.htm
鄂托克旗银马鞍民族用品店,http:////www.11467.com/qiye/77820676.htm
临潭县哇寨民族用品铜器加工厂,http:////www.11467.com/qiye/77875067.htm
玛沁莲花民族用品商店,http:////www.11467.com/qiye/77946833.htm
四子王旗乌兰花镇宝音民族用品店,http:////www.11467.com/qiye/78075120.htm
镶黄旗蒙古民族用品店,http:////www.11467.com/qiye/78197057.htm
通辽市科尔沁区明仁大街北洋民族用品店,http:////www.11467.com/qiye/78360073.htm
西宁市城中区努黑尔民族用品店,http:////www.11467.com/qiye/78645480.htm
玛多县叁派闹吾藏服民族用品店,http:////www.11467.com/qiye/78717094.htm
东乌旗阿希达民族用品商店,http:////www.11467.com/qiye/78725527.htm
西宁城东祥辉民族用品商行,http:////www.11467.com/qiye/78783305.htm
内蒙古呼尔德民族用品有限责任公司,http:////www.11467.com/qiye/78941175.htm
鄂托克前旗珠茹民族用品店,http:////www.11467.com/qiye/79136451.htm
正蓝旗桑根达来镇民族用品服饰店,http:////www.11467.com/qiye/79184960.htm
阿拉善左旗特龙民族用品土特产商店,http:////www.11467.com/qiye/79246881.htm
西宁城东俊成民族用品经销部,http:////www.11467.com/qiye/79286691.htm
西宁城东福泽升圆民族用品商行,http:////www.11467.com/qiye/79318337.htm
临夏市源云民族用品有限公司,http:////www.11467.com/qiye/79998488.htm
广南县轻轻民族用品经营有限公司服装经营部,http:////www.11467.com/qiye/81721863.htm
科右前旗八颜蒙格勒民族用品有限公司,http:////www.11467.com/qiye/82074878.htm
荔波县艺馨民族用品开发有限公司,http:////www.11467.com/qiye/82393535.htm
阿巴嘎旗图日根民族用品店,http:////www.11467.com/qiye/83059592.htm
夏河县拉章扎西民族用品有限责任公司,http:////www.11467.com/qiye/84846610.htm
夏河县拉卜楞然纳民族用品制造有限责任公司,http:////www.11467.com/qiye/85082679.htm
海原县海伊民族用品商贸有限公司,http:////www.11467.com/qiye/86980025.htm
临夏市荣琼民族用品有限责任公司,http:////www.11467.com/qiye/87259216.htm
马尔康民族用品加工店,http:////www.11467.com/aba/co/5533.htm
库车县二轻局民族用品厂,http:////www.11467.com/akesu/co/9776.htm
淮安市楚州区隆达针织帽厂,http:////www.11467.com/huaian/co/25397.htm
新昌县城关森业包装制品厂,http:////www.11467.com/shaoxing/co/20975.htm
阳西县兴达帽袋厂,http:////www.11467.com/yangjiang/co/5751.htm
阳西县景泰帽业制品有限公司,http:////www.11467.com/yangjiang/co/20038.htm
句容市恒强织帽厂,http:////www.11467.com/zhenjiang/co/24332.htm
伊金霍洛旗蒙邦民族用品有限公司,http:////www.11467.com/eerduosi/co/10596.htm
圣洁民族用品商店,http:////www.11467.com/qiye/60100791.htm
同仁半生缘民族用品经营部,http:////www.11467.com/qiye/60113103.htm
呼和浩特市玉泉区吐蕃民族用品店,http:////www.11467.com/qiye/60330000.htm
成都民族用品厂家直销石渠店,http:////www.11467.com/qiye/60363372.htm
阿拉善左旗巴彦浩特镇苏力特民族用品店,http:////www.11467.com/qiye/60420353.htm
迭部县蕃宝藏艺堂民族用品店,http:////www.11467.com/qiye/60457811.htm
新巴尔虎左旗阿木古郎镇新华尔民族用品店,http:////www.11467.com/qiye/60539217.htm
呼图壁县斯木巴提民族用品店,http:////www.11467.com/qiye/60578069.htm
新巴尔虎左旗阿木古郎镇蒙古人间民族用品商店,http:////www.11467.com/qiye/60999736.htm
巴彦淖尔市临河区佛门斋民族用品店,http:////www.11467.com/qiye/61071275.htm
西昌市苏邑民族用品店,http:////www.11467.com/qiye/61088862.htm
顶果山民族用品店,http:////www.11467.com/qiye/61099687.htm
舟曲县藏汉如意民族用品精品店,http:////www.11467.com/qiye/61184210.htm
泾源县胡赛民族用品店,http:////www.11467.com/qiye/61186044.htm
沙湾县三道河子镇阿依古丽民族用品店,http:////www.11467.com/qiye/61429802.htm
阿拉善右旗巧银砧民族用品坊,http:////www.11467.com/qiye/61663180.htm
科右中旗吉乐民族用品店,http:////www.11467.com/qiye/61669781.htm
康定县勺布民族用品店,http:////www.11467.com/qiye/61690913.htm
康定县木素民族用品店,http:////www.11467.com/qiye/61690915.htm
昆区生源民族用品店,http:////www.11467.com/qiye/61771880.htm
色达县崃山民族用品门市,http:////www.11467.com/qiye/61932901.htm
新巴尔虎左旗阿木古郎镇绸之篮民族用品店,http:////www.11467.com/qiye/61964571.htm
松山区图力嘎民族用品店,http:////www.11467.com/qiye/61989380.htm
夏河县拉卜楞更德民族用品有限公司,http:////www.11467.com/qiye/88947881.htm
兴海县顿格尔民族用品制品厂,http:////www.11467.com/qiye/90324394.htm
正蓝旗上都镇青石民族用品,http:////www.11467.com/qiye/91241829.htm
阿鲁科尔沁旗天山镇多艺民族用品店,http:////www.11467.com/qiye/91459701.htm
达茂旗百灵庙镇其木格民族用品摊,http:////www.11467.com/qiye/91498900.htm
都兰县刚尖吧民族用品综合商店,http:////www.11467.com/qiye/91516026.htm
比如民族用品,http:////www.11467.com/qiye/91553227.htm
旺堆民族用品店,http:////www.11467.com/qiye/91553373.htm
崃山民族用品门市,http:////www.11467.com/qiye/91663488.htm
赛乾路文林民族用品,http:////www.11467.com/qiye/91754528.htm
阿巴嘎旗绿洲民族用品店,http:////www.11467.com/qiye/91854059.htm
鄂托克旗蒙古斋民族用品商店,http:////www.11467.com/qiye/91873456.htm
乌苏市甘家湖牧场加克斯拉克民族用品商店,http:////www.11467.com/qiye/92099882.htm
伊金霍洛旗蒙汉缘民族用品店,http:////www.11467.com/qiye/92254905.htm
奇台县阿依特民族用品店,http:////www.11467.com/qiye/92432198.htm
囊谦次成民族用品商店,http:////www.11467.com/qiye/92575068.htm
贵德县新太阳民族用品,http:////www.11467.com/qiye/92644190.htm
包头市东河区拔都民族用品食品店,http:////www.11467.com/qiye/92673575.htm
同德县秀莲民族用品商店,http:////www.11467.com/qiye/92721435.htm
伊宁县伊兰民族用品专卖商行,http:////www.11467.com/qiye/61997537.htm
天祝藏族自治县卫东民族用品店,http:////www.11467.com/qiye/62115518.htm
古城区玉兰民族用品纺织厂,http:////www.11467.com/qiye/62117726.htm
湟中县鲁沙尔全珍民族用品商店,http:////www.11467.com/qiye/62125493.htm
包头市东河区赛俩目民族用品店,http:////www.11467.com/qiye/62166181.htm
昌吉市阿力民族用品商店,http:////www.11467.com/qiye/62331950.htm
西宁城东香巴乐民族用品商行,http:////www.11467.com/qiye/62333885.htm
江达县永措民族用品摊,http:////www.11467.com/qiye/62385706.htm
江达县江永曲措民族用品摊,http:////www.11467.com/qiye/62385708.htm
八瓣莲花民族用品店,http:////www.11467.com/qiye/62426718.htm
杭锦旗锡尼斯庆图雅民族用品店,http:////www.11467.com/qiye/62493347.htm
鄂托克旗阿都庆民族用品店,http:////www.11467.com/qiye/62505811.htm
奈曼旗治安镇巴音银饰民族用品,http:////www.11467.com/qiye/62656715.htm
临夏市聚宝斋民族用品经销店,http:////www.11467.com/qiye/62707847.htm
尖扎县卡岗民族用品综合商店,http:////www.11467.com/qiye/62885059.htm
尖扎县更嘎民族用品综合商店,http:////www.11467.com/qiye/62885060.htm
新巴尔虎左旗嵯岗镇高娃民族用品商店,http:////www.11467.com/qiye/62905523.htm
丁拉民族用品店,http:////www.11467.com/qiye/62987971.htm
阿拉坦额莫勒镇南丁其其格民族用品店,http:////www.11467.com/qiye/62987972.htm
新巴尔虎左旗阿木古郎镇哈林民族用品店,http:////www.11467.com/qiye/63017085.htm
肃北县傲仁格格民族用品店,http:////www.11467.com/qiye/63132997.htm
拉卜楞民族用品商店,http:////www.11467.com/qiye/63231350.htm
西宁城东拉卜楞民族用品商店,http:////www.11467.com/qiye/63231352.htm
拉卜楞寺民族用品商店,http:////www.11467.com/qiye/63231353.htm
鄂托克旗图立斯民族用品商行,http:////www.11467.com/qiye/63270519.htm
兴海县民族用品商店,http:////www.11467.com/qiye/63316131.htm
泽仁元培民族用品店,http:////www.11467.com/qiye/63317345.htm
永登县城关阿撒民族用品店,http:////www.11467.com/qiye/63374438.htm
阿拉善左旗嘉尔嘎勒赛汉镇苏力德民族用品店,http:////www.11467.com/qiye/63390726.htm
达茂旗百灵庙镇乌日格民族用品商店,http:////www.11467.com/qiye/63436657.htm
鄂托克旗乌尼德民族用品店,http:////www.11467.com/qiye/63510295.htm
西宁城东区雅隆民族用品商店,http:////www.11467.com/qiye/63530562.htm
康定县聚宝盆民族用品商店,http:////www.11467.com/qiye/63535970.htm
夏河县马德孝民族用品铺,http:////www.11467.com/qiye/63543068.htm
巴林右旗云智科教文体民族用品商店,http:////www.11467.com/qiye/63597462.htm
延边天泰民族用品贸易有限公司,http:////www.11467.com/qiye/63671100.htm
陈巴尔虎旗巴彦库仁镇巴尔古金民族用品店,http:////www.11467.com/qiye/63720923.htm
卓尼县刚坚民族用品商店,http:////www.11467.com/qiye/63722259.htm
科尔沁左翼后旗甘旗卡民族用品商店,http:////www.11467.com/qiye/63730520.htm
成都市武侯区术琼民族用品经营部,http:////www.11467.com/qiye/63730777.htm
香格里拉市云川民族用品商行,http:////www.11467.com/qiye/63905240.htm
苏尼特右旗金翼民族用品,http:////www.11467.com/qiye/63932739.htm
西宁城东贡嘎民族用品店,http:////www.11467.com/qiye/63955891.htm
阿拉坦额莫勒镇德玛民族用品商店,http:////www.11467.com/qiye/64008908.htm
西宁城东德吉民族用品店,http:////www.11467.com/qiye/64060188.htm
阿拉善左旗巴彦浩特镇德吉民族用品店,http:////www.11467.com/qiye/64060193.htm
玉泉区花儿民族用品店,http:////www.11467.com/qiye/64060208.htm
达茂旗满都拉镇吉木斯民族用品商店,http:////www.11467.com/qiye/64152705.htm
西吉县正燕民族用品店,http:////www.11467.com/qiye/64230543.htm
北京如意宝珠民族用品店,http:////www.11467.com/qiye/64317201.htm
平凉市崆峒区麻文广民族用品商店,http:////www.11467.com/qiye/64377435.htm
鄂托克前旗伊仁民族用品店,http:////www.11467.com/qiye/64598404.htm
西宁城东昌盛民族用品店,http:////www.11467.com/qiye/64705681.htm
奎屯达尔汗民族用品店,http:////www.11467.com/qiye/64900666.htm
古城区培楚聪康民族用品店,http:////www.11467.com/qiye/64959837.htm
呼图壁县大丰镇努尔哈力甫民族用品店,http:////www.11467.com/qiye/64996908.htm
苏尼特左旗银马鞍民族用品店,http:////www.11467.com/qiye/65049532.htm
武侯区梵音阁民族用品经营部,http:////www.11467.com/qiye/65311029.htm
鄂温克旗巴彦托海镇阿吉奈民族用品商店,http:////www.11467.com/qiye/65314833.htm
西宁城东兴元民族用品商行,http:////www.11467.com/qiye/65372922.htm
新巴尔虎左旗阿木古郎镇娜仁民族用品商店,http:////www.11467.com/qiye/65411428.htm
新巴尔虎左旗乌布尔宝力格苏木乌仁其木格民族用品店,http:////www.11467.com/qiye/65411435.htm
新巴尔虎左旗阿木古郎镇奈日斯格民族用品店,http:////www.11467.com/qiye/65412691.htm
同仁索南民族用品店,http:////www.11467.com/qiye/65531829.htm
都兰香日德卓玛民族用品商店,http:////www.11467.com/qiye/65979896.htm
宁夏吴忠市民族用品厂,http:////www.11467.com/qiye/66063234.htm
西宁城东香曲民族用品店,http:////www.11467.com/qiye/66163001.htm
海拉尔区博尔金民族用品商店,http:////www.11467.com/qiye/66197974.htm
平凉市崆峒区维东民族用品商店,http:////www.11467.com/qiye/66239328.htm
鄂尔多斯市康巴什新区八字胡民族用品店,http:////www.11467.com/qiye/66475551.htm
西热卓玛民族用品店,http:////www.11467.com/qiye/66485497.htm
乌审旗狼图腾民族用品店,http:////www.11467.com/qiye/66495610.htm
新巴尔虎左旗甘珠尔苏木弘格尔民族用品商店,http:////www.11467.com/qiye/66680490.htm
西吉县兴隆马金银民族用品店,http:////www.11467.com/qiye/66682816.htm
西宁城东区鑫缘民族用品商行,http:////www.11467.com/qiye/66702245.htm
江达县尼拥民族用品摊,http:////www.11467.com/qiye/66796510.htm
泽库达日吉民族用品店,http:////www.11467.com/qiye/66820538.htm
恰卜恰黄河北大街福多民族用品商店,http:////www.11467.com/qiye/66833839.htm
奎屯马丽萍民族用品商店,http:////www.11467.com/qiye/66952329.htm
贵德县河西镇诺日措民族用品商店,http:////www.11467.com/qiye/67052042.htm
额济纳旗哈斯尔民族用品店,http:////www.11467.com/qiye/67122201.htm
奇台县麦拉汗民族用品店,http:////www.11467.com/qiye/67160053.htm
兴仁民族用品店,http:////www.11467.com/qiye/67163052.htm
杭锦旗锡尼巴音杭盖民族用品奶食店,http:////www.11467.com/qiye/67230248.htm
东胜区巴音杭盖民族用品店,http:////www.11467.com/qiye/67230249.htm
肃北县巴音浩日宝民族用品店,http:////www.11467.com/qiye/67230251.htm
乌审旗巴音那木尔民族用品店,http:////www.11467.com/qiye/67230256.htm
乌拉盖管理区恒来福民族用品店,http:////www.11467.com/qiye/67230267.htm
西乌珠穆沁旗宝德目乐美佛教民族用品店,http:////www.11467.com/qiye/67230271.htm
丽丽民族用品,http:////www.11467.com/qiye/67262004.htm
丽江七星民族用品纺织服饰有限公司新大街经营部,http:////www.11467.com/qiye/67262007.htm
阿镇维丽斯民族用品商店,http:////www.11467.com/qiye/67262012.htm
锡林浩特市嘎丽巴民族用品店,http:////www.11467.com/qiye/67262014.htm
达茂旗希拉穆仁镇丽军民族用品商店,http:////www.11467.com/qiye/67262016.htm
吉木萨尔县城镇麦丽亚民族用品店,http:////www.11467.com/qiye/67262019.htm
化隆县巴燕镇遮美丽纱民族用品店,http:////www.11467.com/qiye/67262021.htm
阜康市塔西古丽民族用品商店,http:////www.11467.com/qiye/67262022.htm
苏尼特右旗阿拉腾陶丽民族用品,http:////www.11467.com/qiye/67262023.htm
沙湾县石河子老街夏丽帕民族用品店,http:////www.11467.com/qiye/67262024.htm
锡林浩特市陶日根黑丽民族用品店,http:////www.11467.com/qiye/67262025.htm
海拉尔区哈莫格蒙古丽民族用品店,http:////www.11467.com/qiye/67262026.htm
玛纳斯县玛纳斯镇古丽民族用品店,http:////www.11467.com/qiye/67262027.htm
阿巴嘎旗伊和高勒苏木合丽合民族用品店,http:////www.11467.com/qiye/67262029.htm
陈巴尔虎旗鄂温克苏木嘎丽娅民族用品商店,http:////www.11467.com/qiye/67262031.htm
鄂温克旗巴彦托海镇炫丽民族用品店,http:////www.11467.com/qiye/67262032.htm
沙湾县三道河子镇玛坎古丽民族用品店,http:////www.11467.com/qiye/67262035.htm
呼图壁县大丰镇塔吉古丽民族用品商店,http:////www.11467.com/qiye/67262037.htm
额济纳旗乌仁阿毕雅思民族用品店,http:////www.11467.com/qiye/67323602.htm
岭嘎多民族用品商店,http:////www.11467.com/qiye/67363322.htm
锡林浩特市娜日泰民族用品店,http:////www.11467.com/qiye/67386577.htm
海拉尔区意日瑰民族用品商店,http:////www.11467.com/qiye/67401445.htm
伊金霍洛旗哈斯其木格民族用品店,http:////www.11467.com/qiye/67472829.htm
玛曲县如意雪域民族用品商行,http:////www.11467.com/qiye/67510684.htm
玛曲县雪域如意民族用品商行,http:////www.11467.com/qiye/67510685.htm
大武口区隆湖伊祥阁民族用品店,http:////www.11467.com/qiye/67604716.htm
阜康市上户沟乡阿依江民族用品店,http:////www.11467.com/qiye/67638318.htm
俄么扎西民族用品,http:////www.11467.com/qiye/67641590.htm
鄂温克旗巴彦托海镇弓箭民族用品店,http:////www.11467.com/qiye/67686818.htm
鄂托克前旗玛拉沁艾勒民族用品店,http:////www.11467.com/qiye/67689373.htm
华亭县伊光民族用品店,http:////www.11467.com/qiye/67790004.htm
木垒县阿合杰乐看民族用品店,http:////www.11467.com/qiye/67914540.htm
肃南裕固族自治县圆梦民族用品店,http:////www.11467.com/qiye/67963144.htm
乌审旗牧人家民族用品店,http:////www.11467.com/qiye/68023097.htm
鄂托克旗阿拉腾周民族用品店,http:////www.11467.com/qiye/68023919.htm
平凉市崆峒区马小平民族用品店,http:////www.11467.com/qiye/68031134.htm
临夏市忠魁民族用品经销部,http:////www.11467.com/qiye/68170911.htm
临夏市盛通民族用品经营部,http:////www.11467.com/qiye/68176783.htm
德格县雪域民族用品商店,http:////www.11467.com/qiye/68195683.htm
雪域民族用品商店,http:////www.11467.com/qiye/68195685.htm
文化街民族用品商店,http:////www.11467.com/qiye/68195687.htm
肃南裕固族自治县赛汗民族用品精汇店,http:////www.11467.com/qiye/68253169.htm
东胜区古铭轩民族用品店,http:////www.11467.com/qiye/68335950.htm
格尔木江永巴毛民族用品店,http:////www.11467.com/qiye/68391525.htm
尖扎昂拉民族用品商店,http:////www.11467.com/qiye/68424671.htm
灵台县伊尚民族用品店,http:////www.11467.com/qiye/68449796.htm
康定县康鹤民族用品店,http:////www.11467.com/qiye/68586201.htm
阜康市努尔斯耶民族用品店,http:////www.11467.com/qiye/68722760.htm
临夏市民族用品商行,http:////www.11467.com/qiye/68749140.htm
临夏市鑫龙民族用品商行,http:////www.11467.com/qiye/68749141.htm
临夏市伊来民族用品商行,http:////www.11467.com/qiye/68749143.htm
鄂温克旗巴彦托镇艾吉木民族用品商店,http:////www.11467.com/qiye/68764563.htm
伊金霍洛旗牧人斋民族用品店,http:////www.11467.com/qiye/68811267.htm
同仁先巴吉民族用品店,http:////www.11467.com/qiye/68837114.htm
八美民族用品土特产专卖店,http:////www.11467.com/qiye/68852196.htm
乌拉特中旗刘英民族用品经营店,http:////www.11467.com/qiye/68858707.htm
康定市甘康民族用品店,http:////www.11467.com/qiye/68877543.htm
乌审旗阿金泰民族用品店,http:////www.11467.com/qiye/68906525.htm
敦煌市漠雅民族用品商店,http:////www.11467.com/qiye/68911204.htm
江达县措措民族用品摊,http:////www.11467.com/qiye/68913072.htm
邛崃圣洁民族用品厂直销部,http:////www.11467.com/qiye/68916422.htm
西乌珠穆沁旗呼和民族用品商店,http:////www.11467.com/qiye/69004925.htm
锡林浩特市希雅民族用品工艺首饰店,http:////www.11467.com/qiye/69086946.htm
苏尼特右旗李秉尚民族用品店,http:////www.11467.com/qiye/69184697.htm
金芳民族用品商行,http:////www.11467.com/qiye/69304649.htm
新巴尔虎左旗阿木古郎镇满都娜民族用品店,http:////www.11467.com/qiye/69342725.htm
阿字生根寺讲修院民族用品店,http:////www.11467.com/qiye/69391765.htm
西吉县兴隆锦绣民族用品店,http:////www.11467.com/qiye/69394887.htm
临夏市正道民族用品经销店,http:////www.11467.com/qiye/69462772.htm
洛藏措民族用品商店,http:////www.11467.com/qiye/69474679.htm
贵德县黄河金岸民族用品综合经销部,http:////www.11467.com/qiye/69519816.htm
达茂旗百灵庙镇沙仁其其格民族用品店,http:////www.11467.com/qiye/69545516.htm
玛曲县怀全民族用品店,http:////www.11467.com/qiye/69634054.htm
小金县佛缘民族用品店,http:////www.11467.com/qiye/69687894.htm
奇藏圣艺民族用品商行,http:////www.11467.com/qiye/70008816.htm
奎屯阿尔斯民族用品商店,http:////www.11467.com/qiye/70037517.htm
民族用品商店,http:////www.11467.com/qiye/70047348.htm
民族用品商店,http:////www.11467.com/qiye/70047349.htm
民族用品商店.,http:////www.11467.com/qiye/70047351.htm
索加民族用品商店,http:////www.11467.com/qiye/70047353.htm
伊佳民族用品商店,http:////www.11467.com/qiye/70047354.htm
祥和民族用品商店,http:////www.11467.com/qiye/70047356.htm
兴盛民族用品商店,http:////www.11467.com/qiye/70047357.htm
所扎民族用品商店,http:////www.11467.com/qiye/70047364.htm
东胜区道木格民族用品店,http:////www.11467.com/qiye/70098132.htm
贵德县河西扎西民族用品店,http:////www.11467.com/qiye/70243969.htm
东河区乌达木铁木真民族用品食品店,http:////www.11467.com/qiye/70493918.htm
新巴尔虎左旗阿木古郎镇飞翔民族用品商店,http:////www.11467.com/qiye/70505467.htm
科尔沁左翼后旗甘旗卡蒙嘎力民族用品店,http:////www.11467.com/qiye/70604718.htm
锡林浩特市达格妮蒙古服饰民族用品店,http:////www.11467.com/qiye/70611606.htm
西吉县进强民族用品商店,http:////www.11467.com/qiye/70661274.htm
鄂温克旗巴彦托海镇孟和卓拉民族用品店,http:////www.11467.com/qiye/70819344.htm
乌审旗巴雅尔民族用品店,http:////www.11467.com/qiye/70954875.htm
阿巴嘎旗五州民族用品店,http:////www.11467.com/qiye/71105297.htm
习水县美妙民族用品综合部,http:////www.11467.com/qiye/71141483.htm
尖扎旦确民族用品百货店,http:////www.11467.com/qiye/71231833.htm
尖扎旦确民族用品百货店,http:////www.11467.com/qiye/71231834.htm
肃北县塔拉努特格民族用品店,http:////www.11467.com/qiye/71359470.htm
贵德县民族用品商店,http:////www.11467.com/qiye/71387649.htm
临夏市兴盛民族用品经销部,http:////www.11467.com/qiye/71469966.htm
陈巴尔虎旗巴彦库仁镇乌音嘎民族用品店,http:////www.11467.com/qiye/71531049.htm
西安市莲湖区民族用品商店,http:////www.11467.com/qiye/71544604.htm
格尔木良缘集聚民族用品商店,http:////www.11467.com/qiye/71602315.htm
陈巴尔虎旗巴彦库仁镇赛里木民族用品店,http:////www.11467.com/qiye/71607268.htm
翁牛特旗乌丹镇安格尔民族用品店,http:////www.11467.com/qiye/71626571.htm
巴林右旗玉洁民族用品店,http:////www.11467.com/qiye/71643534.htm
锡林浩特市鑫源民族用品有限责任公司,http:////www.11467.com/qiye/71655537.htm
邛崃市冉义镇神圣民族用品厂,http:////www.11467.com/qiye/71675463.htm
邛崃市冉义镇国红民族用品厂,http:////www.11467.com/qiye/71675464.htm
鄂温克旗巴彦托海镇巴雅里格民族用品商店,http:////www.11467.com/qiye/71698771.htm
临夏市同灵源民族用品店,http:////www.11467.com/qiye/71733751.htm
夏河县李尕虎民族用品铺,http:////www.11467.com/qiye/71764264.htm
邛崃雪莲民族用品直销,http:////www.11467.com/qiye/71823810.htm
科尔沁左翼后旗朝鲁吐蒙根敖包民族用品,http:////www.11467.com/qiye/71985132.htm
东胜区特一利民族用品经销店,http:////www.11467.com/qiye/71990825.htm
新巴尔虎左旗阿木古郎镇阿娜民族用品店,http:////www.11467.com/qiye/72059245.htm
乌苏木小军民族用品商店,http:////www.11467.com/qiye/72217147.htm
如意开发区真惠买民族用品经销店,http:////www.11467.com/qiye/72243588.htm
新巴尔虎左旗嵯岗镇嘎拉布尔民族用品店,http:////www.11467.com/qiye/72248872.htm
宗拥民族用品商店,http:////www.11467.com/qiye/72256734.htm
安多民族用品商店,http:////www.11467.com/qiye/72287169.htm
银川市西夏区个体经营赛俩目民族用品店,http:////www.11467.com/qiye/72337398.htm
阿巴嘎旗远方民族用品店,http:////www.11467.com/qiye/72412459.htm
巴彦淖尔市临河区茶马云楠民族用品店,http:////www.11467.com/qiye/72414243.htm
乌审旗金色戈碧民族用品店,http:////www.11467.com/qiye/72416024.htm
夏河县高登云民族用品铺,http:////www.11467.com/qiye/72552386.htm
奈曼旗大镇张瑞峰民族用品商店,http:////www.11467.com/qiye/72558846.htm
三河市蒙都大营民族用品商店,http:////www.11467.com/qiye/72616297.htm
德钦县燕门乡都吉民族用品店,http:////www.11467.com/qiye/72676965.htm
锡林浩特市图妮日民族用品店,http:////www.11467.com/qiye/72680071.htm
乌拉特中旗连锁民族用品店,http:////www.11467.com/qiye/72681318.htm
扎鲁特旗鲁北镇凤英民族用品店,http:////www.11467.com/qiye/72683180.htm
武侯区扎西达杰民族用品经营部,http:////www.11467.com/qiye/72813390.htm
阿拉善左旗巴彦浩特镇翱韵特民族用品店,http:////www.11467.com/qiye/72990301.htm
达茂旗百灵庙镇阳光部落民族用品店,http:////www.11467.com/qiye/73062531.htm
武侯区四郎曲珍民族用品经营部,http:////www.11467.com/qiye/73078401.htm
陈巴尔虎旗巴彦库仁镇呼布琴民族用品店,http:////www.11467.com/qiye/73128016.htm
张家川回族自治县张川镇依娜时尚民族用品经销店,http:////www.11467.com/qiye/73246160.htm
东胜区八字胡民族用品店,http:////www.11467.com/qiye/73480441.htm
东胜区八字胡明嘎图民族用品店,http:////www.11467.com/qiye/73480442.htm
松潘藏族民族用品店,http:////www.11467.com/qiye/73495805.htm
乌兰浩特市那日苏民族用品商店,http:////www.11467.com/qiye/73521540.htm
玛沁县扎三民族用品店,http:////www.11467.com/qiye/73540612.htm
通海县风情民族用品店,http:////www.11467.com/qiye/73547893.htm
阿巴嘎旗呼日都民族用品店,http:////www.11467.com/qiye/73595283.htm
鄂托克旗斯迪民族用品店,http:////www.11467.com/qiye/73613278.htm
西宁城东藏蒙汉阁民族用品商店,http:////www.11467.com/qiye/73716173.htm
鄂伦春自治旗阿里河镇査尔班民族用品店,http:////www.11467.com/qiye/73789478.htm
肃北县孟根苏木民族用品店,http:////www.11467.com/qiye/73851877.htm
新巴尔虎左旗乌布尔宝力格苏木阿伦高娃民族用品店,http:////www.11467.com/qiye/73985882.htm
乌兰浩特市斯日古冷民族用品店,http:////www.11467.com/qiye/73998262.htm
陈巴尔虎旗巴彦库仁镇查娜民族用品食品店,http:////www.11467.com/qiye/74003578.htm
夏河县何德秀民族用品铺,http:////www.11467.com/qiye/74107633.htm
海拉尔区诺图格民族用品店,http:////www.11467.com/qiye/74126233.htm
海拉尔区乌布日宝力格民族用品店,http:////www.11467.com/qiye/74126236.htm
海拉尔区阿吉奈民族用品店,http:////www.11467.com/qiye/74126240.htm
巴林右旗张春民族用品商店,http:////www.11467.com/qiye/74198918.htm
诚立信民族用品,http:////www.11467.com/qiye/74224087.htm
二连浩特市篝火民族用品店,http:////www.11467.com/qiye/74246353.htm
科右中旗蒙古乐大牧场民族用品店,http:////www.11467.com/qiye/74251714.htm
东乌珠穆沁旗青海民族用品店,http:////www.11467.com/qiye/74372611.htm
色达县更盆民族用品店,http:////www.11467.com/qiye/74384780.htm
新平小何民族用品店,http:////www.11467.com/qiye/74435728.htm
西吉县兴隆王银河民族用品店,http:////www.11467.com/qiye/74436484.htm
康定县汪修民族用品店,http:////www.11467.com/qiye/74567174.htm
罗江民族用品店,http:////www.11467.com/qiye/74679951.htm
平凉市崆峒区荣贵民族用品经销部,http:////www.11467.com/qiye/74758369.htm
徽县阿依舍民族用品店,http:////www.11467.com/qiye/74837331.htm
噶尔县多吉民族用品店,http:////www.11467.com/qiye/74853156.htm
西宁城东诺日延培民族用品店,http:////www.11467.com/qiye/74891299.htm
迭部县藏家小屋民族用品店,http:////www.11467.com/qiye/74905753.htm
新城区万佛缘民族用品经销部,http:////www.11467.com/qiye/74912096.htm
新城区万佛缘民族用品经销部一分店,http:////www.11467.com/qiye/74912097.htm
西宁城东海阔民族用品店,http:////www.11467.com/qiye/74997497.htm
玉泉区董洁民族用品经销部,http:////www.11467.com/qiye/75029675.htm
阿拉善左旗巴彦浩特镇阳光部落民族用品商店,http:////www.11467.com/qiye/75066689.htm
西宁城东区扎西卡聚福民族用品商行,http:////www.11467.com/qiye/75081106.htm
广河县玉秀民族用品经销部,http:////www.11467.com/qiye/75194517.htm
新巴尔虎左旗阿木古郎镇苍狼民族用品商店,http:////www.11467.com/qiye/75281883.htm
玉泉区承陆民族用品经销部,http:////www.11467.com/qiye/75299097.htm
甘孜县菊花民族用品店,http:////www.11467.com/qiye/75351574.htm
同仁加杨民族用品店,http:////www.11467.com/qiye/75371032.htm
金川开发区蒙银民族用品工作室,http:////www.11467.com/qiye/75375575.htm
阜康市上户沟乡小泉村清泉民族用品商店,http:////www.11467.com/qiye/75413787.htm
苏尼特右旗淘瑙民族用品,http:////www.11467.com/qiye/75448782.htm
新巴尔虎左旗阿木古郎镇巧思民族用品店,http:////www.11467.com/qiye/75450952.htm
松山区思蒙草原民族用品店,http:////www.11467.com/qiye/75463037.htm
达茂旗百灵庙镇萨仁民族用品店,http:////www.11467.com/qiye/75464189.htm
香格里拉市藏艺阁民族用品商行,http:////www.11467.com/qiye/75496973.htm
阿拉善左旗巴彦浩特镇艾美勒民族用品店,http:////www.11467.com/qiye/75602761.htm
新城区呼其泰民族用品经销店,http:////www.11467.com/qiye/75608082.htm
康定县藏珍阁民族用品店,http:////www.11467.com/qiye/75876186.htm
新巴尔虎左旗阿木古郎镇呼伦其其格民族用品店,http:////www.11467.com/qiye/75903737.htm
鄂托克前旗呼热呼民族用品店,http:////www.11467.com/qiye/75927499.htm
贵德县伊鑫缘民族用品店,http:////www.11467.com/qiye/75946187.htm
德鑫民族用品,http:////www.11467.com/qiye/75946188.htm
包头市东河区杨军民族用品店,http:////www.11467.com/qiye/75950226.htm
宁蒗县永宁乡民族用品店,http:////www.11467.com/qiye/75950716.htm
镶黄旗故乡民族用品,http:////www.11467.com/qiye/76148843.htm
苏尼特左旗草原民族用品店,http:////www.11467.com/qiye/76170765.htm
湟中县鲁沙尔成龙民族用品店,http:////www.11467.com/qiye/76182254.htm
临夏市大顺祥民族用品店,http:////www.11467.com/qiye/76183116.htm
新巴尔虎左旗阿木古郎镇朝乐门民族用品店,http:////www.11467.com/qiye/76231002.htm
同仁多福顿民族用品店,http:////www.11467.com/qiye/76232950.htm
东河区天之牛铁木真民族用品店,http:////www.11467.com/qiye/76244034.htm
同仁瓜什则民族用品店,http:////www.11467.com/qiye/76282239.htm
西宁市城东区马占云民族用品经销部,http:////www.11467.com/qiye/76298208.htm
海原县七营镇小梅民族用品店,http:////www.11467.com/qiye/76334778.htm
阿巴嘎旗三得利民族用品商店,http:////www.11467.com/qiye/76351658.htm
奇台县民族用品商店,http:////www.11467.com/qiye/76356316.htm
科尔沁左翼后旗甘旗卡镇大伟民族用品店,http:////www.11467.com/qiye/76408194.htm
四子王旗红格尔乌金花民族用品门市部,http:////www.11467.com/qiye/76486970.htm
东乌珠穆沁旗光发民族用品店,http:////www.11467.com/qiye/76521374.htm
香巴拉罗雅民族用品商店,http:////www.11467.com/qiye/76614374.htm
西宁城东文大姐民族用品商行,http:////www.11467.com/qiye/76629911.htm
玛沁县霞夏民族用品店,http:////www.11467.com/qiye/76661707.htm
碌曲县旺秀民族用品商店,http:////www.11467.com/qiye/76787460.htm
西宁城东袁志超民族用品经销部,http:////www.11467.com/qiye/76865183.htm
肃北县海尔汗民族用品,http:////www.11467.com/qiye/77102963.htm
杨军民族用品店,http:////www.11467.com/qiye/77215790.htm
新巴尔虎左旗乌布尔宝力格苏木伟力斯民族用品商店,http:////www.11467.com/qiye/77237438.htm
伊金霍洛旗苏勒德民族用品店,http:////www.11467.com/qiye/77311983.htm
呼图壁县阿依登民族用品店,http:////www.11467.com/qiye/77342966.htm
玉泉区佛禧缘民族用品经销部,http:////www.11467.com/qiye/77343960.htm
玛纳斯县娜赛民族用品店,http:////www.11467.com/qiye/77350045.htm
西吉县索菲燕民族用品商店,http:////www.11467.com/qiye/77359952.htm
正镶白旗达尔哈民族用品工艺品加工部,http:////www.11467.com/qiye/77377388.htm
鄂温克旗巴彦托海镇阿拉坦卓拉民族用品商店,http:////www.11467.com/qiye/77397514.htm
海拉尔区孟根高雅拉民族用品商店,http:////www.11467.com/qiye/77443837.htm
海拉尔区孟根民族用品商店,http:////www.11467.com/qiye/77443838.htm
乌苏市阿依纱民族用品店,http:////www.11467.com/qiye/77559501.htm
乌拉特后旗潮格温都尔镇乌兰图亚民族用品店,http:////www.11467.com/qiye/77607543.htm
乌拉特后旗潮格温都尔镇巴雅尔图民族用品店,http:////www.11467.com/qiye/77607544.htm
曲登嘎布民族用品店,http:////www.11467.com/qiye/77666542.htm
玛曲县完得牙民族用品店,http:////www.11467.com/qiye/77688975.htm
玛曲县完代科民族用品店,http:////www.11467.com/qiye/77688978.htm
娘蒲民族用品店,http:////www.11467.com/qiye/77741497.htm
玉泉区草野民族用品厂,http:////www.11467.com/qiye/77909404.htm
色达县俊顺民族用品店,http:////www.11467.com/qiye/77924755.htm
吴交民族用品商店,http:////www.11467.com/qiye/77969305.htm
阜康市贾孜拉民族用品店,http:////www.11467.com/qiye/77999377.htm
城关区萃英门伊民民族用品店,http:////www.11467.com/qiye/78069112.htm
夏河县沈玉兰民族用品店,http:////www.11467.com/qiye/78283753.htm
奇台县黑拉提民族用品店,http:////www.11467.com/qiye/78334400.htm
吴鹏民族用品店,http:////www.11467.com/qiye/78357739.htm
擦米平措民族用品店,http:////www.11467.com/qiye/78357744.htm
甘孜县邛崃民族用品厂家直销批发部,http:////www.11467.com/qiye/78359285.htm
炉霍县雪域民族用品商店,http:////www.11467.com/qiye/78420295.htm
呼图壁县阿乐玛斯民族用品店,http:////www.11467.com/qiye/78578622.htm
阜康市爱丝曼民族用品店,http:////www.11467.com/qiye/78777474.htm
阿拉善左旗巴彦浩特镇年年旺民族用品店,http:////www.11467.com/qiye/78824994.htm
西宁城东区恩惠民族用品商店,http:////www.11467.com/qiye/78860053.htm
恰卜恰镇同心街才让民族用品商店,http:////www.11467.com/qiye/78906817.htm
才让民族用品商店,http:////www.11467.com/qiye/78906818.htm
苏尼特右旗东伟蒙古民族用品,http:////www.11467.com/qiye/79082379.htm
乌拉特中旗蒙古斑传统民族用品店,http:////www.11467.com/qiye/79132792.htm
新巴尔虎左旗阿木古郎镇迷你屋精品民族用品店,http:////www.11467.com/qiye/79135122.htm
乌审旗高优乐民族用品店,http:////www.11467.com/qiye/79136113.htm
甘孜县泽吉民族用品店,http:////www.11467.com/qiye/79275279.htm
松吉慈爱民族用品店,http:////www.11467.com/qiye/79283479.htm
西吉县兴隆山城民族用品店,http:////www.11467.com/qiye/79325619.htm
藏民族用品店,http:////www.11467.com/qiye/79376937.htm
阜新市海州区天堂草原民族用品商店,http:////www.11467.com/qiye/79426062.htm
鄂托克旗伊吉古日民族用品店,http:////www.11467.com/qiye/79446916.htm
和田地区华侨民族用品开发服务有限公司,http:////www.11467.com/qiye/80108389.htm
鄂尔多斯市阿腾莎民族用品有限责任公司,http:////www.11467.com/qiye/81171100.htm
天祝藏族自治县索南草民族用品店,http:////www.11467.com/qiye/81422150.htm
西宁城东白扎尔供器洲民族用品商行,http:////www.11467.com/qiye/81675321.htm
兴安盟万马民族用品有限公司,http:////www.11467.com/qiye/81786974.htm
阿拉善左旗巴彦浩特镇高雅赛汗民族用品,http:////www.11467.com/qiye/81969562.htm
张灿全民族用品店,http:////www.11467.com/qiye/82169530.htm
成都市武侯区黄宗寺民族用品经营部,http:////www.11467.com/qiye/82644438.htm
金川藏艺佛缘民族用品店,http:////www.11467.com/qiye/82723297.htm
格尔木布乐尔玛民族用品店,http:////www.11467.com/qiye/82791121.htm
碌曲县黎氏民族用品综合商店,http:////www.11467.com/qiye/82858680.htm
夏河县完德卡民族用品店,http:////www.11467.com/qiye/83224256.htm
崇州民族用品商店,http:////www.11467.com/qiye/83342381.htm
曲麻莱县次陈多吉民族用品店,http:////www.11467.com/qiye/83372662.htm
鄂托克旗都日斯哈拉民族用品店,http:////www.11467.com/qiye/83373453.htm
达措民族用品,http:////www.11467.com/qiye/83896550.htm
固原市原州区姬秀莲民族用品店,http:////www.11467.com/qiye/84412003.htm
文山县民族用品厂广益招待所,http:////www.11467.com/qiye/84415839.htm
成都市武侯区孙悟空圣地民族用品店,http:////www.11467.com/qiye/84544569.htm
夏河县才让当知民族用品铺,http:////www.11467.com/qiye/85418616.htm
巴林右旗石语民族用品开发有限责任公司,http:////www.11467.com/qiye/85473190.htm
四子王旗萨日娜民族用品手工奶食店,http:////www.11467.com/qiye/85698001.htm
贵南县森多乡黄沙头宗卡巴民族用品店,http:////www.11467.com/qiye/85843951.htm
成都市成华区松源民族用品厂,http:////www.11467.com/qiye/86045079.htm
苏尼特左旗敖日敦民族用品营销部,http:////www.11467.com/qiye/86245180.htm
阿巴嘎旗蒙图民族用品销售有限责任公司,http:////www.11467.com/qiye/86309395.htm
阿拉善左旗巴彦浩特镇呼赫煺木尔民族用品二中分店,http:////www.11467.com/qiye/86920698.htm
阿拉善左旗巴彦浩特镇呼赫煺木尔民族用品二中分店,http:////www.11467.com/qiye/86920700.htm
通辽市科尔沁区新兴大街赫林巴特民族用品店,http:////www.11467.com/qiye/86920703.htm
甘孜县赤巴民族用品店,http:////www.11467.com/qiye/86920739.htm
玛曲县才行草民族用品店,http:////www.11467.com/qiye/86929574.htm
翁牛特旗白音套海苏木白布日德民族用品工作室,http:////www.11467.com/qiye/86964044.htm
阿拉善左旗巴彦浩特镇神幡民族用品店,http:////www.11467.com/qiye/87004415.htm
拉卜楞寺院民族用品合作分销店,http:////www.11467.com/qiye/87013564.htm
贵德县尕娘民族用品店,http:////www.11467.com/qiye/87280184.htm
包头东河区民族用品制品厂,http:////www.11467.com/qiye/87318866.htm
陈巴尔虎旗巴彦库仁镇佳缘佛教民族用品店,http:////www.11467.com/qiye/87434779.htm
同仁许萍民族用品店,http:////www.11467.com/qiye/87809665.htm
达拉特旗牧友民族用品有限责任公司,http:////www.11467.com/qiye/87913507.htm
锡林浩特市萨仁托亚民族用品店,http:////www.11467.com/qiye/87965240.htm
同仁多布杰民族用品商行,http:////www.11467.com/qiye/88088770.htm
内蒙古纳硕泰民族用品有限公司,http:////www.11467.com/qiye/88174981.htm
阿拉善左旗巴彦浩特镇阿拉腾祖拉民族用品店,http:////www.11467.com/qiye/88219230.htm
甘孜县白玛扎西民族用品零售店,http:////www.11467.com/qiye/88249725.htm
班玛县索南雅培民族用品,http:////www.11467.com/qiye/88288091.htm
临潭县素珍民族用品铺,http:////www.11467.com/qiye/88660757.htm
玛曲县瑙勒合民族用品加工牧民专业合作社,http:////www.11467.com/qiye/88697242.htm
德令哈李金福民族用品皮具加工店,http:////www.11467.com/qiye/88858874.htm
西宁城东岗尕民族用品商行,http:////www.11467.com/qiye/89256057.htm
海拉尔区图日嘎腾民族用品店,http:////www.11467.com/qiye/89327323.htm
阿拉善左旗巴彦浩特斯琴城批发民族用品名土特产,http:////www.11467.com/qiye/89343925.htm
芒市凤英民族用品经营部,http:////www.11467.com/qiye/89346446.htm
西宁城东香巴拉民族用品批发商行,http:////www.11467.com/qiye/89484176.htm
金宝民族用品店,http:////www.11467.com/qiye/89660573.htm
夏河县加羊卓玛民族用品铺,http:////www.11467.com/qiye/89675032.htm
鄂托克旗其其格玛民族用品店,http:////www.11467.com/qiye/89786160.htm
成都市武侯区恩辉民族用品店,http:////www.11467.com/qiye/89826922.htm
夏河县侯永祥民族用品铺,http:////www.11467.com/qiye/89828492.htm
广南县民族用品厂服装经营部,http:////www.11467.com/qiye/90169736.htm
罗让群培民族用品店,http:////www.11467.com/qiye/90789238.htm
尖扎华增民族用品商店,http:////www.11467.com/qiye/91228958.htm
天祝藏族自治县祥瑞民族用品商店,http:////www.11467.com/qiye/91368801.htm
甘孜县敏国瑞民族用品店,http:////www.11467.com/qiye/91422116.htm
永靖县众善缘民族用品流通处,http:////www.11467.com/qiye/91432172.htm
杭锦旗锡尼阿格民族用品店,http:////www.11467.com/qiye/91447189.htm
文化街马财民族用品商店,http:////www.11467.com/qiye/91455864.htm
长治市城区程富林穆斯林文化民族用品商店,http:////www.11467.com/qiye/91455865.htm
民族用品分店,http:////www.11467.com/qiye/91463044.htm
迭部县达吉民族用品分店,http:////www.11467.com/qiye/91463045.htm
色达县拉西民族用品店,http:////www.11467.com/qiye/91561851.htm
崃山民族用品直销门市,http:////www.11467.com/qiye/91663489.htm
阿拉善左旗巴彦浩特镇金珠民族用品店,http:////www.11467.com/qiye/91746098.htm
乌审旗乌云图永火民族用品店,http:////www.11467.com/qiye/91750502.htm
玉泉区吴仁花儿民族用品店,http:////www.11467.com/qiye/91756238.htm
玉泉区芳源民族用品经销部,http:////www.11467.com/qiye/91756348.htm
尼桑辰波商场从呷民族用品摊位,http:////www.11467.com/qiye/91795047.htm
达茂旗百灵庙镇游牧民民族用品店,http:////www.11467.com/qiye/91919083.htm
贵州布依人家民族用品有限公司,http:////www.11467.com/qiye/91945633.htm
和静县马兰华民族用品店,http:////www.11467.com/qiye/91987647.htm
阿拉善右旗金色戈壁蒙藏民族用品店,http:////www.11467.com/qiye/92018160.htm
海原县老城区凯盛民族用品经销部,http:////www.11467.com/qiye/92076121.htm
鄂温克旗巴彦托海镇斯瑞娜民族用品商店,http:////www.11467.com/qiye/92084794.htm
鄂温克旗巴彦托海镇白嘎拉民族用品商店,http:////www.11467.com/qiye/92084795.htm
牧人民族用品商店,http:////www.11467.com/qiye/92099876.htm
贵德县常牧镇卓么民族用品商店,http:////www.11467.com/qiye/92099889.htm
嘉绒民族用品店,http:////www.11467.com/qiye/92148934.htm
武侯区鸿利民族用品商店,http:////www.11467.com/qiye/92272815.htm
天祝藏族自治县会得缘民族用品厂,http:////www.11467.com/qiye/92275758.htm
东乌珠穆沁旗民族用品佛香行,http:////www.11467.com/qiye/92415166.htm
呼图壁县拜来客民族用品商店,http:////www.11467.com/qiye/92433184.htm
德钦县升平镇飞来寺藏人族民族用品店,http:////www.11467.com/qiye/92520471.htm
德钦县升平镇老藏人族民族用品店,http:////www.11467.com/qiye/92520472.htm
壤塘县格桑花民族用品商店,http:////www.11467.com/qiye/92540711.htm
克什克腾旗经棚镇汗天民族用品店,http:////www.11467.com/qiye/92596569.htm
巴林右旗鲍玉香民族用品店,http:////www.11467.com/qiye/92597322.htm
鄂托克旗美得乐民族用品商店,http:////www.11467.com/qiye/92679228.htm
康定县藏地印象民族用品店,http:////www.11467.com/qiye/92701146.htm
临河区王富民族用品店,http:////www.11467.com/qiye/92730299.htm
鄂温克旗巴彦托海镇阿都沁民族用品店,http:////www.11467.com/qiye/92731194.htm
康定县索郎民族用品店,http:////www.11467.com/qiye/92749292.htm
同仁佛艺阁民族用品店,http:////www.11467.com/qiye/92788353.htm
吴忠市利通区永平民族用品店,http:////www.11467.com/qiye/92795004.htm
呼图壁县包拉提民族用品店,http:////www.11467.com/qiye/92897176.htm
扎西民族用品摊位,http:////www.11467.com/qiye/92915027.htm
巴塘县扎西民族用品店,http:////www.11467.com/qiye/92915028.htm
碌曲县唐科阿尼民族用品制造销售有限责任公司,http:////www.11467.com/qiye/93133908.htm
河南县优干宁民族用品店,http:////www.11467.com/qiye/93373863.htm
