上海科灵文化用品有限公司,http:////www.11467.com/shanghai/co/656481.htm
上海科灵文化用品有限公司的商铺,http://shanghai0656481.11467.com
杭州市上城区中电文化用品经营部,http:////www.11467.com/hangzhou/co/284693.htm
杭州市上城区中电文化用品经营部的商铺,http://hangzhou0284693.11467.com
东莞市莞城百一文具店,http:////www.11467.com/dongguan/co/555900.htm
东莞市莞城百一文具店的商铺,http://dongguan0555900.11467.com
湖州南浔善琏洋明锦盒店,http:////www.11467.com/huzhou/co/52621.htm
湖州南浔善琏洋明锦盒店的商铺,http://huzhou052621.11467.com
深圳市乐亿佳文具有限公司,http:////www.11467.com/shenzhen/co/145904.htm
深圳市乐亿佳文具有限公司的商铺,http://shenzhen0145904.11467.com
蚌埠市天一笔业有限责任公司,http:////www.11467.com/bengbu/co/26497.htm
蚌埠市天一笔业有限责任公司的商铺,http://bengbu026497.11467.com
东莞市莞城礼尚礼品商行,http:////www.11467.com/dongguan/co/164596.htm
东莞市莞城礼尚礼品商行的商铺,http://dongguan0164596.11467.com
新东文具企业有限公司,http:////www.11467.com/fuzhou/co/153598.htm
新东文具企业有限公司的商铺,http://fuzhou0153598.11467.com
广州市纤手文化用品有限公司,http:////www.11467.com/guangzhou/co/161088.htm
广州市纤手文化用品有限公司的商铺,http://guangzhou0161088.11467.com
湖州南浔善琏胜利湖笔厂,http:////www.11467.com/huzhou/co/52712.htm
湖州南浔善琏胜利湖笔厂的商铺,http://huzhou052712.11467.com
湖州南浔浔雅轩书画用品有限公司,http:////www.11467.com/huzhou/co/52715.htm
湖州南浔浔雅轩书画用品有限公司的商铺,http://huzhou052715.11467.com
德清县武康镇大宇制笔厂,http:////www.11467.com/huzhou/co/52711.htm
德清县武康镇大宇制笔厂的商铺,http://huzhou052711.11467.com
深圳市鑫誉源礼品有限公司,http:////www.11467.com/shenzhen/co/549959.htm
深圳市鑫誉源礼品有限公司的商铺,http://shenzhen0549959.11467.com
进贤县富都制笔礼品厂,http:////www.11467.com/jinhua/co/123566.htm
进贤县富都制笔礼品厂的商铺,http://jinhua0123566.11467.com
北京康辉伟业商贸有限公司,http:////www.11467.com/beijing/co/253875.htm
北京康辉伟业商贸有限公司的商铺,http://beijing0253875.11467.com
广州市荔湾区谊园兴达文具礼品经营部,http:////www.11467.com/guangzhou/co/205533.htm
广州市荔湾区谊园兴达文具礼品经营部的商铺,http://guangzhou0205533.11467.com
广州雅沁贸易有限公司,http:////www.11467.com/guangzhou/co/161798.htm
广州雅沁贸易有限公司的商铺,http://guangzhou0161798.11467.com
惠州市诺克贸易有限公司,http:////www.11467.com/huizhou/co/82036.htm
惠州市诺克贸易有限公司的商铺,http://huizhou082036.11467.com
东莞市黄江美富橡皮筋制品厂,http:////www.11467.com/dongguan/co/410708.htm
东莞市黄江美富橡皮筋制品厂的商铺,http://dongguan0410708.11467.com
上海万佳塑胶制品厂,http:////www.11467.com/shanghai/co/169548.htm
上海万佳塑胶制品厂的商铺,http://shanghai0169548.11467.com
广州市海珠区新映辉百货经营部,http:////www.11467.com/guangzhou/co/432094.htm
广州市海珠区新映辉百货经营部的商铺,http://guangzhou0432094.11467.com
杭州卓毅贸易有限公司,http:////www.11467.com/hangzhou/co/163226.htm
杭州卓毅贸易有限公司的商铺,http://hangzhou0163226.11467.com
桐庐莱雅文教用品有限公司,http:////www.11467.com/hangzhou/co/284731.htm
桐庐莱雅文教用品有限公司的商铺,http://hangzhou0284731.11467.com
广州默顿笔业有限公司,http:////www.11467.com/guangzhou/co/365295.htm
广州默顿笔业有限公司的商铺,http://guangzhou0365295.11467.com
北京清大绿洲新能源科技有限公司,http:////www.11467.com/beijing/co/418914.htm
北京清大绿洲新能源科技有限公司的商铺,http://beijing0418914.11467.com
武汉清强益智文化有限公司,http:////www.11467.com/guangzhou/co/496437.htm
武汉清强益智文化有限公司的商铺,http://guangzhou0496437.11467.com
桐庐齐乐制笔有限公司,http:////www.11467.com/hangzhou/co/390967.htm
桐庐齐乐制笔有限公司的商铺,http://hangzhou0390967.11467.com
龙训均(个体经营),http:////www.11467.com/hangzhou/co/390958.htm
龙训均(个体经营)的商铺,http://hangzhou0390958.11467.com
桐庐县分水镇佳信制笔厂,http:////www.11467.com/hangzhou/co/352851.htm
桐庐县分水镇佳信制笔厂的商铺,http://hangzhou0352851.11467.com
广州润拓信息科技有限公司,http:////www.11467.com/guangzhou/co/495801.htm
广州润拓信息科技有限公司的商铺,http://guangzhou0495801.11467.com
东莞市莞城同步文具用品店,http:////www.11467.com/dongguan/co/544159.htm
东莞市莞城同步文具用品店的商铺,http://dongguan0544159.11467.com
东莞市寮步盛凯毛刷经营部,http:////www.11467.com/dongguan/co/488461.htm
东莞市寮步盛凯毛刷经营部的商铺,http://dongguan0488461.11467.com
石家庄市迷尚商贸有限公司,http:////www.11467.com/baoding/co/91601.htm
石家庄市迷尚商贸有限公司的商铺,http://baoding091601.11467.com
苍南县登源标牌厂,http:////www.11467.com/baoding/co/91464.htm
苍南县登源标牌厂的商铺,http://baoding091464.11467.com
东莞市莞城向日葵制笔厂,http:////www.11467.com/dongguan/co/164557.htm
东莞市莞城向日葵制笔厂的商铺,http://dongguan0164557.11467.com
东莞市石碣亮彩手写荧光板厂,http:////www.11467.com/dongguan/co/458443.htm
东莞市石碣亮彩手写荧光板厂的商铺,http://dongguan0458443.11467.com
沧州威圣笔业有限公司,http:////www.11467.com/cangzhou/co/59063.htm
沧州威圣笔业有限公司的商铺,http://cangzhou059063.11467.com
成都市如祥文具有限公司,http:////www.11467.com/chengdu/co/122552.htm
成都市如祥文具有限公司的商铺,http://chengdu0122552.11467.com
广州市番禺区石基恒沣印刷材料经营部,http:////www.11467.com/guangzhou/co/195546.htm
广州市番禺区石基恒沣印刷材料经营部的商铺,http://guangzhou0195546.11467.com
广州市创尚日用品有限公司,http:////www.11467.com/guangzhou/co/470007.htm
广州市创尚日用品有限公司的商铺,http://guangzhou0470007.11467.com
桐庐宏宇文具厂,http:////www.11467.com/hangzhou/co/284700.htm
桐庐宏宇文具厂的商铺,http://hangzhou0284700.11467.com
桐庐县分水镇喜乐文具厂,http:////www.11467.com/hangzhou/co/349202.htm
桐庐县分水镇喜乐文具厂的商铺,http://hangzhou0349202.11467.com
进贤县文港泽豪制笔厂,http:////www.11467.com/guangzhou/co/161925.htm
进贤县文港泽豪制笔厂的商铺,http://guangzhou0161925.11467.com
杭州汽车东站小商品市场心阳文具商行,http:////www.11467.com/hangzhou/co/391345.htm
杭州汽车东站小商品市场心阳文具商行的商铺,http://hangzhou0391345.11467.com
桐庐民生文教塑品有限公司,http:////www.11467.com/hangzhou/co/135031.htm
桐庐民生文教塑品有限公司的商铺,http://hangzhou0135031.11467.com
杭州彩虹文具用品厂,http:////www.11467.com/hangzhou/co/174940.htm
杭州彩虹文具用品厂的商铺,http://hangzhou0174940.11467.com
安平县华康医疗用品厂,http:////www.11467.com/hengshui/co/28726.htm
安平县华康医疗用品厂的商铺,http://hengshui028726.11467.com
湖州康山街道博卡电脑经营部,http:////www.11467.com/huzhou/co/71310.htm
湖州康山街道博卡电脑经营部的商铺,http://huzhou071310.11467.com
宁波微亚达无锡办事处,http:////www.11467.com/wuxi/co/214753.htm
厦门触控（电容）笔业有限公司,http:////www.11467.com/xiamen/co/84774.htm
深圳市百欣办公用品连锁有限公司,http:////www.11467.com/shenzhen/co/851256.htm
深圳市百欣办公用品连锁有限公司的商铺,http://shenzhen0851256.11467.com
上海永益文化用品有限公司,http:////www.11467.com/shanghai/co/882976.htm
上海永益文化用品有限公司的商铺,http://shanghai0882976.11467.com
上海百绘丰文具礼品有限公司,http:////www.11467.com/shanghai/co/725723.htm
上海百绘丰文具礼品有限公司的商铺,http://shanghai0725723.11467.com
上海力攀制笔有限公司,http:////www.11467.com/shanghai/co/734729.htm
上海力攀制笔有限公司的商铺,http://shanghai0734729.11467.com
上海曼健文具有限公司,http:////www.11467.com/shanghai/co/893437.htm
上海曼健文具有限公司的商铺,http://shanghai0893437.11467.com
上海箴德商贸有限公司,http:////www.11467.com/shanghai/co/1008776.htm
上海箴德商贸有限公司的商铺,http://shanghai01008776.11467.com
上海英雄礼赞文具礼品有限公司,http:////www.11467.com/shanghai/co/712081.htm
上海英雄礼赞文具礼品有限公司的商铺,http://shanghai0712081.11467.com
天津思瑞德笔业有限公司,http:////www.11467.com/tianjin/co/155870.htm
天津思瑞德笔业有限公司的商铺,http://tianjin0155870.11467.com
进贤县荣跃文具礼品制笔厂,http:////www.11467.com/guangzhou/co/161215.htm
进贤县荣跃文具礼品制笔厂的商铺,http://guangzhou0161215.11467.com
桐庐创品笔业有限公司,http:////www.11467.com/hangzhou/co/222197.htm
桐庐创品笔业有限公司的商铺,http://hangzhou0222197.11467.com
湖州市善琏双艺湖笔厂,http:////www.11467.com/huzhou/co/2987.htm
湖州市善琏双艺湖笔厂的商铺,http://huzhou02987.11467.com
济宁正大科技有限责任公司,http:////www.11467.com/jining/co/37008.htm
济宁正大科技有限责任公司的商铺,http://jining037008.11467.com
临沂批发城晨辉文化用品商行,http:////www.11467.com/linyi/co/107027.htm
临沂批发城晨辉文化用品商行的商铺,http://linyi0107027.11467.com
大连天保劳动防护用品有限公司,http:////www.11467.com/dalian/co/42677.htm
大连天保劳动防护用品有限公司的商铺,http://dalian042677.11467.com
上海忠泰文化用品制造有限公司,http:////www.11467.com/shanghai/co/96853.htm
上海忠泰文化用品制造有限公司的商铺,http://shanghai096853.11467.com
湖州王一品斋笔庄有限责任公司,http:////www.11467.com/huzhou/co/2453.htm
湖州王一品斋笔庄有限责任公司的商铺,http://huzhou02453.11467.com
杭州鸿发文化传播有限公司,http:////www.11467.com/hangzhou/co/310897.htm
杭州鸿发文化传播有限公司的商铺,http://hangzhou0310897.11467.com
上海新岳机械设备有限公司,http:////www.11467.com/shanghai/co/806076.htm
上海新岳机械设备有限公司的商铺,http://shanghai0806076.11467.com
中国鑫洋笔业有限公司,http:////www.11467.com/beijing/co/323242.htm
中国鑫洋笔业有限公司的商铺,http://beijing0323242.11467.com
陶水珍(个体经营),http:////www.11467.com/guangzhou/co/495388.htm
陶水珍(个体经营)的商铺,http://guangzhou0495388.11467.com
广州市白云区石井柯爱居日用品商行,http:////www.11467.com/guangzhou/co/495381.htm
广州市白云区石井柯爱居日用品商行的商铺,http://guangzhou0495381.11467.com
绍兴县博艺文体用品有限公司,http:////www.11467.com/shaoxing/co/121227.htm
绍兴县博艺文体用品有限公司的商铺,http://shaoxing0121227.11467.com
牟平区惠莉商店,http:////www.11467.com/yantai/co/167544.htm
牟平区惠莉商店的商铺,http://yantai0167544.11467.com
厦门永恒冠工贸有限公司,http:////www.11467.com/xiamen/co/29093.htm
厦门永恒冠工贸有限公司的商铺,http://xiamen029093.11467.com
广州文旺日用品有限公司,http:////www.11467.com/guangzhou/co/494774.htm
广州文旺日用品有限公司的商铺,http://guangzhou0494774.11467.com
杭州益福新文化用品有限公司,http:////www.11467.com/hangzhou/co/391366.htm
杭州益福新文化用品有限公司的商铺,http://hangzhou0391366.11467.com
杭州四季青体育文化用品市场远帆文化用品商行,http:////www.11467.com/hangzhou/co/270910.htm
杭州四季青体育文化用品市场远帆文化用品商行的商铺,http://hangzhou0270910.11467.com
深圳市鼎文笔业有限公司,http:////www.11467.com/shenzhen/co/983801.htm
深圳市鼎文笔业有限公司的商铺,http://shenzhen0983801.11467.com
上海圆珠笔厂有限公司,http:////www.11467.com/shanghai/co/596564.htm
上海圆珠笔厂有限公司的商铺,http://shanghai0596564.11467.com
深圳市宝安区沙井北将文具礼品厂,http:////www.11467.com/shenzhen/co/810617.htm
深圳市宝安区沙井北将文具礼品厂的商铺,http://shenzhen0810617.11467.com
杭州桐庐思源制笔有限公司,http:////www.11467.com/hangzhou/co/86550.htm
杭州桐庐思源制笔有限公司的商铺,http://hangzhou086550.11467.com
深圳市凯虹宇文具有限公司,http:////www.11467.com/shenzhen/co/224945.htm
深圳市凯虹宇文具有限公司的商铺,http://shenzhen0224945.11467.com
温州市伟豪轻工有限公司,http:////www.11467.com/wenzhou/co/129537.htm
温州市伟豪轻工有限公司的商铺,http://wenzhou0129537.11467.com
龙游县德利克合成材料厂,http:////www.11467.com/quzhou/co/7393.htm
龙游县德利克合成材料厂的商铺,http://quzhou07393.11467.com
广州市鑫彩文化用品有限公司,http:////www.11467.com/guangzhou/co/494962.htm
广州市鑫彩文化用品有限公司的商铺,http://guangzhou0494962.11467.com
深圳市金冠伟业贸易发展有限公司,http:////www.11467.com/shanghai/co/377959.htm
深圳市金冠伟业贸易发展有限公司的商铺,http://shanghai0377959.11467.com
上海思龙文具有限公司,http:////www.11467.com/shanghai/co/1041959.htm
上海思龙文具有限公司的商铺,http://shanghai01041959.11467.com
宏盛经贸公司,http:////www.11467.com/daqing/co/41172.htm
新疆大学化学化工学院,http:////www.11467.com/changji/co/12739.htm
安徽先登电工有限公司,http:////www.11467.com/chizhou/co/8783.htm
香形环保粉笔厂,http:////www.11467.com/fangchenggang/co/6487.htm
合肥欧嘉文具有限公司,http:////www.11467.com/hefei/co/97598.htm
杨晓丹（个体经营）,http:////www.11467.com/hengshui/co/23856.htm
安徽省淮北市三星文具厂,http:////www.11467.com/huaibei/co/13615.htm
淮北东山制笔厂,http:////www.11467.com/huaibei/co/13590.htm
贵州康易文化传播有限公司,http:////www.11467.com/guiyang/co/78339.htm
宁海县天博文体用品有限公司,http:////www.11467.com/haixi/co/5113.htm
周芝靖（个体）,http:////www.11467.com/quzhou/co/23282.htm
南昌市东湖区罗丹艺术用品卖场,http:////www.11467.com/nanchang/co/100519.htm
来宾市华雄办公用品有限公司,http:////www.11467.com/laibin/co/4370.htm
重庆办公伙伴商贸发展有限公司,http:////www.11467.com/chongqing/co/194606.htm
吉林省长春市第七十八中学,http:////www.11467.com/changchun/co/78038.htm
常州超英文教用品有限公司,http:////www.11467.com/changzhou/co/148580.htm
杭州笔芯笔杆配件厂,http:////www.11467.com/changzhou/co/149386.htm
大连商业学校,http:////www.11467.com/dalian/co/55880.htm
浙江慈溪达峰圆珠笔散件有限公司,http:////www.11467.com/dezhou/co/49757.htm
成源文具（东莞）有限公司,http:////www.11467.com/dongguan/co/117766.htm
成源文具有限公司-中国大陆东莞分公司,http:////www.11467.com/dongguan/co/361907.htm
东莞柏斯美工艺制品有限公司,http:////www.11467.com/dongguan/co/498510.htm
东莞市石排维美塑胶加工店,http:////www.11467.com/dongguan/co/71299.htm
东莞市三剑笔刷厂,http:////www.11467.com/dongguan/co/494478.htm
东莞市石排写乐文具厂,http:////www.11467.com/dongguan/co/302528.htm
东莞市洪梅利昌五金鞋材厂,http:////www.11467.com/dongguan/co/271299.htm
东莞市心悦文具礼品厂,http:////www.11467.com/dongguan/co/496649.htm
东莞司贸文教赠品有限公司工程部,http:////www.11467.com/dongguan/co/361555.htm
新佳文具包装材料行,http:////www.11467.com/dongguan/co/362029.htm
东莞文冠文化用品有限公司,http:////www.11467.com/dongguan/co/492042.htm
南昌三剑笔刷厂,http:////www.11467.com/dongguan/co/496648.htm
文丞文具有限公司 WENCHENG STATIONERY C,http:////www.11467.com/dongguan/co/359542.htm
佛山市南海区金沙西联永远五金文具厂,http:////www.11467.com/foshan/co/31691.htm
福州传智信息科技有限公司,http:////www.11467.com/fuzhou/co/181423.htm
福州林文光电子文具有限公司,http:////www.11467.com/fuzhou/co/143276.htm
福州文盛光电子文具有限公司,http:////www.11467.com/fuzhou/co/153163.htm
广州金博士文具笔商贸有限公司,http:////www.11467.com/guangzhou/co/460067.htm
广州市华鎔文具礼品有限公司,http:////www.11467.com/guangzhou/co/463223.htm
广州市荔湾区旭东文化用品商行,http:////www.11467.com/guangzhou/co/362246.htm
江西省进贤县华镕文具礼品制笔厂【广州经营部】,http:////www.11467.com/guangzhou/co/463227.htm
江西省进贤县千里客文具礼品制笔厂【广州经营部】,http:////www.11467.com/guangzhou/co/463228.htm
天瑞设备商贸有限公司,http:////www.11467.com/guangzhou/co/474033.htm
南昌市东湖笔海文具礼品制笔厂,http:////www.11467.com/guangzhou/co/368312.htm
南昌市东湖笔海文具礼品制笔厂(广州销售部),http:////www.11467.com/guangzhou/co/366725.htm
腾远办公文具经销公司,http:////www.11467.com/handan/co/52680.htm
分水镇波得利制笔厂,http:////www.11467.com/hangzhou/co/369544.htm
杭州彼特环保包装有限公司,http:////www.11467.com/hangzhou/co/213394.htm
国平纺织笔业有限公司,http:////www.11467.com/hangzhou/co/284406.htm
桐庐金昌圆芯厂,http:////www.11467.com/hangzhou/co/373491.htm
桐庐银河笔业有限公司,http:////www.11467.com/hangzhou/co/284745.htm
桐庐百胜制笔有限公司,http:////www.11467.com/hangzhou/co/86551.htm
桐庐县分水镇卓越文具厂,http:////www.11467.com/hangzhou/co/368951.htm
深圳市福田区信立礼品笔行,http:////www.11467.com/shenzhen/co/651743.htm
苏州典诚办公用品有限公司,http:////www.11467.com/suzhou/co/29434.htm
温州市飞达笔业有限公司,http:////www.11467.com/wenzhou/co/84778.htm
湖北省.武汉市应城西湖文化用品有限公司,http:////www.11467.com/wuhan/co/144857.htm
武汉市武昌华泰文化办公用品有限公司,http:////www.11467.com/wuhan/co/143428.htm
北京思凯盛科贸有限公司,http:////www.11467.com/wulanchabu/co/6832.htm
浙江新奇特百货工贸有限公司,http:////www.11467.com/xiamen/co/93732.htm
扬州时新笔刷厂,http:////www.11467.com/yangzhou/co/106597.htm
烟台国安贸易有限公司,http:////www.11467.com/yantai/co/155253.htm
上海恒升国际贸易有限公司,http:////www.11467.com/shanghai/co/1056533.htm
上海英诺威新材料科技有限公司,http:////www.11467.com/shanghai/co/1097683.htm
上海中英文具有限公司,http:////www.11467.com/shanghai/co/141249.htm
上海丰彩文具有限公司,http:////www.11467.com/shanghai/co/141049.htm
广州美年制笔厂,http:////www.11467.com/guangzhou/co/434225.htm
神笔智业文具有限公司,http:////www.11467.com/beijing/co/145953.htm
上海百绘丰礼品有限公司,http:////www.11467.com/shanghai/co/747912.htm
北京爱德天办公文具制造有限公司,http:////www.11467.com/beijing/co/691245.htm
皇统文具礼品深圳有限公司,http:////www.11467.com/shenzhen/co/779677.htm
南昌红艺文具礼品厂,http:////www.11467.com/shenzhen/co/775589.htm
精源美办公用品有限公司,http:////www.11467.com/shenzhen/co/642932.htm
杰源实业有限公司,http:////www.11467.com/shenzhen/co/775590.htm
深圳华贸文教礼品厂,http:////www.11467.com/shenzhen/co/646357.htm
深圳市聚兴塑胶制品有限公司,http:////www.11467.com/shenzhen/co/645782.htm
深圳市乐达文具礼品有限公司,http:////www.11467.com/shenzhen/co/779678.htm
深圳市益龙宇科技有限公司,http:////www.11467.com/shenzhen/co/783359.htm
深圳市马冠制品厂,http:////www.11467.com/shenzhen/co/646870.htm
鑫誉源笔厂,http:////www.11467.com/shenzhen/co/650373.htm
特浦文体用品《深圳》有限公司,http:////www.11467.com/shenzhen/co/643457.htm
深圳市雄狮(环保)文具有限公司,http:////www.11467.com/shenzhen/co/770814.htm
河北海蓝涂业文具用品贸易有限公司,http:////www.11467.com/shijiazhuang/co/141947.htm
河北塞维诺商贸有限公司,http:////www.11467.com/shijiazhuang/co/140301.htm
曹琦 （个体经营）,http:////www.11467.com/shijiazhuang/co/96913.htm
苏州特丽王日化有限公司,http:////www.11467.com/suzhou/co/317225.htm
苏州荣昌商行,http:////www.11467.com/suzhou/co/255455.htm
兴华商贸有限责任公司,http:////www.11467.com/tangshan/co/59498.htm
温州市长华笔业有限公司,http:////www.11467.com/wenzhou/co/88222.htm
温州市繁丰文具有限公司,http:////www.11467.com/wenzhou/co/9607.htm
温州市长力笔业有限公司,http:////www.11467.com/wenzhou/co/88233.htm
温州市四通制笔零件有限公司,http:////www.11467.com/wenzhou/co/102541.htm
温州市文浩文体用品制造有限公司,http:////www.11467.com/wenzhou/co/90404.htm
温州市佳文文具有限公司,http:////www.11467.com/wenzhou/co/161440.htm
温州国华笔业有限公司,http:////www.11467.com/wenzhou/co/82896.htm
温州市展华实业有限公司,http:////www.11467.com/wenzhou/co/162929.htm
温州环球笔业有限公司,http:////www.11467.com/wenzhou/co/162259.htm
衡达笔业配件设备有限公司,http:////www.11467.com/wuhan/co/142890.htm
无锡市波尔麦劳动保护用品有限公司,http:////www.11467.com/wuxi/co/139554.htm
无锡市羊尖锡文制笔零件厂,http:////www.11467.com/wuxi/co/24606.htm
扬州振兴文化用品有限公司,http:////www.11467.com/yangzhou/co/85435.htm
圣儒文化用品有限公司,http:////www.11467.com/yantai/co/155252.htm
豫港圆珠笔技能科贸有限公司,http:////www.11467.com/zhengzhou/co/176442.htm
北京骏扬嘉业文化用品商贸中心,http:////www.11467.com/beijing/co/179972.htm
北京红京旗文化发展有限公司,http:////www.11467.com/beijing/co/697109.htm
赵晓东,http:////www.11467.com/beijing/co/30245.htm
北京世纪瑞康科贸有限公司（订单部）,http:////www.11467.com/beijing/co/323223.htm
上海诚能文具实业有限公司,http:////www.11467.com/shanghai/co/486424.htm
上海创享机械设备有限公司,http:////www.11467.com/shanghai/co/1041957.htm
上海拜斯特办公用品(凇菁贸易)有限公司,http:////www.11467.com/shanghai/co/1052335.htm
上海乐美文具有限公司,http:////www.11467.com/shanghai/co/769908.htm
上海文正笔业有限公司 业务部,http:////www.11467.com/shanghai/co/167106.htm
思笔乐(上海)商贸有限公司,http:////www.11467.com/shanghai/co/377988.htm
重庆市厚德文化用品有限公司,http:////www.11467.com/chongqing/co/188896.htm
天津市蓝点文具有限公司,http:////www.11467.com/tianjin/co/196145.htm
应城市文华粉笔有限责任公司,http:////www.11467.com/xiaogan/co/22034.htm
北京博海轩笔业有限公司,http:////www.11467.com/beijing/co/714793.htm
辛慧敏 个体经营,http:////www.11467.com/anshan/co/73348.htm
贵州安顺粉笔厂,http:////www.11467.com/anshun/co/8429.htm
广西百色右江区发圣宝制笔厂,http:////www.11467.com/baise/co/12878.htm
广西百色市美佳制笔厂,http:////www.11467.com/baise/co/12885.htm
白山市弘泰农产品有限公司,http:////www.11467.com/baishan/co/11353.htm
保定市百姓坊礼品有限公司,http:////www.11467.com/baoding/co/81558.htm
定州市宝迪办公用品有限公司,http:////www.11467.com/baoding/co/80072.htm
真彩笔芯批发公司,http:////www.11467.com/baoshan/co/9561.htm
熊仔文化用品公司,http:////www.11467.com/baotou/co/26095.htm
安徽蚌埠雪莲铅笔厂,http:////www.11467.com/bengbu/co/28751.htm
蚌埠高术科技有限公司,http:////www.11467.com/bengbu/co/23384.htm
华大制笔厂,http:////www.11467.com/bengbu/co/28776.htm
边缘有限责任公司,http:////www.11467.com/bengbu/co/28779.htm
瑞博文教礼品有限责任公司,http:////www.11467.com/bozhou/co/9127.htm
河北省献县铅笔眉笔橡胶配件制品厂,http:////www.11467.com/cangzhou/co/59064.htm
众品铝塑胶有限公司(原献县西丁北制笔配件厂),http:////www.11467.com/cangzhou/co/59545.htm
利丰画廊公司,http:////www.11467.com/changchun/co/78008.htm
长沙市辉煌制笔厂,http:////www.11467.com/changsha/co/120133.htm
长沙市雨花区增萍办公耗材经营部,http:////www.11467.com/changsha/co/93287.htm
上海中韩文具制造有限公司,http:////www.11467.com/changsha/co/94119.htm
天地坊红瓷笔笔业公司,http:////www.11467.com/changsha/co/93929.htm
扑虎网络集团,http:////www.11467.com/changsha/co/94041.htm
振华文化用品商行,http:////www.11467.com/changsha/co/93241.htm
远腾商贸有限公司业务部,http:////www.11467.com/changsha/co/93628.htm
未来文教有限责任公司,http:////www.11467.com/changzhi/co/26732.htm
常州市千里马文具有限公司,http:////www.11467.com/changzhou/co/119048.htm
常州商都制笔有限公司,http:////www.11467.com/changzhou/co/26606.htm
常州市红新笔业,http:////www.11467.com/changzhou/co/119057.htm
张焕斌(个体经营),http:////www.11467.com/changzhou/co/118932.htm
桐庐百特文化用品有限公司,http:////www.11467.com/chaoyang/co/26369.htm
北京琦钰科技发展有限公司,http:////www.11467.com/chaoyang/co/26370.htm
潮州市金舰制笔厂,http:////www.11467.com/chaozhou/co/30835.htm
潮州市金舰制笔厂(业务部),http:////www.11467.com/chaozhou/co/30854.htm
金舰制笔厂,http:////www.11467.com/chaozhou/co/30837.htm
利明陶瓷工艺毛笔厂,http:////www.11467.com/chaozhou/co/30848.htm
成都建华办公文化用品批发部,http:////www.11467.com/chengdu/co/121320.htm
成都欧瑞商贸发展有限责任公司,http:////www.11467.com/chengdu/co/121428.htm
成都星球文体有限公司,http:////www.11467.com/chengdu/co/122039.htm
何圣云（个体经营）,http:////www.11467.com/chengdu/co/121534.htm
无机矿业有限公司,http:////www.11467.com/chengdu/co/122202.htm
成都未来学习用品科技有限公司,http:////www.11467.com/chengdu/co/122388.htm
青羊区凌轩办公用品商贸部,http:////www.11467.com/chengdu/co/121788.htm
四川省成都市鸿圣科技有限责任公司,http:////www.11467.com/chengdu/co/213205.htm
成都锦艺美术用品有限公司,http:////www.11467.com/chengdu/co/122028.htm
谢巧峰（个体经营）,http:////www.11467.com/chengdu/co/122665.htm
欣荣商务有限责任公司,http:////www.11467.com/chengdu/co/121871.htm
曾伟国(个体经营),http:////www.11467.com/chengdu/co/121504.htm
用之非木商行,http:////www.11467.com/chengdu/co/121920.htm
文力（个体经营）,http:////www.11467.com/chengdu/co/122294.htm
滁州贸易有限公司,http:////www.11467.com/chuzhou/co/30517.htm
石家庄华琳文具公司,http:////www.11467.com/dalian/co/55909.htm
大连亿森钢球有限公司,http:////www.11467.com/dalian/co/66063.htm
大连玉茗国际贸易有限公司采购部,http:////www.11467.com/dalian/co/55675.htm
安东金笔厂,http:////www.11467.com/dandong/co/47509.htm
博登实业有限公司,http:////www.11467.com/dongguan/co/360807.htm
东莞快灵通卡西尼电子文具有限公司,http:////www.11467.com/dongguan/co/361227.htm
东莞博登实业有限公司,http:////www.11467.com/dongguan/co/361556.htm
东莞市创翔贸易有限公司,http:////www.11467.com/dongguan/co/362824.htm
东莞劲森制笔有限公司,http:////www.11467.com/dongguan/co/361933.htm
东东莞市洋文具有限公司,http:////www.11467.com/dongguan/co/361196.htm
东莞虎门绿精灵纸卷铅笔厂,http:////www.11467.com/dongguan/co/361292.htm
东莞汇众家具材料有限公司,http:////www.11467.com/dongguan/co/362769.htm
东莞迪诺文具有限公司,http:////www.11467.com/dongguan/co/49589.htm
东莞恒生源日用品商行,http:////www.11467.com/dongguan/co/361919.htm
东莞市横沥龙舜电子耗材有限公司,http:////www.11467.com/dongguan/co/362773.htm
成源文具（東莞）有限公司,http:////www.11467.com/dongguan/co/362416.htm
东莞市诚立通文具有限公司,http:////www.11467.com/dongguan/co/501727.htm
东莞市丹妮尔毛刷制品有限公司,http:////www.11467.com/dongguan/co/480971.htm
丹钰五金公司,http:////www.11467.com/dongguan/co/361882.htm
东莞市吉丽文具有限公司,http:////www.11467.com/dongguan/co/199772.htm
东莞广汇文具笔行,http:////www.11467.com/dongguan/co/360060.htm
东莞市盛怡文具有限公司,http:////www.11467.com/dongguan/co/49689.htm
东莞市艺通五金塑胶饰品有限公司,http:////www.11467.com/dongguan/co/362522.htm
东莞市永华笔行,http:////www.11467.com/dongguan/co/362902.htm
东莞市长安联宝五金饰品店,http:////www.11467.com/dongguan/co/184011.htm
东莞市司贸有限公司,http:////www.11467.com/dongguan/co/359958.htm
東莞天寶實業（國際貿易）有限公司,http:////www.11467.com/dongguan/co/362002.htm
东莞永翔文具外贸有限公司,http:////www.11467.com/dongguan/co/362558.htm
东莞志伟制笔实业有限公司,http:////www.11467.com/dongguan/co/362740.htm
东莞友盟色浆有限公司,http:////www.11467.com/dongguan/co/494484.htm
东莞司贸文教赠品有限公司,http:////www.11467.com/dongguan/co/89012.htm
东莞天贝金笔厂,http:////www.11467.com/dongguan/co/361989.htm
东莞天天网络公司,http:////www.11467.com/dongguan/co/492047.htm
东莞市炜鑫电子制造有限公司,http:////www.11467.com/dongguan/co/500215.htm
东莞市炜鑫电子科技有限公司,http:////www.11467.com/dongguan/co/139073.htm
金叶(东莞)制笔有限公司,http:////www.11467.com/dongguan/co/498511.htm
福尔泰(文化工艺品)有限公司,http:////www.11467.com/dongguan/co/506563.htm
嘉辉文具贸易有限公司,http:////www.11467.com/dongguan/co/362362.htm
荣祺玩具厂,http:////www.11467.com/dongguan/co/492046.htm
赛美国际公司中国采购办事处,http:////www.11467.com/dongguan/co/361735.htm
瑞东发展有限公司,http:////www.11467.com/dongguan/co/500213.htm
金叶(东莞)制品厂,http:////www.11467.com/dongguan/co/498512.htm
南昌市进贤县金山制笔厂,http:////www.11467.com/dongguan/co/302505.htm
佳兴制笔有限公司,http:////www.11467.com/dongguan/co/361179.htm
东莞市石碣狮王办公文具贸易行,http:////www.11467.com/dongguan/co/360661.htm
广东圣诞大袜子礼品贸易有限公司,http:////www.11467.com/dongguan/co/359726.htm
广东永恒冠笔业有限公司,http:////www.11467.com/dongguan/co/360493.htm
广州市振兴笔厂,http:////www.11467.com/guangzhou/co/367025.htm
广州市向东贸易有限公司,http:////www.11467.com/guangzhou/co/365516.htm
广州琦琪礼业发展有限公司,http:////www.11467.com/guangzhou/co/470478.htm
广州市冬阳文具有限公司,http:////www.11467.com/guangzhou/co/361090.htm
广州伟爵礼品有限公司,http:////www.11467.com/guangzhou/co/366769.htm
梁锦花（个体经营）,http:////www.11467.com/guangzhou/co/368255.htm
广州易新商贸有限公司,http:////www.11467.com/guangzhou/co/364385.htm
上海乐美文具有限公司营销中心销售管理部团购渠道,http:////www.11467.com/guangzhou/co/362664.htm
广州盈能贸易有限公司,http:////www.11467.com/guangzhou/co/364269.htm
广州谊晖笔业有限公司,http:////www.11467.com/guangzhou/co/367451.htm
江西柏倩化妆品有限公司,http:////www.11467.com/guangzhou/co/367216.htm
广州市新美图3D数码有限公司,http:////www.11467.com/guangzhou/co/366667.htm
宏业库存贸易公司,http:////www.11467.com/guangzhou/co/364141.htm
天宇贸易公司,http:////www.11467.com/guangzhou/co/364094.htm
广州优派生活用品有限公司,http:////www.11467.com/guangzhou/co/365110.htm
鸿诚贸易公司,http:////www.11467.com/guangzhou/co/366699.htm
华德永佳地毯有限公司华南区总部,http:////www.11467.com/guangzhou/co/362134.htm
李文静（个体经营 ）,http:////www.11467.com/guangzhou/co/368270.htm
广州市多咪尼文化用品有限公司,http:////www.11467.com/guangzhou/co/362512.htm
中西方圆贸易商行,http:////www.11467.com/guangzhou/co/365474.htm
广州和兴文具商行,http:////www.11467.com/guangzhou/co/363815.htm
金泽升文具有限公司,http:////www.11467.com/guangzhou/co/364127.htm
桐庐县分水镇陆大制笔厂(广州销售部）,http:////www.11467.com/guangzhou/co/362310.htm
桐庐裕品笔业,http:////www.11467.com/guangzhou/co/367479.htm
南昌市柏倩化妆品有限公司,http:////www.11467.com/guangzhou/co/367325.htm
宁波比奇文具有限公司广州事务所,http:////www.11467.com/guangzhou/co/365536.htm
宁海鑫源塑料制品厂,http:////www.11467.com/guangzhou/co/229749.htm
南昌市华谊文具礼品制笔厂（广州直销部）,http:////www.11467.com/guangzhou/co/365345.htm
广州市站西路三一国际钟表城德盛精品行有限公司,http:////www.11467.com/guangzhou/co/361351.htm
轩然制笔有限公司,http:////www.11467.com/guangzhou/co/368346.htm
凯伟塑料制品厂,http:////www.11467.com/guangzhou/co/365321.htm
进贤县名笔礼品制笔厂,http:////www.11467.com/guangzhou/co/460064.htm
克莉丝礼品公司,http:////www.11467.com/guangzhou/co/361758.htm
广州市佳净修正液用品公司,http:////www.11467.com/guangzhou/co/361287.htm
美达笔业广州分公司,http:////www.11467.com/guangzhou/co/364034.htm
上海派克笔有限公司广州分公司,http:////www.11467.com/guangzhou/co/365495.htm
广州市文宇文化用品行,http:////www.11467.com/guangzhou/co/366799.htm
进贤县千里客文具礼品制笔厂,http:////www.11467.com/guangzhou/co/195127.htm
贵港市凤凰二街丽晶会所有限公司,http:////www.11467.com/guigang/co/6554.htm
贵州博士化工有限公司-新产品部,http:////www.11467.com/guiyang/co/74343.htm
章青阳(个体经营),http:////www.11467.com/guiyang/co/74560.htm
开阳县第三中学教学器材科,http:////www.11467.com/guiyang/co/74431.htm
贵州稻香手绘艺术发展有限公司分部,http:////www.11467.com/guiyang/co/74382.htm
尚志阳光铅笔厂,http:////www.11467.com/haerbin/co/71369.htm
哈尔滨富华笔业有限公司,http:////www.11467.com/haerbin/co/54631.htm
东北农业大学,http:////www.11467.com/haerbin/co/13482.htm
哈尔滨天坛铅芯有限责任公司,http:////www.11467.com/haerbin/co/54964.htm
黑龙江省富源笔业有限公司义乌直销处,http:////www.11467.com/haerbin/co/54705.htm
白净（个体经营）,http:////www.11467.com/haerbin/co/54375.htm
慧 邦 笔 业,http:////www.11467.com/haerbin/co/54871.htm
桐庐山水制笔厂,http:////www.11467.com/hangzhou/co/283766.htm
桐庐文苑笔业,http:////www.11467.com/hangzhou/co/283566.htm
桐庐佳成笔业有限公司,http:////www.11467.com/hangzhou/co/135619.htm
桐庐联通笔业有限公司业务部,http:////www.11467.com/hangzhou/co/284661.htm
桐庐勤丰制笔有限公司,http:////www.11467.com/hangzhou/co/370816.htm
桐庐滔滔制笔厂,http:////www.11467.com/hangzhou/co/282791.htm
桐庐久丰文具有限公司,http:////www.11467.com/hangzhou/co/284722.htm
桐庐强星笔业有限公司,http:////www.11467.com/hangzhou/co/135082.htm
桐庐申盛笔业有限公司,http:////www.11467.com/hangzhou/co/284694.htm
桐庐县彩云制笔厂,http:////www.11467.com/hangzhou/co/284679.htm
桐庐金环制笔有限公司,http:////www.11467.com/hangzhou/co/283333.htm
桐庐金榜文具有限公司,http:////www.11467.com/hangzhou/co/372404.htm
桐庐凯雯制笔厂,http:////www.11467.com/hangzhou/co/283310.htm
桐庐强海制笔厂,http:////www.11467.com/hangzhou/co/284764.htm
桐庐三立制笔厂,http:////www.11467.com/hangzhou/co/283846.htm
桐庐天云笔业有限公司,http:////www.11467.com/hangzhou/co/135249.htm
桐庐景云笔业有限公司,http:////www.11467.com/hangzhou/co/283624.htm
桐庐生花笔业有限公司,http:////www.11467.com/hangzhou/co/283875.htm
桐庐新林圆芯厂,http:////www.11467.com/hangzhou/co/283236.htm
桐庐雁灵制笔厂,http:////www.11467.com/hangzhou/co/283500.htm
桐庐丽达制笔厂,http:////www.11467.com/hangzhou/co/86459.htm
桐庐新发笔业有限公司,http:////www.11467.com/hangzhou/co/284779.htm
桐庐雪华笔业有限公司,http:////www.11467.com/hangzhou/co/284782.htm
桐庐兴建文具礼品有限公司,http:////www.11467.com/hangzhou/co/135644.htm
桐庐鑫昊制笔厂,http:////www.11467.com/hangzhou/co/284058.htm
桐庐鑫远笔业有限公司,http:////www.11467.com/hangzhou/co/369545.htm
桐庐镇海制笔厂,http:////www.11467.com/hangzhou/co/283480.htm
华奇文具礼品制造有限公司,http:////www.11467.com/hangzhou/co/282467.htm
杭州桐庐文浩制笔厂,http:////www.11467.com/hangzhou/co/282441.htm
宁波海路火机实业有限公司,http:////www.11467.com/hangzhou/co/283567.htm
杭州桐庐华纳制笔厂,http:////www.11467.com/hangzhou/co/284151.htm
桐庐华钏制笔厂,http:////www.11467.com/hangzhou/co/86470.htm
桐庐分水镇旭峰制笔厂,http:////www.11467.com/hangzhou/co/284775.htm
桐庐兴查制笔有限公司,http:////www.11467.com/hangzhou/co/87903.htm
桐庐贝贝文具礼品有限公司,http:////www.11467.com/hangzhou/co/371284.htm
桐庐洪城制笔厂,http:////www.11467.com/hangzhou/co/284726.htm
桐庐诚奇笔业有限公司,http:////www.11467.com/hangzhou/co/134475.htm
桐庐洪伟制笔厂,http:////www.11467.com/hangzhou/co/283315.htm
桐庐熠发文具有限公司,http:////www.11467.com/hangzhou/co/370207.htm
文涵制笔有限公司,http:////www.11467.com/hangzhou/co/284014.htm
桐庐英达文具有限公司,http:////www.11467.com/hangzhou/co/372698.htm
桐庐远洋制笔厂,http:////www.11467.com/hangzhou/co/284015.htm
文浩制笔厂,http:////www.11467.com/hangzhou/co/284381.htm
浙江省杭州市桐庐县逸恬笔业,http:////www.11467.com/hangzhou/co/283930.htm
桐庐新联工艺品有限公司,http:////www.11467.com/hangzhou/co/88274.htm
桐庐鑫达制笔厂,http:////www.11467.com/hangzhou/co/86500.htm
桐庐忠义制笔有限公司,http:////www.11467.com/hangzhou/co/284772.htm
王淑才(个体经营),http:////www.11467.com/hangzhou/co/284150.htm
江南才子文教商务有限公司,http:////www.11467.com/hangzhou/co/284657.htm
桐庐杰烨文具礼品有限公司业务部,http:////www.11467.com/hangzhou/co/284013.htm
桐庐金蜂笔业有限公司,http:////www.11467.com/hangzhou/co/371279.htm
桐庐县分水镇金航制笔厂,http:////www.11467.com/hangzhou/co/283331.htm
桐庐县分水镇燕金制笔厂,http:////www.11467.com/hangzhou/co/284768.htm
桐庐县分水镇超凡制笔厂,http:////www.11467.com/hangzhou/co/284761.htm
莱雅文教用品有限公司,http:////www.11467.com/hangzhou/co/282692.htm
莱雅文教笔业公司,http:////www.11467.com/hangzhou/co/284662.htm
桐庐县分水镇文龙制笔厂,http:////www.11467.com/hangzhou/co/284766.htm
桐庐水晶制笔厂,http:////www.11467.com/hangzhou/co/284719.htm
浙江义乌欣欣笔头厂,http:////www.11467.com/hangzhou/co/284588.htm
桐庐骏马笔业有限公司,http:////www.11467.com/hangzhou/co/134914.htm
桐庐天奇制笔厂,http:////www.11467.com/hangzhou/co/282843.htm
桐庐骏马笔业,http:////www.11467.com/hangzhou/co/283360.htm
桐庐通和文具有限公司,http:////www.11467.com/hangzhou/co/374469.htm
桐庐王鑫制笔厂,http:////www.11467.com/hangzhou/co/86499.htm
桐庐金豪制笔厂,http:////www.11467.com/hangzhou/co/283332.htm
桐庐华威文具礼品有限公司,http:////www.11467.com/hangzhou/co/135583.htm
桐庐天宏制笔厂,http:////www.11467.com/hangzhou/co/284765.htm
桐庐县分水镇天益制笔厂（销售部）,http:////www.11467.com/hangzhou/co/284006.htm
桐庐县高升制笔厂,http:////www.11467.com/hangzhou/co/372046.htm
桐庐天缘笔业有限公司业务部,http:////www.11467.com/hangzhou/co/284526.htm
桐庐凯瑞笔业有限公司,http:////www.11467.com/hangzhou/co/284763.htm
桐庐百江百文制笔厂,http:////www.11467.com/hangzhou/co/284077.htm
桐庐县分水镇熺贝制笔厂,http:////www.11467.com/hangzhou/co/284727.htm
桐庐县分水镇新盛制笔厂,http:////www.11467.com/hangzhou/co/284780.htm
桐庐县分水镇曾氏制笔厂,http:////www.11467.com/hangzhou/co/284612.htm
桐庐山海文具有限公司,http:////www.11467.com/hangzhou/co/283689.htm
桐庐文浩制笔厂,http:////www.11467.com/hangzhou/co/86556.htm
桐庐贝特尔制笔厂,http:////www.11467.com/hangzhou/co/282414.htm
桐庐富杰文具厂,http:////www.11467.com/hangzhou/co/369550.htm
桐庐海丰笔业有限公司,http:////www.11467.com/hangzhou/co/282935.htm
桐庐华健制笔厂,http:////www.11467.com/hangzhou/co/87917.htm
桐庐东旭文具有限公司,http:////www.11467.com/hangzhou/co/284411.htm
桐庐华纳制笔厂,http:////www.11467.com/hangzhou/co/284701.htm
桐庐宏亿文具有限公司,http:////www.11467.com/hangzhou/co/361930.htm
桐庐分水柏明制笔厂,http:////www.11467.com/hangzhou/co/86431.htm
桐庐晨航制笔厂,http:////www.11467.com/hangzhou/co/369546.htm
余小峰 (个体经营),http:////www.11467.com/hangzhou/co/284454.htm
桐庐县分水镇新青年制笔厂,http:////www.11467.com/hangzhou/co/282418.htm
桐庐县儒桥卫忠塑料厂,http:////www.11467.com/hangzhou/co/369542.htm
桐庐县分水镇亿乐制笔厂,http:////www.11467.com/hangzhou/co/284769.htm
桐庐县分水江理制笔厂,http:////www.11467.com/hangzhou/co/284743.htm
桐庐县分水卫忠塑料厂,http:////www.11467.com/hangzhou/co/284730.htm
桐庐县分水镇金耀制笔厂,http:////www.11467.com/hangzhou/co/284728.htm
远成(个体经营),http:////www.11467.com/hangzhou/co/282682.htm
月宏制笔厂,http:////www.11467.com/hangzhou/co/284409.htm
桐庐县联华制笔有限公司,http:////www.11467.com/hangzhou/co/86467.htm
鑫鑫笔杆厂,http:////www.11467.com/hangzhou/co/282514.htm
阳阳制笔厂,http:////www.11467.com/hangzhou/co/284188.htm
幸运实业有限公司,http:////www.11467.com/hangzhou/co/282771.htm
熠发文具有限公司,http:////www.11467.com/hangzhou/co/284335.htm
珀莎女装有限公司,http:////www.11467.com/hangzhou/co/282821.htm
一啸制笔厂,http:////www.11467.com/hangzhou/co/284363.htm
浙江杭州华军印刷厂,http:////www.11467.com/hangzhou/co/284204.htm
杭州市豪源文具有限公司,http:////www.11467.com/hangzhou/co/372992.htm
上海已己笔业有限公司（三部）,http:////www.11467.com/hangzhou/co/284365.htm
红渝服务有限公司,http:////www.11467.com/hangzhou/co/284055.htm
上海已己笔业销售部,http:////www.11467.com/hangzhou/co/284349.htm
杭州青青笔业,http:////www.11467.com/hangzhou/co/283004.htm
浙江天天制笔厂,http:////www.11467.com/hangzhou/co/371280.htm
浙江桐庐文艳笔业有限公司,http:////www.11467.com/hangzhou/co/369551.htm
浙江创元文具制造有限公司外贸业务部,http:////www.11467.com/hangzhou/co/282660.htm
杭州市江干区水元素饮水机经营部,http:////www.11467.com/hangzhou/co/284757.htm
桐庐众汇文具有限公司,http:////www.11467.com/hangzhou/co/86591.htm
桐庐县分水镇聿军制笔厂,http:////www.11467.com/hangzhou/co/284776.htm
陕西省汉中市南江制笔厂,http:////www.11467.com/hanzhong/co/22643.htm
安徽雷奥化工科技有限公司,http:////www.11467.com/hefei/co/132838.htm
安徽巾帼文体用品有限公司,http:////www.11467.com/hefei/co/97226.htm
合肥奥博实业有限公司,http:////www.11467.com/hefei/co/97224.htm
合肥优邦商贸有限公司,http:////www.11467.com/hefei/co/97137.htm
合肥市神笔一号文具厂,http:////www.11467.com/hefei/co/132422.htm
钱程似锦贸易公司,http:////www.11467.com/hefei/co/97079.htm
中德通宝(北京)国际电子科技有限公司,http:////www.11467.com/heihe/co/19720.htm
河北省衡水荣和文具制造有限公司,http:////www.11467.com/hengshui/co/23787.htm
金笔腕表销售修配商行,http:////www.11467.com/hengshui/co/23839.htm
张丽然（个体经营）,http:////www.11467.com/hengshui/co/23832.htm
飞跃文具有限公司,http:////www.11467.com/heyuan/co/14395.htm
益民文体发展有限公司,http:////www.11467.com/heze/co/21619.htm
成武县金猫铅笔有限公司,http:////www.11467.com/heze/co/21636.htm
菏泽市牡丹区英才铅笔厂,http:////www.11467.com/heze/co/21629.htm
楚州区淮城镇雨彤工艺品厂,http:////www.11467.com/huaian/co/51665.htm
天龙特种印刷机械厂,http:////www.11467.com/huangshi/co/19577.htm
碁泰电子有有限公司,http:////www.11467.com/huizhou/co/76818.htm
惠州市澳新文具用品批发商行,http:////www.11467.com/huizhou/co/76812.htm
惠州市东方神笔文具有限公司,http:////www.11467.com/huizhou/co/76912.htm
惠州市东方神笔有限公司,http:////www.11467.com/huizhou/co/97348.htm
惠州市中远环保铅笔厂,http:////www.11467.com/huizhou/co/77087.htm
惠州市惠城区鸿飞文具加工部,http:////www.11467.com/huizhou/co/76758.htm
京惠文体用品有限公司,http:////www.11467.com/huizhou/co/76884.htm
姚源（个体经营）,http:////www.11467.com/hulunbeier/co/17502.htm
呼伦贝尔市三吉笔业有限公司,http:////www.11467.com/hulunbeier/co/18475.htm
呼伦贝尔市海拉尔区三吉笔业有限责任公司,http:////www.11467.com/hulunbeier/co/17498.htm
湖州市善琏星火笔厂,http:////www.11467.com/huzhou/co/67066.htm
湖州市南浔善琏如曦笔庄,http:////www.11467.com/huzhou/co/2464.htm
德清新市华新源笔芯厂,http:////www.11467.com/huzhou/co/66851.htm
德清县明翔文具用品厂,http:////www.11467.com/huzhou/co/32427.htm
德清寰宇笔业有限公司,http:////www.11467.com/huzhou/co/32959.htm
双莲湖笔厂,http:////www.11467.com/huzhou/co/52694.htm
德清县世强制笔厂,http:////www.11467.com/huzhou/co/66849.htm
浙江省湖州市善琏弘一笔艺坊,http:////www.11467.com/huzhou/co/52699.htm
湖州南浔善琏华艺文具用品厂,http:////www.11467.com/huzhou/co/52652.htm
宁波市北仑诚宏文体用品制造有限公司,http:////www.11467.com/ningbo/co/127180.htm
宁波鄞州林春车辆配件厂,http:////www.11467.com/ningbo/co/128099.htm
宁波金峰贸易公司,http:////www.11467.com/ningbo/co/128848.htm
慈溪市氏茂制笔厂,http:////www.11467.com/ningbo/co/128913.htm
宁波华星笔业有限公司,http:////www.11467.com/ningbo/co/128063.htm
慈溪市观海卫陈红塑料制品厂,http:////www.11467.com/ningbo/co/127339.htm
慈溪市观海卫七牛制笔厂,http:////www.11467.com/ningbo/co/192560.htm
宁波高新区入木三分文化用品有限公司,http:////www.11467.com/ningbo/co/128909.htm
宁波凯杰贸易有限公司,http:////www.11467.com/ningbo/co/127281.htm
慈溪市掌起镇金磊制笔厂,http:////www.11467.com/ningbo/co/196532.htm
宁波汇博文具有限公司,http:////www.11467.com/ningbo/co/128644.htm
兆瑞文具有限公司,http:////www.11467.com/ningbo/co/128908.htm
慈溪市荣华笔业有限公司外贸部,http:////www.11467.com/ningbo/co/127631.htm
宁波经济技术开发区登峰文教用品有限公司 销售部,http:////www.11467.com/ningbo/co/128789.htm
宁波鹏发文具日用品制造有限公司,http:////www.11467.com/ningbo/co/81902.htm
慈溪市瑞美塑料制品厂,http:////www.11467.com/ningbo/co/127179.htm
慈溪市观海卫镇明群塑料五金厂（销售部),http:////www.11467.com/ningbo/co/127997.htm
余姚市君君制笔厂业务部,http:////www.11467.com/ningbo/co/127817.htm
宁波景裕文具有限公司,http:////www.11467.com/ningbo/co/7570.htm
宁波经济技术开发区鑫兴文具制造有限公司,http:////www.11467.com/ningbo/co/53195.htm
宁波腾云文具有限公司,http:////www.11467.com/ningbo/co/127899.htm
余姚市临山镇新新塑料五金厂,http:////www.11467.com/ningbo/co/199189.htm
宁波兴利国际贸易公司,http:////www.11467.com/ningbo/co/128344.htm
中国成路集团有限公司,http:////www.11467.com/ningbo/co/128271.htm
进贤县豪迈文化用品厂,http:////www.11467.com/ningbo/co/127611.htm
宁波凡沃贸易有限公司外贸部,http:////www.11467.com/ningbo/co/127429.htm
裕文文具厂,http:////www.11467.com/ningbo/co/128814.htm
余姚市力德制笔厂,http:////www.11467.com/ningbo/co/127837.htm
宁海县俊凯文教用品厂,http:////www.11467.com/ningbo/co/128866.htm
宁波市北仑区大碶启新文具制造厂,http:////www.11467.com/ningbo/co/128146.htm
宁波利丰文具制造有限公司,http:////www.11467.com/ningbo/co/193554.htm
宁波华坤机械有限公司,http:////www.11467.com/ningbo/co/127901.htm
宁波江北荣耀制笔厂（业务部）,http:////www.11467.com/ningbo/co/128834.htm
宁波赛成国际贸易公司,http:////www.11467.com/ningbo/co/127263.htm
宁波元兴文具有限公司(业务部),http:////www.11467.com/ningbo/co/127894.htm
如一实业有限公司,http:////www.11467.com/ningbo/co/128308.htm
宁波入木三分文化用品有限公司,http:////www.11467.com/ningbo/co/128110.htm
温州文达文具有限公司,http:////www.11467.com/ningbo/co/127874.htm
宁波松立文具礼品制造有限公司,http:////www.11467.com/ningbo/co/128367.htm
宁波江北新型文具日用品厂,http:////www.11467.com/ningbo/co/128326.htm
宁波可心贸易有限公司,http:////www.11467.com/ningbo/co/128441.htm
奇欧企业集团香港有限公司宁波办事处,http:////www.11467.com/ningbo/co/128833.htm
宁波余姚市亿利达文体用品有限公司销售部,http:////www.11467.com/ningbo/co/127898.htm
宁波市旭杰笔业有限公司,http:////www.11467.com/ningbo/co/48877.htm
奇欧企业集团香港有限公司,http:////www.11467.com/ningbo/co/76837.htm
余姚市泗门镇环城制笔厂,http:////www.11467.com/ningbo/co/127247.htm
宁波市思高文具有限公司,http:////www.11467.com/ningbo/co/128888.htm
宁波立丰文体公司,http:////www.11467.com/ningbo/co/128846.htm
启明文具公司,http:////www.11467.com/ningbo/co/128502.htm
宁波甬松文具制造有限公司,http:////www.11467.com/ningbo/co/128002.htm
宁波成路公司,http:////www.11467.com/ningbo/co/128408.htm
宁波海曙贸城文具商行,http:////www.11467.com/ningbo/co/1770.htm
宁波市鄞州横街国光制笔厂,http:////www.11467.com/ningbo/co/128918.htm
宁波立天文具礼品有限公司,http:////www.11467.com/ningbo/co/128661.htm
慈溪市掌起镇乐天制笔厂,http:////www.11467.com/ningbo/co/23037.htm
宁波鸭鸭文具礼品有限公司,http:////www.11467.com/ningbo/co/127387.htm
宁波怡康工贸有限公司,http:////www.11467.com/ningbo/co/128158.htm
宁波文魁控股集团有限公司,http:////www.11467.com/ningbo/co/127563.htm
宁波天佑办公用品有限公司,http:////www.11467.com/ningbo/co/128653.htm
宁波银源文具有限公司,http:////www.11467.com/ningbo/co/128645.htm
浙江宁波大华制笔有限公司,http:////www.11467.com/ningbo/co/128149.htm
余姚贝蒂电器有限公司,http:////www.11467.com/ningbo/co/194378.htm
宁波亮亮制笔厂,http:////www.11467.com/ningbo/co/128587.htm
宁波市鄞州鄞江欣艺文化用品厂,http:////www.11467.com/ningbo/co/127353.htm
余姚之江外贸有限公司（采购部）,http:////www.11467.com/ningbo/co/128823.htm
赞臣制笔厂,http:////www.11467.com/ningbo/co/127960.htm
浙江博宇文教用品有限公司,http:////www.11467.com/ningbo/co/127306.htm
浙江余姚市佳怡制笔五金厂,http:////www.11467.com/ningbo/co/195648.htm
余姚制笔零件厂,http:////www.11467.com/ningbo/co/192559.htm
宁波市镇海区久久文化用品有限公司,http:////www.11467.com/ningbo/co/128684.htm
余姚市泗门镇君君制笔厂,http:////www.11467.com/ningbo/co/128865.htm
至诚文具制品厂,http:////www.11467.com/ningbo/co/128750.htm
宁波市元正制笔设备有限公司,http:////www.11467.com/ningbo/co/128701.htm
宁波优胜制笔有限公司,http:////www.11467.com/ningbo/co/128831.htm
浙江余姚市临山镇雅博制笔厂,http:////www.11467.com/ningbo/co/195647.htm
宁波文都制笔有限公司,http:////www.11467.com/ningbo/co/128892.htm
宁波市北仑区小港硕杰塑料制品厂,http:////www.11467.com/ningbo/co/27302.htm
宁波市北仑勇锋模具塑料厂,http:////www.11467.com/ningbo/co/128763.htm
宁波市朝阳文具厂,http:////www.11467.com/ningbo/co/128719.htm
宁波市北仑雁雁文具有限公司,http:////www.11467.com/ningbo/co/128340.htm
双联国际贸易有限公司,http:////www.11467.com/ningbo/co/127327.htm
书福贸易有限公司,http:////www.11467.com/ningbo/co/128657.htm
桐庐莱雅文教用品有限公司（商务部）,http:////www.11467.com/ningbo/co/128476.htm
慈溪市掌起日发制笔厂,http:////www.11467.com/ningbo/co/128855.htm
桐庐好乐笔业有限公司,http:////www.11467.com/ningbo/co/127369.htm
圣索普文具礼品制造(宁波)有限公司,http:////www.11467.com/ningbo/co/127419.htm
宁波市江东赛瑞工贸有限公司,http:////www.11467.com/ningbo/co/195073.htm
慈溪市以琳文具有限责任公司,http:////www.11467.com/ningbo/co/195645.htm
宁波市江东沃特文具制造厂,http:////www.11467.com/ningbo/co/128894.htm
宁波立天国际文具礼品有限公司,http:////www.11467.com/ningbo/co/127932.htm
宁波新成功贸易有限公司,http:////www.11467.com/ningbo/co/127820.htm
宁波文魁集团,http:////www.11467.com/ningbo/co/128129.htm
余姚市黄家埠镇明诚塑料文具厂销售部,http:////www.11467.com/ningbo/co/127396.htm
余姚市哥德曼制笔厂,http:////www.11467.com/ningbo/co/193553.htm
余姚市黄家埠镇烁煌文具厂,http:////www.11467.com/ningbo/co/192561.htm
宁波市鄞州洞桥贵发金属制笔厂,http:////www.11467.com/ningbo/co/127568.htm
宁波开利然文化用品有限公司,http:////www.11467.com/ningbo/co/195072.htm
文豪笔业（原余姚亿利达）有限公司,http:////www.11467.com/ningbo/co/127963.htm
宁波信亿文具用品有限公司,http:////www.11467.com/ningbo/co/127409.htm
嵊州市绿成文具有限公司,http:////www.11467.com/ningbo/co/128870.htm
深圳锦业博实业有限公司,http:////www.11467.com/shenzhen/co/770811.htm
深圳金富笔业,http:////www.11467.com/shenzhen/co/648750.htm
深圳金富制品厂,http:////www.11467.com/shenzhen/co/648751.htm
深圳广博笔业有限公司,http:////www.11467.com/shenzhen/co/644620.htm
深圳冠华纸业有限公司,http:////www.11467.com/shenzhen/co/775567.htm
鲁光电子科技有限公司激光笔事业部,http:////www.11467.com/shenzhen/co/650234.htm
深圳市宝安区沙井亿华笔电子科技有限公司(销售部门）,http:////www.11467.com/shenzhen/co/643760.htm
深圳包旺刷品制造有限公司,http:////www.11467.com/shenzhen/co/643298.htm
深圳朋乐伟业商贸有限公司,http:////www.11467.com/shenzhen/co/647354.htm
欧特伟（个体经营）,http:////www.11467.com/shenzhen/co/643672.htm
鹏兴达电子有限公司,http:////www.11467.com/shenzhen/co/650492.htm
深圳力博贸易有限公司,http:////www.11467.com/shenzhen/co/770808.htm
深圳市大惠丰科技有限公司,http:////www.11467.com/shenzhen/co/225161.htm
深圳浩伟安防公司,http:////www.11467.com/shenzhen/co/644814.htm
深圳浩浦盛文具有限公司,http:////www.11467.com/shenzhen/co/648686.htm
深圳嘉欣文具有限公司,http:////www.11467.com/shenzhen/co/59485.htm
深圳华兴制笔厂业务部,http:////www.11467.com/shenzhen/co/651582.htm
深圳市丰鼎笔业有限公司,http:////www.11467.com/shenzhen/co/775587.htm
深圳市宝泰昌实业有限公司,http:////www.11467.com/shenzhen/co/646475.htm
深圳市贝克笔业有限公司,http:////www.11467.com/shenzhen/co/177313.htm
深圳市彩乐实业有限公司业务部,http:////www.11467.com/shenzhen/co/643319.htm
深圳昌隆文具商行,http:////www.11467.com/shenzhen/co/644358.htm
深圳市福田区景之都文具店,http:////www.11467.com/shenzhen/co/648787.htm
深圳市宝安区龙华益鸿文具制品厂业务部,http:////www.11467.com/shenzhen/co/649190.htm
深圳市笔克文具礼品有限公司,http:////www.11467.com/shenzhen/co/224977.htm
深圳乐亿佳文具有限公司,http:////www.11467.com/shenzhen/co/648821.htm
深圳乐达环球有限公司,http:////www.11467.com/shenzhen/co/644148.htm
深圳宝盛(刘氏)工艺礼品厂,http:////www.11467.com/shenzhen/co/792131.htm
深圳市华贸文教礼品厂,http:////www.11467.com/shenzhen/co/642761.htm
深圳市宝安区沙井宏发文具礼品厂,http:////www.11467.com/shenzhen/co/224287.htm
深圳市诚信文具有限公司,http:////www.11467.com/shenzhen/co/651714.htm
深圳皇统文具礼品有限公司,http:////www.11467.com/shenzhen/co/647652.htm
深圳市宏翔电路有限公司,http:////www.11467.com/shenzhen/co/644509.htm
深圳皇统文具（礼品）公司,http:////www.11467.com/shenzhen/co/644187.htm
深圳煌上煌专业制笔厂,http:////www.11467.com/shenzhen/co/645250.htm
深圳市方大文具礼品有限公司业务部,http:////www.11467.com/shenzhen/co/646252.htm
深圳市方大文具礼品有限公司外贸部,http:////www.11467.com/shenzhen/co/642943.htm
深圳市福田区兴业文具行,http:////www.11467.com/shenzhen/co/650913.htm
深圳市惠诚笔业制造厂,http:////www.11467.com/shenzhen/co/648929.htm
深圳市八方源礼品有限公司,http:////www.11467.com/shenzhen/co/224251.htm
深圳市百年笔业有限公司,http:////www.11467.com/shenzhen/co/642686.htm
深圳市哈特文具有限公司,http:////www.11467.com/shenzhen/co/651733.htm
深圳市海升创科技有限公司,http:////www.11467.com/shenzhen/co/761023.htm
深圳市锦达包装盒制品厂,http:////www.11467.com/shenzhen/co/650598.htm
深圳市华兴达文具有限公司,http:////www.11467.com/shenzhen/co/803923.htm
深圳市龙岗区钲达文体用品商行,http:////www.11467.com/shenzhen/co/646278.htm
深圳市凯虹宇文具有限公司-外贸部,http:////www.11467.com/shenzhen/co/651594.htm
深圳市南丰文具有限公司,http:////www.11467.com/shenzhen/co/647529.htm
深圳市金雅西部市场金盛文具行,http:////www.11467.com/shenzhen/co/651496.htm
深圳市福田区大时代广告礼品经销部,http:////www.11467.com/shenzhen/co/586570.htm
深圳市旗牌文具有限公司,http:////www.11467.com/shenzhen/co/651641.htm
深圳市美思嘉文具有限公司,http:////www.11467.com/shenzhen/co/265122.htm
深圳凯虹宇文具有限公司,http:////www.11467.com/shenzhen/co/648791.htm
深圳凯虹宇文具有限公司-销售部,http:////www.11467.com/shenzhen/co/651055.htm
深圳市尚源工艺礼品有限公司,http:////www.11467.com/shenzhen/co/265116.htm
深圳市施德楼,http:////www.11467.com/shenzhen/co/647986.htm
深圳市狮王文具有限公司,http:////www.11467.com/shenzhen/co/646697.htm
深圳市安丽制笔厂,http:////www.11467.com/shenzhen/co/643445.htm
深圳市岂章文具有限公司,http:////www.11467.com/shenzhen/co/648946.htm
深圳市天鑫礼品有限公司,http:////www.11467.com/shenzhen/co/224620.htm
深圳市沁园春工艺礼品有限公司(市场部),http:////www.11467.com/shenzhen/co/642608.htm
深圳市明润文具经营有限公司,http:////www.11467.com/shenzhen/co/649881.htm
深圳市文仪行百货有限公司采购部,http:////www.11467.com/shenzhen/co/648048.htm
深圳市三菱文具有限公司,http:////www.11467.com/shenzhen/co/644554.htm
深圳市文魁文具礼品商行,http:////www.11467.com/shenzhen/co/612243.htm
深圳市神童环保科技有限公司,http:////www.11467.com/shenzhen/co/783361.htm
深圳市罗湖区百合隆文具市场新星礼品笔行,http:////www.11467.com/shenzhen/co/651769.htm
深圳市华顺（制笔）科技有限公司,http:////www.11467.com/shenzhen/co/645180.htm
深圳市乐亿佳笔业有限公司,http:////www.11467.com/shenzhen/co/646159.htm
深圳市鑫鹤实业有限公司,http:////www.11467.com/shenzhen/co/648181.htm
深圳市南宏文具礼品有限公司,http:////www.11467.com/shenzhen/co/649288.htm
深圳市鑫誉源文具厂,http:////www.11467.com/shenzhen/co/650376.htm
深圳市兴业办公文具用品有限公司,http:////www.11467.com/shenzhen/co/646061.htm
深圳市欧易商贸有限公司(业务部）,http:////www.11467.com/shenzhen/co/647073.htm
深圳市日润实业发展有限公司,http:////www.11467.com/shenzhen/co/644094.htm
深圳市文雄文具礼品有限公司,http:////www.11467.com/shenzhen/co/150722.htm
深圳市文诚文具用品商行,http:////www.11467.com/shenzhen/co/651064.htm
深圳市真龙笔业礼品有限公司销售部,http:////www.11467.com/shenzhen/co/651215.htm
深圳市鑫誉源文具礼品有限公司,http:////www.11467.com/shenzhen/co/650374.htm
深圳市永怡佳礼品开发有限公司,http:////www.11467.com/shenzhen/co/225160.htm
深圳市泳贤科技有限公司,http:////www.11467.com/shenzhen/co/651712.htm
深圳拓普光电科技有限公司,http:////www.11467.com/shenzhen/co/224968.htm
深圳市至臻制笔厂,http:////www.11467.com/shenzhen/co/646109.htm
深圳市龙岗区坪山精成模具维修店,http:////www.11467.com/shenzhen/co/648825.htm
深圳致德信文化用品有限公司,http:////www.11467.com/shenzhen/co/645312.htm
深圳市一品礼品公司,http:////www.11467.com/shenzhen/co/646949.htm
深圳鑫誉源礼品公司业务部,http:////www.11467.com/shenzhen/co/650377.htm
深圳卓越文具有限公司,http:////www.11467.com/shenzhen/co/647826.htm
胜亿文具（深圳）有限公司(个体经营）,http:////www.11467.com/shenzhen/co/648169.htm
文发文具电子礼品厂业务部,http:////www.11467.com/shenzhen/co/649865.htm
深圳宇峰文具有限公司,http:////www.11467.com/shenzhen/co/648285.htm
深圳市思而创科技有限公司-市场部,http:////www.11467.com/shenzhen/co/648908.htm
添艺皮革制品有限公司,http:////www.11467.com/shenzhen/co/765523.htm
桐庐聚丰笔业有限公司深圳办事处,http:////www.11467.com/shenzhen/co/644686.htm
威海黎博复合材料有限公司（深圳营销部）,http:////www.11467.com/shenzhen/co/648922.htm
深圳市深尼斯文具文具公司,http:////www.11467.com/shenzhen/co/648168.htm
颖佳文具（深圳）有限公司,http:////www.11467.com/shenzhen/co/647357.htm
银星文具礼品贸易公司,http:////www.11467.com/shenzhen/co/645726.htm
深圳市罗湖区全能文具有限公司,http:////www.11467.com/shenzhen/co/792132.htm
深圳市新雷国贸有限公司,http:////www.11467.com/shenzhen/co/647519.htm
深圳市新佳源笔业有限公司,http:////www.11467.com/shenzhen/co/647164.htm
郑鑫标(个体经营),http:////www.11467.com/shenzhen/co/642721.htm
深圳市东粤笔业有限公司,http:////www.11467.com/shenzhen/co/763324.htm
怡鋒文具禮品廠,http:////www.11467.com/shenzhen/co/644290.htm
深圳市益佳文具有限公司,http:////www.11467.com/shenzhen/co/643513.htm
深圳我要礼品有限公司,http:////www.11467.com/shenzhen/co/646402.htm
深圳市真龙笔业礼品有限公司,http:////www.11467.com/shenzhen/co/651214.htm
深圳真芯文化商务有限公司,http:////www.11467.com/shenzhen/co/645791.htm
新力文具礼品有限公司,http:////www.11467.com/shenzhen/co/644569.htm
深圳硕颖有限公司一分厂,http:////www.11467.com/shenzhen/co/648059.htm
深圳市爱刻美笔业,http:////www.11467.com/shenzhen/co/648663.htm
深圳市爱刻美笔业有限公司市场部,http:////www.11467.com/shenzhen/co/642777.htm
武汉必成文化用品商行,http:////www.11467.com/shenzhen/co/649112.htm
添艺皮革制品厂,http:////www.11467.com/shenzhen/co/649544.htm
旺得福礼品有限公司,http:////www.11467.com/shenzhen/co/649646.htm
深圳市爱丽金实业发展有限公司,http:////www.11467.com/shenzhen/co/644130.htm
河北石家庄友谊粉笔厂,http:////www.11467.com/shijiazhuang/co/138633.htm
北京郎子文化有限公司,http:////www.11467.com/shijiazhuang/co/97590.htm
河北学养贸易有限公司 采购部,http:////www.11467.com/shijiazhuang/co/97050.htm
韩寒个体经营,http:////www.11467.com/shijiazhuang/co/97010.htm
玛购网络科技公司,http:////www.11467.com/shijiazhuang/co/97103.htm
河北金圣文具制造有限公司,http:////www.11467.com/shijiazhuang/co/97123.htm
尚艺美术制作与销售公司,http:////www.11467.com/shijiazhuang/co/97457.htm
石家庄市卡伊琳文具厂,http:////www.11467.com/shijiazhuang/co/140302.htm
宿迁兄弟环保铅笔厂,http:////www.11467.com/suqian/co/12437.htm
典诚办公用品有限公司,http:////www.11467.com/suzhou/co/314943.htm
方波（个体工商户）,http:////www.11467.com/suzhou/co/255183.htm
苏诚百货公司,http:////www.11467.com/suzhou/co/314944.htm
龙和文具苏州有限公司,http:////www.11467.com/suzhou/co/255008.htm
嵘拓电子商务有限公司,http:////www.11467.com/suzhou/co/255677.htm
苏州工业园区东方文仪贸易有限公司,http:////www.11467.com/suzhou/co/316164.htm
苏州安邦办公用品有限公司,http:////www.11467.com/suzhou/co/255013.htm
苏州君威笔业有限公司,http:////www.11467.com/suzhou/co/255343.htm
苏州典诚办公用品有限公司销售二部,http:////www.11467.com/suzhou/co/255028.htm
苏州典诚办公有限公司,http:////www.11467.com/suzhou/co/255017.htm
苏州齐心文化用品有限公司,http:////www.11467.com/suzhou/co/255681.htm
苏州旗点办公用品有限公司,http:////www.11467.com/suzhou/co/255453.htm
苏州市沧浪校办公司,http:////www.11467.com/suzhou/co/255460.htm
苏州比其利商贸有限公司,http:////www.11467.com/suzhou/co/293221.htm
日本Artline雅丽笔系列大陆办事处,http:////www.11467.com/suzhou/co/255023.htm
苏州吴大文具有限公司,http:////www.11467.com/suzhou/co/254974.htm
苏州金百合电子科技有限公司,http:////www.11467.com/suzhou/co/255317.htm
苏州福诺克斯商贸有限公司,http:////www.11467.com/suzhou/co/255110.htm
苏州市华中文具有限公司,http:////www.11467.com/suzhou/co/34809.htm
泰安市泰山区誉华制笔厂,http:////www.11467.com/taian/co/38937.htm
太原凯通商贸有限公司,http:////www.11467.com/taiyuan/co/125118.htm
山西省鸿祥制笔厂,http:////www.11467.com/taiyuan/co/101358.htm
山西省太原市文天制笔厂,http:////www.11467.com/taiyuan/co/101383.htm
台州鞋用材料制造有限公司,http:////www.11467.com/taizhou/co/99764.htm
台州弘佳制笔有限公司,http:////www.11467.com/taizhou/co/138112.htm
温州市龙湾蒲州大可文具用品厂,http:////www.11467.com/wenzhou/co/162916.htm
温州市龙湾蒲州索亚文具用品厂,http:////www.11467.com/wenzhou/co/161282.htm
温州市龙湾蒲州鼎汇制笔厂,http:////www.11467.com/wenzhou/co/75332.htm
温州市龙湾蒲州新大创文具加工厂,http:////www.11467.com/wenzhou/co/75336.htm
温州市龙湾蒲州文好制笔厂,http:////www.11467.com/wenzhou/co/162986.htm
温州国华笔业有限公司业务2部,http:////www.11467.com/wenzhou/co/162256.htm
温州国华笔业有限公司业务部,http:////www.11467.com/wenzhou/co/162824.htm
温州国泰文体用品厂,http:////www.11467.com/wenzhou/co/161982.htm
温州市瓯海三垟同龄人文具制品厂,http:////www.11467.com/wenzhou/co/162959.htm
温州市信合文具贸易有限公司,http:////www.11467.com/wenzhou/co/162903.htm
温州市云欣文化用品有限公司,http:////www.11467.com/wenzhou/co/162747.htm
温州市智迪笔业有限公司,http:////www.11467.com/wenzhou/co/162915.htm
温州市展宏文具用品有限公司,http:////www.11467.com/wenzhou/co/93346.htm
温州市源利制笔厂,http:////www.11467.com/wenzhou/co/162593.htm
温州市展鹏文具有限公司,http:////www.11467.com/wenzhou/co/162586.htm
温州文绅文具有限公司,http:////www.11467.com/wenzhou/co/162571.htm
温州新时代文具有限公司外贸部,http:////www.11467.com/wenzhou/co/162360.htm
温州牵成电子有限公司,http:////www.11467.com/wenzhou/co/225401.htm
温州锐德笔业有限公司-外贸部,http:////www.11467.com/wenzhou/co/162193.htm
温州昌诚文化用品有限公司,http:////www.11467.com/wenzhou/co/161399.htm
温州爱呗文化用品有限公司,http:////www.11467.com/wenzhou/co/161333.htm
温州市新时代文具有限公司,http:////www.11467.com/wenzhou/co/162637.htm
温州市龙湾隆华文具有限公司,http:////www.11467.com/wenzhou/co/25175.htm
湖北省应城市刘垸文华粉笔有限公司(生产厂家）,http:////www.11467.com/wuhan/co/97157.htm
湖北省应城市刘垸文华粉笔有限公司(生产型厂家）,http:////www.11467.com/wuhan/co/96522.htm
湖北省应城市刘垸文华粉笔有限公司（生产企业厂家销售部）,http:////www.11467.com/wuhan/co/97171.htm
湖北省应城市黄滩镇粉笔厂（船舶粉笔国内）,http:////www.11467.com/wuhan/co/96561.htm
湖北省应城市刘垸文华粉笔有限责任公司（生产厂家）,http:////www.11467.com/wuhan/co/97685.htm
佳信连锁超市实业有限公司,http:////www.11467.com/wuhan/co/96897.htm
湖北省应城市刘垸文华粉笔有限公司(生产型全国直销厂家）,http:////www.11467.com/wuhan/co/98102.htm
湖北省应城市刘垸文华粉笔有限公司(全国生产厂家直销部）,http:////www.11467.com/wuhan/co/97185.htm
湖北省应城市黄滩粉笔有限责任公司,http:////www.11467.com/wuhan/co/96554.htm
湖北省应城市刘垸文华粉笔有限公司(生产型全国厂家直销）,http:////www.11467.com/wuhan/co/97583.htm
湖北省应城市刘垸文华粉笔有限公司(生产厂家直销）,http:////www.11467.com/wuhan/co/96899.htm
湖北省应城市刘垸文华粉笔有限公司(生产厂家直销部）,http:////www.11467.com/wuhan/co/97042.htm
湖北省应城市刘垸文华粉笔有限公司（生产型厂家直销）,http:////www.11467.com/wuhan/co/96903.htm
湖北省应城市刘垸文华粉笔有限公司（市场部）,http:////www.11467.com/wuhan/co/96535.htm
湖北省应城市刘垸文华粉笔有限公司（网络服务）,http:////www.11467.com/wuhan/co/96835.htm
湖北应城市刘垸文华粉笔有限公司（生产型企业）,http:////www.11467.com/wuhan/co/96553.htm
湖北省应城市刘垸文华粉笔有限公司（国际拓展销售部）,http:////www.11467.com/wuhan/co/97534.htm
湖北省应城市刘垸文华粉笔有限公司（厂家服务直销部）,http:////www.11467.com/wuhan/co/97653.htm
湖北省应城市黄滩粉笔有限责任公司（海外拓展部）,http:////www.11467.com/wuhan/co/97692.htm
德信文具商行,http:////www.11467.com/wuhan/co/96585.htm
湖北省应城市刘垸文华粉笔有限公司（生产厂家服务直销）,http:////www.11467.com/wuhan/co/96829.htm
湖北省应城市刘垸文华粉笔有限公司（生产型企业商务部）,http:////www.11467.com/wuhan/co/97493.htm
湖北省应城市刘垸文华粉笔有限公司（国际拓展海外部）,http:////www.11467.com/wuhan/co/97691.htm
湖北省应城市刘垸文华粉笔有限公司（中国教育物资指定采购生产商,http:////www.11467.com/wuhan/co/97423.htm
湖北省应城市刘垸文华粉笔有限公司(全国生产直销售部）,http:////www.11467.com/wuhan/co/97614.htm
湖北省应城市刘垸文华粉笔有限责任公司（客户服务部）,http:////www.11467.com/wuhan/co/96563.htm
杭州联傲文具饰品有限公司武汉办事处,http:////www.11467.com/wuhan/co/97759.htm
湖北省应城市黄滩粉笔有限责任公司,http:////www.11467.com/xiaogan/co/20334.htm
湖北省应城市刘垸粉笔有限责任公司（船舶粉笔出口部）,http:////www.11467.com/xiaogan/co/20332.htm
湖北省应城市刘垸粉笔有限责任公司（船舶粉笔企业）,http:////www.11467.com/xiaogan/co/20325.htm
湖北省应城市刘垸文华粉笔有限公司限公司,http:////www.11467.com/xiaogan/co/20394.htm
湖北省应城市刘垸文华粉笔有限公司（船舶粉笔环保部）,http:////www.11467.com/xiaogan/co/20320.htm
湖北省应城市刘垸文华粉笔有限公司（船舶粉笔企业部）,http:////www.11467.com/xiaogan/co/20337.htm
湖北省应城市刘垸文华粉笔厂(船舶粉笔部）,http:////www.11467.com/xiaogan/co/20338.htm
湖北省应城市刘垸文华粉笔有限公司（海外船舶粉笔部）,http:////www.11467.com/xiaogan/co/20331.htm
湖北省应城市刘垸文华粉笔有限责任公司（市场销售部）,http:////www.11467.com/xiaogan/co/20349.htm
应城市刘垸文华粉笔有限公司（生产型企业厂家直销）,http:////www.11467.com/xiaogan/co/20402.htm
湖北省应城市刘垸粉笔有限责任公司（船舶粉笔生产型）,http:////www.11467.com/xiaogan/co/20322.htm
湖北省应城市刘垸粉笔有限责任公司（生产船舶粉笔）,http:////www.11467.com/xiaogan/co/20339.htm
湖北省应城市刘垸粉笔有限责任公司,http:////www.11467.com/xiaogan/co/20318.htm
湖北省应城市黄滩刘垸粉笔厂,http:////www.11467.com/xiaogan/co/20342.htm
湖北省应城市刘垸文华粉笔厂（船舶粉笔国际）,http:////www.11467.com/xiaogan/co/20330.htm
湖北省应城市刘垸文锋粉笔厂,http:////www.11467.com/xiaogan/co/20327.htm
湖北省应城市刘垸文华粉笔有限公司（船舶粉笔生产企业）,http:////www.11467.com/xiaogan/co/20340.htm
湖北省应城市刘垸文华粉笔有限公司（生产企业厂家直销）,http:////www.11467.com/xiaogan/co/20404.htm
湖北省应城市黄滩刘垸文华粉笔厂,http:////www.11467.com/xiaogan/co/20324.htm
湖北省应城市刘垸文华粉笔有限公司（经营部）,http:////www.11467.com/xiaogan/co/20326.htm
湖北省应城市黄滩镇刘垸粉笔厂,http:////www.11467.com/xiaogan/co/20329.htm
湖北省应城市黄滩镇刘垸粉笔有限公司,http:////www.11467.com/xiaogan/co/20333.htm
湖北省应城市黄滩镇粉笔有限责任公司（生产型企业）,http:////www.11467.com/xiaogan/co/20388.htm
湖北万畅笔业有限公司,http:////www.11467.com/xiaogan/co/20403.htm
青海西宁文泰笔业,http:////www.11467.com/xining/co/26395.htm
钢笔经销有限责任公司,http:////www.11467.com/xintai/co/37117.htm
河南省新乡市庆辉贸易有限公司,http:////www.11467.com/xinxiang/co/32531.htm
镇远商务酒店,http:////www.11467.com/xinxiang/co/24812.htm
河南罗山定远中学,http:////www.11467.com/xinyang/co/19136.htm
新余市环宇文具制笔厂,http:////www.11467.com/xinyu/co/7169.htm
孙建忠(个体）,http:////www.11467.com/xinyu/co/7154.htm
欲容文化发展有限公司,http:////www.11467.com/xinyu/co/7166.htm
安徽泾县古文堂书画纸厂,http:////www.11467.com/xuancheng/co/26912.htm
安徽省泾县艺博宣纸厂,http:////www.11467.com/xuancheng/co/26899.htm
程芳梅（个体经营）,http:////www.11467.com/xuancheng/co/20380.htm
广东省阳江市江城区二轻美术制品厂,http:////www.11467.com/yangjiang/co/17373.htm
阳江市汇点实业有限公司,http:////www.11467.com/yangjiang/co/18345.htm
江都金鹰画笔厂,http:////www.11467.com/yangzhou/co/85326.htm
扬州市成铭文化用品有限公司,http:////www.11467.com/yangzhou/co/85273.htm
中国扬州江都华宇文化用品有限公司,http:////www.11467.com/yangzhou/co/106344.htm
扬州振兴笔刷用品厂,http:////www.11467.com/yangzhou/co/85293.htm
扬州市三星文化用品厂,http:////www.11467.com/yangzhou/co/13795.htm
江都市金福娃工艺笔刷厂,http:////www.11467.com/yangzhou/co/85310.htm
笔加索科技开发有限公司,http:////www.11467.com/yantai/co/155081.htm
浪花笔业有限公司,http:////www.11467.com/yantai/co/128459.htm
山东莱州市光源铅笔芯有限公司,http:////www.11467.com/yantai/co/155952.htm
钰鑫商贸服务公司,http:////www.11467.com/yantai/co/128436.htm
莱州和氏璧工艺有限公司滑石笔,http:////www.11467.com/yantai/co/155580.htm
莱州市大光明铅笔芯有限公司,http:////www.11467.com/yantai/co/128496.htm
烟台市源通文化用品有限公司,http:////www.11467.com/yantai/co/128534.htm
北京科兰德文具有限公司,http:////www.11467.com/beijing/co/624252.htm
华厦笔都鹏程笔庄,http:////www.11467.com/beijing/co/30074.htm
北京正林堂文化中心,http:////www.11467.com/beijing/co/424904.htm
豪利来金笔有限公司,http:////www.11467.com/shanghai/co/1053525.htm
上海驰谊贸易中心礼品笔销售部,http:////www.11467.com/shanghai/co/218003.htm
黄加明（个体经营）,http:////www.11467.com/shanghai/co/1014337.htm
华盛（上海）文化用品公司,http:////www.11467.com/shanghai/co/1014398.htm
上海大泰实业有限公司ZHOUNAN,http:////www.11467.com/shanghai/co/1046430.htm
上海晨露贸易有限公司,http:////www.11467.com/shanghai/co/250580.htm
上海金鹏制笔有限公司-销售部,http:////www.11467.com/shanghai/co/326255.htm
金环球国际贸易有限公司,http:////www.11467.com/shanghai/co/682879.htm
上海昌洋实业有限公司,http:////www.11467.com/shanghai/co/1039384.htm
上海鲍里丝实业有限公司,http:////www.11467.com/shanghai/co/944937.htm
上海涵跃商贸有限公司,http:////www.11467.com/shanghai/co/1044427.htm
"RED SUN STATIONERY CO.,LTD",http:////www.11467.com/shanghai/co/530982.htm
上海辰光文具有限公司,http:////www.11467.com/shanghai/co/218033.htm
上海漫城文具有限公司,http:////www.11467.com/shanghai/co/531110.htm
上海兰巨文教用品有限公司业务部,http:////www.11467.com/shanghai/co/427583.htm
群吉网络科技（上海）有限公司,http:////www.11467.com/shanghai/co/683572.htm
上海丰豪制笔销售部,http:////www.11467.com/shanghai/co/217993.htm
上海铭隆工艺礼品有限公司,http:////www.11467.com/shanghai/co/1041963.htm
上海铭扬文仪有限公司,http:////www.11467.com/shanghai/co/1014391.htm
班朗中国采购公司,http:////www.11467.com/shanghai/co/1055668.htm
上海晨路文具有限公司,http:////www.11467.com/shanghai/co/1041961.htm
上海晨路文具有限公司（外贸部）,http:////www.11467.com/shanghai/co/88127.htm
范春燕（个体经营）,http:////www.11467.com/shanghai/co/167107.htm
上海蓝珀文化用品有限公司业务部,http:////www.11467.com/shanghai/co/48345.htm
上海高军礼品有限公司,http:////www.11467.com/shanghai/co/1053526.htm
上海恒巨笔业有限公司,http:////www.11467.com/shanghai/co/1056532.htm
上海亨富利贸易有限公司,http:////www.11467.com/shanghai/co/1014331.htm
南昌力邦笔业有限公司,http:////www.11467.com/shanghai/co/167197.htm
上海丽辞巧饰图文制作有限公司,http:////www.11467.com/shanghai/co/945135.htm
上海晨光文具礼品连锁加盟有限责任公司,http:////www.11467.com/shanghai/co/1014509.htm
上海康坦斯经贸有限公司销售部,http:////www.11467.com/shanghai/co/1014280.htm
上海惠佳笔业礼品有限公司,http:////www.11467.com/shanghai/co/531326.htm
上海佳利笔业文具有限公司（业务部）,http:////www.11467.com/shanghai/co/893215.htm
上海佳威商贸有限公司,http:////www.11467.com/shanghai/co/944944.htm
上海慕那美文化用品有限公司,http:////www.11467.com/shanghai/co/294046.htm
上海龙凤办公文具贸易商行,http:////www.11467.com/shanghai/co/88193.htm
上海广聚文教用品生产部,http:////www.11467.com/shanghai/co/893218.htm
上海广聚实业有限公司销售中心,http:////www.11467.com/shanghai/co/893221.htm
上海雷洋经贸有限公司,http:////www.11467.com/shanghai/co/167129.htm
上海广聚实业有限公司采购中心,http:////www.11467.com/shanghai/co/893220.htm
上海杰晨实业有限公司,http:////www.11467.com/shanghai/co/377929.htm
上海京基实业有限公司,http:////www.11467.com/shanghai/co/1044426.htm
上海晶雄工贸有限公司,http:////www.11467.com/shanghai/co/725822.htm
联新文教用品有限公司,http:////www.11467.com/shanghai/co/945200.htm
乐易丰商贸有限公司,http:////www.11467.com/shanghai/co/683465.htm
宁波佳腾国际贸易有限公司,http:////www.11467.com/shanghai/co/88177.htm
上海盛彬贸易有限公司,http:////www.11467.com/shanghai/co/1014453.htm
安庆光彩制笔厂,http:////www.11467.com/anqing/co/26218.htm
安庆诚新制笔厂,http:////www.11467.com/anqing/co/35550.htm
谢艳仪(个体经营),http:////www.11467.com/anshun/co/8448.htm
天彩文具制造有限公司,http:////www.11467.com/anyang/co/29615.htm
长白山职业技术学院,http:////www.11467.com/baishan/co/11361.htm
文元制笔有限责任公司,http:////www.11467.com/baishan/co/11357.htm
河北省保定市制笔厂,http:////www.11467.com/baoding/co/80735.htm
河北中亚环保铅笔厂,http:////www.11467.com/baoding/co/60736.htm
河北万乘文具有限公司保定销售部,http:////www.11467.com/baoding/co/60845.htm
保定市今日百和贸易有限公司,http:////www.11467.com/baoding/co/60872.htm
北方书写文具品牌推广中心,http:////www.11467.com/baotou/co/26126.htm
王永清笔行,http:////www.11467.com/baotou/co/26129.htm
安徽天星铅笔厂,http:////www.11467.com/bengbu/co/28787.htm
蚌埠神龙笔业有限公司,http:////www.11467.com/bengbu/co/28740.htm
圆梦实业有限公司,http:////www.11467.com/bijie/co/8688.htm
长春宇恒光电科技公司,http:////www.11467.com/changchun/co/78117.htm
吉林省天煜营销策划有限公司,http:////www.11467.com/changchun/co/78238.htm
元平文具（上海）有限公司（业务部）,http:////www.11467.com/shanghai/co/427623.htm
新代文化用品有限公司,http:////www.11467.com/shanghai/co/48212.htm
真彩文具股份有限公司上海分公司,http:////www.11467.com/shanghai/co/1039379.htm
郑州三尼贸易有限公司-上海办事处（业务部）,http:////www.11467.com/shanghai/co/683536.htm
苍南县金乡成丰文具制品厂,http:////www.11467.com/shanghai/co/531132.htm
上海万帮文具有限公司销售部,http:////www.11467.com/shanghai/co/48446.htm
上海智萍电子设备有限公司,http:////www.11467.com/shanghai/co/1051056.htm
上海殷悦礼品有限公司市场部,http:////www.11467.com/shanghai/co/743478.htm
上海汉斯文教用品厂,http:////www.11467.com/shanghai/co/283102.htm
上海豪杰网络有限公司,http:////www.11467.com/shanghai/co/88206.htm
上海豪利来金笔有限公司营销中心,http:////www.11467.com/shanghai/co/809065.htm
上海昊华贸易发展有限公司,http:////www.11467.com/shanghai/co/1014554.htm
上海万帮文具有限公司,http:////www.11467.com/shanghai/co/510402.htm
上海书龙文具礼品有限公司,http:////www.11467.com/shanghai/co/1039382.htm
天津迪尔文教用品有限公司,http:////www.11467.com/tianjin/co/109824.htm
天津竹雅文具厂,http:////www.11467.com/tianjin/co/19639.htm
天津市文体制品厂,http:////www.11467.com/tianjin/co/180019.htm
刘春芳（个体经营）,http:////www.11467.com/tianjin/co/7187.htm
天津市兆德铅笔制造厂,http:////www.11467.com/tianjin/co/200146.htm
天津市森美佳装饰建材经营部,http:////www.11467.com/tianjin/co/76134.htm
天津市天力化工有限公司,http:////www.11467.com/tianjin/co/189880.htm
唐星海（个体经营）,http:////www.11467.com/chongqing/co/54009.htm
重庆海洋文具有限公司,http:////www.11467.com/chongqing/co/170401.htm
定昶笔业加工厂,http:////www.11467.com/chongqing/co/126733.htm
重庆上正铅笔有限公司,http:////www.11467.com/chongqing/co/79858.htm
重庆市秀峰教学设备有限公司营销部,http:////www.11467.com/chongqing/co/90539.htm
重庆南川市普升制笔厂,http:////www.11467.com/chongqing/co/104293.htm
上海贝悦礼品有限公司,http:////www.11467.com/shanghai/co/1092427.htm
天津汇兴隆商贸有限公司,http:////www.11467.com/tianjin/co/302850.htm
义乌市兴腾工艺品有限公司,http:////www.11467.com/jinhua/co/147702.htm
北京博嘉宏笔业有限公司,http:////www.11467.com/beijing/co/716509.htm
广西南宁启笔教育咨询有限责任公司,http:////www.11467.com/nanning/co/98171.htm
深圳丰鼎笔业责任有限公司,http:////www.11467.com/shenzhen/co/1060860.htm
郑春成(个体经营),http:////www.11467.com/changchun/co/78336.htm
金园制笔公司,http:////www.11467.com/changchun/co/78220.htm
常德市畅想信息技术有限公司,http:////www.11467.com/changde/co/28728.htm
长沙起航文化用品有限公司,http:////www.11467.com/changsha/co/93814.htm
长沙仰天湖教育集团,http:////www.11467.com/changsha/co/93788.htm
长沙顺益文化传播有限公司,http:////www.11467.com/changsha/co/93878.htm
长沙鑫羽实业有限公司,http:////www.11467.com/changsha/co/93383.htm
楊記瑜（個體經營）,http:////www.11467.com/changsha/co/94067.htm
长沙雅德陶瓷有限公司,http:////www.11467.com/changsha/co/120132.htm
湖南高桥大市场茂源文化用品批发部.,http:////www.11467.com/changsha/co/93442.htm
天键办公文化用品经营部,http:////www.11467.com/changsha/co/93392.htm
书生办公用品批发商行,http:////www.11467.com/changsha/co/93371.htm
北京新世纪认证中心,http:////www.11467.com/changsha/co/93845.htm
刘晓勇(个体经营）,http:////www.11467.com/changzhi/co/26757.htm
常州龙森装饰材料厂,http:////www.11467.com/changzhou/co/119016.htm
常州市嘉亿新万商贸有限公司,http:////www.11467.com/changzhou/co/119052.htm
常州月新笔业有限公司,http:////www.11467.com/changzhou/co/118789.htm
仕文制笔有限公司,http:////www.11467.com/chaohu/co/14093.htm
巢湖市兴业商贸有限公司,http:////www.11467.com/chaohu/co/14089.htm
凌源市三道河子乡亿佳制笔厂,http:////www.11467.com/chaoyang/co/28014.htm
吴淑梅（个体经营）,http:////www.11467.com/chaozhou/co/30847.htm
长久篮球公司,http:////www.11467.com/chengdu/co/122470.htm
成都松齐明科技有限公司销售部,http:////www.11467.com/chengdu/co/121816.htm
成都市文锦天诚办公用品有限公司销售部,http:////www.11467.com/chengdu/co/121947.htm
成都微利贸易有限公司,http:////www.11467.com/chengdu/co/122015.htm
成都未来科技学习用品有限公司营销部,http:////www.11467.com/chengdu/co/121876.htm
石室外国语实验学校,http:////www.11467.com/chengdu/co/121628.htm
成都银卡有限公司,http:////www.11467.com/chengdu/co/213206.htm
乐平市杰博文具厂成都市办事处,http:////www.11467.com/chengdu/co/212593.htm
上海蒂姆拓展有限公司成都分公司,http:////www.11467.com/chengdu/co/121817.htm
成都市三木文具发展有限公司 采购部,http:////www.11467.com/chengdu/co/121201.htm
上海卓尔笔业有限公司,http:////www.11467.com/chengdu/co/121745.htm
鹏氏防辐射铅门加工厂,http:////www.11467.com/chengdu/co/121524.htm
四川笔畅股份有限公司,http:////www.11467.com/chengdu/co/121723.htm
创佳贸易发展有限公司,http:////www.11467.com/chengdu/co/121658.htm
已己笔业成都销售部,http:////www.11467.com/chengdu/co/122485.htm
杨文锋（个体经营）,http:////www.11467.com/chengdu/co/121056.htm
湖南郴州竹园笔厂,http:////www.11467.com/chenzhou/co/20048.htm
YWS会社中国分公司大连幸辉国际贸易有限公司,http:////www.11467.com/dalian/co/55369.htm
爱尔墨科技（大连）有限公司,http:////www.11467.com/dalian/co/55328.htm
笔爱喜国际商贸有限公司,http:////www.11467.com/dalian/co/55595.htm
大连奥俐达商贸发展有限公司,http:////www.11467.com/dalian/co/55441.htm
大连岐山国际商贸有限公司,http:////www.11467.com/dalian/co/55473.htm
大连意诚贸易有限公司,http:////www.11467.com/dalian/co/55894.htm
晨光文具批发公司,http:////www.11467.com/dalian/co/55427.htm
海星文化用笔厂,http:////www.11467.com/dandong/co/51486.htm
金龙制笔厂,http:////www.11467.com/daqing/co/41125.htm
董志明（个体经营）,http:////www.11467.com/daqing/co/41105.htm
德州市文圣办公用品经销店,http:////www.11467.com/dezhou/co/35918.htm
德州力邦科技有限公司,http:////www.11467.com/dezhou/co/35996.htm
