江苏优质种业批发中心,http:////www.11467.com/suqian/co/25386.htm
江苏优质种业批发中心的商铺,http://suqian025386.11467.com
河南鄢陵林木种子站,http:////www.11467.com/xuchang/co/22857.htm
河南鄢陵林木种子站的商铺,http://xuchang022857.11467.com
广州市越秀区翠庭工艺品商行,http:////www.11467.com/guangzhou/co/161539.htm
广州市越秀区翠庭工艺品商行的商铺,http://guangzhou0161539.11467.com
南方绿化种子种苗基地,http:////www.11467.com/zhanjiang/co/52262.htm
南方绿化种子种苗基地的商铺,http://zhanjiang052262.11467.com
哈尔滨新星绿地园林机械有限公司,http:////www.11467.com/haerbin/co/41217.htm
哈尔滨新星绿地园林机械有限公司的商铺,http://haerbin041217.11467.com
重庆市江津区互联苗木基地,http:////www.11467.com/chongqing/co/62716.htm
重庆市江津区互联苗木基地的商铺,http://chongqing062716.11467.com
泰安高新区新天地园艺有限公司,http:////www.11467.com/taian/co/35183.htm
泰安高新区新天地园艺有限公司的商铺,http://taian035183.11467.com
梨树县鑫馨种业科技有限公司,http:////www.11467.com/qiye/93392696.htm
梨树县鑫馨种业科技有限公司的商铺,http://93392696.b2b.11467.com
菏泽市佳卉花木种植专业合作社,http:////www.11467.com/heze/co/19177.htm
菏泽市佳卉花木种植专业合作社的商铺,http://heze019177.11467.com
沭阳鹏源花卉园艺场,http:////www.11467.com/suqian/co/26766.htm
沭阳鹏源花卉园艺场的商铺,http://suqian026766.11467.com
沭阳县永发苗木园艺场,http:////www.11467.com/suqian/co/26765.htm
沭阳县永发苗木园艺场的商铺,http://suqian026765.11467.com
深圳市飞度时代网络有限公司,http:////www.11467.com/shenzhen/co/757501.htm
深圳市飞度时代网络有限公司的商铺,http://shenzhen0757501.11467.com
武汉蓝欣荣农业科技有限公司,http:////www.11467.com/wuhan/co/175935.htm
武汉蓝欣荣农业科技有限公司的商铺,http://wuhan0175935.11467.com
沭阳县龙庙欣盛生猪养殖专业合作社,http:////www.11467.com/suqian/co/26797.htm
沭阳县龙庙欣盛生猪养殖专业合作社的商铺,http://suqian026797.11467.com
沭阳县春利花木场,http:////www.11467.com/suqian/co/20435.htm
沭阳县春利花木场的商铺,http://suqian020435.11467.com
徐州市云龙农业技术推广站,http:////www.11467.com/xuzhou/co/8520.htm
徐州市云龙农业技术推广站的商铺,http://xuzhou08520.11467.com
沭阳县万国苗木园艺场,http:////www.11467.com/suqian/co/26808.htm
沭阳县万国苗木园艺场的商铺,http://suqian026808.11467.com
沭阳县龙庙大成芦蒿种植专业合作社,http:////www.11467.com/suqian/co/15148.htm
沭阳县龙庙大成芦蒿种植专业合作社的商铺,http://suqian015148.11467.com
淳安县花蕊生物科技有限公司,http:////www.11467.com/hangzhou/co/324272.htm
淳安县花蕊生物科技有限公司的商铺,http://hangzhou0324272.11467.com
崇州市羊马众兴苗圃,http:////www.11467.com/chengdu/co/241797.htm
崇州市羊马众兴苗圃的商铺,http://chengdu0241797.11467.com
沭阳县花香茗萌园艺场,http:////www.11467.com/suqian/co/23376.htm
沭阳县花香茗萌园艺场的商铺,http://suqian023376.11467.com
临沂市金骏马塑料编织有限公司,http:////www.11467.com/linyi/co/73151.htm
临沂市金骏马塑料编织有限公司的商铺,http://linyi073151.11467.com
安徽银屏丹王农业科技有限公司,http:////www.11467.com/chaohu/co/24085.htm
安徽银屏丹王农业科技有限公司的商铺,http://chaohu024085.11467.com
北京京兴润基园林绿化有限公司,http:////www.11467.com/beijing/co/763285.htm
北京京兴润基园林绿化有限公司的商铺,http://beijing0763285.11467.com
四川俊明农业发展有限公司,http:////www.11467.com/guangyuan/co/21333.htm
四川俊明农业发展有限公司的商铺,http://guangyuan021333.11467.com
玖水莲水生植物种植专业合作社,http:////www.11467.com/baoding/co/151264.htm
玖水莲水生植物种植专业合作社的商铺,http://baoding0151264.11467.com
宣化县亿沐农副产品经销有限公司,http:////www.11467.com/zhangjiakou/co/44186.htm
宣化县亿沐农副产品经销有限公司的商铺,http://zhangjiakou044186.11467.com
四会市大沙镇新天地园艺用品经营部,http:////www.11467.com/zhongshan/co/153027.htm
四会市大沙镇新天地园艺用品经营部的商铺,http://zhongshan0153027.11467.com
泰安市红卫草莓专业合作社,http:////www.11467.com/taian/co/40969.htm
泰安市红卫草莓专业合作社的商铺,http://taian040969.11467.com
兴宁市庆丰盈科种子有限公司,http:////www.11467.com/meizhou/co/16262.htm
兴宁市庆丰盈科种子有限公司的商铺,http://meizhou016262.11467.com
南阳卧龙区石桥月季合作社,http:////www.11467.com/nanyang/co/33664.htm
南阳卧龙区石桥月季合作社的商铺,http://nanyang033664.11467.com
深圳市鑫淼森园林草坪有限公司,http:////www.11467.com/shenzhen/co/708091.htm
深圳市鑫淼森园林草坪有限公司的商铺,http://shenzhen0708091.11467.com
阳城县银龙缸瓦有限公司,http:////www.11467.com/jincheng/co/11407.htm
阳城县银龙缸瓦有限公司的商铺,http://jincheng011407.11467.com
金华市婺城区四明果苗园艺场,http:////www.11467.com/jinhua/co/83090.htm
金华市婺城区四明果苗园艺场的商铺,http://jinhua083090.11467.com
沭阳县夏婷花卉种子销售部,http:////www.11467.com/suqian/co/26796.htm
沭阳县夏婷花卉种子销售部的商铺,http://suqian026796.11467.com
沭阳县花语花卉园艺场,http:////www.11467.com/suqian/co/20490.htm
沭阳县花语花卉园艺场的商铺,http://suqian020490.11467.com
沭阳县意诚苗木园艺场,http:////www.11467.com/suqian/co/20399.htm
沭阳县意诚苗木园艺场的商铺,http://suqian020399.11467.com
沭阳县漫花亭园艺苗木场,http:////www.11467.com/suqian/co/26778.htm
沭阳县漫花亭园艺苗木场的商铺,http://suqian026778.11467.com
大连森茂现代农业有限公司,http:////www.11467.com/dalian/co/74381.htm
大连森茂现代农业有限公司的商铺,http://dalian074381.11467.com
广州宝健源农业科技有限公司,http:////www.11467.com/guangzhou/co/386516.htm
广州宝健源农业科技有限公司的商铺,http://guangzhou0386516.11467.com
贵州一合园林科技发展有限公司,http:////www.11467.com/guiyang/co/77290.htm
贵州一合园林科技发展有限公司的商铺,http://guiyang077290.11467.com
漯河市郾城区东彦种植专业合作社,http:////www.11467.com/luohe/co/20492.htm
漯河市郾城区东彦种植专业合作社的商铺,http://luohe020492.11467.com
安新县红发水景水生植物种植有限公司,http:////www.11467.com/baoding/co/91678.htm
安新县红发水景水生植物种植有限公司的商铺,http://baoding091678.11467.com
浏阳市柏加渡头园林绿化苗圃,http:////www.11467.com/changsha/co/49424.htm
浏阳市柏加渡头园林绿化苗圃的商铺,http://changsha049424.11467.com
陕西鸿达果树苗木繁育基地,http:////www.11467.com/baoji/co/29030.htm
陕西鸿达果树苗木繁育基地的商铺,http://baoji029030.11467.com
烟台桃丰大樱桃合作社,http:////www.11467.com/yantai/co/154619.htm
烟台桃丰大樱桃合作社的商铺,http://yantai0154619.11467.com
青州振祥花卉园艺场,http:////www.11467.com/weifang/co/116827.htm
青州振祥花卉园艺场的商铺,http://weifang0116827.11467.com
轩轩种子种苗专营店,http:////www.11467.com/suqian/co/25388.htm
轩轩种子种苗专营店的商铺,http://suqian025388.11467.com
广昌县金莲花白莲生物技术开发有限公司,http:////www.11467.com/fuzhoushi/co/18495.htm
广昌县金莲花白莲生物技术开发有限公司的商铺,http://fuzhoushi018495.11467.com
酒泉新亚太农业有限责任公司,http:////www.11467.com/jiuquan/co/11177.htm
杜成强农业有限公司,http:////www.11467.com/huanggang/co/16352.htm
惠州市维尔环境科技有限公司,http:////www.11467.com/huizhou/co/96175.htm
张郑华（个体经营）,http:////www.11467.com/jingmen/co/15701.htm
荆门市电信分公司,http:////www.11467.com/jingmen/co/15734.htm
九江县建华种业有限公司,http:////www.11467.com/jiujiang/co/22383.htm
甘肃酒泉至诚园艺有限公司,http:////www.11467.com/jiuquan/co/11243.htm
甘肃酒泉双丰种苗有限公司,http:////www.11467.com/jiuquan/co/11237.htm
酒泉市欣苑农业有限责任公司,http:////www.11467.com/jiuquan/co/11233.htm
酒泉香禾园艺有限公司,http:////www.11467.com/jiuquan/co/11227.htm
酒泉市未来草业有限责任公司,http:////www.11467.com/jiuquan/co/11175.htm
金秋专业花卉种子公司,http:////www.11467.com/jiuquan/co/11166.htm
酒泉安德福种子公司,http:////www.11467.com/jiuquan/co/11226.htm
安特种子公司,http:////www.11467.com/jiuquan/co/11131.htm
刘占斌（个体经营）,http:////www.11467.com/jiuquan/co/11167.htm
大敦煌农业科技开发有限责任公司,http:////www.11467.com/jiuquan/co/11164.htm
酒泉市大兴畜牧科技公司,http:////www.11467.com/jiuquan/co/11190.htm
酒泉胜丰种业有限责任公司,http:////www.11467.com/jiuquan/co/11174.htm
河南开封农资批发部,http:////www.11467.com/kaifeng/co/16550.htm
开封市世纪五色草基地,http:////www.11467.com/kaifeng/co/16563.htm
森奥林业综合发展有限公司,http:////www.11467.com/kaifeng/co/16514.htm
黄划梁（个体经营）,http:////www.11467.com/laibin/co/4540.htm
黄启勇（个体经营）,http:////www.11467.com/laibin/co/4533.htm
来宾生才旺农业有限公司,http:////www.11467.com/laibin/co/4550.htm
甘肃武阳奥凯牡丹园艺开发有限公司,http:////www.11467.com/lanzhou/co/72199.htm
兰州宏臻种业有限公司,http:////www.11467.com/lanzhou/co/72246.htm
乐山土主刘氏农副产品加工厂,http:////www.11467.com/leshan/co/21070.htm
辽阳洪杰月季花卉有限公司,http:////www.11467.com/liaoyang/co/23610.htm
辽阳市丰源种子商店,http:////www.11467.com/liaoyang/co/23594.htm
丘林种苗商行,http:////www.11467.com/liaoyang/co/23583.htm
大莱农业发展有限责任公司,http:////www.11467.com/lijiang/co/4828.htm
丽江七彩园艺有限公司,http:////www.11467.com/lijiang/co/4839.htm
龙胆草种植基地,http:////www.11467.com/lincang/co/6008.htm
六安市木厂供销社农技服务部,http:////www.11467.com/liuan/co/15977.htm
贵州六盘水水城雅仕园林绿化有限公司,http:////www.11467.com/liupanshui/co/10290.htm
个体网店粉红女郎时尚用品,http:////www.11467.com/liuzhou/co/44236.htm
贝贝盆裁有限公司,http:////www.11467.com/liuzhou/co/44154.htm
阳光林业公司,http:////www.11467.com/luohe/co/18552.htm
天翼生物工程有限公司深圳分公司市场部,http:////www.11467.com/luohe/co/18562.htm
泸州市鸿沣农林开发有限公司,http:////www.11467.com/luzhou/co/18465.htm
张氏代理（个体经营）,http:////www.11467.com/luzhou/co/18490.htm
泸州登丰种业,http:////www.11467.com/luzhou/co/18485.htm
山西省方山县玉羊农林科技发展中心,http:////www.11467.com/lvliang/co/14057.htm
南充电子科技学校,http:////www.11467.com/nanchong/co/25632.htm
内江市中区大千科技农业中心,http:////www.11467.com/neijiang/co/18878.htm
盘山明伟种子中心,http:////www.11467.com/panjin/co/25509.htm
四川省攀枝花市林业局,http:////www.11467.com/panzhihua/co/16881.htm
齐齐哈尔市煜百合农业有限公司,http:////www.11467.com/qiqihaer/co/59980.htm
齐齐哈尔龙凡网络工作室,http:////www.11467.com/qiqihaer/co/59873.htm
衢州石室榨油厂,http:////www.11467.com/quzhou/co/24611.htm
丰收蔬菜种子经营部,http:////www.11467.com/quzhou/co/24667.htm
安徽省久点农产品开发有限公司,http:////www.11467.com/anqing/co/31994.htm
广西百色振山果苗场,http:////www.11467.com/baise/co/12117.htm
博爱中国灯业有限公司,http:////www.11467.com/baishan/co/11767.htm
巴彦淖尔市志茂绿化苗木有限公司,http:////www.11467.com/bayannaoer/co/5009.htm
北京德农种业巴盟分公司,http:////www.11467.com/bayannaoer/co/4942.htm
北京德农种业巴彦淖尔分公司,http:////www.11467.com/bayannaoer/co/4937.htm
内蒙华龙种苗有限责任公司,http:////www.11467.com/bayannaoer/co/4952.htm
南江先河连锁有限公司,http:////www.11467.com/bazhong/co/6892.htm
振禾农业科技发展中心,http:////www.11467.com/bengbu/co/29780.htm
辽宁种子公司,http:////www.11467.com/benxi/co/30275.htm
本溪东方种业有限公司,http:////www.11467.com/benxi/co/30266.htm
贵州省纳雍药材协会,http:////www.11467.com/bijie/co/8856.htm
安徽名贵药业有限公司,http:////www.11467.com/bozhou/co/10037.htm
昌吉市昌蜜无籽西瓜种业,http:////www.11467.com/changji/co/12936.htm
绿禾种业公司,http:////www.11467.com/changji/co/12955.htm
巫宝云（个体经营）,http:////www.11467.com/chaohu/co/14539.htm
安徽贵池林业局联合科技苗圃,http:////www.11467.com/chizhou/co/9208.htm
山西省农科院高寒区作物研究所,http:////www.11467.com/datong/co/15716.htm
绵竹金花风景树苗培育基地,http:////www.11467.com/deyang/co/32903.htm
湖北恩施金盛实业有限公司,http:////www.11467.com/enshi/co/12979.htm
辽宁柏霖科技有限公司,http:////www.11467.com/fushun/co/27627.htm
贵港市病虫害综合防治研究所,http:////www.11467.com/guigang/co/7004.htm
光正商贸公司,http:////www.11467.com/hami/co/4957.htm
农业科技研究所,http:////www.11467.com/hebi/co/9914.htm
葫芦岛市百森种业有限公司,http:////www.11467.com/huludao/co/44188.htm
内蒙古林业局,http:////www.11467.com/hulunbeier/co/17699.htm
新垦农业科技有限公司,http:////www.11467.com/hulunbeier/co/17720.htm
沙洋荆丰种业有限公司,http:////www.11467.com/jingmen/co/15727.htm
荆门丰穗种业有限公司,http:////www.11467.com/jingmen/co/15710.htm
向士民（个体经营）,http:////www.11467.com/jingzhou/co/28861.htm
榆次区创景园林绿化有限责任公司,http:////www.11467.com/jinzhong/co/23166.htm
酒泉市金色农庄种子公司,http:////www.11467.com/jiuquan/co/11142.htm
玉溪鹤望兰公司,http:////www.11467.com/yuxi/co/16541.htm
宏茂生态种苗有限公司,http:////www.11467.com/zhangjiajie/co/8365.htm
张家界市永定区兴蔬种业,http:////www.11467.com/zhangjiajie/co/8348.htm
高台中农大康科技开发有限公司,http:////www.11467.com/zhangye/co/9614.htm
张掖市中地种业,http:////www.11467.com/zhangye/co/9549.htm
甘肃省张掖市亚太种业有限责任公司,http:////www.11467.com/zhangye/co/9606.htm
甘肃张掖良种繁育有限公司,http:////www.11467.com/zhangye/co/9589.htm
德和花木场,http:////www.11467.com/zhanjiang/co/44847.htm
梁红莲（个体经营）,http:////www.11467.com/zhanjiang/co/44842.htm
湛江市绿化种子种苗经营部,http:////www.11467.com/zhanjiang/co/44815.htm
中卫先型科技有限公司,http:////www.11467.com/zhongwei/co/2072.htm
河南省地神种业公司,http:////www.11467.com/zhoukou/co/17951.htm
东李庄种子店,http:////www.11467.com/zhoukou/co/17950.htm
永翔农资经营部,http:////www.11467.com/zigong/co/22897.htm
四川省自贡市恒达农药厂,http:////www.11467.com/zigong/co/22871.htm
兔业实业公司,http:////www.11467.com/ziyang/co/12257.htm
思茅中芬热带林木良种繁育有限公司,http:////www.11467.com/puer/co/6510.htm
江苏苏北花卉股份有限公司,http:////www.11467.com/suqian/co/27502.htm
爱菲一族工作室,http:////www.11467.com/jiuquan/co/11157.htm
酒泉金秋园艺种苗有限公司,http:////www.11467.com/jiuquan/co/11168.htm
速丰种子公司,http:////www.11467.com/jiuquan/co/11218.htm
甘肃省酒泉市敦煌种业先锋良种有限公司,http:////www.11467.com/jiuquan/co/11225.htm
酒泉农业公司,http:////www.11467.com/jiuquan/co/11240.htm
绿梦园艺有限公司,http:////www.11467.com/jixi/co/20861.htm
玲珑阁绣品苑,http:////www.11467.com/kaifeng/co/16518.htm
莫德成（个体经营）,http:////www.11467.com/laibin/co/4537.htm
莱芜市福润德经贸有限公司(销售部),http:////www.11467.com/laiwu/co/9321.htm
甘肃华大园艺公司,http:////www.11467.com/lanzhou/co/72243.htm
菁蒿种植有限公司,http:////www.11467.com/leshan/co/21017.htm
柳州市桂海商务有限责任公司,http:////www.11467.com/liuzhou/co/44124.htm
福建省永定县高陂农牧渔业站,http:////www.11467.com/longyan/co/23179.htm
李翀(个体经营),http:////www.11467.com/loudi/co/18536.htm
川种种业有限责任公司,http:////www.11467.com/luzhou/co/18486.htm
泸州金丰种业有限公司,http:////www.11467.com/luzhou/co/18459.htm
蔚惠香草销售部,http:////www.11467.com/luzhou/co/18452.htm
山西省吕梁市林业局,http:////www.11467.com/lvliang/co/14063.htm
李正个体经营,http:////www.11467.com/nanchong/co/25628.htm
厦门市新北农农业技术服务有限公司,http:////www.11467.com/nanping/co/36078.htm
王峻(人体经营),http:////www.11467.com/neijiang/co/18909.htm
农源种子经销部,http:////www.11467.com/pingliang/co/9189.htm
齐齐哈尔万达园艺绿化工程公司,http:////www.11467.com/qiqihaer/co/59984.htm
衢州市柯城农禾花卉专业合作社,http:////www.11467.com/quzhou/co/24677.htm
巨臣粮油贸易公司,http:////www.11467.com/quzhou/co/24685.htm
迅驰电脑公司,http:////www.11467.com/quzhou/co/24712.htm
叶公生物技术有限公司,http:////www.11467.com/shaoguan/co/26032.htm
马河辉（个体经营）,http:////www.11467.com/shihezi/co/6164.htm
吉林省松原市前郭石化分公司矿区服务事业部,http:////www.11467.com/songyuan/co/15744.htm
张洪剑（个体经营）,http:////www.11467.com/suihua/co/14777.htm
长白山天然补品有限公司,http:////www.11467.com/tieling/co/31954.htm
吉林省通化市卓亚有限公司,http:////www.11467.com/tonghua/co/31983.htm
通辽市裕丰种子营销有限责任公司,http:////www.11467.com/tongliao/co/9956.htm
碧荷连片绿色食品有限公司,http:////www.11467.com/tongling/co/12950.htm
碧荷连片绿色食品有限公司,http:////www.11467.com/tongling/co/12949.htm
瓜果销售有限公司,http:////www.11467.com/weinan/co/22446.htm
杨宗武（个体经营）,http:////www.11467.com/wuwei/co/8379.htm
万家斌（个体经营）,http:////www.11467.com/xianning/co/13571.htm
石赛营（个体经营）,http:////www.11467.com/xianning/co/13563.htm
宝葫芦花卉园艺公司,http:////www.11467.com/xiantao/co/15105.htm
中国无限国际公司,http:////www.11467.com/xiantao/co/15136.htm
杨凌金道种苗公司,http:////www.11467.com/xianyang/co/23031.htm
孝感市蓉江种业有限责任公司,http:////www.11467.com/xiaogan/co/20771.htm
李强种子批发公司,http:////www.11467.com/yanan/co/12984.htm
张氏花卉公司,http:////www.11467.com/yichang/co/47690.htm
宁夏中青农业科技公司,http:////www.11467.com/yinchuan/co/42246.htm
银川威迪科贸有限公司,http:////www.11467.com/yinchuan/co/42191.htm
文星镇农资经营部,http:////www.11467.com/yueyang/co/34393.htm
榆林市加强园艺绿化工程有限公司,http:////www.11467.com/yulinshi/co/19990.htm
山西绛县苗木基地,http:////www.11467.com/yuncheng/co/26012.htm
邳州市国强银杏苗木基地,http:////www.11467.com/xuzhou/co/63970.htm
山东临沂塞欧园艺有限公司,http:////www.11467.com/linyi/co/77262.htm
重庆奇恒农业开发有限公司,http:////www.11467.com/chongqing/co/162074.htm
菏泽金牡丹园林苗木有限公司,http:////www.11467.com/heze/co/23864.htm
亳州市药材种子公司药材种苗分公司,http:////www.11467.com/bozhou/co/10617.htm
广东怀集县东升水麻皮种植专业合作社,http:////www.11467.com/zhaoqing/co/34481.htm
郑州市二七区雅歌鲜花店,http:////www.11467.com/zhengzhou/co/149557.htm
陕西果树苗木杨凌信德万亩苗木繁育基地,http:////www.11467.com/baoji/co/30677.htm
河南永震园林农业发展有限公司,http:////www.11467.com/shangqiu/co/18038.htm
栖霞山农大樱桃苗种植合作社,http:////www.11467.com/yantai/co/139458.htm
赤峰天邦草业销售处,http:////www.11467.com/chifeng/co/23922.htm
青州彩艺绿化苗木公司,http:////www.11467.com/weifang/co/116986.htm
河南民权紫穗槐禾木培育中心,http:////www.11467.com/shangqiu/co/20861.htm
泰安众森苗圃,http:////www.11467.com/taian/co/52642.htm
四川盐源绿色产品培育基地,http:////www.11467.com/liangshan/co/17485.htm
山东鸿宇苗木销售有限公司,http:////www.11467.com/binzhou/co/34548.htm
赤峰丽彩园艺花卉有限公司,http:////www.11467.com/chifeng/co/26499.htm
赤峰卉源园艺有限公司,http:////www.11467.com/chifeng/co/23923.htm
长白山森工集团黄泥河林业有限公司苗圃,http:////www.11467.com/yanbian/co/42933.htm
大城县青藤苗圃种植农民专业合作社,http:////www.11467.com/langfang/co/53622.htm
肥乡县争福苗圃专业合作社,http:////www.11467.com/handan/co/75688.htm
凉城县绿海苗圃,http:////www.11467.com/wulanchabu/co/6871.htm
临漳县沃野苗圃种植有限公司,http:////www.11467.com/handan/co/75873.htm
潞城市清河绿园苗圃有限公司,http:////www.11467.com/changzhi/co/32393.htm
南阳市宛城区春来苑苗圃种植专业合作社,http:////www.11467.com/nanyang/co/42118.htm
宁阳县花园苗圃,http:////www.11467.com/taian/co/59042.htm
顺平县秀清苗圃农民专业合作社,http:////www.11467.com/baoding/co/91986.htm
嵩县车村镇春会苗圃场,http:////www.11467.com/luoyang/co/64721.htm
盐山县辛强苗圃种植专业合作社,http:////www.11467.com/cangzhou/co/68543.htm
准格尔旗景晟苗圃园,http:////www.11467.com/eerduosi/co/10207.htm
潢川县马湖苗圃场,http:////www.11467.com/xinyang/co/25570.htm
潢川县常春苗圃场,http:////www.11467.com/xinyang/co/25589.htm
苍溪县沿宝苗圃专业合作社,http:////www.11467.com/guangyuan/co/19861.htm
青州市华晶苗圃,http:////www.11467.com/weifang/co/138763.htm
郯城县徐敬银杏苗圃场,http:////www.11467.com/linyi/co/107771.htm
文登市恒发苗圃专业合作社,http:////www.11467.com/weihai/co/55106.htm
山东省临沂市盛丰苗木基地有限公司,http:////www.11467.com/linyi/co/106802.htm
安庆曼图林业有限公司,http:////www.11467.com/anqing/co/27292.htm
安徵省潜山县液化气站盆景园,http:////www.11467.com/anqing/co/27317.htm
怀宁县植物油厂,http:////www.11467.com/anqing/co/27304.htm
金色农华种业,http:////www.11467.com/anshan/co/74590.htm
东林种苗协会,http:////www.11467.com/anshan/co/74629.htm
安阳市花卉公司,http:////www.11467.com/anyang/co/31698.htm
惠友花卉公司,http:////www.11467.com/anyang/co/31711.htm
富瑞斯特林木有限公司,http:////www.11467.com/baoding/co/62874.htm
安新县祥瑞水生花卉种植专业合作社,http:////www.11467.com/baoding/co/90831.htm
保定市特色农业发展中心,http:////www.11467.com/baoding/co/62804.htm
上海市农科院蔬菜种苗开发经营部,http:////www.11467.com/shanghai/co/536345.htm
甘肃古浪陇源马铃薯产业有限公司,http:////www.11467.com/wuwei/co/11501.htm
佛山市小树苗文化艺术有限公司,http:////www.11467.com/foshan/co/469806.htm
满城东方草莓种苗公司,http:////www.11467.com/baoding/co/81275.htm
河北农大交易公司,http:////www.11467.com/baoding/co/62856.htm
博野县津城园苗圃场,http:////www.11467.com/baoding/co/70997.htm
保定市绿农农资经营有限公司,http:////www.11467.com/baoding/co/8042.htm
中介机构公司,http:////www.11467.com/baoji/co/28322.htm
扶风县立通苗木专业合作社,http:////www.11467.com/baoji/co/30930.htm
爱杰化工厂,http:////www.11467.com/binzhou/co/24094.htm
博兴县新绿种植专业合作社,http:////www.11467.com/binzhou/co/35549.htm
滨州瑞丰种业有限公司,http:////www.11467.com/binzhou/co/24019.htm
君子兰养殖基地,http:////www.11467.com/changchun/co/81893.htm
吉林省榆树市丰泽种业有限责任公司,http:////www.11467.com/changchun/co/58695.htm
东北师大林木生物工程有限公司,http:////www.11467.com/changchun/co/81744.htm
龙鹏经贸有限公司,http:////www.11467.com/changchun/co/81623.htm
吉林省亚新园林绿化公司,http:////www.11467.com/changchun/co/81587.htm
农业种子公司,http:////www.11467.com/changchun/co/81855.htm
晨光种业经营部,http:////www.11467.com/changde/co/32695.htm
湖南石门林业站,http:////www.11467.com/changde/co/32734.htm
湖南柏嘉满园春苗木有限公司,http:////www.11467.com/changsha/co/101219.htm
浏阳市蔬菜种子公司长沙办事处,http:////www.11467.com/changsha/co/8555.htm
长沙余氏企业,http:////www.11467.com/changsha/co/101412.htm
隆平种业湘中销售中心,http:////www.11467.com/changsha/co/101563.htm
长沙博天牧业有限公司,http:////www.11467.com/changsha/co/101636.htm
长沙湘裕草业有限公司,http:////www.11467.com/changsha/co/101527.htm
晶晶苗木种子公司,http:////www.11467.com/changsha/co/101458.htm
宁乡粮油贸易公司,http:////www.11467.com/changsha/co/101524.htm
长沙惟楚种业,http:////www.11467.com/changsha/co/101314.htm
海南神农大丰股份有限公司,http:////www.11467.com/changsha/co/101483.htm
沁县财达育林基地,http:////www.11467.com/changzhi/co/27327.htm
梁理瑞（个体经营）,http:////www.11467.com/changzhi/co/27304.htm
常州明远园艺有限公司,http:////www.11467.com/changzhou/co/88709.htm
华夏绿洲草业有限公司,http:////www.11467.com/changzhou/co/126689.htm
洪光辉（个体经营）,http:////www.11467.com/chaoyang/co/25944.htm
朝阳市志国种业,http:////www.11467.com/chaoyang/co/25926.htm
成都格灵蓝草业有限公司,http:////www.11467.com/chengdu/co/76760.htm
富森田地有限公司,http:////www.11467.com/chengdu/co/135675.htm
四川新月种苗植业公司,http:////www.11467.com/chengdu/co/72116.htm
温江鑫景秀园艺场,http:////www.11467.com/chengdu/co/136359.htm
金商网种子联销有限公司,http:////www.11467.com/chengdu/co/136158.htm
成都种业协会,http:////www.11467.com/chengdu/co/19132.htm
成都一木花卉种子发展有限公司,http:////www.11467.com/chengdu/co/136833.htm
含羞草有限公司,http:////www.11467.com/chengdu/co/136029.htm
汉中春光油脂厂,http:////www.11467.com/chengdu/co/136647.htm
成都佳典有限公司,http:////www.11467.com/chengdu/co/136422.htm
彭氏（个体经营,http:////www.11467.com/chengdu/co/136417.htm
四川蜀海景观工程有限公司,http:////www.11467.com/chengdu/co/136567.htm
四川大可种业有限公司,http:////www.11467.com/chengdu/co/136911.htm
益康种业有限公司,http:////www.11467.com/chengdu/co/136554.htm
张绍良（个体经营）,http:////www.11467.com/chengdu/co/136994.htm
杨昌建个体经营兄弟草场,http:////www.11467.com/chengdu/co/135876.htm
亿锦林业发展有限公司,http:////www.11467.com/chengdu/co/136867.htm
番禺东环街奥朗机械设备厂,http:////www.11467.com/guangzhou/co/414499.htm
广州百草园种业有限公司电子商务部,http:////www.11467.com/guangzhou/co/415970.htm
广州百草园种业有限公司,http:////www.11467.com/guangzhou/co/413753.htm
广州市黄埔区园林建筑工程有限公司,http:////www.11467.com/guangzhou/co/414063.htm
广州南港农业种苗有限公司,http:////www.11467.com/guangzhou/co/26450.htm
广州森森绿化种苗场,http:////www.11467.com/guangzhou/co/414752.htm
广州荟源农业科技有限公司招商部,http:////www.11467.com/guangzhou/co/414513.htm
广州千木园林有限公司,http:////www.11467.com/guangzhou/co/415737.htm
广州市绿艺园公司,http:////www.11467.com/guangzhou/co/415484.htm
广州市千巨园艺有限公司,http:////www.11467.com/guangzhou/co/414738.htm
麗日種子公司,http:////www.11467.com/guangzhou/co/415328.htm
梁利衡（个体经营）,http:////www.11467.com/guangzhou/co/414788.htm
吾楼动力有限公司,http:////www.11467.com/guangzhou/co/413624.htm
胡记花卉公司,http:////www.11467.com/guangzhou/co/413626.htm
蓝星园艺有限公司,http:////www.11467.com/guangzhou/co/413601.htm
广州市志荣种苗有限公司,http:////www.11467.com/guangzhou/co/36485.htm
苏上国（个体经营）,http:////www.11467.com/guangzhou/co/415340.htm
耀丹（个体经营）,http:////www.11467.com/guangzhou/co/414021.htm
名幸电子广州南沙有限公司,http:////www.11467.com/guangzhou/co/414450.htm
桂林穗杰种业,http:////www.11467.com/guilin/co/47405.htm
蒙一林（个体经营）,http:////www.11467.com/guilin/co/47234.htm
胜腾花卉园艺基地,http:////www.11467.com/guiyang/co/77409.htm
贵州德农种业有限责任公司,http:////www.11467.com/guiyang/co/52684.htm
云桥科技公司,http:////www.11467.com/guiyang/co/77234.htm
哈尔滨海尔斯科技环保有限公司,http:////www.11467.com/haerbin/co/59986.htm
阿研种子有限公司,http:////www.11467.com/haerbin/co/60474.htm
黑龙江省香大花卉有限公司,http:////www.11467.com/haerbin/co/13336.htm
邯郸伟立方农业科技有限公司,http:////www.11467.com/handan/co/54302.htm
方正绿化公司,http:////www.11467.com/hangzhou/co/303508.htm
杭州高登生物科技有限公司,http:////www.11467.com/hangzhou/co/295548.htm
杭州必恩奇有限公司,http:////www.11467.com/hangzhou/co/304172.htm
杭州碧盛生态科技有限公司,http:////www.11467.com/hangzhou/co/304540.htm
杭州明华园林种苗有限公司,http:////www.11467.com/hangzhou/co/186103.htm
杭州文强有限公司,http:////www.11467.com/hangzhou/co/303886.htm
美叶园艺有限责任公司,http:////www.11467.com/hangzhou/co/303848.htm
杭州良跃花木有限公司,http:////www.11467.com/hangzhou/co/303791.htm
浙江省杭州市春韵生态环境科技有限公司,http:////www.11467.com/hangzhou/co/304069.htm
缘谊吧园艺资材经营部,http:////www.11467.com/hangzhou/co/304372.htm
梅梅苗木公司,http:////www.11467.com/hangzhou/co/304487.htm
钟育华（个体经营）,http:////www.11467.com/hangzhou/co/304451.htm
杭州金禾园艺科技有限公司,http:////www.11467.com/hangzhou/co/189880.htm
杭州组培生物科技有限公司,http:////www.11467.com/hangzhou/co/303337.htm
乡土园艺有限公司,http:////www.11467.com/hangzhou/co/304428.htm
安徽徽大（农业）商贸有限公司,http:////www.11467.com/hefei/co/101986.htm
德农正成种业有限公司安徽分公司,http:////www.11467.com/hefei/co/101875.htm
航亿玫瑰园艺景观工程有限公司,http:////www.11467.com/hefei/co/101971.htm
合肥万讯园林养护有限公司,http:////www.11467.com/hefei/co/102004.htm
莲藕（个体经营）,http:////www.11467.com/hefei/co/101924.htm
合肥市诚信农业技术发展有限公司,http:////www.11467.com/hefei/co/63180.htm
舒城县万佛山珍稀植物研究中心,http:////www.11467.com/hefei/co/101821.htm
连云港大圣农资公司,http:////www.11467.com/lianyungang/co/32312.htm
畅生花卉有限公司,http:////www.11467.com/lianyungang/co/32368.htm
山东汇德丰有限公司有限公司,http:////www.11467.com/liaocheng/co/38176.htm
可强有限公司,http:////www.11467.com/liaocheng/co/38084.htm
聊城市赛丰种业经销部,http:////www.11467.com/liaocheng/co/37991.htm
安吉优派家居用品有限公司,http:////www.11467.com/linfen/co/38451.htm
临沂洪发贸易有限公司,http:////www.11467.com/linyi/co/96637.htm
山东省临沂市汤楠绿化苗圃场,http:////www.11467.com/linyi/co/74424.htm
平邑县福润达金银花种植专业合作社,http:////www.11467.com/linyi/co/92357.htm
山东栋材银杏苗木有限公司,http:////www.11467.com/linyi/co/95662.htm
山东省临沂市河东区农业局,http:////www.11467.com/linyi/co/12500.htm
山东临东苗木花卉种植专业合作社,http:////www.11467.com/linyi/co/95157.htm
山东临沂绿洲良种苗木基地,http:////www.11467.com/linyi/co/73984.htm
临沂耀东粮贸行,http:////www.11467.com/linyi/co/74437.htm
沂水供销农资超市,http:////www.11467.com/linyi/co/74347.htm
山东省临沂市创伟苗木繁育基地,http:////www.11467.com/linyi/co/73966.htm
广源苗木花卉有限公司,http:////www.11467.com/linyi/co/74410.htm
山东省临沂市信诚苗木繁育基地,http:////www.11467.com/linyi/co/74461.htm
洛阳帅强植物快繁中心苗木销售部,http:////www.11467.com/luoyang/co/52313.htm
洛阳农技物化服务中心,http:////www.11467.com/luoyang/co/52221.htm
北方花木公司,http:////www.11467.com/luoyang/co/52362.htm
夕阳种子有限公司,http:////www.11467.com/luoyang/co/52380.htm
广东省茂名市国营河尾山林场种子站,http:////www.11467.com/maoming/co/33628.htm
双双风实业有限公司,http:////www.11467.com/mianyang/co/38139.htm
绵阳市富民种业,http:////www.11467.com/mianyang/co/38235.htm
三台县立林中药材种植专业合作社,http:////www.11467.com/mianyang/co/46622.htm
绵阳市红卫油脂加工厂,http:////www.11467.com/mianyang/co/38103.htm
四川强盛农业科技有限公司,http:////www.11467.com/mianyang/co/38208.htm
绵阳市川松农业科技有限公司,http:////www.11467.com/mianyang/co/30748.htm
绵阳市五月咨询公司,http:////www.11467.com/mianyang/co/38101.htm
四川绵阳川松农业科技责任有限公司,http:////www.11467.com/mianyang/co/38122.htm
绵阳喜地种业有限公司,http:////www.11467.com/mianyang/co/38258.htm
绵阳市丰登种子中心,http:////www.11467.com/mianyang/co/38134.htm
江西花木种业,http:////www.11467.com/nanchang/co/98860.htm
江西成林园艺有限公司,http:////www.11467.com/nanchang/co/98785.htm
南昌市青山湖区森湖园艺场,http:////www.11467.com/nanchang/co/98897.htm
玩酷时尚男装（个体经营）,http:////www.11467.com/nanchang/co/99014.htm
四川盛裕种业有限公司,http:////www.11467.com/nanchong/co/17420.htm
江苏中南种业科技有限公司,http:////www.11467.com/nanjing/co/109763.htm
江苏宏发实业有限公司,http:////www.11467.com/nanjing/co/109771.htm
江苏弘林科技发展有限公司,http:////www.11467.com/nanjing/co/31260.htm
江苏苗木交易,http:////www.11467.com/nanjing/co/109803.htm
江苏中江公司,http:////www.11467.com/nanjing/co/109760.htm
满园春园艺公司,http:////www.11467.com/nanjing/co/109653.htm
南京市雨秋雪松园艺场,http:////www.11467.com/nanjing/co/109677.htm
南京艺枫草坪工程有公司,http:////www.11467.com/nanjing/co/109995.htm
南京市浦口区龙华苗圃园艺场,http:////www.11467.com/nanjing/co/109323.htm
南京雪松苗木培育中心,http:////www.11467.com/nanjing/co/109713.htm
南京艺莲苑花卉有限公司,http:////www.11467.com/nanjing/co/8373.htm
南京丰硕园艺有限公司,http:////www.11467.com/nanjing/co/109334.htm
苏北大型花卉籽种有限公司,http:////www.11467.com/suqian/co/13911.htm
江苏沭阳佳顺花木基地,http:////www.11467.com/suqian/co/13985.htm
江苏省宿迁市日昌园艺有限公司,http:////www.11467.com/suqian/co/14535.htm
江苏德通园林工程有限公司,http:////www.11467.com/suqian/co/25880.htm
沭阳县新林花木场,http:////www.11467.com/suqian/co/20439.htm
江苏沭阳九鼎苗木场,http:////www.11467.com/suqian/co/14185.htm
沭阳县楚汉园林绿化工程有限公司,http:////www.11467.com/suqian/co/24180.htm
苏州市种子公司,http:////www.11467.com/suzhou/co/23640.htm
宿州市三农种业有限公司,http:////www.11467.com/suzhoushi/co/18922.htm
安徽宿州曹村林业站,http:////www.11467.com/suzhoushi/co/18898.htm
狂浪有限责任公司,http:////www.11467.com/suzhoushi/co/18935.htm
泰安开发区兴农园艺场,http:////www.11467.com/taian/co/40786.htm
山东绿色天地公司,http:////www.11467.com/taian/co/40693.htm
野生莲藕基地,http:////www.11467.com/taian/co/40687.htm
山东澳康农业科技有限公司,http:////www.11467.com/taian/co/40477.htm
丁德利（个体经营）,http:////www.11467.com/taian/co/40518.htm
布谷鸟连锁店,http:////www.11467.com/taian/co/40671.htm
徐学昌（个体经营）,http:////www.11467.com/taian/co/40872.htm
泰安开发区贵和苗圃,http:////www.11467.com/taian/co/40974.htm
周生琴(个体经营),http:////www.11467.com/taian/co/40607.htm
旭岳（个体经营）,http:////www.11467.com/taian/co/40618.htm
山西格瑞伟业牧草有限公司,http:////www.11467.com/taiyuan/co/104667.htm
慕云资产管理有限责任公司,http:////www.11467.com/taiyuan/co/104616.htm
山西常青园林绿化工程有限公司,http:////www.11467.com/taiyuan/co/104776.htm
山西煜睿园林绿化工程有限公司,http:////www.11467.com/taiyuan/co/125037.htm
中北大学后勤集团,http:////www.11467.com/taiyuan/co/104724.htm
山西省山河苑林业苗圃有限公司,http:////www.11467.com/taiyuan/co/104634.htm
台州市路桥绿之星遮阳网厂,http:////www.11467.com/taizhou/co/104623.htm
泰州洁西卡精致农业有限公司,http:////www.11467.com/taizhoushi/co/34317.htm
玉田县向阳塑料制品厂,http:////www.11467.com/tangshan/co/75661.htm
威海锦林园艺中心,http:////www.11467.com/weihai/co/35625.htm
鞠静（个体经营）,http:////www.11467.com/weihai/co/35530.htm
松琳花卉有限公司,http:////www.11467.com/weihai/co/35533.htm
威境园林建设有限公司,http:////www.11467.com/weihai/co/35536.htm
贾文豪（个体经营）,http:////www.11467.com/weihai/co/35524.htm
温州泰顺百草园专业合作社,http:////www.11467.com/wenzhou/co/167979.htm
温州市十里坡农场,http:////www.11467.com/wenzhou/co/28053.htm
清江文母批发杨二毛个体经营,http:////www.11467.com/wuhan/co/112057.htm
德农正成种业,http:////www.11467.com/wuhan/co/112306.htm
符碧犀（个体经营）,http:////www.11467.com/wuhan/co/111511.htm
湖北省森防总站,http:////www.11467.com/wuhan/co/111912.htm
宏云贸易有限公司,http:////www.11467.com/wuhan/co/111836.htm
湖北省国营大沙湖农场种子公司,http:////www.11467.com/wuhan/co/111669.htm
武汉德生草业科技中心,http:////www.11467.com/wuhan/co/111593.htm
时代通信经营部,http:////www.11467.com/wuhan/co/111642.htm
裴氏中人藕业有限公司,http:////www.11467.com/wuhan/co/112039.htm
湖北三鑫贸易有限公司,http:////www.11467.com/wuhan/co/112133.htm
恋轩坊种子公司,http:////www.11467.com/wuhan/co/112315.htm
田志清贸易公司,http:////www.11467.com/wuhan/co/112164.htm
私营莲藕公司,http:////www.11467.com/wuhan/co/112089.htm
中人藕业有限责任公司,http:////www.11467.com/wuhan/co/112027.htm
武汉莲藕公司,http:////www.11467.com/wuhan/co/111514.htm
叶涛时光合乎公司,http:////www.11467.com/wuhan/co/112419.htm
武汉市江夏区兴鹏飞苗圃园,http:////www.11467.com/wuhan/co/146951.htm
振华食品批发有限公司,http:////www.11467.com/wuhan/co/111534.htm
武汉市江夏区山坡街道荷尖苗圃场,http:////www.11467.com/wuhan/co/148490.htm
武汉市洪山区百绿草坪景观服务部,http:////www.11467.com/wuhan/co/112328.htm
武汉市神州园林绿化有限公司,http:////www.11467.com/wuhan/co/48730.htm
武汉市东西湖走马岭金松农场,http:////www.11467.com/wuhan/co/112355.htm
芜湖市绿苑园艺有限公司,http:////www.11467.com/wuhu/co/25078.htm
绿疆花卉公司,http:////www.11467.com/wulumuqi/co/98994.htm
乌鲁木齐市农业科技开发公司,http:////www.11467.com/wulumuqi/co/83832.htm
武红旗（个体经营）,http:////www.11467.com/wulumuqi/co/98946.htm
乌鲁木齐楚天农业科技有限公司,http:////www.11467.com/wulumuqi/co/99103.htm
宜远农资公司,http:////www.11467.com/wulumuqi/co/98927.htm
卓为有限公司,http:////www.11467.com/wuxi/co/212733.htm
郁香园艺有限公司,http:////www.11467.com/wuxi/co/212844.htm
厦门市山海湖有限公司,http:////www.11467.com/xiamen/co/80137.htm
陈金紧种子有限公司,http:////www.11467.com/xiamen/co/80479.htm
厦门植物种园,http:////www.11467.com/xiamen/co/80288.htm
兴友花卉公司,http:////www.11467.com/xiamen/co/80509.htm
厦门金得盛种业有限公司,http:////www.11467.com/xiamen/co/80529.htm
厦门花花花店,http:////www.11467.com/xiamen/co/80364.htm
厦门芊蕙种苗有限公司,http:////www.11467.com/xiamen/co/19754.htm
玲红花卉公司,http:////www.11467.com/xian/co/90740.htm
农神科技生态农业推广公司,http:////www.11467.com/xian/co/90585.htm
陕西权生园艺有限公司,http:////www.11467.com/xian/co/91274.htm
江山如画花卉种子公司,http:////www.11467.com/xian/co/90552.htm
陕西秦海种业有限公司,http:////www.11467.com/xian/co/91132.htm
陕西天行健生物工程有限公司,http:////www.11467.com/xian/co/39910.htm
水云涧休闲养殖场,http:////www.11467.com/xian/co/91213.htm
执行生物科技有限公司,http:////www.11467.com/xian/co/91060.htm
西安园艺发展有限责任公司,http:////www.11467.com/xian/co/90732.htm
西安香格里拉映象商贸管理有限公司,http:////www.11467.com/xian/co/91325.htm
襄樊职业技术学院组织培养中心,http:////www.11467.com/xiangfan/co/40478.htm
三马服务有限公司,http:////www.11467.com/xiangtan/co/26283.htm
河北巨鹿富农金银花枸杞专业合作社,http:////www.11467.com/xintai/co/51316.htm
河南省豫北有限种子公司,http:////www.11467.com/xinxiang/co/26284.htm
河南五星种业有限公司,http:////www.11467.com/xinxiang/co/26279.htm
皮红斌(个体经营),http:////www.11467.com/xinyu/co/7849.htm
淮海农艺中心,http:////www.11467.com/xuzhou/co/62218.htm
新沂市美利达苗木种植有限公司,http:////www.11467.com/xuzhou/co/81578.htm
江苏省盐城市新良明天种业科技有限公司,http:////www.11467.com/yancheng/co/60160.htm
江苏省盐城市园林花木厂,http:////www.11467.com/yancheng/co/60079.htm
海海电子公司,http:////www.11467.com/yancheng/co/60097.htm
扬州可利花业有限公司,http:////www.11467.com/yangzhou/co/105467.htm
农业种子冲施肥,http:////www.11467.com/yantai/co/132563.htm
海发食品有限公司,http:////www.11467.com/yantai/co/132417.htm
莱州园林绿化公司,http:////www.11467.com/yantai/co/132437.htm
隆平高科种业江西分公司赣西销售中心,http:////www.11467.com/yichun/co/21637.htm
遂平县龙天沟茂盛植物园有限公司,http:////www.11467.com/zhumadian/co/27154.htm
淄博市临淄绿林果品有限公司,http:////www.11467.com/zibo/co/54522.htm
淄博春满园花卉苗木有限公司,http:////www.11467.com/zibo/co/63009.htm
北京奥成园景园林工程公司,http:////www.11467.com/beijing/co/32173.htm
北京布莱特草业有限公司销售部,http:////www.11467.com/beijing/co/32062.htm
北京纯真公司,http:////www.11467.com/beijing/co/139194.htm
北京高宝农业科技有限公司,http:////www.11467.com/beijing/co/139567.htm
北京华耐种子有限公司,http:////www.11467.com/beijing/co/361478.htm
北京井田种苗有限公司,http:////www.11467.com/beijing/co/139361.htm
北京金元易生态工程中心,http:////www.11467.com/beijing/co/436072.htm
北京绿色华夏科贸投资有限公司,http:////www.11467.com/beijing/co/139038.htm
北京金凯撒花卉有限公司,http:////www.11467.com/beijing/co/436063.htm
北京梅兰竹菊园艺花卉有限公司,http:////www.11467.com/beijing/co/225104.htm
北京三元农业公司种业分公司,http:////www.11467.com/beijing/co/436263.htm
北京圣蓝林生态科技有限公司,http:////www.11467.com/beijing/co/435855.htm
北京市永佳恒业科贸有限责任公司,http:////www.11467.com/beijing/co/565265.htm
北京天地人和苗圃场,http:////www.11467.com/beijing/co/488450.htm
北京拓新逸达科技有限公司,http:////www.11467.com/beijing/co/436257.htm
北京徽洋餐厅,http:////www.11467.com/beijing/co/435974.htm
宁夏远声绿阳草业有限公司,http:////www.11467.com/yinchuan/co/30648.htm
湖南花香农家乐公司,http:////www.11467.com/yiyang/co/19666.htm
益阳榆桂园艺有限公司,http:////www.11467.com/yiyang/co/19580.htm
玉林市蒋百合种子有限公司,http:////www.11467.com/yulin/co/19879.htm
海联生物工程股份有限公司,http:////www.11467.com/yulin/co/19974.htm
榆林市富通生态农业开发有限公司,http:////www.11467.com/yulinshi/co/1085.htm
云南玉溪明珠花卉有限公司,http:////www.11467.com/yuxi/co/214.htm
大自然园林绿化有限公司,http:////www.11467.com/zaozhuang/co/30137.htm
莲藕代销公司,http:////www.11467.com/zaozhuang/co/30011.htm
枣庄峄城古运荷乡莲藕供销公司,http:////www.11467.com/zaozhuang/co/30206.htm
张家界丰胜农林产业有限公司,http:////www.11467.com/zhangjiajie/co/8994.htm
河北地矿建设工程集团张家口公司,http:////www.11467.com/zhangjiakou/co/5483.htm
张家口市宣化区亚新农业科技示农场种子经销部,http:////www.11467.com/zhangjiakou/co/29595.htm
国宏种苗有限公司,http:////www.11467.com/zhanjiang/co/44704.htm
河南豫玉种业,http:////www.11467.com/zhengzhou/co/144091.htm
河南省福星种业有限公司,http:////www.11467.com/zhengzhou/co/143601.htm
喜中花卉批发商行,http:////www.11467.com/zhengzhou/co/143405.htm
河南农大园林工程公司,http:////www.11467.com/zhengzhou/co/143931.htm
郑州华丰草业科技有限公司,http:////www.11467.com/zhengzhou/co/144276.htm
郑州市金水区美农达种子经营部,http:////www.11467.com/zhengzhou/co/144164.htm
郑州三水源生态农林开发有限公司,http:////www.11467.com/zhengzhou/co/178551.htm
郑州东东商贸有限公司,http:////www.11467.com/zhengzhou/co/143693.htm
中山市利昌园艺有限公司,http:////www.11467.com/zhongshan/co/115248.htm
岳龙种苗公司,http:////www.11467.com/zhongshan/co/115192.htm
黄先荣（个体经营）,http:////www.11467.com/zhongshan/co/103087.htm
中山统一花木苗圃场,http:////www.11467.com/zhongshan/co/115479.htm
农副产贸易有限公司,http:////www.11467.com/zhongshan/co/115462.htm
上海棕榈园林有限公司,http:////www.11467.com/zhongshan/co/115165.htm
潮汕油菜商场,http:////www.11467.com/zhuhai/co/87692.htm
珠海亮点商贸公司,http:////www.11467.com/zhuhai/co/87733.htm
驻马店大正农资服务公司,http:////www.11467.com/zhumadian/co/23528.htm
北京卓亚农业科技有限公司,http:////www.11467.com/beijing/co/555086.htm
北京斯达特（SDT）实用组培技术开发中心,http:////www.11467.com/beijing/co/436304.htm
福埠园艺有限公司,http:////www.11467.com/beijing/co/32222.htm
北京紫薇园沃野苗木花卉基地,http:////www.11467.com/beijing/co/435957.htm
飞达种业有限公司,http:////www.11467.com/beijing/co/328411.htm
公主花艺有限公司,http:////www.11467.com/beijing/co/139033.htm
深圳市英龙建安（集团）北京分公司,http:////www.11467.com/beijing/co/139396.htm
科龙伟业农产品有限责任公司,http:////www.11467.com/beijing/co/436078.htm
绿满川葡萄庄园,http:////www.11467.com/beijing/co/587803.htm
北林科技种业公司,http:////www.11467.com/beijing/co/436352.htm
胡乃璞（个体经营）,http:////www.11467.com/beijing/co/654993.htm
亚美园艺公司,http:////www.11467.com/beijing/co/436376.htm
时代新农（北京）科技发展有限公司,http:////www.11467.com/beijing/co/436231.htm
幽趣科技发展有限公司,http:////www.11467.com/beijing/co/565261.htm
张强有限公司,http:////www.11467.com/beijing/co/328330.htm
北京中农种业有限责任公司园艺技术分公司,http:////www.11467.com/beijing/co/435791.htm
北京中林花木公司,http:////www.11467.com/beijing/co/587778.htm
北京市新基业有限公司,http:////www.11467.com/beijing/co/587748.htm
天行若木生物工程开发有限公司,http:////www.11467.com/beijing/co/435922.htm
北京艺美园艺有限责任公司,http:////www.11467.com/beijing/co/436203.htm
北京跃华种业科技有限公司,http:////www.11467.com/beijing/co/436350.htm
中农隆达化肥有限公司,http:////www.11467.com/beijing/co/626670.htm
金风林业有限公司,http:////www.11467.com/beijing/co/253471.htm
云南呈贡鲜花培育基地,http:////www.11467.com/beijing/co/328483.htm
于阳 （个体经营）,http:////www.11467.com/beijing/co/139708.htm
联能种植公司,http:////www.11467.com/beijing/co/488454.htm
上海芬亚贝贸易有限公司,http:////www.11467.com/shanghai/co/947973.htm
上海福豪园艺有限公司,http:////www.11467.com/shanghai/co/90463.htm
上海广缘园艺场,http:////www.11467.com/shanghai/co/536484.htm
上海教大农业科技有限公司,http:////www.11467.com/shanghai/co/810697.htm
上海天禄园艺有限公司,http:////www.11467.com/shanghai/co/838352.htm
上海天圣种业发展有限公司,http:////www.11467.com/shanghai/co/371302.htm
上海永馨花店,http:////www.11467.com/shanghai/co/1016168.htm
亚泰园林发展有限公司,http:////www.11467.com/shanghai/co/690578.htm
羽红有限公司公司,http:////www.11467.com/shanghai/co/746824.htm
欣霖实业有限公司,http:////www.11467.com/shanghai/co/90445.htm
上海种业集团,http:////www.11467.com/shanghai/co/896840.htm
南麓商贸有限公司,http:////www.11467.com/tianjin/co/92578.htm
绿华盛园林有限公司,http:////www.11467.com/tianjin/co/38528.htm
天津科润农业科技股份有限公司,http:////www.11467.com/tianjin/co/92591.htm
天津津科力丰种苗有限公司,http:////www.11467.com/tianjin/co/201045.htm
天津市科润蔬菜研究所,http:////www.11467.com/tianjin/co/190738.htm
重庆安丰农业科技有限公司,http:////www.11467.com/chongqing/co/100568.htm
青青香草园,http:////www.11467.com/chongqing/co/127464.htm
重庆弘洲种业有限公司,http:////www.11467.com/chongqing/co/160481.htm
江津市先锋苗圃场,http:////www.11467.com/chongqing/co/60519.htm
重庆伟权农业开发有限公司,http:////www.11467.com/chongqing/co/100592.htm
合川猫猫公司,http:////www.11467.com/chongqing/co/42452.htm
熊绍宏（个体经营）,http:////www.11467.com/chongqing/co/160518.htm
重庆市涪陵区容锋种子农药经营部,http:////www.11467.com/chongqing/co/36922.htm
重庆市涪陵区容锋种子农药经营部,http:////www.11467.com/chongqing/co/36922.htm
重庆亿霖林业有限公司,http:////www.11467.com/chongqing/co/195536.htm
重庆奇壳科技有限责任公司,http:////www.11467.com/chongqing/co/80614.htm
重庆勇君农业发展有限公司,http:////www.11467.com/chongqing/co/6468.htm
重庆永川农业科研所种子公司,http:////www.11467.com/chongqing/co/160502.htm
农安县荣发绿化苗圃有限公司,http:////www.11467.com/changchun/co/105689.htm
福建省建阳鑫绿苗圃有限公司,http:////www.11467.com/nanping/co/45606.htm
仙游县太阳山花木苗圃专业合作社,http:////www.11467.com/putian/co/45944.htm
三门峡市湖滨区杰温苗圃农民专业合作社,http:////www.11467.com/sanmenxia/co/1901.htm
马鞍山市盛态苗圃有限公司,http:////www.11467.com/maanshan/co/29894.htm
镇安县黑窑沟林场西安市长安区秦泰绿化苗圃,http:////www.11467.com/xian/co/130829.htm
枣庄市山亭区宇滕苗圃,http:////www.11467.com/zaozhuang/co/48313.htm
泰安市岱岳区黄前镇成浩苗圃,http:////www.11467.com/taian/co/59762.htm
淮北市龙顺苗圃种植有限公司,http:////www.11467.com/huaibei/co/19611.htm
庐江县宛新力苗圃,http:////www.11467.com/chaohu/co/22528.htm
池州市九华山风景区华润苗圃有限公司,http:////www.11467.com/chizhou/co/14093.htm
方城县博望镇小周苗圃种植专业合作社,http:////www.11467.com/nanyang/co/42892.htm
确山县万喜苗圃种植专业合作社,http:////www.11467.com/zhumadian/co/30967.htm
方城县彬彬苗圃种植专业合作社,http:////www.11467.com/nanyang/co/42969.htm
汉川辉煌苗圃专业合作社,http:////www.11467.com/xiaogan/co/22441.htm
黄石市贤分苗圃场,http:////www.11467.com/huangshi/co/20279.htm
任丘市荣容苗圃种植专业合作社,http:////www.11467.com/cangzhou/co/68822.htm
合肥飞雪梅林苗圃培育基地,http:////www.11467.com/hefei/co/142454.htm
鄂州市晓贤苗圃有限公司,http:////www.11467.com/ezhou/co/13491.htm
尉氏县裕宏苗圃家庭农场,http:////www.11467.com/kaifeng/co/23471.htm
肥西县月阳苗圃,http:////www.11467.com/hefei/co/142705.htm
闽清县绿江苗圃园,http:////www.11467.com/fuzhou/co/197160.htm
兰州新区安达苗圃,http:////www.11467.com/lanzhou/co/86068.htm
河南九水山彩色苗圃有限公司,http:////www.11467.com/xinxiang/co/36390.htm
肥西县达福苗圃,http:////www.11467.com/hefei/co/142819.htm
上杭县官庄乡鹏祥苗圃场,http:////www.11467.com/longyan/co/31783.htm
巴林左旗芙润苗木有限公司,http:////www.11467.com/chifeng/co/26692.htm
邛崃市鹤鸣苗圃种植场,http:////www.11467.com/chengdu/co/245835.htm
滕州市级索镇韩庄苗圃,http:////www.11467.com/zaozhuang/co/48499.htm
潢川县白桥苗圃场,http:////www.11467.com/xinyang/co/26103.htm
潢川县长江苗圃场,http:////www.11467.com/xinyang/co/26104.htm
潢川县耀玲苗圃场,http:////www.11467.com/xinyang/co/26108.htm
巨鹿县绿园花卉苗圃场,http:////www.11467.com/xintai/co/58670.htm
合肥市依水居苗圃,http:////www.11467.com/hefei/co/143170.htm
宾阳福盛苗圃有限公司,http:////www.11467.com/nanning/co/89974.htm
巫山县金龙苗圃种植专业合作社,http:////www.11467.com/chongqing/co/214157.htm
重庆市江津区古玉苗圃有限公司,http:////www.11467.com/chongqing/co/218136.htm
濉溪县农夫庄园种植有限公司,http:////www.11467.com/huaibei/co/20300.htm
广水市明亮生态苗圃专业合作社,http:////www.11467.com/suizhou/co/12423.htm
重庆市南川区范兴全腻子粉加工厂,http:////www.11467.com/chongqing/co/245481.htm
重庆市璧山区启中苗圃场,http:////www.11467.com/chongqing/co/255240.htm
开县双龙园林苗圃,http:////www.11467.com/chongqing/co/255259.htm
重庆市璧山区袤原苗圃场,http:////www.11467.com/chongqing/co/256337.htm
开县红豆杉苗圃种植基地,http:////www.11467.com/chongqing/co/257514.htm
重庆市璧山区胡燕苗圃场,http:////www.11467.com/chongqing/co/257907.htm
丰都县苗苗苗圃种植专业合作社,http:////www.11467.com/chongqing/co/262952.htm
重庆良木缘苗圃有限公司,http:////www.11467.com/chongqing/co/264171.htm
重庆市江津区曹树彬苗圃种植家庭农场,http:////www.11467.com/chongqing/co/266387.htm
昌邑市鼎立薄壳核桃种植专业合作社,http:////www.11467.com/weifang/co/169585.htm
重庆市璧山区周培才苗圃场,http:////www.11467.com/chongqing/co/267514.htm
开县婷林苗圃种植场,http:////www.11467.com/chongqing/co/268203.htm
奉节县耕苗苗圃种植有限公司,http:////www.11467.com/chongqing/co/268654.htm
重庆市璧山区鸿宾苗圃,http:////www.11467.com/chongqing/co/271818.htm
重庆市璧山区若瑜苗圃场,http:////www.11467.com/chongqing/co/272381.htm
重庆市璧山区刘忠苗圃场,http:////www.11467.com/chongqing/co/274888.htm
重庆市璧山区友萍苗圃场,http:////www.11467.com/chongqing/co/276274.htm
洱源县亿秀苗圃基地,http:////www.11467.com/dali/co/13957.htm
宜良县华然苗圃,http:////www.11467.com/kunming/co/145638.htm
宜良县缘融苗圃,http:////www.11467.com/kunming/co/145890.htm
昌宁县后大山苗圃园,http:////www.11467.com/baoshan/co/10852.htm
隆阳区洪来苗圃,http:////www.11467.com/baoshan/co/10873.htm
宜良县记仙苗圃,http:////www.11467.com/kunming/co/146013.htm
宜良县芬菊苗圃,http:////www.11467.com/kunming/co/146036.htm
宜良冲平苗圃,http:////www.11467.com/kunming/co/146306.htm
澄江县小西冲苗圃,http:////www.11467.com/yuxi/co/18846.htm
禄劝晓银苗圃休闲农庄餐饮服务有限公司,http:////www.11467.com/kunming/co/146488.htm
澄江县宏运苗圃,http:////www.11467.com/yuxi/co/18915.htm
宜良县春应苗圃,http:////www.11467.com/kunming/co/147006.htm
宜良县小慧苗圃,http:////www.11467.com/kunming/co/147084.htm
石柱土家族自治县福胜苗圃,http:////www.11467.com/chongqing/co/278319.htm
石柱土家族自治县元红苗圃,http:////www.11467.com/chongqing/co/279296.htm
奉节县芳禹苗圃种植场,http:////www.11467.com/chongqing/co/280056.htm
重庆市黔江区极爱苗圃种植场,http:////www.11467.com/chongqing/co/280186.htm
重庆市黔江区苏冠苗圃种植场,http:////www.11467.com/chongqing/co/280272.htm
重庆市璧山区修胜苗圃场,http:////www.11467.com/chongqing/co/282875.htm
重庆市璧山区仪杨花卉苗圃有限公司,http:////www.11467.com/chongqing/co/287227.htm
重庆市璧山区丽琴苗圃场,http:////www.11467.com/chongqing/co/287865.htm
重庆市璧山区泽胜苗圃场,http:////www.11467.com/chongqing/co/287872.htm
北京铁皮石斛种植基地公司,http:////www.11467.com/beijing/co/762012.htm
酉阳县华胜黄柏苗圃,http:////www.11467.com/chongqing/co/304322.htm
重庆市万州区恒创生态苗圃,http:////www.11467.com/chongqing/co/304815.htm
重庆市璧山区王兴云苗圃场,http:////www.11467.com/chongqing/co/312459.htm
重庆市璧山区张耿苗圃场,http:////www.11467.com/chongqing/co/312460.htm
彭水县军益苗圃种植场,http:////www.11467.com/chongqing/co/312697.htm
温州市瓯海潘桥鹏来腻子粉厂,http:////www.11467.com/wenzhou/co/316688.htm
上海市嘉定区马陆镇爱嘉苗木经营部,http:////www.11467.com/shanghai/co/1260142.htm
保定市永佳苗圃场,http:////www.11467.com/baoding/co/142925.htm
孝感市启园园林绿化工程有限公司,http:////www.11467.com/xiaogan/co/26160.htm
新疆伊犁弘农薰衣草苗木研发中心,http:////www.11467.com/yili/co/12763.htm
三河市盛也苗圃有限公司,http:////www.11467.com/langfang/co/94083.htm
苍溪县蜀秀花果农业科技开发有限公司,http:////www.11467.com/guangyuan/co/21061.htm
江苏丰泽园花卉有限公司,http:////www.11467.com/suqian/co/31493.htm
吉林九洲金红娃葡萄苗农民合作社,http:////www.11467.com/changchun/co/111043.htm
大理市孟军蔬菜专业合作社,http:////www.11467.com/dali/co/14709.htm
蠡县鸿盛苗圃场,http:////www.11467.com/baoding/co/177775.htm
喀喇沁旗美林花卉公司,http:////www.11467.com/chifeng/co/24383.htm
常州丰收园林绿化,http:////www.11467.com/changzhou/co/148073.htm
重庆孙大姐花木有限公司,http:////www.11467.com/chongqing/co/204512.htm
沈阳新中华花卉有限公司,http:////www.11467.com/anshan/co/74655.htm
沈阳绿丰养护管理公司,http:////www.11467.com/anshan/co/74621.htm
新卉兰业公司,http:////www.11467.com/anshan/co/74599.htm
中国农业科学棉花研究所,http:////www.11467.com/anyang/co/31699.htm
汤阴亚元有限公司,http:////www.11467.com/anyang/co/31817.htm
郑杰新型养殖厂,http:////www.11467.com/anyang/co/31709.htm
安阳市一育山楂苗圃有限公司,http:////www.11467.com/anyang/co/38394.htm
靖远县生态阳光苗圃,http:////www.11467.com/baiyin/co/6291.htm
易县南柳泉绿景园苗圃场,http:////www.11467.com/baoding/co/90418.htm
保定市新市区禾润苗圃,http:////www.11467.com/baoding/co/85696.htm
易县民民利苗圃场,http:////www.11467.com/baoding/co/90420.htm
定州市鑫新淼苗圃场,http:////www.11467.com/baoding/co/89624.htm
保定市种苗公司,http:////www.11467.com/baoding/co/62805.htm
阜平县建政苗圃培育有限公司,http:////www.11467.com/baoding/co/84556.htm
河北丰收种业有限公司,http:////www.11467.com/baoding/co/62864.htm
保定市风景园林建设有限公司,http:////www.11467.com/baoding/co/11983.htm
望都县绿景苗圃场,http:////www.11467.com/baoding/co/90068.htm
清苑县洁源腻子粉制造有限公司,http:////www.11467.com/baoding/co/89813.htm
雄县绿洋苗圃有限公司,http:////www.11467.com/baoding/co/83996.htm
定州市良红苗圃场,http:////www.11467.com/baoding/co/85361.htm
蠡县鲍墟绿野苗圃场,http:////www.11467.com/baoding/co/87343.htm
易县军营建军苗圃场,http:////www.11467.com/baoding/co/89325.htm
涿州纳高景逸苗圃场,http:////www.11467.com/baoding/co/84217.htm
望都县永旺苗圃场,http:////www.11467.com/baoding/co/90106.htm
清苑县向明苗圃场,http:////www.11467.com/baoding/co/84630.htm
望都县鑫景苗圃场,http:////www.11467.com/baoding/co/90069.htm
杨仲雄(个体经营),http:////www.11467.com/baoji/co/28253.htm
宝鸡佩尼拉农业有限公司,http:////www.11467.com/baoji/co/28302.htm
腾飞集团有限责任公司,http:////www.11467.com/baotou/co/27574.htm
美得苗木园艺公司,http:////www.11467.com/baotou/co/27553.htm
怀远县新城区发金苗圃场,http:////www.11467.com/bengbu/co/37935.htm
滨州市昱明育苗基地,http:////www.11467.com/binzhou/co/21010.htm
吉林省润禾生物工程有限公司,http:////www.11467.com/changchun/co/81832.htm
九台市九郊乡恒瑞腻子粉加工厂,http:////www.11467.com/changchun/co/97305.htm
长春市馨卉苗圃基地,http:////www.11467.com/changchun/co/98239.htm
湖南省常德市桃北油脂有限公司,http:////www.11467.com/changde/co/32773.htm
湖南常德兴地种业公司,http:////www.11467.com/changde/co/32797.htm
长沙劳威有限公司,http:////www.11467.com/changsha/co/101535.htm
湖南亚华种子有限公司,http:////www.11467.com/changsha/co/101228.htm
浏阳千禧土特产公司,http:////www.11467.com/changsha/co/101381.htm
长沙市荣发种子公司,http:////www.11467.com/changsha/co/101135.htm
国豪有限公司,http:////www.11467.com/changsha/co/101635.htm
湖南华康农业开发有限公司,http:////www.11467.com/changsha/co/104895.htm
长沙新万农种业有限公司,http:////www.11467.com/changsha/co/101501.htm
江苏家绿种苗有限公司,http:////www.11467.com/changzhou/co/126512.htm
溧阳市玉平腻子粉厂,http:////www.11467.com/changzhou/co/152554.htm
佛冈县五洞吴茱萸种植专业合作社,http:////www.11467.com/qiye/93035566.htm
安徽虹桥苗圃有限公司,http:////www.11467.com/chaohu/co/21645.htm
庐江县成威苗圃,http:////www.11467.com/chaohu/co/21700.htm
庐江县禾兴苗圃,http:////www.11467.com/chaohu/co/21349.htm
庐江县团结苗圃,http:////www.11467.com/chaohu/co/22215.htm
庐江县俊芹苗圃,http:////www.11467.com/chaohu/co/21893.htm
庐江县中升苗圃,http:////www.11467.com/chaohu/co/21038.htm
朝阳市军飞种子销售中心,http:////www.11467.com/chaoyang/co/25929.htm
唐华个体经营,http:////www.11467.com/chaoyang/co/25953.htm
朝阳市军飞种子销售中心,http:////www.11467.com/chaoyang/co/25930.htm
隆化县葱林源苗圃,http:////www.11467.com/chengde/co/29395.htm
隆化县泳泉苗圃,http:////www.11467.com/chengde/co/30347.htm
隆化县偏坡营宝珍苗圃,http:////www.11467.com/chengde/co/31568.htm
承德县永恒苗圃,http:////www.11467.com/chengde/co/31454.htm
隆化县绿隆苗圃,http:////www.11467.com/chengde/co/29663.htm
成都大川种业,http:////www.11467.com/chengdu/co/136965.htm
成都精卓种业有限公司,http:////www.11467.com/chengdu/co/136286.htm
成都市龙井路中强种子公司,http:////www.11467.com/chengdu/co/135722.htm
冯建国（个体经营）,http:////www.11467.com/chengdu/co/135952.htm
成都温江区永康花木园艺场,http:////www.11467.com/chengdu/co/135676.htm
黎晓华(个体经营),http:////www.11467.com/chengdu/co/136820.htm
科美（成都）能源开发公司,http:////www.11467.com/chengdu/co/136488.htm
温江区绿茁园苗圃场,http:////www.11467.com/chengdu/co/222060.htm
段林君（个体经营）,http:////www.11467.com/chengdu/co/135928.htm
威克特锐生态环境公司,http:////www.11467.com/chengdu/co/136192.htm
福临生物有限公司,http:////www.11467.com/chengdu/co/136420.htm
梁志平（个体经营）,http:////www.11467.com/chengdu/co/136231.htm
四川省成都大水牛园艺公司,http:////www.11467.com/chengdu/co/136550.htm
四川省金种燎原种业科技有限责任公司,http:////www.11467.com/chengdu/co/20765.htm
双流景华苗圃场,http:////www.11467.com/chengdu/co/232582.htm
双流县清涛苗圃场,http:////www.11467.com/chengdu/co/220515.htm
四川枫叶园林绿化有限公司,http:////www.11467.com/chengdu/co/41862.htm
乡村纯菜油加工厂,http:////www.11467.com/chengdu/co/135973.htm
西班牙Vidnacom有限公司助中国办事处,http:////www.11467.com/chengdu/co/136329.htm
大邑县黄麟苗圃园,http:////www.11467.com/chengdu/co/226250.htm
郑陶（个体经营）,http:////www.11467.com/chengdu/co/136915.htm
袁隆平高科技股份有限责任公司,http:////www.11467.com/chengdu/co/136847.htm
四川万禾隆种业有限公司,http:////www.11467.com/chengdu/co/33652.htm
天与花木交易有限公司,http:////www.11467.com/chengdu/co/136634.htm
瑞丰花卉种子生产育种公司,http:////www.11467.com/chifeng/co/24062.htm
赤峰市松良种业有限责任公司,http:////www.11467.com/chifeng/co/23974.htm
赤峰鑫瑞园艺有限公司,http:////www.11467.com/chifeng/co/23951.htm
赤峰锦绣花卉研究所,http:////www.11467.com/chifeng/co/2790.htm
正大园艺花卉公司,http:////www.11467.com/chifeng/co/23936.htm
赤峰长明园艺育种基地,http:////www.11467.com/chifeng/co/23940.htm
东至县四季青苗圃基地,http:////www.11467.com/chizhou/co/13250.htm
滁州市南谯区珠龙镇兆付苗圃场,http:////www.11467.com/chuzhou/co/31054.htm
滁州市南谯区玉虎苗圃场,http:////www.11467.com/chuzhou/co/32622.htm
来安县春景苗圃场,http:////www.11467.com/chuzhou/co/33264.htm
滁州市南谯区景能苗圃场,http:////www.11467.com/chuzhou/co/32623.htm
滁州市南谯区劲诚苗圃场,http:////www.11467.com/chuzhou/co/31331.htm
滁州市南谯区邵媛苗圃场,http:////www.11467.com/chuzhou/co/33067.htm
洱源县源森苗圃基地,http:////www.11467.com/dali/co/13057.htm
大连佛伦德球根花卉有限公司,http:////www.11467.com/dalian/co/6191.htm
大连金诚农业生态科技有限公司,http:////www.11467.com/dalian/co/71283.htm
邹余洋(个体经营),http:////www.11467.com/dalian/co/63677.htm
大连天勤苗圃,http:////www.11467.com/dalian/co/75426.htm
大连普湾新区石河君蓉苗圃,http:////www.11467.com/dalian/co/75074.htm
万源市廖家坝苗圃场,http:////www.11467.com/dazhou/co/21562.htm
万源市方伟苗圃场,http:////www.11467.com/dazhou/co/21654.htm
渠县宝城馨艺苗圃,http:////www.11467.com/dazhou/co/21581.htm
德农有限公司,http:////www.11467.com/dezhou/co/37737.htm
山东省武城县农业局,http:////www.11467.com/dezhou/co/16901.htm
健灵花卉公司,http:////www.11467.com/dongguan/co/403254.htm
湖北通山黄沙野果苗木发展公司,http:////www.11467.com/dongguan/co/403205.htm
刘珠（个体经营）,http:////www.11467.com/dongguan/co/403223.htm
绿源无纺布袋有限公司,http:////www.11467.com/dongguan/co/402863.htm
天天绿化公司,http:////www.11467.com/dongguan/co/403024.htm
周远均（个体经营）,http:////www.11467.com/dongguan/co/402722.htm
宋启立（个体经营）,http:////www.11467.com/dongying/co/32163.htm
广饶禾益农业有限公司,http:////www.11467.com/dongying/co/46198.htm
广饶鸿运园林有限公司,http:////www.11467.com/dongying/co/43322.htm
熊晓虹(个体经营),http:////www.11467.com/ezhou/co/12444.htm
崇联花卉种苗批发有限公司,http:////www.11467.com/foshan/co/294520.htm
佛山三水阳特园艺公司,http:////www.11467.com/foshan/co/295106.htm
华宝花木公司,http:////www.11467.com/foshan/co/294773.htm
广东省佛山市南海区平洲三茵园林工程有限公司,http:////www.11467.com/foshan/co/294894.htm
叶勤亮(个体经营),http:////www.11467.com/foshan/co/295130.htm
粤山生物科技有限公司,http:////www.11467.com/foshan/co/294935.htm
何大群（个体经营）,http:////www.11467.com/foshan/co/294696.htm
三力发展有限公司,http:////www.11467.com/foshan/co/294904.htm
安徽九木林业有限公司,http:////www.11467.com/fuyang/co/36444.htm
阜阳市颍州区王店镇胡广亮苗圃厂,http:////www.11467.com/fuyang/co/35765.htm
长乐漳港惠民腻子粉加工厂,http:////www.11467.com/fuzhou/co/188297.htm
林锦冰(个体经营),http:////www.11467.com/fuzhou/co/159340.htm
福清市龙田华妹苗圃场,http:////www.11467.com/fuzhou/co/182872.htm
福建榕樟种子公司,http:////www.11467.com/fuzhou/co/159226.htm
福州尚品工艺品有限公司（采购部）,http:////www.11467.com/fuzhou/co/159396.htm
福州商这口贸易公司,http:////www.11467.com/fuzhou/co/159418.htm
闽侯县杰昌苗圃,http:////www.11467.com/fuzhou/co/194589.htm
吴惠娜（个体经营）,http:////www.11467.com/fuzhou/co/159365.htm
亚太林业（福州）有限公司,http:////www.11467.com/fuzhou/co/159253.htm
闽清县池园镇昌锐苗圃,http:////www.11467.com/fuzhou/co/186527.htm
崇仁县雅彩腻子粉加工厂,http:////www.11467.com/fuzhoushi/co/18956.htm
林源种苗有限公司,http:////www.11467.com/ganzhou/co/29524.htm
宁都县桔利来苗圃场,http:////www.11467.com/ganzhou/co/32935.htm
龙南县盛森苗圃,http:////www.11467.com/ganzhou/co/33290.htm
瑞金市海华苗圃基地,http:////www.11467.com/ganzhou/co/34434.htm
邻水县八耳镇林园苗圃,http:////www.11467.com/guangan/co/16632.htm
邻水县八耳镇香春苗圃场,http:////www.11467.com/guangan/co/16584.htm
林茂科技公司,http:////www.11467.com/guangan/co/14549.htm
广卅市花都乌石绿化种苗场,http:////www.11467.com/guangzhou/co/413980.htm
广州荔湾区绿园种苗场,http:////www.11467.com/guangzhou/co/414944.htm
福高苗圃有限公司,http:////www.11467.com/guangzhou/co/415037.htm
广州利农企业,http:////www.11467.com/guangzhou/co/414399.htm
草种实业有限公司,http:////www.11467.com/guangzhou/co/415231.htm
广东省至美公司,http:////www.11467.com/guangzhou/co/415224.htm
广东玉宇生态环保有限公司,http:////www.11467.com/guangzhou/co/414166.htm
广州市君兰园林工程有限公司,http:////www.11467.com/guangzhou/co/414648.htm
广州绿汇园林绿化工程有限公司,http:////www.11467.com/guangzhou/co/414930.htm
广州国萃花卉交易有限公司,http:////www.11467.com/guangzhou/co/161595.htm
广州市大田园种子有限公司,http:////www.11467.com/guangzhou/co/414007.htm
廣州市新先農業有限公司,http:////www.11467.com/guangzhou/co/413857.htm
宗源林木开发公司,http:////www.11467.com/guangzhou/co/415660.htm
广州实贸有限公司,http:////www.11467.com/guangzhou/co/414508.htm
维克多服装贸易有限公司,http:////www.11467.com/guangzhou/co/415888.htm
绿音无土栽培技术开发有限公司,http:////www.11467.com/guangzhou/co/415016.htm
贵阳龙晟商贸企业,http:////www.11467.com/guiyang/co/77315.htm
贵阳市乌当区水田长源苗圃场,http:////www.11467.com/guiyang/co/83881.htm
贵州高速绿化有限公司,http:////www.11467.com/guiyang/co/77355.htm
贵阳市乌当区阳光泳堡苗圃场,http:////www.11467.com/guiyang/co/85219.htm
贵州叶旺苗圃有限公司,http:////www.11467.com/guiyang/co/84980.htm
息烽绿茂苗圃场,http:////www.11467.com/guiyang/co/84204.htm
息烽县鹿窝乡永忠苗圃场,http:////www.11467.com/guiyang/co/83964.htm
清镇市鑫运苗圃场,http:////www.11467.com/guiyang/co/85038.htm
黑龙江省阿城市种子公司,http:////www.11467.com/haerbin/co/60322.htm
黑龙江鑫源亚麻纺织有限公司,http:////www.11467.com/haerbin/co/60001.htm
哈尔滨亚奇种业公司,http:////www.11467.com/haerbin/co/59969.htm
新明有限责任公司,http:////www.11467.com/haerbin/co/60287.htm
哈尔滨市一品绿芽苗菜种植场,http:////www.11467.com/haerbin/co/60229.htm
哈尔滨万萌花卉绿化工程公司,http:////www.11467.com/haerbin/co/60238.htm
四季花卉种植（经纪）基地,http:////www.11467.com/haerbin/co/60306.htm
永年县绿林苗圃有限公司,http:////www.11467.com/handan/co/72664.htm
曼得利科技有限公司,http:////www.11467.com/handan/co/54343.htm
兰海花木公司,http:////www.11467.com/handan/co/54331.htm
冯国正（个体经营）,http:////www.11467.com/hangzhou/co/303450.htm
杭州三雄种苗有限公司,http:////www.11467.com/hangzhou/co/194407.htm
杭州商浪公司,http:////www.11467.com/hangzhou/co/303759.htm
临安成蹊农业科技开发有限公司,http:////www.11467.com/hangzhou/co/370192.htm
山韵农业科技园,http:////www.11467.com/hangzhou/co/303682.htm
王圣树（个体经营）,http:////www.11467.com/hangzhou/co/304140.htm
金山农业开发有限公司,http:////www.11467.com/hangzhou/co/303210.htm
浙江浙农种业公司,http:////www.11467.com/hangzhou/co/204383.htm
郑方根（个体经营）,http:////www.11467.com/hangzhou/co/303723.htm
潘华珍<个体经营＞,http:////www.11467.com/hangzhou/co/304068.htm
浙江杭州市九江有限公司,http:////www.11467.com/hangzhou/co/303234.htm
杭州市银韩种子有限公司,http:////www.11467.com/hangzhou/co/304416.htm
杭州传化生物技术有限公司,http:////www.11467.com/hangzhou/co/304085.htm
钟得荣（个体经营）,http:////www.11467.com/hangzhou/co/303333.htm
胡天佑（个体经营）,http:////www.11467.com/hangzhou/co/303635.htm
浙江杭州萧山钱江花木城春林种子种苗经营部,http:////www.11467.com/hangzhou/co/303875.htm
浙江森康农业科技有限公司,http:////www.11467.com/hangzhou/co/390086.htm
巴马韦氏苗圃场,http:////www.11467.com/hechi/co/12430.htm
合肥东方花卉租售中心,http:////www.11467.com/hefei/co/101886.htm
合肥艾搜信息科技有限公司,http:////www.11467.com/hefei/co/101926.htm
合肥祥源房地产开发公司,http:////www.11467.com/hefei/co/102044.htm
周从来（个体经营）,http:////www.11467.com/hengyang/co/28251.htm
菏泽总督花木销售中心,http:////www.11467.com/heze/co/23265.htm
曹县王东苗圃基地有限公司,http:////www.11467.com/heze/co/38791.htm
孔祥震（个体经营）,http:////www.11467.com/heze/co/22999.htm
开远市华艺苗圃.,http:////www.11467.com/honghe/co/18893.htm
淮安市经济开发区徐杨乡严李花木基地,http:////www.11467.com/huaian/co/40605.htm
淮北市段园镇福园苗圃场,http:////www.11467.com/huaibei/co/19444.htm
濉溪县百善顺天苗圃场,http:////www.11467.com/huaibei/co/19211.htm
濉溪县百善守志苗圃场,http:////www.11467.com/huaibei/co/18681.htm
濉溪县百善方勇苗圃场,http:////www.11467.com/huaibei/co/18682.htm
濉溪县百善良召苗圃场,http:////www.11467.com/huaibei/co/19456.htm
淮北市段园镇鑫园苗圃场,http:////www.11467.com/huaibei/co/19443.htm
濉溪县百善书梅苗圃场,http:////www.11467.com/huaibei/co/18680.htm
濉溪县百善秀花苗圃场,http:////www.11467.com/huaibei/co/19455.htm
濉溪县百善邵健苗圃场,http:////www.11467.com/huaibei/co/18729.htm
濉溪县百善慧梅苗圃场,http:////www.11467.com/huaibei/co/19209.htm
濉溪县刘桥从春苗圃场,http:////www.11467.com/huaibei/co/19245.htm
濉溪县刘桥玉美苗圃场,http:////www.11467.com/huaibei/co/18095.htm
濉溪县刘桥相利苗圃场,http:////www.11467.com/huaibei/co/18096.htm
濉溪县刘桥贵英苗圃场,http:////www.11467.com/huaibei/co/18098.htm
濉溪县刘桥陈辉苗圃场,http:////www.11467.com/huaibei/co/18093.htm
濉溪县刘桥计划苗圃场,http:////www.11467.com/huaibei/co/18094.htm
濉溪县刘桥井华苗圃场,http:////www.11467.com/huaibei/co/19248.htm
濉溪县刘桥体松苗圃场,http:////www.11467.com/huaibei/co/18097.htm
濉溪县刘桥建峰苗圃场,http:////www.11467.com/huaibei/co/18091.htm
濉溪县徐楼清山苗圃场,http:////www.11467.com/huaibei/co/19280.htm
濉溪县刘桥爱丽苗圃场,http:////www.11467.com/huaibei/co/18099.htm
濉溪县刘桥徐华苗圃场,http:////www.11467.com/huaibei/co/19250.htm
高档水果精品公司,http:////www.11467.com/huaihua/co/21484.htm
高加旺饲料公司,http:////www.11467.com/huhehaote/co/29045.htm
惠州市惠城区绿兴农资经营部,http:////www.11467.com/huizhou/co/24416.htm
宜野园林工程有限公司,http:////www.11467.com/huizhou/co/80646.htm
凌水寒（个体经营）,http:////www.11467.com/huzhou/co/55066.htm
长兴小浦吴琼苗圃场,http:////www.11467.com/huzhou/co/67524.htm
安吉梅溪正安苗圃,http:////www.11467.com/huzhou/co/67532.htm
安吉梅溪军军苗圃,http:////www.11467.com/huzhou/co/69619.htm
安吉杭垓正真苗圃,http:////www.11467.com/huzhou/co/68048.htm
安吉孝丰映山红苗圃,http:////www.11467.com/huzhou/co/68174.htm
安吉杭垓有友苗圃,http:////www.11467.com/huzhou/co/68049.htm
安吉梅溪诚强苗圃,http:////www.11467.com/huzhou/co/67836.htm
安吉梅溪诚源苗圃,http:////www.11467.com/huzhou/co/67837.htm
海涛苗木公司,http:////www.11467.com/jiamusi/co/34009.htm
周全义(个体经营),http:////www.11467.com/jiaozuo/co/22771.htm
周全义(个体经营),http:////www.11467.com/jiaozuo/co/22772.htm
嘉善康盛苗圃,http:////www.11467.com/jiaxing/co/130799.htm
临夏市森源苗圃,http:////www.11467.com/linxia/co/7633.htm
崔士振　（个体经营）,http:////www.11467.com/linyi/co/73785.htm
李振银(个体经营),http:////www.11467.com/linyi/co/74388.htm
临沭县幸福家园苗圃,http:////www.11467.com/linyi/co/102428.htm
刘晓兰个体经营公司,http:////www.11467.com/linyi/co/74334.htm
山东费县太芝农业科技有限公司,http:////www.11467.com/linyi/co/96727.htm
郯城县国华苗圃培育场,http:////www.11467.com/linyi/co/98524.htm
郯城县龙腾苗圃场,http:////www.11467.com/linyi/co/98387.htm
平邑四季金银花合作社,http:////www.11467.com/linyi/co/96983.htm
山东荒山造林育苗基地,http:////www.11467.com/linyi/co/74274.htm
六安市裕安区枣树苗圃厂,http:////www.11467.com/liuan/co/25206.htm
盘县民主百隆缘腻子粉厂,http:////www.11467.com/liupanshui/co/11605.htm
盘县火铺沙淤苗圃场,http:////www.11467.com/liupanshui/co/11290.htm
盘县响水洪晟苗圃基地,http:////www.11467.com/liupanshui/co/11322.htm
柳江县绿柳苗圃,http:////www.11467.com/liuzhou/co/47088.htm
福建润阳农艺有限公司,http:////www.11467.com/longyan/co/30093.htm
龙岩市新罗区鑫林苗圃,http:////www.11467.com/longyan/co/29815.htm
连城县冠辉泥鳅养殖专业合作社,http:////www.11467.com/longyan/co/30911.htm
长汀县新桥盛宏苗圃场,http:////www.11467.com/longyan/co/30273.htm
牡丹种子有限公司,http:////www.11467.com/luoyang/co/52409.htm
洛阳金卉园艺有限公司,http:////www.11467.com/luoyang/co/38657.htm
爱琴海牡丹销售公司,http:////www.11467.com/luoyang/co/52284.htm
洛阳国家牡丹园牡丹销售有限公司,http:////www.11467.com/luoyang/co/52324.htm
景陵牡丹园艺厂,http:////www.11467.com/luoyang/co/52276.htm
合江县芳祥苗圃有限公司,http:////www.11467.com/luzhou/co/24050.htm
泸州市纳溪区代氏苗圃有限公司,http:////www.11467.com/luzhou/co/23304.htm
茂名市绿自然种子经营公司,http:////www.11467.com/maoming/co/33599.htm
茂名市振明贸易有限公司,http:////www.11467.com/maoming/co/33629.htm
盛颗农业高新技术公司,http:////www.11467.com/mianyang/co/38217.htm
森伟生物工程有限责任公司,http:////www.11467.com/mianyang/co/38245.htm
绵阳川松农业科技有限公司,http:////www.11467.com/mianyang/co/38188.htm
北川大地曼地亚苗圃场,http:////www.11467.com/mianyang/co/46725.htm
四川御锦农业开发有很公司,http:////www.11467.com/mianyang/co/46578.htm
江西川种种业有限责任公司,http:////www.11467.com/nanchang/co/98869.htm
江西天柱峰有限公司,http:////www.11467.com/nanchang/co/98797.htm
中林绿源（江西)种苗高科技园有限公司,http:////www.11467.com/nanchang/co/54010.htm
滕斌个体经营,http:////www.11467.com/nanchang/co/98804.htm
庆洁花卉有限公司,http:////www.11467.com/nanchang/co/98882.htm
南充田园苗圃有限公司,http:////www.11467.com/nanchong/co/28602.htm
仪陇县马鞍鸿瑜苗圃园,http:////www.11467.com/nanchong/co/28862.htm
叙永县诚信苗圃场,http:////www.11467.com/nanchong/co/29290.htm
仪陇县金城镇幸福人家苗圃场,http:////www.11467.com/nanchong/co/29542.htm
赣榆县种子公司,http:////www.11467.com/nanjing/co/109967.htm
江苏省沭阳县绿友花木园艺公司,http:////www.11467.com/nanjing/co/110121.htm
南京神州种业有限公司,http:////www.11467.com/nanjing/co/43127.htm
南京天元商务有限公司,http:////www.11467.com/nanjing/co/109970.htm
南京市秋田种业研究所,http:////www.11467.com/nanjing/co/109752.htm
广西御兰生物技术有限公司,http:////www.11467.com/nanning/co/77160.htm
谢保辉(个体经营),http:////www.11467.com/nanning/co/77347.htm
南宁市绿发苗圃,http:////www.11467.com/nanning/co/77080.htm
广西亚霖种业有限公司,http:////www.11467.com/nanning/co/77199.htm
绿苗种子有限责任公司,http:////www.11467.com/nanning/co/76813.htm
广西农业科学院生物技术研究所,http:////www.11467.com/nanning/co/76965.htm
顺昌县埔上茂兴腻子粉厂,http:////www.11467.com/nanping/co/43751.htm
武夷山市顺金苗圃,http:////www.11467.com/nanping/co/42294.htm
建阳市麻沙镇绿森苗圃,http:////www.11467.com/nanping/co/40908.htm
顺昌县谢屯祖荣福苗圃,http:////www.11467.com/nanping/co/41083.htm
邵武市大羽苗圃,http:////www.11467.com/nanping/co/42430.htm
邵武市山清苗圃,http:////www.11467.com/nanping/co/42400.htm
武夷山市旭日苗圃,http:////www.11467.com/nanping/co/42807.htm
邵武市生玲苗圃,http:////www.11467.com/nanping/co/41093.htm
延平区九峰苗圃,http:////www.11467.com/nanping/co/40835.htm
如皋市如城镇忠权苗圃,http:////www.11467.com/nantong/co/139040.htm
南召县云阳金峰苗圃有限公司,http:////www.11467.com/nanyang/co/39879.htm
西峡县森源林木种子有限公司,http:////www.11467.com/nanyang/co/18377.htm
南阳市宛城区怡景苑苗圃场,http:////www.11467.com/nanyang/co/41019.htm
南阳金鹏月季有限公司,http:////www.11467.com/nanyang/co/33712.htm
乐山市市中区彬利来苗圃场,http:////www.11467.com/neijiang/co/22310.htm
佳佳农资销售公司,http:////www.11467.com/ningbo/co/140264.htm
宁波飞燕草花经营部,http:////www.11467.com/ningbo/co/140351.htm
杨陈(个体经营),http:////www.11467.com/ningbo/co/140296.htm
外贸公司(宁波),http:////www.11467.com/ningbo/co/140220.htm
依依宝贝（个体经营）,http:////www.11467.com/ningbo/co/140263.htm
盐边县红格镇金河村兴旺苗圃场,http:////www.11467.com/panzhihua/co/19453.htm
仙游县园庄宗富腻子粉加工场,http:////www.11467.com/putian/co/45289.htm
福建省莆田玉菲园艺有限公司,http:////www.11467.com/putian/co/34037.htm
兴义市国林苗圃场,http:////www.11467.com/qianxinan/co/6302.htm
兴义市万兴苗圃场,http:////www.11467.com/qianxinan/co/6332.htm
贞丰县森环苗圃场,http:////www.11467.com/qianxinan/co/6526.htm
贞丰县忠田砂仁苗圃场,http:////www.11467.com/qianxinan/co/6403.htm
崂山林场绿化有限公司,http:////www.11467.com/qingdao/co/120511.htm
平度红叶樱花有限公司,http:////www.11467.com/qingdao/co/156534.htm
吉林安图县长白山泥炭土肥厂,http:////www.11467.com/qingdao/co/120884.htm
青岛怡佳种业有限公司,http:////www.11467.com/qingdao/co/120764.htm
青岛宏兴工贸公司,http:////www.11467.com/qingdao/co/120956.htm
郝元（个体经营）,http:////www.11467.com/qinhuangdao/co/38355.htm
秦皇岛泰兴苗圃有限公司,http:////www.11467.com/qinhuangdao/co/47561.htm
正新苗圃场,http:////www.11467.com/qinhuangdao/co/38299.htm
杜浔种子公司,http:////www.11467.com/quanzhou/co/112709.htm
晋江天景苗圃有限公司,http:////www.11467.com/quanzhou/co/142298.htm
晋江市池店镇金胜源腻子粉加工厂,http:////www.11467.com/quanzhou/co/143167.htm
福建省安溪县良种繁殖场,http:////www.11467.com/quanzhou/co/69096.htm
江山市地山岗苗圃场,http:////www.11467.com/quzhou/co/34560.htm
江山市惠敏苗圃场,http:////www.11467.com/quzhou/co/34524.htm
衢州市衢江区种子公司,http:////www.11467.com/quzhou/co/1563.htm
日照市东港区丰英苗圃场,http:////www.11467.com/rizhao/co/26505.htm
五莲县绿洲苗圃有限公司,http:////www.11467.com/rizhao/co/26945.htm
五莲县莲峰苗圃厂,http:////www.11467.com/rizhao/co/28244.htm
中顺苗木培育基地,http:////www.11467.com/rizhao/co/16421.htm
清流县嵩口镇桃源苗圃,http:////www.11467.com/sanming/co/37112.htm
永安市洪田凯歌苗圃,http:////www.11467.com/sanming/co/38605.htm
永城市东城区千城苗圃场,http:////www.11467.com/shangqiu/co/23111.htm
豫丰种业有限公司,http:////www.11467.com/shangqiu/co/17712.htm
江西省德兴市宝农公司,http:////www.11467.com/shangrao/co/25652.htm
堇秀家园园艺有限公司,http:////www.11467.com/shantou/co/143253.htm
仁化县石塘镇黄泥埂苗圃场,http:////www.11467.com/shaoguan/co/26247.htm
浙江省绍兴县齐贤机械铸造有限公司,http:////www.11467.com/shaoxing/co/86056.htm
辽宁富有种业有限公司,http:////www.11467.com/shenyang/co/78411.htm
沈阳强盛销售中心,http:////www.11467.com/shenyang/co/78626.htm
沈盛种子公司,http:////www.11467.com/shenyang/co/78214.htm
沈卫林(个体经营),http:////www.11467.com/shenyang/co/78469.htm
陈庆波《个体经营》,http:////www.11467.com/shenyang/co/78097.htm
沈阳紫陌园艺公司,http:////www.11467.com/shenyang/co/78077.htm
沈阳市于洪区平罗苗圃有限公司,http:////www.11467.com/shenyang/co/78465.htm
沈阳朗格自动化设备有限公司,http:////www.11467.com/shenyang/co/78552.htm
沈阳顺天农业开发有限公司销售部,http:////www.11467.com/shenyang/co/78429.htm
法库县金秋苗圃,http:////www.11467.com/shenyang/co/100016.htm
沈阳顺天有限公司,http:////www.11467.com/shenyang/co/78611.htm
沈阳市依荟园苗圃,http:////www.11467.com/shenyang/co/99098.htm
广东弘茂集团,http:////www.11467.com/shenzhen/co/707703.htm
廖启军（个体经营）,http:////www.11467.com/shenzhen/co/706591.htm
广东紫嫣合作有限公司,http:////www.11467.com/shenzhen/co/707299.htm
深圳富石山实业有限公司,http:////www.11467.com/shenzhen/co/707622.htm
深圳市百绿生物科技有限公司,http:////www.11467.com/shenzhen/co/7358.htm
深圳市农作物良种引进中心,http:////www.11467.com/shenzhen/co/707532.htm
深圳市文科园艺实业有限公司经营部,http:////www.11467.com/shenzhen/co/707537.htm
蕴发实业有限公司,http:////www.11467.com/shenzhen/co/706183.htm
藁城市立涛苗圃场,http:////www.11467.com/shijiazhuang/co/155230.htm
藁城市四青苗圃场,http:////www.11467.com/shijiazhuang/co/153511.htm
藁城市占领苗圃场,http:////www.11467.com/shijiazhuang/co/148111.htm
河北伊甸园有限公司,http:////www.11467.com/shijiazhuang/co/105299.htm
河北国丰种业科技有限公司,http:////www.11467.com/shijiazhuang/co/105426.htm
藁城市华达苗圃场,http:////www.11467.com/shijiazhuang/co/154210.htm
加德纳电源公司,http:////www.11467.com/shijiazhuang/co/105259.htm
石家庄正定新区圣柏苗圃有限公司,http:////www.11467.com/shijiazhuang/co/154340.htm
河北冀蔬科技有限公司,http:////www.11467.com/shijiazhuang/co/61339.htm
河北女子学院,http:////www.11467.com/shijiazhuang/co/105501.htm
河北中谷金福农业科技有限公司,http:////www.11467.com/shijiazhuang/co/105053.htm
栾城县五星草坪苗木种植中心,http:////www.11467.com/shijiazhuang/co/109665.htm
黑龙江省隆德种业有限责任公司,http:////www.11467.com/suihua/co/8390.htm
四川正果农业开发有限公司,http:////www.11467.com/suining/co/11284.htm
沭阳华云绿化苗木种子有限公司,http:////www.11467.com/suqian/co/25743.htm
沭阳华鼎苗圃,http:////www.11467.com/suqian/co/26290.htm
宿迁晨欣农业科技有限公司,http:////www.11467.com/suqian/co/24186.htm
江苏省沭阳县旺盛花木公司,http:////www.11467.com/suqian/co/13945.htm
江苏省沭阳县万木春花木基地,http:////www.11467.com/suqian/co/14527.htm
江苏省宿迁市宿豫区蚕桑技术指导站,http:////www.11467.com/suqian/co/14314.htm
宿迁益源园林发展有限公司,http:////www.11467.com/suqian/co/25722.htm
沭阳县新河镇双叶花木专业合作社,http:////www.11467.com/suqian/co/25819.htm
宿迁中江种业有限公司,http:////www.11467.com/suqian/co/14206.htm
诸城市英汇苗圃,http:////www.11467.com/weifang/co/129456.htm
潍坊市锦绣园花卉园艺有限公司,http:////www.11467.com/weifang/co/91692.htm
潍坊市万利水草研究所,http:////www.11467.com/weifang/co/91863.htm
乳山市鹏林苗圃厂,http:////www.11467.com/weihai/co/49556.htm
荣成市城西邦美佳腻子粉加工部,http:////www.11467.com/weihai/co/52321.htm
威海林茂苗圃有限公司,http:////www.11467.com/weihai/co/48527.htm
乳山市景怡苗圃,http:////www.11467.com/weihai/co/48458.htm
温州孟德尔细胞科技有限公司,http:////www.11467.com/wenzhou/co/167894.htm
孟德尔细胞科技有限公司,http:////www.11467.com/wenzhou/co/167949.htm
温州市瓯海郭溪东亮苗圃场,http:////www.11467.com/wenzhou/co/232435.htm
温州天玛生物科技研究所,http:////www.11467.com/wenzhou/co/168020.htm
湖北新艺林园林景观工程有限公司,http:////www.11467.com/wuhan/co/112380.htm
湖北华泰种业有限公司,http:////www.11467.com/wuhan/co/111807.htm
华东花卉有限公司,http:////www.11467.com/wuhan/co/112501.htm
湖北省种子集团公司,http:////www.11467.com/wuhan/co/13800.htm
湖北工程有限公司,http:////www.11467.com/wuhan/co/112431.htm
神农达丰种业湖北分公司,http:////www.11467.com/wuhan/co/112014.htm
隆福康农业,http:////www.11467.com/wuhan/co/111951.htm
湖北林纸科技开发有限公司,http:////www.11467.com/wuhan/co/23657.htm
青联园艺经营部,http:////www.11467.com/wuhan/co/111990.htm
武汉市佳美园林绿化有限公司,http:////www.11467.com/wuhan/co/112332.htm
武汉康力源生态农庄有限公司,http:////www.11467.com/wuhan/co/112325.htm
武汉米格花卉有限公司,http:////www.11467.com/wuhan/co/112064.htm
武汉裕如公司,http:////www.11467.com/wuhan/co/111783.htm
华丰成种业有限公司,http:////www.11467.com/wuhan/co/111795.htm
武汉市木兰园林花卉公司,http:////www.11467.com/wuhan/co/111889.htm
武汉天鸿展览有限责任公司,http:////www.11467.com/wuhan/co/112161.htm
华中农业大学分子育种中心油菜组,http:////www.11467.com/wuhan/co/111631.htm
武汉千林经贸有限公司,http:////www.11467.com/wuhan/co/111562.htm
武汉中宇传媒有限公司,http:////www.11467.com/wuhan/co/112484.htm
湖北嘉鱼常兴县蔬菜种子经营部,http:////www.11467.com/wuhan/co/112138.htm
武汉瑞苗农庄有限公司,http:////www.11467.com/wuhan/co/111980.htm
鸠江区咏春胶泥腻子粉制品厂,http:////www.11467.com/wuhu/co/33250.htm
鸠江区地之园苗圃场,http:////www.11467.com/wuhu/co/34987.htm
繁昌县昌达苗圃场,http:////www.11467.com/wuhu/co/33719.htm
新贸实业公司,http:////www.11467.com/wulumuqi/co/98979.htm
王悦蘅的小店,http:////www.11467.com/wulumuqi/co/99008.htm
新疆昌吉冬梅苗圃,http:////www.11467.com/wulumuqi/co/99091.htm
武威市凉州区金颗苗圃,http:////www.11467.com/wuwei/co/9672.htm
宜兴宜康生物技术有限公司,http:////www.11467.com/wuxi/co/212657.htm
无锡向山兰园科技有限公司,http:////www.11467.com/wuxi/co/212650.htm
大辫工程有限公司,http:////www.11467.com/xiamen/co/80025.htm
厦门逸帆园艺有限公司,http:////www.11467.com/xiamen/co/80649.htm
漳州市远达园艺农场,http:////www.11467.com/xiamen/co/80206.htm
厦门花卉公司,http:////www.11467.com/xiamen/co/80331.htm
厦门鹭丰农业有限公司,http:////www.11467.com/xiamen/co/80541.htm
陕西昊通国际经贸有限公司,http:////www.11467.com/xian/co/90796.htm
陕西镇巴县种苗综合服务公司,http:////www.11467.com/xian/co/90423.htm
陕西省草业中心,http:////www.11467.com/xian/co/90956.htm
宝鸡市种子公司杨凌分公司,http:////www.11467.com/xian/co/90534.htm
周至县猕猴桃苗木基地,http:////www.11467.com/xian/co/90840.htm
西安市林业技术推广站,http:////www.11467.com/xian/co/90420.htm
西安市诚信环保科技有限公司,http:////www.11467.com/xian/co/91319.htm
陈爱乾（个体经营）,http:////www.11467.com/xian/co/91529.htm
九州苗木集团,http:////www.11467.com/xian/co/91604.htm
西安新世纪绿化工程公司,http:////www.11467.com/xian/co/90268.htm
蓝田县白鹿塬名鑫苗圃,http:////www.11467.com/xian/co/126299.htm
西安思博润绿色科技有限公司,http:////www.11467.com/xian/co/91207.htm
湖北省孝感市林业科学研究所,http:////www.11467.com/xiaogan/co/11564.htm
青海风景园林绿化工程有限公司,http:////www.11467.com/xining/co/16090.htm
河北邢台农丰种业有限公司,http:////www.11467.com/xintai/co/38681.htm
河北苗木购销公司,http:////www.11467.com/xintai/co/52291.htm
封丘世轩金银花专业合作社,http:////www.11467.com/xinxiang/co/32666.htm
谷会涛（个体经营）,http:////www.11467.com/xinxiang/co/26213.htm
潢川县飞腾苗圃厂,http:////www.11467.com/xinyang/co/24032.htm
新余市张氏苗圃基地,http:////www.11467.com/xinyu/co/9201.htm
宣城市宣州区冯记苗圃场,http:////www.11467.com/xuancheng/co/28890.htm
宣城市宣州区沈记苗圃场,http:////www.11467.com/xuancheng/co/28896.htm
宣城市宣州区老庄苗圃场,http:////www.11467.com/xuancheng/co/28895.htm
许昌海艺园林绿化工程有限公司,http:////www.11467.com/xuchang/co/20152.htm
禹州市安兴种植专业合作社,http:////www.11467.com/xuchang/co/24616.htm
江苏省徐州生物工程学校茶树盆景研究所,http:////www.11467.com/xuzhou/co/62345.htm
徐州爱立闻香草社,http:////www.11467.com/xuzhou/co/62283.htm
盐城市盐都区龙冈镇林业站,http:////www.11467.com/yancheng/co/60129.htm
威凤科技发展有限公司,http:////www.11467.com/yancheng/co/60115.htm
阳江市青怡研究中心,http:////www.11467.com/yangjiang/co/18081.htm
扬州市大蚕豆种业,http:////www.11467.com/yangzhou/co/88956.htm
扬州大学牧草中心,http:////www.11467.com/yangzhou/co/88891.htm
海阳市鹏祥苗圃厂,http:////www.11467.com/yantai/co/159729.htm
蓬莱市城源苗圃有限公司,http:////www.11467.com/yantai/co/156651.htm
招远市森淼苗圃有限公司,http:////www.11467.com/yantai/co/157016.htm
刘万杰（个体经营）,http:////www.11467.com/yantai/co/132615.htm
烟台盛源实业,http:////www.11467.com/yantai/co/132489.htm
自然美工程公司,http:////www.11467.com/yantai/co/132391.htm
烟台市苹果苗木经销公司,http:////www.11467.com/yantai/co/132549.htm
宜宾市翠屏区雨茂苗圃场,http:////www.11467.com/yibin/co/28943.htm
筠连林海绿化工程有限责任公司,http:////www.11467.com/yibin/co/28751.htm
屏山县万利苗圃场,http:////www.11467.com/yibin/co/29103.htm
宜宾县红春苗圃场,http:////www.11467.com/yibin/co/29430.htm
宜宾县合欢苗圃场,http:////www.11467.com/yibin/co/29657.htm
宜宾县招贵苗圃场,http:////www.11467.com/yibin/co/29428.htm
奉新县罗市镇江盛苗圃场,http:////www.11467.com/yichun/co/24856.htm
李重阳（个体）,http:////www.11467.com/yichun/co/21647.htm
馨苑花卉有限公司,http:////www.11467.com/yichun/co/21666.htm
宜春山茶责任有限公司,http:////www.11467.com/yichun/co/21652.htm
宁夏大西农种子公司,http:////www.11467.com/yinchuan/co/42037.htm
玉林市玉州区美景桂花苗圃场,http:////www.11467.com/yulin/co/21844.htm
玉林市玉州区岭底桂花苗圃场,http:////www.11467.com/yulin/co/21877.htm
花卉种子公司,http:////www.11467.com/yunfu/co/25801.htm
登恤旺个体经营,http:////www.11467.com/yunfu/co/25728.htm
小叶苗圃公司,http:////www.11467.com/yunfu/co/25726.htm
滕州市北郊苗圃,http:////www.11467.com/zaozhuang/co/38291.htm
张北县爱民苗圃,http:////www.11467.com/zhangjiakou/co/39394.htm
邢台兴农苗圃有限公司,http:////www.11467.com/zhangjiakou/co/41913.htm
张家口市华农种业,http:////www.11467.com/zhangjiakou/co/29571.htm
曹继隆（个体经营）,http:////www.11467.com/zhangjiakou/co/29556.htm
崇礼县建国苗圃,http:////www.11467.com/zhangjiakou/co/43096.htm
平和县琯溪新红苗圃场,http:////www.11467.com/zhangzhou/co/51139.htm
福建省漳州名贵树种供应点,http:////www.11467.com/zhangzhou/co/41273.htm
中铁五局三公司实业开发总公司,http:////www.11467.com/zhaoqing/co/34127.htm
叶丽婵（个体经营）,http:////www.11467.com/zhaoqing/co/34143.htm
无子西瓜销售店,http:////www.11467.com/zhengzhou/co/143395.htm
河南省种子协会,http:////www.11467.com/zhengzhou/co/143619.htm
顾海文（个经营）,http:////www.11467.com/zhengzhou/co/144098.htm
郑州天禾农业科技发展有限公司,http:////www.11467.com/zhengzhou/co/144018.htm
金赛种业有限公司,http:////www.11467.com/zhengzhou/co/143965.htm
洛阳纵横园艺有限公司,http:////www.11467.com/zhengzhou/co/182267.htm
河南种子公司,http:////www.11467.com/zhengzhou/co/144094.htm
郑州国际小商品城Ｂ１Ｆ１８０李龙商行,http:////www.11467.com/zhengzhou/co/143529.htm
河南长寿花木实业有限公司,http:////www.11467.com/zhengzhou/co/81344.htm
俞嘉辉（个体经营）,http:////www.11467.com/zhengzhou/co/143819.htm
郑州金世纪园艺资材有限公司,http:////www.11467.com/zhengzhou/co/111632.htm
江苏省镇江市梦蝶园艺有限公司,http:////www.11467.com/zhenjiang/co/53492.htm
肥强花木基地,http:////www.11467.com/zhongshan/co/115421.htm
陈林兴（个体经营）,http:////www.11467.com/zhongshan/co/115184.htm
周口市绿毯苗圃有限公司,http:////www.11467.com/zhoukou/co/23924.htm
周口嘉铭商贸有限公司,http:////www.11467.com/zhoukou/co/17264.htm
干栋（个体经营）,http:////www.11467.com/zhoushan/co/19253.htm
杰海草业有限公司,http:////www.11467.com/zhuhai/co/87744.htm
遂平名品花木园林有限公司,http:////www.11467.com/zhumadian/co/25195.htm
西平县柏国种养殖有限公司,http:////www.11467.com/zhumadian/co/29782.htm
山东花卉股份有限公司,http:////www.11467.com/zibo/co/90747.htm
长青园艺服务部,http:////www.11467.com/zibo/co/90796.htm
林海园艺有限公司,http:////www.11467.com/zibo/co/90609.htm
山东大地种业,http:////www.11467.com/zibo/co/90532.htm
凤冈县湄凤苗圃有限责任公司,http:////www.11467.com/zunyi/co/24973.htm
仁怀市绿仁苗圃场,http:////www.11467.com/zunyi/co/24658.htm
绥阳县源卉苗圃场,http:////www.11467.com/zunyi/co/24808.htm
北京澳阁利种子有限公司,http:////www.11467.com/beijing/co/328307.htm
北京格林种业公司,http:////www.11467.com/beijing/co/587777.htm
北京丰汇华旗科技开发有限公司市场部,http:////www.11467.com/beijing/co/277782.htm
北京丰茂达农业科技有限公司,http:////www.11467.com/beijing/co/587696.htm
北京金玉坤园林有限公司,http:////www.11467.com/beijing/co/139100.htm
北京瑞福特农业发展有限公司,http:////www.11467.com/beijing/co/436211.htm
北京凯福瑞农业科技发展有限公司,http:////www.11467.com/beijing/co/436073.htm
北京时代方宇科技开发有限公司,http:////www.11467.com/beijing/co/436053.htm
北京识香花草种植园,http:////www.11467.com/beijing/co/555094.htm
北京市南大荒苗圃,http:////www.11467.com/beijing/co/560564.htm
北京市农林科学院草业中心,http:////www.11467.com/beijing/co/436458.htm
北京普华永隆有限公司,http:////www.11467.com/beijing/co/139526.htm
北京普华永隆园林科技有限公司种苗部,http:////www.11467.com/beijing/co/139525.htm
北京三益集团,http:////www.11467.com/beijing/co/32159.htm
北京群芳谱园艺有限公司,http:////www.11467.com/beijing/co/436206.htm
北京鑫农丰农业技术研究所,http:////www.11467.com/beijing/co/370737.htm
北京郁花园花卉培育基地,http:////www.11467.com/beijing/co/225233.htm
北京中优博创农业科技有限公司,http:////www.11467.com/beijing/co/328552.htm
北京中研惠农种苗科技有限公司,http:////www.11467.com/beijing/co/435869.htm
北京翌新农业,http:////www.11467.com/beijing/co/328488.htm
聂焱（个体经营）,http:////www.11467.com/beijing/co/587754.htm
隗永霞（个体经营）,http:////www.11467.com/beijing/co/277776.htm
北京蔬菜研究中心,http:////www.11467.com/beijing/co/435854.htm
美田花卉种子有限公司北京总代理,http:////www.11467.com/beijing/co/32140.htm
钿风商贸有限公司,http:////www.11467.com/beijing/co/328314.htm
世农种苗有限责任公司,http:////www.11467.com/beijing/co/225102.htm
杨连芬（个体经营）,http:////www.11467.com/beijing/co/225220.htm
雷秀彬（个体经营）,http:////www.11467.com/beijing/co/436354.htm
北京畜牧公司,http:////www.11467.com/beijing/co/436337.htm
北京中青彩虹创业科技有限公司,http:////www.11467.com/beijing/co/328317.htm
中创嘉业信息技术有限公司,http:////www.11467.com/beijing/co/139680.htm
赤峰市明宇种业,http:////www.11467.com/beijing/co/32034.htm
春蕾农资连锁服务有限公司,http:////www.11467.com/beijing/co/225103.htm
上海大芳种子有限公司,http:////www.11467.com/shanghai/co/896798.htm
爱索特植物园艺（上海）有限公司,http:////www.11467.com/shanghai/co/428799.htm
大连华晟园林科技有限公司,http:////www.11467.com/shanghai/co/690562.htm
上海集丹园艺有限公司,http:////www.11467.com/shanghai/co/251810.htm
上海丽坤商务有限公司,http:////www.11467.com/shanghai/co/1016157.htm
上海阁雅实发展有限公司,http:////www.11467.com/shanghai/co/746882.htm
上海阁雅实业发展有限公司,http:////www.11467.com/shanghai/co/536377.htm
上海田苏种业有限公司,http:////www.11467.com/shanghai/co/948016.htm
上海先胜园艺种子有限公司,http:////www.11467.com/shanghai/co/690573.htm
上海先胜园艺种子有限公司销售部,http:////www.11467.com/shanghai/co/690566.htm
上海先胜园艺种子有限公司生产部,http:////www.11467.com/shanghai/co/690583.htm
苏州市斗南花卉经营有限公司,http:////www.11467.com/shanghai/co/329121.htm
兴隆农业发展有限公司,http:////www.11467.com/shanghai/co/52500.htm
种子田地有限公司,http:////www.11467.com/shanghai/co/168767.htm
上海蕊源园艺有限公司,http:////www.11467.com/shanghai/co/168734.htm
顺利丽红集团,http:////www.11467.com/shanghai/co/52570.htm
上海种业集团产业发展有限公司种苗销售部,http:////www.11467.com/shanghai/co/896770.htm
帥红章个体经营,http:////www.11467.com/tianjin/co/7525.htm
天津市津武林业苗圃,http:////www.11467.com/tianjin/co/208729.htm
肖元明（个体）,http:////www.11467.com/tianjin/co/124634.htm
贝迪农业发展有限公司,http:////www.11467.com/chongqing/co/80627.htm
重庆市大足区贤涌苗圃场,http:////www.11467.com/chongqing/co/208948.htm
阮树祥（个体经营）,http:////www.11467.com/chongqing/co/62674.htm
太发佛手发展公司,http:////www.11467.com/chongqing/co/42446.htm
重庆市永华种业有限公司,http:////www.11467.com/chongqing/co/160500.htm
仙游县满光花木苗圃专业合作社,http:////www.11467.com/putian/co/45840.htm
福清市鑫达康腻子粉加工厂,http:////www.11467.com/fuzhou/co/196841.htm
新泰市中豪杰苗圃,http:////www.11467.com/taian/co/59629.htm
政和县政通腻子粉厂,http:////www.11467.com/nanping/co/45220.htm
连江县兴亿苗圃场,http:////www.11467.com/fuzhou/co/196956.htm
铜梁县新艺苗圃场,http:////www.11467.com/chongqing/co/222362.htm
滁州市南谯区森河苗圃,http:////www.11467.com/chuzhou/co/33404.htm
肥西银鹏苗圃,http:////www.11467.com/hefei/co/142123.htm
肥西县宝龙苗圃,http:////www.11467.com/hefei/co/142124.htm
西安市长安区山岗苗圃,http:////www.11467.com/xian/co/128599.htm
济宁市兖州区景逸苗圃,http:////www.11467.com/jining/co/86245.htm
临淄区朱台镇英林苗圃,http:////www.11467.com/zibo/co/105659.htm
肥西张世清苗圃,http:////www.11467.com/hefei/co/142197.htm
沂源县悦庄镇陈桂花苗圃,http:////www.11467.com/zibo/co/105676.htm
肥西县宸宸苗圃,http:////www.11467.com/hefei/co/142392.htm
肥西县国清苗圃,http:////www.11467.com/hefei/co/142394.htm
滁州市南谯区沙河东森苗圃园,http:////www.11467.com/chuzhou/co/33648.htm
乐山市五通桥区群英花卉苗圃场,http:////www.11467.com/leshan/co/24459.htm
巴中市恩阳区石马梁村治宏苗圃场,http:////www.11467.com/bazhong/co/8586.htm
合江县鹿勇苗圃场,http:////www.11467.com/luzhou/co/24544.htm
乐山市市中区旺星苗圃场,http:////www.11467.com/leshan/co/24504.htm
镇平县玉都街道办事处蛟龙苗圃场,http:////www.11467.com/nanyang/co/43121.htm
偃师市万秀春花卉苗圃,http:////www.11467.com/luoyang/co/65357.htm
光泽县顺欣苗圃,http:////www.11467.com/nanping/co/45261.htm
清流县嵩口新生苗圃,http:////www.11467.com/sanming/co/40796.htm
连城县莒溪华妹苗圃,http:////www.11467.com/longyan/co/31637.htm
明溪县三春腻子粉厂,http:////www.11467.com/sanming/co/40866.htm
桐城市范岗捷达苗圃用品加工厂,http:////www.11467.com/anqing/co/40057.htm
广州市增城色彩苗圃场,http:////www.11467.com/guangzhou/co/501538.htm
大渡口区仁裕苗圃场,http:////www.11467.com/chongqing/co/211190.htm
大渡口区鑫渝苗圃场,http:////www.11467.com/chongqing/co/212053.htm
大渡口区山溪大洪苗圃场,http:////www.11467.com/chongqing/co/212096.htm
大竹县铁龙生态苗圃,http:////www.11467.com/dazhou/co/22123.htm
乐山市市中区琪林苗圃场,http:////www.11467.com/leshan/co/24526.htm
宜宾县柏溪镇新驰源花卉苗圃场,http:////www.11467.com/yibin/co/30558.htm
瑞昌市芳园苗圃,http:////www.11467.com/jiujiang/co/28015.htm
信丰县涌绿苗圃,http:////www.11467.com/ganzhou/co/36224.htm
潢川县东兴苗圃场,http:////www.11467.com/xinyang/co/26105.htm
潢川县高湾村顺意苗圃场,http:////www.11467.com/xinyang/co/26106.htm
廊坊市桐林苗圃种植有限公司,http:////www.11467.com/langfang/co/54326.htm
合肥洛克苗圃,http:////www.11467.com/hefei/co/143387.htm
会理县晨祥苗圃场,http:////www.11467.com/liangshan/co/18615.htm
四川省楠林森苗圃有限公司,http:////www.11467.com/chengdu/co/247663.htm
蕲春县永联苗圃专业合作社,http:////www.11467.com/huanggang/co/18539.htm
易县绿枫苗圃场,http:////www.11467.com/baoding/co/93411.htm
顺平县永乐苗圃农民专业合作社,http:////www.11467.com/baoding/co/93436.htm
合浦县山口镇世隆苗圃,http:////www.11467.com/beihai/co/17570.htm
富川瑶族自治县乐丰苗圃场,http:////www.11467.com/hezhou/co/6481.htm
榆中林苑苗圃中心,http:////www.11467.com/lanzhou/co/87659.htm
榆中福德苗圃中心,http:////www.11467.com/lanzhou/co/87685.htm
大渡口区婷婷苗圃场,http:////www.11467.com/chongqing/co/214554.htm
昌邑市英惠苗圃,http:////www.11467.com/weifang/co/141753.htm
顺平县树良苗圃农民专业合作社,http:////www.11467.com/baoding/co/93653.htm
大冶市大箕铺建国苗圃种植有限责任公司,http:////www.11467.com/huangshi/co/20564.htm
单县郑泉苗圃种植专业合作社,http:////www.11467.com/heze/co/44975.htm
唐山市丰南区坤捷苗圃基地,http:////www.11467.com/tangshan/co/84877.htm
平乡县绿泽苗圃有限公司,http:////www.11467.com/xintai/co/59519.htm
顺平县宏博苗圃农民专业合作社,http:////www.11467.com/baoding/co/93977.htm
顺平县众合苗圃农民专业合作社,http:////www.11467.com/baoding/co/94164.htm
顺平县鑫瑞苗圃农民专业合作社,http:////www.11467.com/baoding/co/94201.htm
福建泉州市瑞南苗圃有限公司,http:////www.11467.com/quanzhou/co/150841.htm
龙海市白水龙兴腻子粉加工场,http:////www.11467.com/zhangzhou/co/56530.htm
随县鸿利盛苗圃有限公司,http:////www.11467.com/qiye/19178913.htm
南召县前河庆莲苗圃有限公司,http:////www.11467.com/nanyang/co/44844.htm
献县挺好苗圃种植专业合作社,http:////www.11467.com/cangzhou/co/70594.htm
顺平县同利苗圃农民专业合作社,http:////www.11467.com/baoding/co/94477.htm
保定市鑫珊苗圃有限公司,http:////www.11467.com/baoding/co/94638.htm
方城县赵河镇凯诚苗圃专业合作社,http:////www.11467.com/nanyang/co/44969.htm
巢湖市中梁山农林苗圃有限公司,http:////www.11467.com/chaohu/co/22728.htm
方城县玉旺苗圃专业合作社,http:////www.11467.com/nanyang/co/45137.htm
方城县赵河镇三友苗圃种植专业合作社,http:////www.11467.com/nanyang/co/45163.htm
肥乡县福茂盛苗圃花木种植有限公司,http:////www.11467.com/handan/co/78067.htm
万源市景茂苗圃基地,http:////www.11467.com/dazhou/co/22493.htm
寿光市晟林苗圃,http:////www.11467.com/weifang/co/143210.htm
蠡县永恒苗圃农民专业合作社,http:////www.11467.com/baoding/co/95075.htm
璧山县周萍苗圃场,http:////www.11467.com/chongqing/co/217920.htm
璧山县黄墙苗圃场,http:////www.11467.com/chongqing/co/218174.htm
璧山县汪维苗圃场,http:////www.11467.com/chongqing/co/218415.htm
荣昌县昌元街道孝俊苗圃场,http:////www.11467.com/chongqing/co/218437.htm
璧山县文勇苗圃场,http:////www.11467.com/chongqing/co/218863.htm
荥经县烟溪沟苗圃有限责任公司,http:////www.11467.com/yaan/co/11079.htm
东坡区城南苗圃种植场,http:////www.11467.com/meishan/co/19020.htm
天津市武清区八达苗圃有限公司,http:////www.11467.com/tianjin/co/213317.htm
船山区鑫隆苗圃种植场,http:////www.11467.com/suining/co/12163.htm
屏山永兴绿园苗圃场,http:////www.11467.com/yibin/co/31028.htm
乐山市市中区长清苗圃场,http:////www.11467.com/leshan/co/24831.htm
上林县明亮镇覃桂荣苗圃种植场（微型企业）,http:////www.11467.com/nanning/co/91270.htm
广西宜州市森茂苗圃有限责任公司,http:////www.11467.com/hechi/co/12761.htm
柳城县阳春丽景苗圃,http:////www.11467.com/liuzhou/co/48383.htm
昭平县柏忠苗圃,http:////www.11467.com/hezhou/co/6635.htm
英德市信达苗圃经营部,http:////www.11467.com/qingyuan/co/29130.htm
英德市望埠镇彩荣苗圃场,http:////www.11467.com/qingyuan/co/29167.htm
日照市东港区新兴苗圃场,http:////www.11467.com/rizhao/co/32980.htm
图们市江杉苗圃绿化有限公司,http:////www.11467.com/yanbian/co/42892.htm
永州市冷水滩区金兰花木苗圃场,http:////www.11467.com/yongzhou/co/20613.htm
社旗县书奇苗圃种植专业合作社,http:////www.11467.com/nanyang/co/45931.htm
禹州市随园苗圃有限公司,http:////www.11467.com/xuchang/co/27554.htm
安阳市广兴苗圃有限责任公司,http:////www.11467.com/anyang/co/39797.htm
泊头市绿野苗圃场,http:////www.11467.com/cangzhou/co/71570.htm
武强县金盛源苗圃种植有限公司,http:////www.11467.com/hengshui/co/46132.htm
天津玳玳顺科技发展有限公司,http:////www.11467.com/tianjin/co/307388.htm
泸州市龙马潭区聚鑫苗圃专业合作社,http:////www.11467.com/luzhou/co/25098.htm
峨眉山市妤菡苗圃有限公司,http:////www.11467.com/meishan/co/19145.htm
九江市庐山区文奇园林花卉苗圃,http:////www.11467.com/jiujiang/co/28727.htm
九江市庐山区华莲园林花卉苗圃,http:////www.11467.com/jiujiang/co/28751.htm
九江市庐山区西山园林花卉苗圃,http:////www.11467.com/jiujiang/co/28762.htm
九江县马回岭家新苗圃,http:////www.11467.com/jiujiang/co/28964.htm
石家庄林浩园艺苗圃场,http:////www.11467.com/shijiazhuang/co/169717.htm
迁西县财成茂源苗圃种植专业合作社,http:////www.11467.com/tangshan/co/86016.htm
肥乡县九源苗圃种植有限公司,http:////www.11467.com/handan/co/78993.htm
蠡县绿园苗圃农民专业合作社,http:////www.11467.com/baoding/co/96153.htm
合肥市书军苗圃,http:////www.11467.com/hefei/co/144165.htm
濉溪县神龙苗圃花卉种植家庭农场,http:////www.11467.com/huaibei/co/19946.htm
肥西县紫蓬镇守信苗圃,http:////www.11467.com/hefei/co/144184.htm
渠县英柏苗圃,http:////www.11467.com/qiye/20607395.htm
泰安开发区银庄苗圃场,http:////www.11467.com/taian/co/61428.htm
泰安开发区同发苗圃,http:////www.11467.com/taian/co/61445.htm
上栗县金信苗圃果园有限公司,http:////www.11467.com/pingxiang/co/15800.htm
上高县文林苗圃场,http:////www.11467.com/yichun/co/28335.htm
炎陵县新利腻子粉厂,http:////www.11467.com/zhuzhou/co/42627.htm
清苑县万林苗圃场,http:////www.11467.com/baoding/co/96418.htm
易县桐林苗圃场,http:////www.11467.com/baoding/co/96504.htm
福清市江阴华盛腻子粉厂,http:////www.11467.com/fuzhou/co/199468.htm
松溪县兴业腻子粉加工厂,http:////www.11467.com/nanping/co/45839.htm
凤阳县西泉镇永丽苗圃场,http:////www.11467.com/chuzhou/co/34389.htm
巨鹿县硕烁苗圃场,http:////www.11467.com/xintai/co/61721.htm
唐山古冶万物生苗圃种植有限公司,http:////www.11467.com/tangshan/co/86346.htm
邵东县接洪苗圃有限公司,http:////www.11467.com/shaoyang/co/29185.htm
内江市市中区河坝冲苗圃种植专业合作社,http:////www.11467.com/neijiang/co/25842.htm
庐江县九鼎苗圃,http:////www.11467.com/hefei/co/144654.htm
肥西县明军苗圃,http:////www.11467.com/hefei/co/144685.htm
肥西县继强苗圃,http:////www.11467.com/hefei/co/145116.htm
石首市惠林苗圃专业合作社,http:////www.11467.com/jingzhou/co/32095.htm
仙桃市润泽苗圃种植专业合作社,http:////www.11467.com/xiantao/co/15969.htm
咸宁市旭日苗圃,http:////www.11467.com/xianning/co/15563.htm
武冈市绿色地苗圃花卉有限公司,http:////www.11467.com/shaoyang/co/29235.htm
襄阳市襄州区春光美苗圃种植专业合作社,http:////www.11467.com/qiye/20638687.htm
荆门天询苗圃有限公司,http:////www.11467.com/jingmen/co/17974.htm
武穴市鸿欣苗圃有限责任公司,http:////www.11467.com/huanggang/co/19432.htm
博罗县合富药材苗圃有限公司,http:////www.11467.com/huizhou/co/99426.htm
莆田市涵江区吴世杰苗圃场,http:////www.11467.com/putian/co/47141.htm
乳山市虎林苗圃,http:////www.11467.com/weihai/co/56830.htm
抚松县佳林苗圃有限公司,http:////www.11467.com/baishan/co/13965.htm
厦门市呈美达苗圃有限公司,http:////www.11467.com/xiamen/co/110418.htm
尤溪县新阳利民苗圃专业合作社,http:////www.11467.com/sanming/co/41530.htm
厦门市庄上苗圃专业合作社,http:////www.11467.com/xiamen/co/110572.htm
福安市同顺腻子粉加工厂,http:////www.11467.com/ningde/co/37794.htm
罗源县蕴农园林绿化苗圃农民专业合作社,http:////www.11467.com/fuzhou/co/200948.htm
魏县崔家花卉苗圃场,http:////www.11467.com/handan/co/79635.htm
乳山市午极镇苑林苗圃,http:////www.11467.com/weihai/co/57003.htm
福建天景园林绿化工程有限公司南靖沧溪透埕苗圃场,http:////www.11467.com/zhangzhou/co/57611.htm
株洲奇俊苗圃有限公司,http:////www.11467.com/zhuzhou/co/42868.htm
宜都市罗家冲苗圃专业合作社,http:////www.11467.com/yichang/co/56041.htm
遵化市瑞园苗圃场,http:////www.11467.com/tangshan/co/86608.htm
