深圳奥赛诺生物科技有限公司,http:////www.11467.com/shenzhen/co/667190.htm
郑州金百合生物工程有限公司,http:////www.11467.com/zhengzhou/co/137241.htm
郑州金百合生物工程有限公司的商铺,http://zhengzhou0137241.11467.com
吉林省德扬贸易有限公司,http:////www.11467.com/changchun/co/80100.htm
吉林省德扬贸易有限公司的商铺,http://changchun080100.11467.com
湖州礼来生物技术有限公司,http:////www.11467.com/huzhou/co/53297.htm
湖州礼来生物技术有限公司的商铺,http://huzhou053297.11467.com
山东利尔康消毒科技股份有限公司,http:////www.11467.com/dezhou/co/38265.htm
山东利尔康消毒科技股份有限公司的商铺,http://dezhou038265.11467.com
东莞果语堂妃瑞斯魔卡路芘芭波酵素有限公司,http:////www.11467.com/dongguan/co/616608.htm
东莞果语堂妃瑞斯魔卡路芘芭波酵素有限公司的商铺,http://dongguan0616608.11467.com
浙江三鼎科技有限公司,http:////www.11467.com/shaoxing/co/53682.htm
浙江三鼎科技有限公司的商铺,http://shaoxing053682.11467.com
潍坊海珀莱商贸有限公司,http:////www.11467.com/weifang/co/177016.htm
潍坊海珀莱商贸有限公司的商铺,http://weifang0177016.11467.com
年圣商务咨询上海有限公司,http:////www.11467.com/qiye/93040575.htm
年圣商务咨询上海有限公司的商铺,http://93040575.b2b.11467.com
西安大青商贸有限公司,http:////www.11467.com/xian/co/120782.htm
西安大青商贸有限公司的商铺,http://xian0120782.11467.com
四川德桂安科技有限公司,http:////www.11467.com/chengdu/co/277468.htm
四川德桂安科技有限公司的商铺,http://chengdu0277468.11467.com
香港聚品商贸（国际）集团有限公司,http:////www.11467.com/beijing/co/760972.htm
香港聚品商贸（国际）集团有限公司的商铺,http://beijing0760972.11467.com
金龙池酵素浴科技有限公司,http:////www.11467.com/chengdu/co/283461.htm
金龙池酵素浴科技有限公司的商铺,http://chengdu0283461.11467.com
北京兰亭会企业管理有限公司,http:////www.11467.com/beijing/co/762164.htm
北京兰亭会企业管理有限公司的商铺,http://beijing0762164.11467.com
北京天赐来国际农牧科技有限公司武陟分厂,http:////www.11467.com/jiaozuo/co/26973.htm
北京天赐来国际农牧科技有限公司武陟分厂的商铺,http://jiaozuo026973.11467.com
上海武昊经贸有限公司,http:////www.11467.com/shanghai/co/693249.htm
沈阳百创特生物科技有限公司,http:////www.11467.com/shenyang/co/90700.htm
深圳市东方智信科技有限公司,http:////www.11467.com/shenzhen/co/709428.htm
荆州市科达特种养殖开发有限公司,http:////www.11467.com/jingzhou/co/28355.htm
开封市化工厂,http:////www.11467.com/kaifeng/co/16601.htm
夏盛集团植物酶事业部,http:////www.11467.com/lanzhou/co/72453.htm
临夏市新华生物制品有限责任公司,http:////www.11467.com/linxia/co/6640.htm
临夏新华生物制品有限公司,http:////www.11467.com/linxia/co/6775.htm
南京万福金安生物技术有限公司,http:////www.11467.com/nanjing/co/93802.htm
商丘市伟康医用品厂,http:////www.11467.com/shangqiu/co/17766.htm
医疗器械有限公司,http:////www.11467.com/changsha/co/102102.htm
承德蓁仲福利香业有限公司,http:////www.11467.com/chengde/co/23340.htm
大连伊美生物科技有限公司,http:////www.11467.com/dalian/co/37132.htm
大连倍嘉贸易有限公司,http:////www.11467.com/dalian/co/45080.htm
李贇(个体经营),http:////www.11467.com/deyang/co/32974.htm
德阳新诺赛制品药有限公司,http:////www.11467.com/deyang/co/32870.htm
宏达生化有限公司,http:////www.11467.com/fuyang/co/27723.htm
广州百瑞饲料经营部,http:////www.11467.com/guangzhou/co/412154.htm
贵州中鑫医药公司,http:////www.11467.com/guiyang/co/77586.htm
浙江大学药业有限公司,http:////www.11467.com/hangzhou/co/1789.htm
合肥世杰膜工程有限责任公司,http:////www.11467.com/hefei/co/62624.htm
北大荒昌清生物科技有限公司,http:////www.11467.com/hegang/co/10174.htm
湖北汇特生物医药技术有限公司研发中心,http:////www.11467.com/huangshi/co/17828.htm
郑州成果食品添加剂有限责任公司,http:////www.11467.com/zhengzhou/co/175863.htm
天津市宝恒生物科技有限公司,http:////www.11467.com/tianjin/co/145858.htm
天津强微特生物科技有限公司,http:////www.11467.com/tianjin/co/197841.htm
天津太平洋制药有限公司,http:////www.11467.com/tianjin/co/184472.htm
厦门尚之康品生物科技有限公司,http:////www.11467.com/xiamen/co/115780.htm
湖南利尔康生物有限公司,http:////www.11467.com/xiangtan/co/25597.htm
康力元药业（集团）有限公司,http:////www.11467.com/xining/co/27160.htm
江苏联环药业股份有限公司,http:////www.11467.com/yangzhou/co/4652.htm
伊戴佳人化妆品(湛江)有限公司,http:////www.11467.com/zhanjiang/co/44833.htm
河南省 所以化工有限公司,http:////www.11467.com/zhengzhou/co/133989.htm
河南省保利平原药业有限责任公司,http:////www.11467.com/anyang/co/3704.htm
宝鸡博迪生物科技有限责任公司,http:////www.11467.com/baoji/co/30761.htm
安庆佳诚贸易有限责任公司,http:////www.11467.com/anqing/co/27359.htm
辽宁鞍山生物工程有限公司,http:////www.11467.com/anshan/co/73944.htm
沧州中信生物科技有限公司,http:////www.11467.com/cangzhou/co/45207.htm
沧州市方正动物药业有限公司,http:////www.11467.com/cangzhou/co/39299.htm
湖南长沙威生灵生物工程有限公司,http:////www.11467.com/changsha/co/100836.htm
长沙市百进生物科技有限公司,http:////www.11467.com/changsha/co/100438.htm
华南制药有限公司,http:////www.11467.com/changsha/co/100826.htm
长沙四海兽药有限公司,http:////www.11467.com/changsha/co/100463.htm
常州绿色生物工程有限公司,http:////www.11467.com/changzhou/co/126856.htm
常州赛沃生物科技有限公司,http:////www.11467.com/changzhou/co/53197.htm
金坛市明康医药原料有限公司,http:////www.11467.com/changzhou/co/49573.htm
保罗生物园科技有限公司(成都代理）,http:////www.11467.com/chengdu/co/137428.htm
四川师范大学应用生物技术研究室,http:////www.11467.com/chengdu/co/137696.htm
大连英斯特生物技术有限公司业务部,http:////www.11467.com/dalian/co/63856.htm
大连易博士贸易有限公司销售部,http:////www.11467.com/dalian/co/63954.htm
高世伟(个体),http:////www.11467.com/dalian/co/57801.htm
大连中科博大生物科技有限公司,http:////www.11467.com/dalian/co/33028.htm
大庆柏盛生物科技有限公司,http:////www.11467.com/daqing/co/44254.htm
维安泰生物制品有限公司,http:////www.11467.com/daqing/co/41615.htm
四川德阳贝奥生物制药公司,http:////www.11467.com/deyang/co/32535.htm
四川省德阳市生化制品有限公司,http:////www.11467.com/deyang/co/19446.htm
东莞市酵素推广中心,http:////www.11467.com/dongguan/co/367189.htm
湖南省津市市鹏程生化有限责任公司华南分公司,http:////www.11467.com/dongguan/co/370449.htm
金汉国际有限公司,http:////www.11467.com/dongguan/co/367491.htm
深圳市海鸿电子有限公司技术部,http:////www.11467.com/dongguan/co/339073.htm
高宝化工(中国)有限公司,http:////www.11467.com/dongguan/co/495713.htm
粤联生物科技有限公司,http:////www.11467.com/dongguan/co/403735.htm
湖北绿金子药业有限公司,http:////www.11467.com/ezhou/co/11959.htm
爱枫食品公司,http:////www.11467.com/foshan/co/295248.htm
佛山市明润动物药品有限公司,http:////www.11467.com/foshan/co/293623.htm
北京华氏康源医药科技有限公司,http:////www.11467.com/fuzhou/co/158797.htm
德合保健品公司,http:////www.11467.com/guangzhou/co/376628.htm
广东本性贵族制药集团公司,http:////www.11467.com/guangzhou/co/202520.htm
"广东美好制药有限公司,国际贸易部",http:////www.11467.com/guangzhou/co/385802.htm
广州普仕康仪器试剂有限公司,http:////www.11467.com/guangzhou/co/35269.htm
北京健之素医药科技有限公司广州分公司,http:////www.11467.com/guangzhou/co/416540.htm
广州健之素医药科技有限公司（市场部）,http:////www.11467.com/guangzhou/co/418491.htm
广州诺丽生物科技有限公司,http:////www.11467.com/guangzhou/co/382478.htm
广州粤阳化工有限公司外贸部,http:////www.11467.com/guangzhou/co/398575.htm
杭州纽龙生物科技有限公司,http:////www.11467.com/hangzhou/co/322555.htm
浙江省微生物研究所,http:////www.11467.com/hangzhou/co/57375.htm
国药集团国瑞药业有限公司,http:////www.11467.com/huainan/co/1028.htm
广西南宁创煌生物科技有限公司,http:////www.11467.com/nanning/co/70245.htm
福建汇天生物药业有限公司,http:////www.11467.com/sanming/co/2813.htm
苏州纳微生物科技有限公司,http:////www.11467.com/suzhou/co/269357.htm
无锡世纪天鼎生物科技有限公司,http:////www.11467.com/wuxi/co/202309.htm
杨凌绿方生物工程有限公司,http:////www.11467.com/xian/co/58900.htm
湖南益阳益威生化试剂有限公司,http:////www.11467.com/yiyang/co/3228.htm
天津开发区宏景工贸有限公司,http:////www.11467.com/tianjin/co/307428.htm
天津南开和成科技有限公司,http:////www.11467.com/tianjin/co/310217.htm
广州润澜贸易有限公司,http:////www.11467.com/guangzhou/co/408461.htm
广州东盛生物科技有限公司,http:////www.11467.com/guangzhou/co/410377.htm
成都润兴消毒药业有限公司广东大区,http:////www.11467.com/guangzhou/co/416854.htm
广州市惠芸化妆品有限公司,http:////www.11467.com/guangzhou/co/319766.htm
广州市众缘生物科技有限公司,http:////www.11467.com/guangzhou/co/386943.htm
广州市德鹏化工有限公司,http:////www.11467.com/guangzhou/co/417753.htm
广州市圣佳食品科技有限公司,http:////www.11467.com/guangzhou/co/418360.htm
广州粤丰动物保健有限公司,http:////www.11467.com/guangzhou/co/324392.htm
广州永强冷冻设备有限公司,http:////www.11467.com/guangzhou/co/248300.htm
深圳翔阳科技有限公司,http:////www.11467.com/guangzhou/co/398259.htm
魏华容(个体经营),http:////www.11467.com/haerbin/co/44007.htm
哈尔滨市万太生物公司,http:////www.11467.com/haerbin/co/59784.htm
黑龙江天地医药有限责任公司,http:////www.11467.com/haerbin/co/57619.htm
大连科瑞达信息技术有限公司,http:////www.11467.com/haerbin/co/52942.htm
北京健之素医药科技有限责任公司杭州分公司,http:////www.11467.com/hangzhou/co/327460.htm
杭州和锦科技有限公司,http:////www.11467.com/hangzhou/co/303972.htm
杭州绿康医疗器械有限公司,http:////www.11467.com/hangzhou/co/349904.htm
杭州科瑞进出口有限公司,http:////www.11467.com/hangzhou/co/305225.htm
杭州万成生物科技有限公司,http:////www.11467.com/hangzhou/co/280493.htm
杭州西子卫生消毒药械有限公司技术部,http:////www.11467.com/hangzhou/co/305349.htm
青海珠峰虫草药业有限公司-杭州销售,http:////www.11467.com/hangzhou/co/304956.htm
翁建文（个体经营）,http:////www.11467.com/hangzhou/co/208886.htm
浙江泰德动物药业,http:////www.11467.com/hangzhou/co/302961.htm
杭州新生态农业管理有限公司,http:////www.11467.com/hangzhou/co/162497.htm
芜湖华信生物药业有限公司,http:////www.11467.com/hefei/co/99206.htm
景县华艺压滤机配件有限公司,http:////www.11467.com/hengshui/co/26813.htm
宝之堂药业保健有限公司,http:////www.11467.com/huizhou/co/80269.htm
湖州巴克生物科技有限公司,http:////www.11467.com/huzhou/co/53279.htm
陈惠芳(个体经营）,http:////www.11467.com/jiangmen/co/93566.htm
江门市杰晖五金塑料制品有限公司,http:////www.11467.com/jiangmen/co/88498.htm
广东江门生物技术开发中心,http:////www.11467.com/jiangmen/co/45104.htm
济南八润生物技术有限公司,http:////www.11467.com/jinan/co/110946.htm
武汉生发生物科技有限公司,http:////www.11467.com/jinan/co/110773.htm
江西东风药业股份有限公司,http:////www.11467.com/jingdezhen/co/4234.htm
金华市圣尔达医疗器械有限公司,http:////www.11467.com/jinhua/co/84114.htm
甘肃华羚生物科技有限公司,http:////www.11467.com/lanzhou/co/68698.htm
山东省临沂市王森药业,http:////www.11467.com/linyi/co/74189.htm
保罗生物园科技有限公司南京分公司,http:////www.11467.com/nanjing/co/99581.htm
南京仕必得生物技术有限公司,http:////www.11467.com/nanjing/co/23755.htm
四川雅安畜牧新技术应用开发研究所江苏上海办事处,http:////www.11467.com/nanjing/co/109052.htm
南京东灿医药科技开发有限公司,http:////www.11467.com/nanjing/co/110534.htm
南宁黑童养发液咨询服务有限公司区域拓展部,http:////www.11467.com/nanning/co/73080.htm
南宁市八桂生态源生物工程有限公司市场部,http:////www.11467.com/nanning/co/73524.htm
广西科学院生物研究所生物实验厂,http:////www.11467.com/nanning/co/16044.htm
南宁黑童养发液有限公司,http:////www.11467.com/nanning/co/77536.htm
广西进出口贸易股份有限公司,http:////www.11467.com/nanning/co/41015.htm
广西南宁杰沃利生物制品有限公司业务部,http:////www.11467.com/nanning/co/73322.htm
美仑生物制品有限公司,http:////www.11467.com/nanning/co/73418.htm
南宁富谷科技有限公司,http:////www.11467.com/nanning/co/45585.htm
南通鑫源生物制品有限公司销售部,http:////www.11467.com/nantong/co/112491.htm
南阳市天赐保健品厂,http:////www.11467.com/nanyang/co/30086.htm
宁波市江东天福德商贸有限公司,http:////www.11467.com/ningbo/co/140585.htm
日照安维信生物科技有限公司,http:////www.11467.com/rizhao/co/24785.htm
汕头海欣药品有限公司,http:////www.11467.com/shantou/co/143143.htm
辽宁科技生物有限公司,http:////www.11467.com/shenyang/co/77589.htm
沈阳天峰生物工程技术有限公司销售部,http:////www.11467.com/shenyang/co/78884.htm
沈阳市三康生物科技有限公司,http:////www.11467.com/shenyang/co/72596.htm
采美化妆品有限公司,http:////www.11467.com/shenzhen/co/220739.htm
美国亿隆集团驻深圳联络处,http:////www.11467.com/shenzhen/co/702533.htm
深圳市朝日绿健生物科技有限公司,http:////www.11467.com/shenzhen/co/665472.htm
深圳市广远科技发展有限公司,http:////www.11467.com/shenzhen/co/382017.htm
深圳市构思生物技术有限公司,http:////www.11467.com/shenzhen/co/64483.htm
深圳市百年金健生物科技有限公司,http:////www.11467.com/shenzhen/co/704668.htm
深圳市海娜花女人用品商行,http:////www.11467.com/shenzhen/co/588118.htm
深圳市康之素贸易有限公司,http:////www.11467.com/shenzhen/co/221017.htm
深圳市万千科技有限公司,http:////www.11467.com/shenzhen/co/705369.htm
深圳市南山区保罗微生物酵素有机食品经销部,http:////www.11467.com/shenzhen/co/709469.htm
深圳市祥源生物科技有限公司,http:////www.11467.com/shenzhen/co/662771.htm
香港立达平衡健康馆连锁机构,http:////www.11467.com/shenzhen/co/709146.htm
安吉思（北京）生物医药科技有限责任公司,http:////www.11467.com/shijiazhuang/co/104627.htm
河北省石家庄经济技术开发区中天化工有限责任公司,http:////www.11467.com/shijiazhuang/co/102153.htm
黑龙江正龙动物药业有限公司,http:////www.11467.com/shijiazhuang/co/104330.htm
石家庄光大药业有限公司,http:////www.11467.com/shijiazhuang/co/104204.htm
石家庄康民进出口有限公司,http:////www.11467.com/shijiazhuang/co/84612.htm
湖北清大药业科技有限公司新疆办事处,http:////www.11467.com/shiyan/co/30333.htm
宿州市华威实业总公司医院感染监控用品供应站,http:////www.11467.com/suzhoushi/co/16722.htm
泰安鼎力胶业有限公司,http:////www.11467.com/taian/co/38414.htm
宏伟科技有限责任公司销售部,http:////www.11467.com/taian/co/41032.htm
泰州市高港区荣达医用器材厂,http:////www.11467.com/taizhoushi/co/29853.htm
泰州市康福医疗器材厂,http:////www.11467.com/taizhoushi/co/34447.htm
唐山太博尔生物工程有限公司,http:////www.11467.com/tangshan/co/51328.htm
（远城集团）武汉远城科技发展有限公司,http:////www.11467.com/wuhan/co/102220.htm
湖北正道营养原料有限公司,http:////www.11467.com/wuhan/co/106074.htm
湖北欣恺生物科技有限公司销售部,http:////www.11467.com/wuhan/co/100531.htm
武汉合中化工公司,http:////www.11467.com/wuhan/co/103480.htm
武汉刚正生物科技有限公司销售部,http:////www.11467.com/wuhan/co/107545.htm
武汉合中药业有限公司（合中一部）,http:////www.11467.com/wuhan/co/111024.htm
福科生物技术有限公司,http:////www.11467.com/wuhan/co/100820.htm
武汉远城科技有限公司国贸部,http:////www.11467.com/wuhan/co/110653.htm
武汉皓月生物科技有限公司,http:////www.11467.com/wuhan/co/110509.htm
武汉恒旭生物科技有限公司,http:////www.11467.com/wuhan/co/111079.htm
沈洲（个体经营）,http:////www.11467.com/wuxi/co/203690.htm
无锡德冠生物有限公司,http:////www.11467.com/wuxi/co/206595.htm
厦门锐恒工贸有限公司,http:////www.11467.com/xiamen/co/59208.htm
厦门慧嘉生物科技有限公司,http:////www.11467.com/xiamen/co/67497.htm
厦门鑫毅嘉医疗器械有限公司,http:////www.11467.com/xiamen/co/39079.htm
厦门万贯科技生物有限公司,http:////www.11467.com/xiamen/co/73721.htm
沈阳市婷婷生物科技有限公司,http:////www.11467.com/xiamen/co/74703.htm
陕西服尔康生物医药科技有限公司,http:////www.11467.com/xian/co/92105.htm
北京惠百成生物技术有限公司西安分公司,http:////www.11467.com/xian/co/84508.htm
西安华萃生物技术有限公司《仪器部》,http:////www.11467.com/xian/co/90055.htm
渭南综合进出口贸易有限公司,http:////www.11467.com/xian/co/90595.htm
陕西益翔医疗器械有限公司,http:////www.11467.com/xian/co/91900.htm
西安清乐生物科技有限公司,http:////www.11467.com/xian/co/90960.htm
晶美生物技术有限公司,http:////www.11467.com/xian/co/90040.htm
西安无尚堂生物科技有限公司,http:////www.11467.com/xian/co/124960.htm
陕西咸阳萃纳贝每生物工程有限公司,http:////www.11467.com/xianyang/co/22620.htm
信阳市浉河区南湖生化制品厂,http:////www.11467.com/xinyang/co/18419.htm
信阳平桥区中信珍珠岩应用有限公司销售部,http:////www.11467.com/xinyang/co/18838.htm
江西省欧氏药业有限公司,http:////www.11467.com/xinyu/co/7878.htm
徐州粗品尿激酶生产基地,http:////www.11467.com/xuzhou/co/62382.htm
徐州市天鸿饲料有限公司,http:////www.11467.com/xuzhou/co/53799.htm
徐州海汇科技有限公司,http:////www.11467.com/xuzhou/co/69048.htm
山东烟台多利生物技术有限公司,http:////www.11467.com/yantai/co/132218.htm
烟台宝威生物技术有限公司（贸易部）,http:////www.11467.com/yantai/co/132754.htm
烟台市康利诺生物工程有限公司总经理办,http:////www.11467.com/yantai/co/132687.htm
湖南利尔康生物有限公司,http:////www.11467.com/yueyang/co/20805.htm
山东润康生物工程有限公司,http:////www.11467.com/zaozhuang/co/15560.htm
广东肇庆星湖生物化学制药厂,http:////www.11467.com/zhaoqing/co/2946.htm
世纪百川食品配料有限公司（销售部）,http:////www.11467.com/zhengzhou/co/135333.htm
力美科技有限公司,http:////www.11467.com/zhengzhou/co/134873.htm
新乡天祥药业有限公司,http:////www.11467.com/zhengzhou/co/142174.htm
郑州天硕生物技术有限公司,http:////www.11467.com/zhengzhou/co/135518.htm
郑州康利得保健医药有限公司,http:////www.11467.com/zhengzhou/co/101702.htm
郑州栋启广利生物有限公司,http:////www.11467.com/zhengzhou/co/177812.htm
郑州宝赛生物科技有限公司,http:////www.11467.com/zhengzhou/co/138918.htm
郑州华丰生物科技有限公司,http:////www.11467.com/zhengzhou/co/145216.htm
河南省嘉和食品添加剂有限公司,http:////www.11467.com/zhengzhou/co/26500.htm
中广农业信息开发有限公司,http:////www.11467.com/zhengzhou/co/142406.htm
郑州飞宏化工产品有限公司,http:////www.11467.com/zhengzhou/co/178203.htm
珠海市丽新医药有限公司,http:////www.11467.com/zhuhai/co/88184.htm
珠海百奥生物技术有限公司招商部,http:////www.11467.com/zhuhai/co/87638.htm
珠海天泽医药科技有限公司,http:////www.11467.com/zhuhai/co/84668.htm
珠海远城医药化工有限化司,http:////www.11467.com/zhuhai/co/86290.htm
北京保顺科技有限公司,http:////www.11467.com/beijing/co/436979.htm
湖南沅江洪元植物叶蛋白开发有限公司上海销售中心,http:////www.11467.com/shanghai/co/428861.htm
上海希亚克诊断用品有限公司销售部,http:////www.11467.com/shanghai/co/251824.htm
天津绿健生物科技有限公司,http:////www.11467.com/tianjin/co/197106.htm
天津科建科技发展有限公司,http:////www.11467.com/tianjin/co/147154.htm
天津子淋贸易有限公司,http:////www.11467.com/tianjin/co/99408.htm
天津科瑞杰生物技术开发有限公司,http:////www.11467.com/tianjin/co/146384.htm
天津迈劲制药有限公司,http:////www.11467.com/tianjin/co/42398.htm
天津一方科技有限公司赵磊,http:////www.11467.com/tianjin/co/91567.htm
天津怡博生物技术有限公司,http:////www.11467.com/tianjin/co/304495.htm
北京康健生物科技有限公司,http:////www.11467.com/beijing/co/733407.htm
英赛德德集团信息有限公司,http:////www.11467.com/tianjin/co/304496.htm
天津思凯文化传媒有限公司,http:////www.11467.com/tianjin/co/304497.htm
深圳市合德隆地坪材料有限公司,http:////www.11467.com/shenzhen/co/820547.htm
奥迪尔（潍坊）进出口贸易有限公司,http:////www.11467.com/weifang/co/169632.htm
云南洛谷文化传播有限公司,http:////www.11467.com/kunming/co/150547.htm
鞍山德峰制药有限公司,http:////www.11467.com/anshan/co/11638.htm
保定市新市区盛源生物化学实验厂,http:////www.11467.com/baoding/co/61380.htm
广信尿激酶公司,http:////www.11467.com/cangzhou/co/45350.htm
大奥压电事业部,http:////www.11467.com/changzhou/co/95842.htm
常州千红生化制药有限公司,http:////www.11467.com/changzhou/co/16978.htm
德阳新诺赛制药有限公司,http:////www.11467.com/deyang/co/32422.htm
东营市普润石油化工有限责任公司,http:////www.11467.com/dongying/co/29312.htm
福建高科生物有限公司,http:////www.11467.com/fuzhou/co/159605.htm
福州东方晨曦贸易有限公司,http:////www.11467.com/fuzhou/co/67126.htm
福州恒缘生物科技有限公司,http:////www.11467.com/fuzhou/co/159227.htm
福州恒缘生物科技开发有限公司,http:////www.11467.com/fuzhou/co/63944.htm
江西赣州百灵动物药业有限公司（山东办事处）,http:////www.11467.com/ganzhou/co/29428.htm
白云山(海外)集团有限公司,http:////www.11467.com/guangzhou/co/148916.htm
广州巴谷化妆品有限公司,http:////www.11467.com/guangzhou/co/466999.htm
广东市奥翔曽药科技有限公司,http:////www.11467.com/guangzhou/co/411581.htm
广州傲之美化妆品有限公司,http:////www.11467.com/guangzhou/co/346597.htm
广州康达和熙生物科技有限公司,http:////www.11467.com/guangzhou/co/380937.htm
广州华银基因有限公司,http:////www.11467.com/guangzhou/co/348663.htm
广州市东都医药化工有限公司,http:////www.11467.com/guangzhou/co/246698.htm
广州恩康生物科技有限公司,http:////www.11467.com/guangzhou/co/97040.htm
广州市广谱医药有限公司,http:////www.11467.com/guangzhou/co/395794.htm
广州柏棠贸易有限公司销售部,http:////www.11467.com/guangzhou/co/395151.htm
陈经湛（个体经营）,http:////www.11467.com/guangzhou/co/416378.htm
广州鹊翔商贸有限公司(销售部),http:////www.11467.com/guangzhou/co/241195.htm
广州中研生物科技有限公司销售部,http:////www.11467.com/guangzhou/co/399601.htm
广州粤晨生物科技有限公司,http:////www.11467.com/guangzhou/co/316824.htm
广州市微生物研究所发酵工程部,http:////www.11467.com/guangzhou/co/325152.htm
广州昭荣贸易有限公司新事业部,http:////www.11467.com/guangzhou/co/335596.htm
台湾逸铭制药实业(香港)有限公司,http:////www.11467.com/guangzhou/co/459834.htm
英芝堂生物工程有限公司,http:////www.11467.com/guangzhou/co/397232.htm
全鑫贸易有限公司,http:////www.11467.com/guangzhou/co/382240.htm
美国朗卫国际投资有限公司,http:////www.11467.com/guangzhou/co/160388.htm
广州市健之素医药科技有限公司,http:////www.11467.com/guangzhou/co/410621.htm
华灿生物科技（广州）有限公司,http:////www.11467.com/guangzhou/co/410669.htm
哈尔滨保罗生物科技有限公司,http:////www.11467.com/haerbin/co/44482.htm
哈尔滨无限峰科技有限公司-销售部,http:////www.11467.com/haerbin/co/59546.htm
天赐生物制品厂,http:////www.11467.com/handan/co/54257.htm
康业制药有限公司销售部,http:////www.11467.com/handan/co/52880.htm
杭州路加健身有限公司,http:////www.11467.com/hangzhou/co/279140.htm
杭州莱恩纳尔生物科技有限公司,http:////www.11467.com/hangzhou/co/291755.htm
杭州昇堂生物科技有限公司,http:////www.11467.com/hangzhou/co/290723.htm
杭州海逸生物技术有限公司,http:////www.11467.com/hangzhou/co/238760.htm
杭州海金生物科技有限公司,http:////www.11467.com/hangzhou/co/302791.htm
合肥市惠友化工有限公司,http:////www.11467.com/hefei/co/86406.htm
湖南爱民制药有限公司销售部,http:////www.11467.com/hengyang/co/26943.htm
淮安市百麦绿色生物能源有限公司,http:////www.11467.com/huaian/co/40521.htm
唐荧川(个体经营),http:////www.11467.com/huaihua/co/19404.htm
惠州正康科技有限公司,http:////www.11467.com/huizhou/co/80749.htm
吉安市御之美健康科技有限公司,http:////www.11467.com/jian/co/19373.htm
上海农塔实业有限公司,http:////www.11467.com/shanghai/co/1305125.htm
