景德镇百陶会陶艺装备有限公司,http:////www.11467.com/jingdezhen/co/15167.htm
河南威猛振动设备股份有限公司,http:////www.11467.com/xinxiang/co/19364.htm
河南威猛振动设备股份有限公司的商铺,http://xinxiang019364.11467.com
新乡市永清筛分机械有限公司,http:////www.11467.com/xinxiang/co/19402.htm
新乡市永清筛分机械有限公司的商铺,http://xinxiang019402.11467.com
韶关市韶锅热力节能设备有限公司,http:////www.11467.com/shaoguan/co/23621.htm
韶关市韶锅热力节能设备有限公司的商铺,http://shaoguan023621.11467.com
衢州市红日陶瓷机械有限公司,http:////www.11467.com/quzhou/co/22219.htm
衢州市红日陶瓷机械有限公司的商铺,http://quzhou022219.11467.com
淄博正阳钢铁有限公司,http:////www.11467.com/zibo/co/28626.htm
淄博正阳钢铁有限公司的商铺,http://zibo028626.11467.com
景德镇市影青机械制造有限公司,http:////www.11467.com/jingdezhen/co/13034.htm
景德镇市影青机械制造有限公司的商铺,http://jingdezhen013034.11467.com
河源鹏翔超高压水切割机械有限公司,http:////www.11467.com/heyuan/co/13824.htm
河源鹏翔超高压水切割机械有限公司的商铺,http://heyuan013824.11467.com
湘潭湘仪仪器有限公司,http:////www.11467.com/xiangtan/co/24544.htm
湘潭湘仪仪器有限公司的商铺,http://xiangtan024544.11467.com
无锡久耐聚氨酯制品有限公司,http:////www.11467.com/wuxi/co/263257.htm
无锡久耐聚氨酯制品有限公司的商铺,http://wuxi0263257.11467.com
常州奥赛林液压气动元件有限公司,http:////www.11467.com/changzhou/co/107223.htm
常州奥赛林液压气动元件有限公司的商铺,http://changzhou0107223.11467.com
浮梁县汇邦精细陶瓷厂,http:////www.11467.com/jingdezhen/co/12752.htm
浮梁县汇邦精细陶瓷厂的商铺,http://jingdezhen012752.11467.com
赣州晶环稀土新材料有限公司,http:////www.11467.com/ganzhou/co/27299.htm
赣州晶环稀土新材料有限公司的商铺,http://ganzhou027299.11467.com
浮梁影青陶瓷设备制造厂,http:////www.11467.com/jingdezhen/co/11589.htm
浮梁影青陶瓷设备制造厂的商铺,http://jingdezhen011589.11467.com
鹤壁市鹤龙专用设备有限公司,http:////www.11467.com/hebi/co/9003.htm
鹤壁市鹤龙专用设备有限公司的商铺,http://hebi09003.11467.com
湘潭市三星仪器有限公司,http:////www.11467.com/xiangtan/co/228.htm
湘潭市三星仪器有限公司的商铺,http://xiangtan0228.11467.com
新乡市宇振机械有限公司,http:////www.11467.com/xinxiang/co/19356.htm
新乡市宇振机械有限公司的商铺,http://xinxiang019356.11467.com
上海陶宝陶瓷新材料开发有限公司,http:////www.11467.com/shanghai/co/319961.htm
上海陶宝陶瓷新材料开发有限公司的商铺,http://shanghai0319961.11467.com
上海友吉传动控制配件有限公司,http:////www.11467.com/shanghai/co/319959.htm
上海友吉传动控制配件有限公司的商铺,http://shanghai0319959.11467.com
舟山硕泓锦机械有限公司,http:////www.11467.com/zhoushan/co/17874.htm
舟山硕泓锦机械有限公司的商铺,http://zhoushan017874.11467.com
南昌东元实业有限责任公司,http:////www.11467.com/nanchang/co/89988.htm
南昌东元实业有限责任公司的商铺,http://nanchang089988.11467.com
广州广源激光科技有限公司,http:////www.11467.com/guangzhou/co/271886.htm
广州广源激光科技有限公司的商铺,http://guangzhou0271886.11467.com
无锡市恒光粉体设备有限公司,http:////www.11467.com/wuxi/co/194152.htm
无锡市恒光粉体设备有限公司的商铺,http://wuxi0194152.11467.com
常州市方向陶瓷工艺服务中心,http:////www.11467.com/changzhou/co/107221.htm
常州市方向陶瓷工艺服务中心的商铺,http://changzhou0107221.11467.com
高要市金渡镇鼎益真空机械厂,http:////www.11467.com/zhaoqing/co/34485.htm
高要市金渡镇鼎益真空机械厂的商铺,http://zhaoqing034485.11467.com
佛山市爱陶机电设备有限公司,http:////www.11467.com/foshan/co/238520.htm
佛山市爱陶机电设备有限公司的商铺,http://foshan0238520.11467.com
博爱陶瓷机械厂,http:////www.11467.com/foshan/co/472821.htm
博爱陶瓷机械厂的商铺,http://foshan0472821.11467.com
佛山市万通源机械设备有限公司,http:////www.11467.com/foshan/co/187039.htm
佛山市万通源机械设备有限公司的商铺,http://foshan0187039.11467.com
苏州通锦精密工业有限公司,http:////www.11467.com/suzhou/co/203648.htm
苏州通锦精密工业有限公司的商铺,http://suzhou0203648.11467.com
佛山市溪牛机电贸易有限公司,http:////www.11467.com/foshan/co/333462.htm
佛山市溪牛机电贸易有限公司的商铺,http://foshan0333462.11467.com
新乡市同盟振动机械有限公司,http:////www.11467.com/xinxiang/co/27041.htm
新乡市同盟振动机械有限公司的商铺,http://xinxiang027041.11467.com
淄博东本自动化设备有限公司,http:////www.11467.com/zibo/co/119644.htm
淄博东本自动化设备有限公司的商铺,http://zibo0119644.11467.com
上海汇封液压技术有限公司,http:////www.11467.com/shanghai/co/1100584.htm
上海汇封液压技术有限公司的商铺,http://shanghai01100584.11467.com
宜兴市丁蜀镇爱华机械厂,http:////www.11467.com/wuxi/co/250031.htm
宜兴市丁蜀镇爱华机械厂的商铺,http://wuxi0250031.11467.com
深圳市安赛科技有限公司,http:////www.11467.com/shenzhen/co/87893.htm
深圳市安赛科技有限公司的商铺,http://shenzhen087893.11467.com
深圳市隆创盛科技有限公司,http:////www.11467.com/shenzhen/co/482048.htm
深圳市隆创盛科技有限公司的商铺,http://shenzhen0482048.11467.com
深圳金谷田科技有限公司,http:////www.11467.com/shenzhen/co/106694.htm
深圳金谷田科技有限公司的商铺,http://shenzhen0106694.11467.com
温州南洋防爆电机有限公司,http:////www.11467.com/wenzhou/co/39917.htm
温州南洋防爆电机有限公司的商铺,http://wenzhou039917.11467.com
潜山县金锐塑刷制品厂,http:////www.11467.com/anqing/co/39556.htm
潜山县金锐塑刷制品厂的商铺,http://anqing039556.11467.com
佛山市禅城区中联液压机械有限公司,http:////www.11467.com/foshan/co/238308.htm
佛山市禅城区中联液压机械有限公司的商铺,http://foshan0238308.11467.com
巩义市免烧砖机制造厂,http:////www.11467.com/zhengzhou/co/171821.htm
巩义市免烧砖机制造厂的商铺,http://zhengzhou0171821.11467.com
淄博鸿润新材料有限公司,http:////www.11467.com/zibo/co/100026.htm
淄博鸿润新材料有限公司的商铺,http://zibo0100026.11467.com
东莞市合兴机械设备有限公司,http:////www.11467.com/dongguan/co/121531.htm
东莞市合兴机械设备有限公司的商铺,http://dongguan0121531.11467.com
佛山市顺德区菱美电气自动化设备贸易有限公司,http:////www.11467.com/foshan/co/339230.htm
佛山市顺德区菱美电气自动化设备贸易有限公司的商铺,http://foshan0339230.11467.com
广州欧特士传动设备有限公司,http:////www.11467.com/guangzhou/co/34956.htm
广州欧特士传动设备有限公司的商铺,http://guangzhou034956.11467.com
江西省芦溪县三鑫高科陶瓷有限公司,http:////www.11467.com/pingxiang/co/14313.htm
江西省芦溪县三鑫高科陶瓷有限公司的商铺,http://pingxiang014313.11467.com
崇安区诺泰热熔胶机械设备商行,http:////www.11467.com/wuxi/co/215454.htm
崇安区诺泰热熔胶机械设备商行的商铺,http://wuxi0215454.11467.com
宜兴市华源焊接设备有限公司,http:////www.11467.com/wuxi/co/79871.htm
宜兴市华源焊接设备有限公司的商铺,http://wuxi079871.11467.com
新乡市吉瑞振动机械制造有限公司,http:////www.11467.com/xinxiang/co/19088.htm
岳阳市轻工机械厂,http:////www.11467.com/yueyang/co/25630.htm
深圳市米诺电子有限公司,http:////www.11467.com/shenzhen/co/98601.htm
深圳市米诺电子有限公司的商铺,http://shenzhen098601.11467.com
佛山市南海区强珠五金机电经营部,http:////www.11467.com/foshan/co/67150.htm
佛山市南海区强珠五金机电经营部的商铺,http://foshan067150.11467.com
广州市积禾机电设备有限公司,http:////www.11467.com/guangzhou/co/99156.htm
广州市积禾机电设备有限公司的商铺,http://guangzhou099156.11467.com
广州威焰热能控制设备有限公司,http:////www.11467.com/guangzhou/co/455665.htm
广州威焰热能控制设备有限公司的商铺,http://guangzhou0455665.11467.com
深圳市德丰工业材料有限公司,http:////www.11467.com/shenzhen/co/761467.htm
深圳市德丰工业材料有限公司的商铺,http://shenzhen0761467.11467.com
宁波市鄞州大兴非标设备制造厂,http:////www.11467.com/ningbo/co/102033.htm
宁波市鄞州大兴非标设备制造厂的商铺,http://ningbo0102033.11467.com
清远市清城区龙塘镇联发精密模具加工厂,http:////www.11467.com/qingyuan/co/22750.htm
清远市清城区龙塘镇联发精密模具加工厂的商铺,http://qingyuan022750.11467.com
淮安市楚州区峰晟电器设备厂,http:////www.11467.com/huaian/co/35027.htm
淮安市楚州区峰晟电器设备厂的商铺,http://huaian035027.11467.com
江苏虹桥冶电设备有限公司,http:////www.11467.com/taizhoushi/co/29899.htm
江苏虹桥冶电设备有限公司的商铺,http://taizhoushi029899.11467.com
深圳市油拓液压机械有限公司,http:////www.11467.com/shenzhen/co/134345.htm
深圳市油拓液压机械有限公司的商铺,http://shenzhen0134345.11467.com
深圳市赢彩数码科技有限公司,http:////www.11467.com/shenzhen/co/811503.htm
深圳市赢彩数码科技有限公司的商铺,http://shenzhen0811503.11467.com
江苏环能硅碳陶瓷有限公司,http:////www.11467.com/taizhoushi/co/48913.htm
江苏环能硅碳陶瓷有限公司的商铺,http://taizhoushi048913.11467.com
巩义市红旗机械厂,http:////www.11467.com/gongyi/co/4378.htm
巩义市红旗机械厂的商铺,http://gongyi04378.11467.com
苏州市金科自动化设备有限公司,http:////www.11467.com/suzhou/co/184456.htm
苏州市金科自动化设备有限公司的商铺,http://suzhou0184456.11467.com
广州永杰热转印材料有限公司,http:////www.11467.com/guangzhou/co/207757.htm
广州永杰热转印材料有限公司的商铺,http://guangzhou0207757.11467.com
深圳立豪达机电设备有限公司,http:////www.11467.com/shenzhen/co/772205.htm
深圳立豪达机电设备有限公司的商铺,http://shenzhen0772205.11467.com
景德镇市长福陶瓷设备厂,http:////www.11467.com/jingdezhen/co/13613.htm
景德镇市长福陶瓷设备厂的商铺,http://jingdezhen013613.11467.com
茂名市怡华机械有限公司,http:////www.11467.com/maoming/co/1623.htm
茂名市怡华机械有限公司的商铺,http://maoming01623.11467.com
深圳市博宏交通设施有限公司,http:////www.11467.com/shenzhen/co/810238.htm
深圳市博宏交通设施有限公司的商铺,http://shenzhen0810238.11467.com
深圳市华力士液压科技有限公司,http:////www.11467.com/shenzhen/co/727751.htm
深圳市华力士液压科技有限公司的商铺,http://shenzhen0727751.11467.com
广州从化新科轻化设备厂,http:////www.11467.com/guangzhou/co/429946.htm
广州从化新科轻化设备厂的商铺,http://guangzhou0429946.11467.com
佛山市顺德区花世工业皮带有限公司,http:////www.11467.com/foshan/co/334560.htm
佛山市顺德区花世工业皮带有限公司的商铺,http://foshan0334560.11467.com
康腾洁具有限公司,http:////www.11467.com/wenzhou/co/145350.htm
康腾洁具有限公司的商铺,http://wenzhou0145350.11467.com
深圳市正航注塑设备有限公司,http:////www.11467.com/shenzhen/co/809968.htm
深圳市正航注塑设备有限公司的商铺,http://shenzhen0809968.11467.com
深圳市思科诺机电设备有限公司,http:////www.11467.com/shenzhen/co/105314.htm
深圳市思科诺机电设备有限公司的商铺,http://shenzhen0105314.11467.com
深圳市诚利通科技有限公司,http:////www.11467.com/shenzhen/co/59320.htm
深圳市诚利通科技有限公司的商铺,http://shenzhen059320.11467.com
江西省萍乡市荣峰陶瓷有限公司,http:////www.11467.com/shenzhen/co/482047.htm
江西省萍乡市荣峰陶瓷有限公司的商铺,http://shenzhen0482047.11467.com
佛山市顺德区加信和自动化设备有限公司,http:////www.11467.com/foshan/co/222518.htm
佛山市顺德区加信和自动化设备有限公司的商铺,http://foshan0222518.11467.com
广州卓的宝玉石机械有限公司,http:////www.11467.com/guangzhou/co/272138.htm
广州卓的宝玉石机械有限公司的商铺,http://guangzhou0272138.11467.com
广州腾万机电设备有限公司,http:////www.11467.com/guangzhou/co/434574.htm
广州腾万机电设备有限公司的商铺,http://guangzhou0434574.11467.com
湖南玖星工业微波设备有限公司,http:////www.11467.com/huaihua/co/21391.htm
湖南玖星工业微波设备有限公司的商铺,http://huaihua021391.11467.com
德清中发纺织配件厂,http:////www.11467.com/huzhou/co/60152.htm
德清中发纺织配件厂的商铺,http://huzhou060152.11467.com
景德镇市高岭陶瓷机械有限公司,http:////www.11467.com/jingdezhen/co/10088.htm
景德镇市高岭陶瓷机械有限公司的商铺,http://jingdezhen010088.11467.com
深圳市远景世纪科技有限公司,http:////www.11467.com/shenzhen/co/152583.htm
深圳市远景世纪科技有限公司的商铺,http://shenzhen0152583.11467.com
兴化市创鑫电热仪表厂,http:////www.11467.com/taizhoushi/co/51709.htm
兴化市创鑫电热仪表厂的商铺,http://taizhoushi051709.11467.com
福州立昌工贸有限公司,http:////www.11467.com/fuzhou/co/70089.htm
福州立昌工贸有限公司的商铺,http://fuzhou070089.11467.com
晋江鸿裕建材有限公司,http:////www.11467.com/quanzhou/co/133647.htm
晋江鸿裕建材有限公司的商铺,http://quanzhou0133647.11467.com
深圳昌皜炉业有限公司,http:////www.11467.com/shenzhen/co/761333.htm
深圳昌皜炉业有限公司的商铺,http://shenzhen0761333.11467.com
深圳市佳速尔精密机械有限公司,http:////www.11467.com/shenzhen/co/482049.htm
深圳市佳速尔精密机械有限公司的商铺,http://shenzhen0482049.11467.com
佛山市鑫新陶瓷机械有限公司,http:////www.11467.com/foshan/co/334134.htm
佛山市鑫新陶瓷机械有限公司的商铺,http://foshan0334134.11467.com
深圳市振越海绵制品有限公司,http:////www.11467.com/shenzhen/co/118439.htm
深圳市振越海绵制品有限公司的商铺,http://shenzhen0118439.11467.com
深圳市矽尊电子有限公司,http:////www.11467.com/shenzhen/co/462784.htm
深圳市矽尊电子有限公司的商铺,http://shenzhen0462784.11467.com
吴江市龙马电器有限公司,http:////www.11467.com/suzhou/co/83595.htm
吴江市龙马电器有限公司的商铺,http://suzhou083595.11467.com
太原市东龙机械有限公司,http:////www.11467.com/taiyuan/co/97532.htm
太原市东龙机械有限公司的商铺,http://taiyuan097532.11467.com
深圳市致盈电路科技有限公司,http:////www.11467.com/shenzhen/co/812800.htm
深圳市致盈电路科技有限公司的商铺,http://shenzhen0812800.11467.com
佛山市伊耐节能材料有限公司,http:////www.11467.com/foshan/co/331600.htm
佛山市伊耐节能材料有限公司的商铺,http://foshan0331600.11467.com
杭州格拉斯玻璃技术有限公司,http:////www.11467.com/hangzhou/co/255589.htm
杭州格拉斯玻璃技术有限公司的商铺,http://hangzhou0255589.11467.com
深圳市联瑞达商贸有限公司,http:////www.11467.com/shenzhen/co/810545.htm
深圳市联瑞达商贸有限公司的商铺,http://shenzhen0810545.11467.com
沂南县兴友机械厂,http:////www.11467.com/linyi/co/95465.htm
沂南县兴友机械厂的商铺,http://linyi095465.11467.com
宁波市鄞州肯迈陶瓷机械厂,http:////www.11467.com/ningbo/co/69953.htm
宁波市鄞州肯迈陶瓷机械厂的商铺,http://ningbo069953.11467.com
佛山奥肯机械有限公司 佛山华同能源有限公司,http:////www.11467.com/foshan/co/238366.htm
佛山市至开金刚石工具有限公司,http:////www.11467.com/foshan/co/322327.htm
佛山市正大机电(集团)有限公司,http:////www.11467.com/foshan/co/184934.htm
佛山市卓利水切割设备制造有限公司,http:////www.11467.com/foshan/co/93708.htm
佛山市南海区毅泰五金制品厂,http:////www.11467.com/foshan/co/231076.htm
黄鸿伟(个体经营),http:////www.11467.com/foshan/co/238302.htm
中三元塑料经营部,http:////www.11467.com/foshan/co/238647.htm
金利捷陶瓷机械有限公司,http:////www.11467.com/foshan/co/238483.htm
江西省鄱阳县波峰陶瓷机械有限公司顺德分公司,http:////www.11467.com/foshan/co/238596.htm
将标五金陶机门市部,http:////www.11467.com/foshan/co/238392.htm
锦华兴机械厂,http:////www.11467.com/foshan/co/238570.htm
佛山南海志达陶瓷机械厂,http:////www.11467.com/foshan/co/238406.htm
佛山硕泰机械有限公司,http:////www.11467.com/foshan/co/238367.htm
摩德娜机械有限公司,http:////www.11467.com/foshan/co/238432.htm
潘增荣个体经营,http:////www.11467.com/foshan/co/238389.htm
娜塞提机械有限公司,http:////www.11467.com/foshan/co/238624.htm
美嘉陶瓷设备有限公司,http:////www.11467.com/foshan/co/238453.htm
南海欧奈特陶瓷机械有限公司,http:////www.11467.com/foshan/co/238582.htm
南海能源陶瓷材料有限公司,http:////www.11467.com/foshan/co/238372.htm
名博机械陶瓷机有限公司,http:////www.11467.com/foshan/co/238338.htm
科仕迪医疗设备厂,http:////www.11467.com/foshan/co/238615.htm
卓迪机械有限公司销售部,http:////www.11467.com/foshan/co/238345.htm
先达陶瓷科技有限公司,http:////www.11467.com/foshan/co/238330.htm
石湾海口陶瓷厂澳舵艺术陶瓷公司,http:////www.11467.com/foshan/co/187055.htm
佛山市信盈机电设备有限公司,http:////www.11467.com/foshan/co/238401.htm
厦门市盈拓商务有限公司佛山办,http:////www.11467.com/foshan/co/238507.htm
向斌(个体经营),http:////www.11467.com/foshan/co/238346.htm
佛山市玉坤有限公司,http:////www.11467.com/foshan/co/238508.htm
广东省佛山市顺德区陈村镇潭村八达陶瓷机械厂,http:////www.11467.com/foshan/co/238592.htm
群星陶瓷设备有限公司,http:////www.11467.com/foshan/co/238423.htm
如意诚信商标代理有限公司,http:////www.11467.com/foshan/co/238387.htm
三联液压技术服务中心,http:////www.11467.com/foshan/co/238466.htm
南海市卓迪机械有限公司,http:////www.11467.com/foshan/co/238642.htm
南阳五金加工厂,http:////www.11467.com/foshan/co/238605.htm
新创成机械厂,http:////www.11467.com/foshan/co/238335.htm
能火耐材经营部,http:////www.11467.com/foshan/co/238369.htm
福州力王电子科技有限公司,http:////www.11467.com/fuzhou/co/170718.htm
福建省闽清县陶瓷机械设备制造厂,http:////www.11467.com/fuzhou/co/92047.htm
衡水众成摩擦材料有限公司(福建销售部),http:////www.11467.com/fuzhou/co/181087.htm
广东省强兴微晶玻璃金刚石工具厂,http:////www.11467.com/guangzhou/co/121758.htm
广州霸特机电设备有限公司销售部,http:////www.11467.com/guangzhou/co/272401.htm
广州康斐机械贸易有限公司,http:////www.11467.com/guangzhou/co/272378.htm
广州金工机械科技有限公司拓展部,http:////www.11467.com/guangzhou/co/272388.htm
广州市花都区环宇玻璃机械厂,http:////www.11467.com/guangzhou/co/272392.htm
广州市海珠区川江贸易行,http:////www.11467.com/guangzhou/co/23070.htm
广州巨安大件运输有限公司,http:////www.11467.com/guangzhou/co/272377.htm
广州市虹帆陶艺用品有限公司,http:////www.11467.com/guangzhou/co/272381.htm
广州市志雅微波有限公司,http:////www.11467.com/guangzhou/co/272374.htm
广州市瑞成贸易有限公司,http:////www.11467.com/guangzhou/co/272402.htm
广州市铭亿机械设备有限公司,http:////www.11467.com/guangzhou/co/472858.htm
苏州众创精密机械有限公司,http:////www.11467.com/suzhou/co/239341.htm
苏州统明机械表面处理工程有限公司,http:////www.11467.com/suzhou/co/237286.htm
重村钢模机械工业苏州有限公司,http:////www.11467.com/suzhou/co/237293.htm
马解玉（个体经营）,http:////www.11467.com/suzhou/co/237285.htm
天地人真空炉业有限公司,http:////www.11467.com/suzhou/co/237295.htm
泰安高新区华星玻纤厂,http:////www.11467.com/taian/co/37204.htm
山西科德技术陶瓷有限公司,http:////www.11467.com/taiyuan/co/124974.htm
太原市中平胜科技贸易有限公司,http:////www.11467.com/taiyuan/co/97534.htm
长荣陶瓷加工设备经营部,http:////www.11467.com/taizhou/co/90264.htm
泰州市仕盟机械制造有限公司,http:////www.11467.com/taizhoushi/co/47318.htm
江苏省泰州市东方耐火器材厂,http:////www.11467.com/taizhoushi/co/30084.htm
泰州市大众幕墙石材挂件有限公司,http:////www.11467.com/taizhoushi/co/30083.htm
唐山陶瓷集团陶瓷机械厂,http:////www.11467.com/tangshan/co/75600.htm
唐山天逸骨质瓷有限公司,http:////www.11467.com/tangshan/co/57082.htm
唐山启明星净化装备有限公司 [销售部],http:////www.11467.com/tangshan/co/57090.htm
唐山宇时冷轧有限公司,http:////www.11467.com/tangshan/co/75840.htm
唐山市启明星净化装备有限公司,http:////www.11467.com/tangshan/co/57093.htm
唐山市矿山建材机械设备厂,http:////www.11467.com/tangshan/co/57094.htm
唐山市路北明顺机械厂,http:////www.11467.com/tangshan/co/57083.htm
唐山三丰陶艺机械厂,http:////www.11467.com/tangshan/co/57079.htm
永波火石厂,http:////www.11467.com/tangshan/co/57091.htm
临朐胜隆机械设备厂,http:////www.11467.com/weifang/co/117508.htm
青州市富隆机械厂,http:////www.11467.com/weifang/co/118601.htm
六方碳化硅陶瓷有限公司,http:////www.11467.com/weifang/co/84502.htm
潍坊金昊特种陶瓷有限公司,http:////www.11467.com/weifang/co/44066.htm
兄弟陶瓷成套设备厂,http:////www.11467.com/wenzhou/co/145352.htm
温州天宏模具有限公司,http:////www.11467.com/wenzhou/co/145354.htm
武汉汉明威精密技术有限公司,http:////www.11467.com/wuhan/co/81389.htm
柳州市威尔姆预应力有限公司湖北办事处,http:////www.11467.com/wuhan/co/81390.htm
景德镇陶瓷机械制造有限公司,http:////www.11467.com/wuhan/co/81383.htm
武汉立国液压机电设备有限公司,http:////www.11467.com/wuhan/co/145323.htm
武汉帝尔激光科技有限公司,http:////www.11467.com/wuhan/co/81384.htm
武汉全顺装饰材料有限公司,http:////www.11467.com/wuhan/co/142290.htm
湖北武汉丽慧陶瓷有限公司,http:////www.11467.com/wuhan/co/81388.htm
武汉市康鸿科技有限责任公司,http:////www.11467.com/wuhan/co/81381.htm
武汉能兆科技有限公司,http:////www.11467.com/wuhan/co/81387.htm
江苏宜兴市中外合资精刚技术陶瓷有限公司,http:////www.11467.com/wuxi/co/244780.htm
世庆五金機械(无锡),http:////www.11467.com/wuxi/co/194155.htm
无锡恒成科技有限公司,http:////www.11467.com/wuxi/co/244100.htm
无锡市科德燃烧设备有限公司,http:////www.11467.com/wuxi/co/122814.htm
宜兴精刚陶瓷科技有限公司,http:////www.11467.com/wuxi/co/240435.htm
无锡市雪浪化机有限公司,http:////www.11467.com/wuxi/co/155556.htm
无锡展望不锈钢有限公司,http:////www.11467.com/wuxi/co/194154.htm
无锡市昂益达机械有限公司,http:////www.11467.com/wuxi/co/174178.htm
宜兴市强盛陶瓷有限公司,http:////www.11467.com/wuxi/co/244085.htm
宜兴中村窑业有限公司,http:////www.11467.com/wuxi/co/80850.htm
厦门联创马赛克加工厂,http:////www.11467.com/xiamen/co/52655.htm
厦门华楠首创科技有限公司,http:////www.11467.com/xiamen/co/52654.htm
厦门永星达机械有限公司,http:////www.11467.com/xiamen/co/52659.htm
安阳振动器有限责任公司西安办事处,http:////www.11467.com/xian/co/50453.htm
北京环亚天元机械技术有限公司销售一部,http:////www.11467.com/beijing/co/411473.htm
北京建科创新建材技术公司,http:////www.11467.com/beijing/co/699561.htm
北京思崎恒创工程机械配件销售中心,http:////www.11467.com/beijing/co/107959.htm
北京一行陶艺陶瓷艺术品店,http:////www.11467.com/beijing/co/107964.htm
北京中兴实强工程陶瓷有限公司,http:////www.11467.com/beijing/co/672250.htm
环球博威国际展览有限公司招商部,http:////www.11467.com/beijing/co/107956.htm
拉斯科(北京)成形技术有限公司,http:////www.11467.com/beijing/co/694704.htm
苏州南航腾龙机械有限公司,http:////www.11467.com/beijing/co/314776.htm
易固(北京)建筑科技有限责任公司,http:////www.11467.com/beijing/co/107962.htm
江苏旭升水射流科技有限公司驻京办,http:////www.11467.com/beijing/co/218852.htm
景德镇力工陶瓷设备制造有限公司驻北京办事处,http:////www.11467.com/beijing/co/107960.htm
成中集团北京中成新型材料有限公司,http:////www.11467.com/beijing/co/107957.htm
北京乐陶陶软陶技术有限公司,http:////www.11467.com/beijing/co/411474.htm
华飞企业发展有限公司,http:////www.11467.com/shanghai/co/940395.htm
上海大团化工设备厂,http:////www.11467.com/shanghai/co/1042107.htm
上海迪杏娱乐设备有限公司 销售部,http:////www.11467.com/shanghai/co/739515.htm
上海冠力机床有限公司,http:////www.11467.com/shanghai/co/159602.htm
PACIFIC TECHNOLOGY CORP,http:////www.11467.com/shanghai/co/940396.htm
上海建冶重工机械设备有限公司,http:////www.11467.com/shanghai/co/672721.htm
陕西容大电源技术有限公司上海办事处,http:////www.11467.com/shanghai/co/248497.htm
上海狼轩艺术有限公司,http:////www.11467.com/shanghai/co/215525.htm
平阳化工减速机上海销售中心市场部,http:////www.11467.com/shanghai/co/248498.htm
上海国光科技新材料有限公司业务部,http:////www.11467.com/shanghai/co/311157.htm
上海尚嘉工业皮带有限公司,http:////www.11467.com/shanghai/co/159223.htm
上海陶盛精密模具有限公司,http:////www.11467.com/shanghai/co/17612.htm
上海松江新桥兴龙搪瓷厂,http:////www.11467.com/shanghai/co/853291.htm
上海星屿传动机械公司,http:////www.11467.com/shanghai/co/248496.htm
上海艺居贸易有限公司第一分公司,http:////www.11467.com/shanghai/co/521886.htm
伟声陶瓷机械有限公司,http:////www.11467.com/shanghai/co/887435.htm
上海致联国际贸易有限公司,http:////www.11467.com/shanghai/co/672718.htm
巴士德新技术（天津）有限公司 业务部,http:////www.11467.com/tianjin/co/188706.htm
简氏工业皮带有限公司天津分公司,http:////www.11467.com/tianjin/co/86693.htm
天津市润达机械工贸有限公司,http:////www.11467.com/tianjin/co/42217.htm
新兴铸管股分有限公司,http:////www.11467.com/tianjin/co/62315.htm
张桐英（个体经营）,http:////www.11467.com/tianjin/co/99067.htm
唐山金华陶吧用品供应站,http:////www.11467.com/tianjin/co/117466.htm
旺旺陶瓷（佛山）有限公司,http:////www.11467.com/foshan/co/357431.htm
泉州万吉机械有限公司,http:////www.11467.com/quanzhou/co/151190.htm
深圳市汉越激光科技有限公司,http:////www.11467.com/shenzhen/co/828132.htm
汇陶机电设备有限公司,http:////www.11467.com/foshan/co/379330.htm
福建省泉州市金点子软件有限公司,http:////www.11467.com/quanzhou/co/153651.htm
佛山吉安机械有限公司,http:////www.11467.com/foshan/co/362701.htm
深圳中铭鼎益科技有限公司,http:////www.11467.com/shenzhen/co/941272.htm
淮安旭富机械设备有限公司,http:////www.11467.com/huaian/co/55278.htm
莱州市欧力特机械有限公司,http:////www.11467.com/yantai/co/178725.htm
扬州苏华陶瓷有限公司,http:////www.11467.com/yangzhou/co/117410.htm
佛山宝陶机械设备有限公司,http:////www.11467.com/foshan/co/472776.htm
麻城八达五金机械设备有限公司,http:////www.11467.com/huanggang/co/23504.htm
佛山汇陶机电有限公司,http:////www.11467.com/foshan/co/472929.htm
潍坊运佳机械设备有限公司,http:////www.11467.com/weifang/co/177062.htm
佛山市成羿五金厂,http:////www.11467.com/foshan/co/238457.htm
佛山市宝汉魏实业有限公司,http:////www.11467.com/foshan/co/238388.htm
佛山市南海区平洲布来顿石材机械厂一分厂,http:////www.11467.com/foshan/co/187047.htm
佛山市顺德区瑞安五金机械厂,http:////www.11467.com/foshan/co/238516.htm
佛山市三联液压技术服务中心,http:////www.11467.com/foshan/co/238601.htm
佛山市南海区御铿机械模具厂,http:////www.11467.com/foshan/co/65329.htm
佛山市三水区芦苞镇任厚轩五金加工厂,http:////www.11467.com/foshan/co/336879.htm
佛山市南海区群辉贸易部,http:////www.11467.com/foshan/co/105583.htm
佛山市南海区罗村联星粤如节能设备厂,http:////www.11467.com/foshan/co/117677.htm
佛山市艺高陶瓷制品有限公司,http:////www.11467.com/foshan/co/238298.htm
佛山市意科陶瓷机械工程有限公司,http:////www.11467.com/foshan/co/3145.htm
佛山市润昌机电贸易有限公司,http:////www.11467.com/foshan/co/99582.htm
佛山伟声陶瓷机械有限公司,http:////www.11467.com/foshan/co/181317.htm
佛山千军陶瓷机械设备有限公司,http:////www.11467.com/foshan/co/238521.htm
佛山市西尔森工业皮带公司,http:////www.11467.com/foshan/co/238476.htm
佛山市东力源机电有限公司,http:////www.11467.com/foshan/co/238523.htm
佛山华洋陶瓷仪器有限公司,http:////www.11467.com/foshan/co/187049.htm
佛山市久谷科技有限公司,http:////www.11467.com/foshan/co/327410.htm
佛山市新科机电设备经营部,http:////www.11467.com/foshan/co/238431.htm
科信达集团奥斯博陶瓷技术有限公司,http:////www.11467.com/foshan/co/238588.htm
佛山新现代机电设备有限公司〈陶瓷配件部〉,http:////www.11467.com/foshan/co/238589.htm
佛山爱陶机电公司业务部,http:////www.11467.com/foshan/co/238444.htm
佛山市摩德娜机械有限公司,http:////www.11467.com/foshan/co/238649.htm
佛山思美克斯陶瓷机械有限公司,http:////www.11467.com/foshan/co/238428.htm
佛山新星陶瓷机械研发部,http:////www.11467.com/foshan/co/238510.htm
广州佛山市新鹏陶瓷机械集团公司,http:////www.11467.com/foshan/co/238425.htm
佛山市南天星真空设备销售有限公司,http:////www.11467.com/foshan/co/238603.htm
广东科达机电股份有限公司热工设备事业部,http:////www.11467.com/foshan/co/238631.htm
力昕机械厂,http:////www.11467.com/foshan/co/238492.htm
科志达陶瓷设备机械厂,http:////www.11467.com/foshan/co/238579.htm
佛山市现代机械设备有限公司,http:////www.11467.com/foshan/co/238446.htm
佛山市新现代机电设备有限公司市场部,http:////www.11467.com/foshan/co/238593.htm
佛山市顺德区乐从镇大墩鸿发五金厂,http:////www.11467.com/foshan/co/238331.htm
佛山市天维经贸有限公司生产部,http:////www.11467.com/foshan/co/238535.htm
佛山市天力叉车经营有限公司,http:////www.11467.com/foshan/co/95799.htm
草原陶瓷机械技术服务公司,http:////www.11467.com/foshan/co/238619.htm
佛山市远创工业有限公司,http:////www.11467.com/foshan/co/238519.htm
佛山市三联机电设备有限公司,http:////www.11467.com/foshan/co/238434.htm
佛山市意耐华机械有限公司,http:////www.11467.com/foshan/co/238419.htm
佛山市华益隆机械有限公司,http:////www.11467.com/foshan/co/306148.htm
佛山市天维经贸公司,http:////www.11467.com/foshan/co/238595.htm
广东省佛山市洪锋液压气动机械有限公司,http:////www.11467.com/foshan/co/238611.htm
广东省佛山南海西樵东盈液压件厂,http:////www.11467.com/foshan/co/238577.htm
鸿发陶瓷机械厂,http:////www.11467.com/foshan/co/238600.htm
广东省佛山市隆兴泉陶瓷机械厂,http:////www.11467.com/foshan/co/235301.htm
佛山永盛达陶瓷机械有限公司,http:////www.11467.com/foshan/co/238562.htm
佛山新景泰陶瓷机械有很公司,http:////www.11467.com/foshan/co/341093.htm
佛山科信达奥斯博有限公司,http:////www.11467.com/foshan/co/238518.htm
佛山市金格筛网制造有限公司,http:////www.11467.com/foshan/co/182699.htm
光合陶瓷机械有限公司,http:////www.11467.com/foshan/co/238612.htm
九江市三和沃克尔陶瓷科技有限公司,http:////www.11467.com/jiujiang/co/20441.htm
昆明浩天商贸有限公司,http:////www.11467.com/kunming/co/98758.htm
晓鸽艺术公司,http:////www.11467.com/kunming/co/107082.htm
四川省雄大机械发展有限公司,http:////www.11467.com/leshan/co/23709.htm
乐山市金山机械有限公司,http:////www.11467.com/leshan/co/20067.htm
连云港市裕耀精密铸造材料厂,http:////www.11467.com/lianyungang/co/4038.htm
山东冠县瑞亚电力设备责任有限公司,http:////www.11467.com/liaocheng/co/50787.htm
临汾市尧都区建洋石材用品店,http:////www.11467.com/linfen/co/31910.htm
长江陶瓷机械配件商行,http:////www.11467.com/linyi/co/62667.htm
临沂华鑫机械厂,http:////www.11467.com/linyi/co/62676.htm
临沂飞云窑炉设备厂,http:////www.11467.com/linyi/co/62674.htm
临沂昊伟国际贸易有限公司采购部,http:////www.11467.com/linyi/co/62665.htm
临沂顺达陶机配件公司,http:////www.11467.com/linyi/co/62670.htm
山东临沂通源机电有限公司销售部,http:////www.11467.com/linyi/co/62672.htm
森帝机械厂,http:////www.11467.com/linyi/co/62666.htm
临沂联强机械有限公司,http:////www.11467.com/linyi/co/62678.htm
山东临沂正大磁电设备厂,http:////www.11467.com/linyi/co/62671.htm
山东临沂通源机电有限公司,http:////www.11467.com/linyi/co/62677.htm
丘小华（个体经营）,http:////www.11467.com/meizhou/co/23188.htm
江西除铁机械厂,http:////www.11467.com/nanchang/co/89991.htm
江西瓷宝技术有限公司,http:////www.11467.com/nanchang/co/89992.htm
南京铱钛激光科技有限公司,http:////www.11467.com/nanjing/co/79830.htm
南京明佳装饰材料有限公司,http:////www.11467.com/nanjing/co/79829.htm
宁波保华工业刷用品有限公司,http:////www.11467.com/ningbo/co/102040.htm
杭州冠声科技有限公司销售部,http:////www.11467.com/ningbo/co/102036.htm
江西省萍乡市河东机械有限公司,http:////www.11467.com/pingxiang/co/11839.htm
健力瓷业有限公司,http:////www.11467.com/pingxiang/co/11842.htm
萍矿电气设备厂,http:////www.11467.com/pingxiang/co/11840.htm
董水奇（个体经营）,http:////www.11467.com/pingxiang/co/11841.htm
萍乡市智科炉业有限公司,http:////www.11467.com/pingxiang/co/14234.htm
萍乡市老关陶瓷厂,http:////www.11467.com/pingxiang/co/2487.htm
青岛海纳等离子科技有限公司营销部,http:////www.11467.com/qingdao/co/93757.htm
香港奥特丽（装饰）工艺有限公司,http:////www.11467.com/qingdao/co/93759.htm
海湾科技集团有限公司,http:////www.11467.com/qinhuangdao/co/35477.htm
秦皇岛安徒生科技有限公司,http:////www.11467.com/qinhuangdao/co/45735.htm
福建天红机械有限公司,http:////www.11467.com/quanzhou/co/130371.htm
福建省晋江磁灶新安杏当陶瓷机械厂,http:////www.11467.com/quanzhou/co/71343.htm
福建豪华实业有限公司销售部,http:////www.11467.com/quanzhou/co/102520.htm
德化县汉陶堂陶瓷研究所,http:////www.11467.com/quanzhou/co/145090.htm
泉州德科达环保砖机有限公司,http:////www.11467.com/quanzhou/co/102518.htm
中国福建厦门市钢锐金刚石工具有限公司,http:////www.11467.com/quanzhou/co/102517.htm
南方建材机械有限公司,http:////www.11467.com/quanzhou/co/102515.htm
泉州市南建机械制造有限公司,http:////www.11467.com/quanzhou/co/102519.htm
泉州斯诺商贸有限公司,http:////www.11467.com/quanzhou/co/133279.htm
衢州红日陶瓷机械有限公司,http:////www.11467.com/quzhou/co/22222.htm
婺源县秋口车木厂,http:////www.11467.com/shangrao/co/12834.htm
韶关市武江区运洋贸易有限公司,http:////www.11467.com/shaoguan/co/29383.htm
加法机电实业有限公司,http:////www.11467.com/shaoguan/co/24609.htm
工艺制品(嘉兴)有限公司,http:////www.11467.com/shaoxing/co/119396.htm
贺利氏信越石英中国公司,http:////www.11467.com/shenyang/co/63815.htm
宜兴市康达窑炉耐火材料有限公司,http:////www.11467.com/wuxi/co/169923.htm
宜兴久恒机械设备有限公司,http:////www.11467.com/wuxi/co/248794.htm
宜兴市新凤陶瓷有限公司,http:////www.11467.com/wuxi/co/245977.htm
无锡李氏重工节能科技有限公司,http:////www.11467.com/wuxi/co/194156.htm
温州市德隆研磨机密封件制造有限公司销售部,http:////www.11467.com/xiamen/co/52658.htm
厦门市金利王机械有限公司,http:////www.11467.com/xiamen/co/52656.htm
西安万胜物资有限公司,http:////www.11467.com/xian/co/110601.htm
西安泰力商贸有限责任公司,http:////www.11467.com/xian/co/68965.htm
西安市雁塔凯宏精密铸钢厂,http:////www.11467.com/xian/co/68964.htm
湖南省湘潭市精工陶瓷机械厂,http:////www.11467.com/xiangtan/co/24547.htm
湖南湘潭陶瓷机械有限公司,http:////www.11467.com/xiangtan/co/24546.htm
咸阳优利尔泵阀开发制造有限公司,http:////www.11467.com/xianyang/co/24644.htm
新乡市晶宝机械有限公司销售部,http:////www.11467.com/xinxiang/co/22788.htm
河南省新乡市宏达振动设备厂销售部,http:////www.11467.com/xinxiang/co/22796.htm
新乡市派美柯精密机械有限公司,http:////www.11467.com/xinxiang/co/22892.htm
新乡市宏易机械设备有限公司,http:////www.11467.com/xinxiang/co/22800.htm
三圆堂机械有限公司销售部,http:////www.11467.com/xinxiang/co/22793.htm
河南省鸿利机械有限公司,http:////www.11467.com/xinxiang/co/22795.htm
恒宇机械有限公司,http:////www.11467.com/xinxiang/co/22798.htm
新乡市卫滨区申澳振动机械有限公司,http:////www.11467.com/xinxiang/co/27553.htm
郑州工大重大机器有限公司销售部,http:////www.11467.com/xinxiang/co/22785.htm
江苏羽佳机械制造有限公司,http:////www.11467.com/yancheng/co/56345.htm
盐城市康普电器有限公司,http:////www.11467.com/yancheng/co/6783.htm
扬州慧力商贸有限公司,http:////www.11467.com/yangzhou/co/82046.htm
扬州邗江新天地机械厂,http:////www.11467.com/yangzhou/co/82044.htm
烟台一本机械有限公司,http:////www.11467.com/yantai/co/125112.htm
龙泉市天安陶艺设备厂,http:////www.11467.com/yantai/co/155094.htm
淄博市启航微波技术有限公司,http:////www.11467.com/yantai/co/125113.htm
益阳精益机器制造有限公司总经办,http:////www.11467.com/yiyang/co/18430.htm
岳阳市岳阳楼区光明陶瓷机械厂,http:////www.11467.com/yueyang/co/32685.htm
湖南省岳阳市精工机械厂,http:////www.11467.com/yueyang/co/32686.htm
武军金刚石磨具厂,http:////www.11467.com/yunfu/co/22660.htm
湖南省慈利县昌元水电机械厂,http:////www.11467.com/zhangjiajie/co/8998.htm
漳州全盈磨料磨具有限公司业务部,http:////www.11467.com/zhangzhou/co/38680.htm
河南省巩义市新兴矿山机械厂,http:////www.11467.com/zhengzhou/co/172950.htm
河南省英格风机制造有限公司,http:////www.11467.com/zhengzhou/co/23084.htm
河南众诚路桥机械有限公司,http:////www.11467.com/zhengzhou/co/117538.htm
河南省巩义市华阳机械厂,http:////www.11467.com/zhengzhou/co/171823.htm
郑州兴源石业有限公司,http:////www.11467.com/zhengzhou/co/117547.htm
河南东方(集团)粉体工程有限公司,http:////www.11467.com/zhengzhou/co/172946.htm
郑州北辰电工没备制造公司,http:////www.11467.com/zhengzhou/co/117543.htm
郑州北辰电工设备开发有限公司）,http:////www.11467.com/zhengzhou/co/117542.htm
郑州市豫工天弘路矿机器有限公司,http:////www.11467.com/zhengzhou/co/171822.htm
巩义市久誉机械厂,http:////www.11467.com/zhengzhou/co/171818.htm
郑州中原电工设备有限公司,http:////www.11467.com/zhengzhou/co/117541.htm
郑州金丰机械设备厂,http:////www.11467.com/zhengzhou/co/114510.htm
郑州高新区金龙机械磨具厂,http:////www.11467.com/zhengzhou/co/117539.htm
文涛川（个体经营）,http:////www.11467.com/zhuhai/co/76640.htm
张家港倍恩特磁塑科技（广东）有限公司,http:////www.11467.com/zhuhai/co/76641.htm
杭州富阳永昌压滤机有限公司,http:////www.11467.com/zhuhai/co/98817.htm
湖南省礼陵万隆机械公司,http:////www.11467.com/zhuzhou/co/39600.htm
湖南省醴陵市富康陶瓷实业有限公司,http:////www.11467.com/zhuzhou/co/28182.htm
湖南省株洲市湘江橡胶有限公司,http:////www.11467.com/zhuzhou/co/34309.htm
株洲市石峰建筑陶瓷有限责任公司,http:////www.11467.com/zhuzhou/co/34311.htm
华强陶瓷有限公司,http:////www.11467.com/zhuzhou/co/34308.htm
山东海达陶机有限公司,http:////www.11467.com/zibo/co/76816.htm
中材高新股份有限公司,http:////www.11467.com/zibo/co/76797.htm
博山鸿浩机械厂,http:////www.11467.com/zibo/co/76823.htm
博山事达建陶设备厂(销售),http:////www.11467.com/zibo/co/76849.htm
利胜闲置设备公司,http:////www.11467.com/zibo/co/76805.htm
淄博精锐达机械设备有限公司,http:////www.11467.com/zibo/co/76832.htm
佛山美克斯工业皮带公司,http:////www.11467.com/zibo/co/76790.htm
淄博博山时飞陶艺设备厂,http:////www.11467.com/zibo/co/76784.htm
设备及自动化研究所,http:////www.11467.com/zibo/co/76855.htm
淄博东能煤气工程技术开发有限公司,http:////www.11467.com/zibo/co/19323.htm
淄博鲁飞机械制造有限公司,http:////www.11467.com/zibo/co/76802.htm
淄博市淄川区佰汇陶瓷件机械配件经营部,http:////www.11467.com/zibo/co/76787.htm
淄博方圆真空泵有限公司,http:////www.11467.com/zibo/co/76845.htm
淄博华岩工业陶瓷有限公司 销售部,http:////www.11467.com/zibo/co/76828.htm
淄博金鹏机械制造有限公司,http:////www.11467.com/zibo/co/76788.htm
山东东瓷科技有限公司出口部,http:////www.11467.com/zibo/co/76835.htm
淄博市淄川宝祺机械厂,http:////www.11467.com/zibo/co/50223.htm
博山新型污水泵厂,http:////www.11467.com/zibo/co/76779.htm
淄博神奇彩色陶瓷颗粒制造公司,http:////www.11467.com/zibo/co/76786.htm
淄博市淄川誉三江机电有限公司,http:////www.11467.com/zibo/co/48794.htm
淄博市博山事达建陶设备厂,http:////www.11467.com/zibo/co/76848.htm
山东淄博大工机械有限公司,http:////www.11467.com/zibo/co/76854.htm
鑫盛锻压机床厂,http:////www.11467.com/zibo/co/76818.htm
淄博市淄川区鑫拓耐火材料厂业务部,http:////www.11467.com/zibo/co/76851.htm
淄博东昊陶瓷设备有限公司,http:////www.11467.com/zibo/co/10791.htm
山东淄博申运机械有限公司,http:////www.11467.com/zibo/co/76810.htm
淄博显烨工贸有限公司,http:////www.11467.com/zibo/co/76821.htm
山东天航机械装备有限公司/山东石灰窑/石灰窑配件,http:////www.11467.com/zibo/co/98866.htm
淄博倍福窑炉工程有限公司,http:////www.11467.com/zibo/co/76811.htm
淄博东龙电瓷有限公司,http:////www.11467.com/zibo/co/76820.htm
淄博博山持柱陶瓷机械厂,http:////www.11467.com/zibo/co/59657.htm
淄博邹家砖瓦机械有限公司,http:////www.11467.com/zibo/co/76852.htm
淄博集益空压机有限公司,http:////www.11467.com/zibo/co/76795.htm
淄博金城机械厂,http:////www.11467.com/zibo/co/76806.htm
淄博中强瓷业,http:////www.11467.com/zibo/co/76817.htm
淄川兴发机械有限公司,http:////www.11467.com/zibo/co/76812.htm
天工制釉有限公司*,http:////www.11467.com/zibo/co/76836.htm
淄博鼎新陶瓷新材料科技有限公司,http:////www.11467.com/zibo/co/76776.htm
天泰机械厂,http:////www.11467.com/zibo/co/76793.htm
淄川鑫汇机械厂,http:////www.11467.com/zibo/co/76791.htm
淄博市博山鸿浩机械厂,http:////www.11467.com/zibo/co/76814.htm
山东盛源窑炉机械制造有限公司,http:////www.11467.com/zibo/co/76803.htm
自贡市永林机械厂,http:////www.11467.com/zigong/co/17436.htm
艾艾佳丝网印刷厂,http:////www.11467.com/beijing/co/83979.htm
北京安地宝科贸有限公司,http:////www.11467.com/beijing/co/212766.htm
北京飞行联发电子元件有限公司,http:////www.11467.com/chaoyang/co/26427.htm
佛山市高明星诺机械设备有限公司,http:////www.11467.com/foshan/co/308430.htm
佛山丰汇机械有限公司,http:////www.11467.com/foshan/co/238541.htm
佛山市科能达自动化设备有限公司,http:////www.11467.com/foshan/co/14787.htm
闽清县池园汇鑫家居陶瓷饰品厂,http:////www.11467.com/fuzhou/co/175479.htm
广州金工机械科技有限公司,http:////www.11467.com/guangzhou/co/442929.htm
桐庐县第三轻工机械厂,http:////www.11467.com/hangzhou/co/134154.htm
深圳市丰达康科技有限公司,http:////www.11467.com/shenzhen/co/482056.htm
高要市白土镇天成铸造厂,http:////www.11467.com/zhaoqing/co/21569.htm
淄博硅苑窑炉工程有限公司,http:////www.11467.com/zibo/co/59225.htm
北京国恩昌盛有限公司,http:////www.11467.com/beijing/co/107961.htm
北京奥锐科技设备有限公司,http:////www.11467.com/beijing/co/218853.htm
北京泥河湾陶瓷艺术设计有限公司,http:////www.11467.com/beijing/co/694705.htm
北京汇典陶艺制做有限公司,http:////www.11467.com/beijing/co/621837.htm
北京鑫岳霞辉陶瓷加工厂,http:////www.11467.com/beijing/co/507728.htm
北京鑫岳霞辉陶瓷加工厂办公室,http:////www.11467.com/beijing/co/517612.htm
玛纳模板公司,http:////www.11467.com/beijing/co/107966.htm
美丽人街数码加盟连锁有限公司,http:////www.11467.com/beijing/co/314775.htm
晶日金刚石工业有限公司,http:////www.11467.com/beijing/co/107955.htm
韩国Yushin机械株式会社上海办事处,http:////www.11467.com/shanghai/co/85802.htm
上海昌坤自动化设备有限公司,http:////www.11467.com/shanghai/co/887434.htm
zanchen precision metrology co,http:////www.11467.com/shanghai/co/521887.htm
上海宾科重工有限公司,http:////www.11467.com/shanghai/co/672726.htm
上海博超金刚石砂轮有限公司,http:////www.11467.com/shanghai/co/672725.htm
德国安德里茨过滤技术有限公司上海代表处,http:////www.11467.com/shanghai/co/1042105.htm
上海爱伦机械有限公司,http:////www.11467.com/shanghai/co/1046520.htm
上海联抗机械有限公司(销售部）,http:////www.11467.com/shanghai/co/164500.htm
上海东瓷电子有限公司,http:////www.11467.com/shanghai/co/672719.htm
上海路吉机电设备有限公司销售部,http:////www.11467.com/shanghai/co/672723.htm
上海红光锅炉股份有限公司,http:////www.11467.com/shanghai/co/672720.htm
上海苏堤环保设备有限公司,http:////www.11467.com/shanghai/co/1042106.htm
上海则武新材料科技有限公司,http:////www.11467.com/shanghai/co/1039520.htm
天津安顺国际贸易有限公司,http:////www.11467.com/tianjin/co/73951.htm
龙腾机械制造有限公司,http:////www.11467.com/tianjin/co/16318.htm
天津创佳机电设备有限公司,http:////www.11467.com/tianjin/co/142124.htm
重庆鸿祥工贸有限公司,http:////www.11467.com/chongqing/co/36467.htm
佳优钢材有限责任公司,http:////www.11467.com/chongqing/co/169560.htm
重庆双鼎贸易有限公司,http:////www.11467.com/chongqing/co/78544.htm
重庆渝足铸件厂,http:////www.11467.com/chongqing/co/23335.htm
重庆铜梁县永汇铸造厂,http:////www.11467.com/chongqing/co/133883.htm
安阳市鼎研冶金科技有限公司,http:////www.11467.com/anyang/co/44781.htm
东莞市文涛自动化有限公司,http:////www.11467.com/qiye/93404958.htm
