江西绿城罗茨鼓风机有限公司,http:////www.11467.com/jian/co/18341.htm
江西绿城罗茨鼓风机有限公司的商铺,http://jian018341.11467.com
成都成电电子信息技术工程有限公司,http:////www.11467.com/chengdu/co/266952.htm
扬州永兴散热器有限公司,http:////www.11467.com/yangzhou/co/106096.htm
扬州永兴散热器有限公司的商铺,http://yangzhou0106096.11467.com
劲菱达风力发电机有限公司,http:////www.11467.com/chifeng/co/24381.htm
劲菱达风力发电机有限公司的商铺,http://chifeng024381.11467.com
深圳市山木电池科技有限公司,http:////www.11467.com/shenzhen/co/143028.htm
深圳市山木电池科技有限公司的商铺,http://shenzhen0143028.11467.com
漳州市赛安能源股份有限公司,http:////www.11467.com/zhangzhou/co/36669.htm
漳州市赛安能源股份有限公司的商铺,http://zhangzhou036669.11467.com
无锡方永新能源科技有限公司,http:////www.11467.com/wuxi/co/243863.htm
无锡方永新能源科技有限公司的商铺,http://wuxi0243863.11467.com
马鞍山嘉宝能风力发电机制造有限公司,http:////www.11467.com/maanshan/co/21541.htm
马鞍山嘉宝能风力发电机制造有限公司的商铺,http://maanshan021541.11467.com
枣强县王常乡衡广铁塔加工厂,http:////www.11467.com/hengshui/co/20234.htm
枣强县王常乡衡广铁塔加工厂的商铺,http://hengshui020234.11467.com
临沂龙灏新能源有限公司,http:////www.11467.com/linyi/co/68418.htm
临沂龙灏新能源有限公司的商铺,http://linyi068418.11467.com
合肥赛光电源科技有限公司,http:////www.11467.com/hefei/co/80863.htm
合肥赛光电源科技有限公司的商铺,http://hefei080863.11467.com
黄山市美达电器有限公司,http:////www.11467.com/hefei/co/81670.htm
黄山市美达电器有限公司的商铺,http://hefei081670.11467.com
葫芦岛泰达金属科技有限公司,http:////www.11467.com/huludao/co/42721.htm
葫芦岛泰达金属科技有限公司的商铺,http://huludao042721.11467.com
嘉兴市中电新能源有限公司,http:////www.11467.com/jiaxing/co/79787.htm
嘉兴市中电新能源有限公司的商铺,http://jiaxing079787.11467.com
长沙光合太阳能有限公司,http:////www.11467.com/changsha/co/71101.htm
长沙光合太阳能有限公司的商铺,http://changsha071101.11467.com
马鞍山迪乐普机电科技有限公司,http:////www.11467.com/maanshan/co/19369.htm
马鞍山迪乐普机电科技有限公司的商铺,http://maanshan019369.11467.com
四平华大铁塔制造有限公司,http:////www.11467.com/siping/co/30976.htm
四平华大铁塔制造有限公司的商铺,http://siping030976.11467.com
青岛应龙机械有限责任公司,http:////www.11467.com/zhengzhou/co/117612.htm
青岛应龙机械有限责任公司的商铺,http://zhengzhou0117612.11467.com
许继电气股份有限公司,http:////www.11467.com/xuchang/co/10334.htm
许继电气股份有限公司的商铺,http://xuchang010334.11467.com
西安永电电气有限责任公司,http:////www.11467.com/xian/co/66200.htm
西安永电电气有限责任公司的商铺,http://xian066200.11467.com
航天科工哈尔滨风华有限公司电站设备分公司,http:////www.11467.com/haerbin/co/41743.htm
航天科工哈尔滨风华有限公司电站设备分公司的商铺,http://haerbin041743.11467.com
洛阳双瑞风电叶片有限公司,http:////www.11467.com/luoyang/co/44481.htm
洛阳双瑞风电叶片有限公司的商铺,http://luoyang044481.11467.com
淮安经济开发区绿源风力设备有限公司,http:////www.11467.com/huaian/co/52836.htm
淮安经济开发区绿源风力设备有限公司的商铺,http://huaian052836.11467.com
常州奇通电能技术有限公司,http:////www.11467.com/changzhou/co/90690.htm
常州奇通电能技术有限公司的商铺,http://changzhou090690.11467.com
东莞市盛扬实业有限公司,http:////www.11467.com/dongguan/co/410022.htm
东莞市盛扬实业有限公司的商铺,http://dongguan0410022.11467.com
东莞市凯登能源科技有限公司,http:////www.11467.com/dongguan/co/219866.htm
东莞市凯登能源科技有限公司的商铺,http://dongguan0219866.11467.com
东莞市美桦电子有限公司,http:////www.11467.com/dongguan/co/226429.htm
东莞市美桦电子有限公司的商铺,http://dongguan0226429.11467.com
杭州聚环机电科技有限公司,http:////www.11467.com/hangzhou/co/390013.htm
杭州聚环机电科技有限公司的商铺,http://hangzhou0390013.11467.com
深圳市力和机电设备有限公司,http:////www.11467.com/shenzhen/co/83396.htm
深圳市力和机电设备有限公司的商铺,http://shenzhen083396.11467.com
东莞市星火太阳能科技股份有限公司,http:////www.11467.com/dongguan/co/494802.htm
东莞市星火太阳能科技股份有限公司的商铺,http://dongguan0494802.11467.com
包头市天隆永磁电机制造有限责任公司,http:////www.11467.com/baotou/co/23265.htm
包头市天隆永磁电机制造有限责任公司的商铺,http://baotou023265.11467.com
任丘市先导科技电子有限公司,http:////www.11467.com/cangzhou/co/22165.htm
任丘市先导科技电子有限公司的商铺,http://cangzhou022165.11467.com
广州尚能风光互补路灯系统有限公司,http:////www.11467.com/guangzhou/co/428392.htm
广州尚能风光互补路灯系统有限公司的商铺,http://guangzhou0428392.11467.com
东莞市硅翔绝缘材料有限公司,http:////www.11467.com/dongguan/co/118826.htm
东莞市硅翔绝缘材料有限公司的商铺,http://dongguan0118826.11467.com
山东正昊机械设备制造有限公司,http:////www.11467.com/liaocheng/co/57701.htm
山东正昊机械设备制造有限公司的商铺,http://liaocheng057701.11467.com
天津通天科技有限公司,http:////www.11467.com/tianjin/co/199543.htm
天津通天科技有限公司的商铺,http://tianjin0199543.11467.com
洲际联合超伦科技(北京)有限公司,http:////www.11467.com/beijing/co/789596.htm
洲际联合超伦科技(北京)有限公司的商铺,http://beijing0789596.11467.com
信尔胜机械（江苏）有限公司,http:////www.11467.com/xuzhou/co/92210.htm
信尔胜机械（江苏）有限公司的商铺,http://xuzhou092210.11467.com
高延春(个体经营),http:////www.11467.com/linyi/co/107155.htm
高延春(个体经营)的商铺,http://linyi0107155.11467.com
深圳亮嘉源电子科技有限公司,http:////www.11467.com/shenzhen/co/341068.htm
深圳亮嘉源电子科技有限公司的商铺,http://shenzhen0341068.11467.com
深圳市东仪电子有限公司,http:////www.11467.com/shenzhen/co/323505.htm
深圳市东仪电子有限公司的商铺,http://shenzhen0323505.11467.com
德州正顺机械科技有限公司,http:////www.11467.com/dezhou/co/49607.htm
德州正顺机械科技有限公司的商铺,http://dezhou049607.11467.com
广州鑫宝溯投资咨询有限公司,http:////www.11467.com/guangzhou/co/471125.htm
广州鑫宝溯投资咨询有限公司的商铺,http://guangzhou0471125.11467.com
新县新超电子有限公司,http:////www.11467.com/baoding/co/91431.htm
新县新超电子有限公司的商铺,http://baoding091431.11467.com
合肥流明新能源科技有限公司,http:////www.11467.com/hefei/co/88167.htm
合肥流明新能源科技有限公司的商铺,http://hefei088167.11467.com
淄博卡特风力发电机有限公司,http:////www.11467.com/zibo/co/104975.htm
淄博卡特风力发电机有限公司的商铺,http://zibo0104975.11467.com
北京外经联国际展览服务中心,http:////www.11467.com/qiye/13884.htm
瑞瀚（大连）国际贸易有限公司,http:////www.11467.com/dalian/co/66090.htm
衡水双利风电设备制造有限公司,http:////www.11467.com/hengshui/co/26993.htm
佛山市顺德区风源能源科技有限公司,http:////www.11467.com/foshan/co/306900.htm
辽宁金钢重型锻造有限公司,http:////www.11467.com/anshan/co/78666.htm
保定中能风电设备有限公司,http:////www.11467.com/baoding/co/63600.htm
北海银河科技变压器有限公司,http:////www.11467.com/beihai/co/6551.htm
丹东市安东风力发电有限公司,http:////www.11467.com/dandong/co/48749.htm
东汽树脂分厂,http:////www.11467.com/deyang/co/33116.htm
东莞市荣顺五金制品有限公司,http:////www.11467.com/dongguan/co/505930.htm
东莞市辰皓电气科技有限公司,http:////www.11467.com/dongguan/co/486771.htm
佛山市诺那托电气有限公司,http:////www.11467.com/foshan/co/186333.htm
南海九洲普惠风机有限公司销售部,http:////www.11467.com/foshan/co/342986.htm
郭兴鸿（个体经营）,http:////www.11467.com/fuyang/co/28017.htm
三菱电机(广州)压缩机有限公司,http:////www.11467.com/guangzhou/co/52884.htm
来恩伟业(鹤壁)电子科技有限责任公司,http:////www.11467.com/hebi/co/3666.htm
ABB 配电变压器（合肥）有限公司,http:////www.11467.com/hefei/co/103889.htm
北京新晋商国际展览服务有限公司,http:////www.11467.com/huhehaote/co/29624.htm
葫芦岛天风风力发电机厂,http:////www.11467.com/huludao/co/44366.htm
渤船重工有限责任公司,http:////www.11467.com/huludao/co/44377.htm
嘉峪关市风霸风力发电机经销部,http:////www.11467.com/jiayuguan/co/1975.htm
锦州合锦风电设备有限公司,http:////www.11467.com/jinzhou/co/45661.htm
辽阳市中小企业服务中心,http:////www.11467.com/liaoyang/co/23733.htm
斯维奇风力发电设备有限公司,http:////www.11467.com/liuan/co/16129.htm
柳州市天阳能源有限公司,http:////www.11467.com/liuzhou/co/44621.htm
亿翔电力机械设备有限公司,http:////www.11467.com/mudanjiang/co/49792.htm
南京朗劲风能设备制造有限公司,http:////www.11467.com/nanjing/co/20869.htm
齐齐哈尔晨辉新能源投资有限责任公司,http:////www.11467.com/qiqihaer/co/60143.htm
江西上饶江海水电开发有限公司,http:////www.11467.com/shangrao/co/23430.htm
沈阳市巨达机电责任有限公司,http:////www.11467.com/shenyang/co/81008.htm
石河子九天工贸有限责任公司,http:////www.11467.com/shihezi/co/6266.htm
陕西钻石时代热空气发电有限公司,http:////www.11467.com/tongchuan/co/8579.htm
通化市民升微型风电厂,http:////www.11467.com/tonghua/co/32141.htm
金能风电公司,http:////www.11467.com/wulanchabu/co/6271.htm
国电新疆阿拉山口风电开发有限公司,http:////www.11467.com/wulumuqi/co/100115.htm
无锡市恒通石油机械有限公司,http:////www.11467.com/wuxi/co/190204.htm
上海致远绿色能源有限公司,http:////www.11467.com/xian/co/48348.htm
同泰新技术开发有限公司,http:////www.11467.com/xiangfan/co/40898.htm
襄樊东方电气科技有限公司,http:////www.11467.com/xiangfan/co/40904.htm
湘电风能有限公司,http:////www.11467.com/xiangtan/co/23161.htm
宣城港口湾水力发电有限责任公司,http:////www.11467.com/xuancheng/co/21168.htm
竹林山能源有限公司,http:////www.11467.com/yangquan/co/12023.htm
中铁轮渡有限责任公司,http:////www.11467.com/yantai/co/133462.htm
伊春林业发电厂,http:////www.11467.com/yichunshi/co/16696.htm
伊春林业发电厂,http:////www.11467.com/yichunshi/co/16695.htm
徐福江（个体经营）,http:////www.11467.com/yinchuan/co/42632.htm
中科恒源能源公司湖南益阳市办事处,http:////www.11467.com/yiyang/co/19899.htm
张家界宝地水电综合开发有限公司,http:////www.11467.com/zhangjiajie/co/8415.htm
北大幼教湛江服务中心,http:////www.11467.com/zhanjiang/co/45146.htm
广东明阳风电产业集团有限公司,http:////www.11467.com/zhongshan/co/117381.htm
祁学力（个体经营）,http:////www.11467.com/zhoukou/co/18065.htm
株洲电力机车研究所风电事业部,http:////www.11467.com/zhuzhou/co/37445.htm
遵义江能科工贸有限责任公司,http:////www.11467.com/zunyi/co/22923.htm
天津蓝天电源公司,http:////www.11467.com/tianjin/co/143600.htm
西安隆泰建筑系统工程公司,http:////www.11467.com/xian/co/121491.htm
吉林天能电力工程机械有限公司,http:////www.11467.com/baicheng/co/20019.htm
贝蒂斯风电配套件有限公司,http:////www.11467.com/baoding/co/63545.htm
保定市贝蒂斯风电配套设备有限公司,http:////www.11467.com/baoding/co/63551.htm
保定市思格电器科技有限公司,http:////www.11467.com/baoding/co/54422.htm
保定市三力能源科技开发公司,http:////www.11467.com/baoding/co/54236.htm
中国国电联合动力技术(保定)有限公司,http:////www.11467.com/baoding/co/63574.htm
包头市天隆永磁电机制造有限责任公司(包头总公司）,http:////www.11467.com/baotou/co/23261.htm
包头市天隆永磁电机制造有限责任公司业务部,http:////www.11467.com/baotou/co/23273.htm
河北东良机械零部件有限公司,http:////www.11467.com/cangzhou/co/63685.htm
吉林祥丰风电设备有限公司,http:////www.11467.com/changchun/co/68986.htm
长春达安通信科技有限公司,http:////www.11467.com/changchun/co/89406.htm
长沙风发照明设备有限公司,http:////www.11467.com/changsha/co/103970.htm
湖南环风风机制造有限公司,http:////www.11467.com/changsha/co/121248.htm
长沙三康华元电力科技有限公司,http:////www.11467.com/changsha/co/71043.htm
深圳市森瑞普电子有限公司(华中办事处),http:////www.11467.com/changsha/co/119097.htm
常州市广通货运有限公司,http:////www.11467.com/changzhou/co/78629.htm
常州市秦南液压油缸厂,http:////www.11467.com/changzhou/co/32504.htm
常州太湖汽车配件有限公司,http:////www.11467.com/changzhou/co/27229.htm
江苏金锋佳特机电有限公司,http:////www.11467.com/changzhou/co/129034.htm
常州卓润风能设备有限公司,http:////www.11467.com/changzhou/co/104523.htm
常州新维新机电检测技术服务有限公司,http:////www.11467.com/changzhou/co/135020.htm
浙江易舒好暖通设备有限公司,http:////www.11467.com/changzhou/co/89422.htm
广东松下环境系统有限公司(四川营销中心),http:////www.11467.com/chengdu/co/214669.htm
深圳泰玛光电科技有限公司市场部,http:////www.11467.com/shenzhen/co/120727.htm
中深汉华担保投资有限公司投资项目部,http:////www.11467.com/shenzhen/co/721231.htm
苏州清扬风机有限公司,http:////www.11467.com/suzhou/co/315379.htm
苏州飞能可再生能源科技有限公司,http:////www.11467.com/suzhou/co/268689.htm
山东信海环保材料有限公司,http:////www.11467.com/taian/co/42220.htm
山东沃而丰新能源工业有限公司,http:////www.11467.com/taian/co/48304.htm
山东瑞其能电气有限公司,http:////www.11467.com/weifang/co/92826.htm
无锡曼克斯电子科技有限公司,http:////www.11467.com/wuxi/co/173255.htm
无锡山赢轮毂有限公司,http:////www.11467.com/wuxi/co/214635.htm
江阴华方新能源高科设备有限公司,http:////www.11467.com/wuxi/co/244303.htm
西安嘉能高速动力科技开发有限公司,http:////www.11467.com/xian/co/46836.htm
西大华特通风设备工程有限公司,http:////www.11467.com/xian/co/123569.htm
湘潭水利电力开发有限公司,http:////www.11467.com/xiangtan/co/26489.htm
徐州天工表面工程技术有限公司,http:////www.11467.com/xuzhou/co/81717.htm
铁力市世纪风能设备责任有限公司,http:////www.11467.com/yichunshi/co/17135.htm
宁夏风霸机电有限公司,http:////www.11467.com/yinchuan/co/38259.htm
丰源空压机销售有限公司,http:////www.11467.com/zhengzhou/co/176161.htm
中国船舶重工集团公司第七一三研究所,http:////www.11467.com/zhengzhou/co/24341.htm
珠海兴业新能源科技有限公司,http:////www.11467.com/zhuhai/co/64070.htm
中国风电集团有限公司,http:////www.11467.com/beijing/co/438887.htm
平阴乐深强压铸有限责任公司,http:////www.11467.com/jinan/co/142357.htm
科隆展览（北京）有限公司,http:////www.11467.com/beijing/co/735620.htm
天津市义腾金属制品有限公司,http:////www.11467.com/tianjin/co/307666.htm
湖南三人能源科技股份有限公司,http:////www.11467.com/xiangtan/co/33680.htm
北京汇能科创科技有限公司,http:////www.11467.com/beijing/co/761724.htm
安徽六和同心风能设备有限公司,http:////www.11467.com/qiye/29559056.htm
佛山市尤尼电池有限公司,http:////www.11467.com/foshan/co/8694.htm
佛山市尤尼电池有限公司的商铺,http://foshan08694.11467.com
NEW GREEN TECH CO LTD,http:////www.11467.com/fuzhou/co/131573.htm
福州福运德能源技术有限公司,http:////www.11467.com/fuzhou/co/70556.htm
广州红鹰能源科技有限公司(市场部）,http:////www.11467.com/guangzhou/co/428233.htm
广东荟能机电制造设备有限公司,http:////www.11467.com/guangzhou/co/428234.htm
广州冠图电子科技有限公司,http:////www.11467.com/guangzhou/co/457816.htm
广东珠龙应急技术有限公司,http:////www.11467.com/guangzhou/co/73560.htm
广州赛威电子有限公司,http:////www.11467.com/guangzhou/co/46741.htm
广州盛普科技信息有限公司,http:////www.11467.com/guangzhou/co/428082.htm
广州八马蓄电池有限公司,http:////www.11467.com/guangzhou/co/240272.htm
广州市丰远能源科技有限公司,http:////www.11467.com/guangzhou/co/113529.htm
广州欧典阳光新科技有限公司,http:////www.11467.com/guangzhou/co/427648.htm
广州能源科技有限公司,http:////www.11467.com/guangzhou/co/427841.htm
广州市华谱热水器设备有限公司,http:////www.11467.com/guangzhou/co/325039.htm
广州象能贸易有限公司销售部,http:////www.11467.com/guangzhou/co/427791.htm
广州红鹰能源科技有限公司,http:////www.11467.com/guangzhou/co/113533.htm
中科恒源能源科技股份有限公司,http:////www.11467.com/guangzhou/co/427831.htm
英泰集团有限公司贵州分公司,http:////www.11467.com/guiyang/co/68113.htm
扬州市明辉机电设备厂,http:////www.11467.com/guiyang/co/68151.htm
哈飞工业有限责任公司风电公司,http:////www.11467.com/haerbin/co/62217.htm
哈尔滨立抢风力发电设备制造有限公司,http:////www.11467.com/haerbin/co/62291.htm
哈尔滨东森源对外贸易有限公司,http:////www.11467.com/haerbin/co/62229.htm
喀喇沁旗跃工煤炭物资有限公司,http:////www.11467.com/chifeng/co/22831.htm
大连通用系统有限公司,http:////www.11467.com/dalian/co/65890.htm
平山（大连）金属制品有限公司,http:////www.11467.com/dalian/co/46735.htm
大连雄伟医用卫生品有限公司,http:////www.11467.com/dalian/co/50689.htm
大连航天之光科技公司,http:////www.11467.com/dalian/co/65760.htm
银河风电供暖装备(大连）有限公司,http:////www.11467.com/dalian/co/46476.htm
大连重工。起重集团减速机厂,http:////www.11467.com/dalian/co/65856.htm
大同开发区同华物资有限责任公司,http:////www.11467.com/datong/co/20508.htm
四川德阳比华丽水业有限公司,http:////www.11467.com/deyang/co/20586.htm
德阳东辅电力设备有限公司,http:////www.11467.com/deyang/co/32067.htm
德州春秋暖通设备有限公司,http:////www.11467.com/dezhou/co/50083.htm
山东瑞鑫通风设备公司,http:////www.11467.com/dezhou/co/49864.htm
爱尔兰卫宝贸易有限公司东莞卫宝分公司,http:////www.11467.com/dongguan/co/129918.htm
东莞丰昌节能环保科技有限公司,http:////www.11467.com/dongguan/co/502254.htm
东莞市备力电器设备有限公司,http:////www.11467.com/dongguan/co/132735.htm
东莞市诺威泰复合材料有限公司,http:////www.11467.com/dongguan/co/209423.htm
东莞市银生实业投资有限公司（经营中心）,http:////www.11467.com/dongguan/co/409098.htm
东莞市银生实业投资有限公司,http:////www.11467.com/dongguan/co/129599.htm
东莞中德风电能源有限公司,http:////www.11467.com/dongguan/co/73313.htm
东莞市华朗塑料科技有限公司,http:////www.11467.com/dongguan/co/476888.htm
东莞市拓格电子有限公司,http:////www.11467.com/dongguan/co/459627.htm
科裕机械模具公司,http:////www.11467.com/dongguan/co/492703.htm
广东中拓能源科技有限公司,http:////www.11467.com/dongguan/co/497448.htm
东莞市虎门大江水塔制造厂,http:////www.11467.com/dongguan/co/129238.htm
艾特(佛山)通风设备有限公司福建办事处,http:////www.11467.com/foshan/co/344378.htm
恒佳源贸易有限公司,http:////www.11467.com/foshan/co/304860.htm
佛山市南海区泰沣节能光电有限公司,http:////www.11467.com/foshan/co/305416.htm
广东省佛山市南海九洲普惠风机有限公司九洲风机厂,http:////www.11467.com/foshan/co/344377.htm
南通亿博电子科技有限公司,http:////www.11467.com/nantong/co/101379.htm
南通运隆重工发展有限公司,http:////www.11467.com/nantong/co/105133.htm
南阳高新区天鹤新型环保建材厂,http:////www.11467.com/nanyang/co/33305.htm
宁波海曙星光新能源科技工贸公司,http:////www.11467.com/ningbo/co/142856.htm
宁波东方能源国际贸易有限公司,http:////www.11467.com/ningbo/co/142868.htm
宁波风神风电科技有限公司(国内投资部),http:////www.11467.com/ningbo/co/142893.htm
福安市新德胜电机有限公司,http:////www.11467.com/ningde/co/26744.htm
青岛梓程风力发电机有限公司,http:////www.11467.com/qingdao/co/156211.htm
青岛 四方机车车辆铸锻有限公司,http:////www.11467.com/qingdao/co/123918.htm
青岛魅力欧亚高科技有限公司,http:////www.11467.com/qingdao/co/71093.htm
阜宁县宏业锻钢阀门材料厂,http:////www.11467.com/qingyang/co/11872.htm
金风帆光电股份有限公司,http:////www.11467.com/qinhuangdao/co/35916.htm
北方（泉州）光电科技有限责任公司,http:////www.11467.com/quanzhou/co/93042.htm
武汉宏昌恒业自动化科技有限公司,http:////www.11467.com/wuhan/co/77739.htm
武汉惠达尔能源科技有限责任公司,http:////www.11467.com/wuhan/co/54250.htm
新象化工电子技术开发(芜湖)有限公司,http:////www.11467.com/wuhu/co/19864.htm
德国韦伯风能有限公司中国办事处,http:////www.11467.com/wuxi/co/214650.htm
江阴远景能源科技有限公司,http:////www.11467.com/wuxi/co/214596.htm
无锡德一风能设备制造有限公司,http:////www.11467.com/wuxi/co/241526.htm
无锡明兴机械制造有限公司,http:////www.11467.com/wuxi/co/138851.htm
无锡国飞绿色能源有限公司,http:////www.11467.com/wuxi/co/143539.htm
无锡市罗尼威尔机械设备有限公司,http:////www.11467.com/wuxi/co/190150.htm
无锡市刘潭机械厂,http:////www.11467.com/wuxi/co/127739.htm
无锡大潮机械制造有限公司,http:////www.11467.com/wuxi/co/141125.htm
南中太阳能光电科技（厦门）有限公司,http:////www.11467.com/xiamen/co/44329.htm
厦门鲍尔麦斯电力科技有限公司,http:////www.11467.com/xiamen/co/23062.htm
厦门市力凯恒贸易有限公司,http:////www.11467.com/xiamen/co/26131.htm
陕西天安智能技术有限公司,http:////www.11467.com/xian/co/39540.htm
西安交通大学,http:////www.11467.com/xian/co/11775.htm
大益风电科技有限公司,http:////www.11467.com/xian/co/94771.htm
西安瑞虹工贸公司,http:////www.11467.com/xian/co/46791.htm
西安瑞世风电科技有限公司,http:////www.11467.com/xian/co/94825.htm
西安亿帆动力科技有限公司销售部,http:////www.11467.com/xian/co/47156.htm
西安沃德新能源科技有限公司,http:////www.11467.com/xian/co/121337.htm
湘潭市信润物资贸易有限公司,http:////www.11467.com/xiangtan/co/26485.htm
新乡市卫滨区阳光新能源开发中心,http:////www.11467.com/xinxiang/co/19784.htm
江苏维杰能源科技有限公司,http:////www.11467.com/xuzhou/co/77796.htm
盐城黄海潮玻璃钢工业有限公司,http:////www.11467.com/yancheng/co/54866.htm
Chonnam corporation,http:////www.11467.com/yangzhou/co/89584.htm
扬州神州风力发电机有限公司销售部,http:////www.11467.com/yangzhou/co/76584.htm
扬州乔恒电子有限公司,http:////www.11467.com/yangzhou/co/14112.htm
扬州海通电子科技有限公司,http:////www.11467.com/yangzhou/co/104423.htm
扬州凯盛能源有限公司,http:////www.11467.com/yangzhou/co/89593.htm
宁夏银光钢构件制造有限公司技术部,http:////www.11467.com/yinchuan/co/40434.htm
营口东方恒泰环保设备制造有限公司,http:////www.11467.com/yingkou/co/46428.htm
山西运城宇龙风机有限公司,http:////www.11467.com/yuncheng/co/30785.htm
山东枣庄求顺热力设备安装公司,http:////www.11467.com/zaozhuang/co/25574.htm
张家口东升伟业机械制造有限公司,http:////www.11467.com/zhangjiakou/co/22026.htm
郑州市豫雄金属材料有限公司,http:////www.11467.com/zhengzhou/co/147591.htm
郑州中胜能源科技有限公司,http:////www.11467.com/zhengzhou/co/122195.htm
郑州常青工矿物资有限公司,http:////www.11467.com/zhengzhou/co/73900.htm
镇江熙和数码科技有限公司,http:////www.11467.com/zhenjiang/co/49162.htm
镇江源泰进出口有限公司-外贸部,http:////www.11467.com/zhenjiang/co/47593.htm
珠海粤发贸易有限公司,http:////www.11467.com/zhuhai/co/68970.htm
株洲德高机械有限公司,http:////www.11467.com/zhuzhou/co/39683.htm
山东省邦博磁电机有限责任公司,http:////www.11467.com/zibo/co/92498.htm
淄博风机有限公司销售公司,http:////www.11467.com/zibo/co/99221.htm
淄博嘉诺风机有限公司销售一部,http:////www.11467.com/zibo/co/99540.htm
淄博泽森能源科技发展有限公司,http:////www.11467.com/zibo/co/76039.htm
ＡＡＢ国际－亚盟基业,http:////www.11467.com/beijing/co/145295.htm
北京金源昊德电气技术有限公司,http:////www.11467.com/beijing/co/144968.htm
广东云浮市恒宝通风设备有限公司北京分公司,http:////www.11467.com/beijing/co/704924.htm
神力新能源设备有限公司,http:////www.11467.com/beijing/co/438812.htm
上海菱德电气有限公司,http:////www.11467.com/shanghai/co/1048840.htm
安徽延运新能源科技有限公司,http:////www.11467.com/liuan/co/32670.htm
徐州天晟风力发电设备制造有限公司,http:////www.11467.com/xuzhou/co/93244.htm
中国福霖风能工程有限公司,http:////www.11467.com/qiye/29583705.htm
河北亚星风电设备有限公司,http:////www.11467.com/baoding/co/63555.htm
保定双益复合材料有限公司,http:////www.11467.com/baoding/co/63588.htm
山东通宝厨业有限公司,http:////www.11467.com/binzhou/co/35514.htm
长春嘉林玻璃纤维增强材料有限公司,http:////www.11467.com/changchun/co/71760.htm
成都雷奥风电传感器有限公司,http:////www.11467.com/chengdu/co/141506.htm
成都标志信息有限公司,http:////www.11467.com/chengdu/co/141411.htm
大连天能科技有有限公司,http:////www.11467.com/dalian/co/65908.htm
大连寰海房地产开发有限公司,http:////www.11467.com/dalian/co/5231.htm
平山重工大连有限公司,http:////www.11467.com/dalian/co/65881.htm
美国黑马集团,http:////www.11467.com/beijing/co/438932.htm
友联创世(加拿大)有限公司,http:////www.11467.com/beijing/co/675307.htm
联合能源公司,http:////www.11467.com/beijing/co/438864.htm
上海德哈哈螺杆式压缩机有限公司,http:////www.11467.com/shanghai/co/1040356.htm
上海德瑞展览策划有限公司（市场部）,http:////www.11467.com/shanghai/co/693053.htm
Shanghai WINDTECO Ltd.,http:////www.11467.com/shanghai/co/429126.htm
上海技旭自动化设备有限公司,http:////www.11467.com/shanghai/co/1048839.htm
上海金星报警器材厂,http:////www.11467.com/shanghai/co/277762.htm
上海鸿宝企业发展有限公司能源科技,http:////www.11467.com/shanghai/co/330294.htm
上海阳光机械有限公司,http:////www.11467.com/shanghai/co/54110.htm
斯宝传动技术(上海)有限公司,http:////www.11467.com/shanghai/co/674222.htm
俞嘉华（个体经营）,http:////www.11467.com/shanghai/co/220183.htm
上海致远绿色能源有限公司（华南区）,http:////www.11467.com/shanghai/co/538534.htm
上海好风风电设备厂,http:////www.11467.com/shanghai/co/898186.htm
上海和蕴机电科技有限公司,http:////www.11467.com/shanghai/co/1045304.htm
天津德瑞实业有限公司,http:////www.11467.com/tianjin/co/7628.htm
天津盛大力阳能源科技有限公司,http:////www.11467.com/tianjin/co/89739.htm
创世飞鸿（天津）太阳能技术有限公司,http:////www.11467.com/tianjin/co/62754.htm
天津市天龙鑫五金经营部,http:////www.11467.com/tianjin/co/182637.htm
成都天海永诚科技有限公司,http:////www.11467.com/chongqing/co/206028.htm
重庆重齿锋利发电齿轮箱有限责任公司,http:////www.11467.com/chongqing/co/62809.htm
天津市竹田电力设备技术开发有限公司,http:////www.11467.com/tianjin/co/299920.htm
中伏新能源科技(上海)有限公司,http:////www.11467.com/shanghai/co/1090725.htm
南京嘉旺物流有限公司,http:////www.11467.com/nanjing/co/162526.htm
天津通用服务有限公司,http:////www.11467.com/tianjin/co/304933.htm
天津亨茂建筑工程设计有限公司,http:////www.11467.com/tianjin/co/307665.htm
锐诚起重机（上海）有限公司,http:////www.11467.com/tianjin/co/307769.htm
鑫申仕会展服务有限公司,http:////www.11467.com/tianjin/co/308406.htm
普莱特弗（天津）科技有限公司,http:////www.11467.com/tianjin/co/310415.htm
金盛吉达科技发展有限公司,http:////www.11467.com/tianjin/co/310416.htm
斯第西姆商贸（北京）有限公司,http:////www.11467.com/tianjin/co/310417.htm
怡亚通（天津）供应链股份有限公司,http:////www.11467.com/tianjin/co/310418.htm
中创思博科技（北京）有限公司,http:////www.11467.com/beijing/co/722451.htm
深圳市泰玛风光能源有限公司,http:////www.11467.com/shenzhen/co/1037763.htm
福建省福宝新能源科技有限公司,http:////www.11467.com/quanzhou/co/170194.htm
宁津晟成风电设备有限公司,http:////www.11467.com/dezhou/co/72441.htm
保定广轩风电服务有限公司,http:////www.11467.com/baoding/co/152482.htm
大连天合机电贸易有限公司,http:////www.11467.com/dalian/co/12397.htm
中级联合工业技术（北京）有限公司,http:////www.11467.com/dalian/co/65892.htm
山东德州龙泉风力发电机制造有限公司,http:////www.11467.com/dezhou/co/31671.htm
山东省德州市风力发电机有限公司,http:////www.11467.com/dezhou/co/38201.htm
德州中信复合材料有限公司,http:////www.11467.com/dezhou/co/38186.htm
德州中信复合材料有限公司,http:////www.11467.com/dezhou/co/38187.htm
东莞市全风风能叶片科技有限公司,http:////www.11467.com/dongguan/co/497315.htm
华风复合材料有限公司,http:////www.11467.com/dongguan/co/408934.htm
西奥多电器设备有限公司东莞办事处,http:////www.11467.com/dongguan/co/502253.htm
胜利油田胜大种业有限责任公司,http:////www.11467.com/dongying/co/5935.htm
山东胜利奥达工程科技有限公司,http:////www.11467.com/dongying/co/42262.htm
佛山市能保电子转换设备有限公司,http:////www.11467.com/foshan/co/183544.htm
佛山市天宝利太阳能科技有限公司,http:////www.11467.com/foshan/co/332148.htm
佛山市太风能源有限公司,http:////www.11467.com/foshan/co/305159.htm
志强电器经营部,http:////www.11467.com/foshan/co/304901.htm
新木塑料工艺有限公司,http:////www.11467.com/foshan/co/305200.htm
佛山市尤尼电池有限公司市场部,http:////www.11467.com/foshan/co/186543.htm
广东省佛山市顺德区东灏干式变压器配件有公司,http:////www.11467.com/foshan/co/344964.htm
阜新江亚风电科技有限公司,http:////www.11467.com/fuxin/co/18032.htm
福州市公安局,http:////www.11467.com/fuzhou/co/7886.htm
LEISTER广州莱丹(迪涛)焊接设备有限公司,http:////www.11467.com/guangzhou/co/474554.htm
北京宇强联合展览服务有限公司,http:////www.11467.com/guangzhou/co/427519.htm
广州浩沅电子有限公司销售部,http:////www.11467.com/guangzhou/co/113595.htm
广州皓龙能源科技有限公司,http:////www.11467.com/guangzhou/co/428071.htm
广州聚才机械设备有限公司,http:////www.11467.com/guangzhou/co/270257.htm
广州市飞驰电子科技有限公司,http:////www.11467.com/guangzhou/co/267447.htm
广州市谷城科研技术有限公司,http:////www.11467.com/guangzhou/co/228453.htm
广州市胜欣科技股份有限公司,http:////www.11467.com/guangzhou/co/237104.htm
广州万通酸雾净化塔玻璃钢风机轴流风机离心风机防腐设备制造厂,http:////www.11467.com/guangzhou/co/476071.htm
广州中科恒源能源科技有限公司,http:////www.11467.com/guangzhou/co/427515.htm
广州星粤光伏发电设备厂,http:////www.11467.com/guangzhou/co/117298.htm
广州翔曦能源科技有限公司项目部,http:////www.11467.com/guangzhou/co/117240.htm
耀邦新能源（广东）有限公司,http:////www.11467.com/guangzhou/co/289748.htm
青海时光能源科技哈尔滨公司,http:////www.11467.com/haerbin/co/45943.htm
哈尔滨九洲风力发电机有限公司,http:////www.11467.com/haerbin/co/41923.htm
哈尔滨远华有限责任公司,http:////www.11467.com/haerbin/co/62156.htm
杭州豪林机电设备有限公司,http:////www.11467.com/hangzhou/co/371009.htm
杭州双翼能源科技有限公司技术部,http:////www.11467.com/hangzhou/co/310262.htm
合肥赛光电源科技开发有限公司,http:////www.11467.com/hefei/co/103866.htm
合肥赛光科技有限公司,http:////www.11467.com/hefei/co/103883.htm
合肥为民电源有限公司（销售部）,http:////www.11467.com/hefei/co/81277.htm
上海爱瑞德五金有限公司合肥分公司,http:////www.11467.com/hefei/co/133240.htm
合肥凌风新能源科技有限公司,http:////www.11467.com/hefei/co/128014.htm
武强节能设备服务贸易公司{销售部},http:////www.11467.com/hengshui/co/21248.htm
衡水凯圣煤电配件有限公司,http:////www.11467.com/hengshui/co/19209.htm
河北友和能源科技有限公司,http:////www.11467.com/hengshui/co/33006.htm
河北讯钢钢结构工程公司,http:////www.11467.com/hengshui/co/19254.htm
河北程达通信设备有限公司,http:////www.11467.com/hengshui/co/33932.htm
淮安瑞普风电研究所,http:////www.11467.com/huaian/co/41159.htm
淮安市钰源机械有限公司,http:////www.11467.com/huaian/co/49761.htm
深圳福興白铁工程有限公司,http:////www.11467.com/shenzhen/co/761545.htm
深圳高洋大件运输有限公司,http:////www.11467.com/shenzhen/co/776800.htm
深圳德雷斯展览策划有限公司,http:////www.11467.com/shenzhen/co/535557.htm
深圳市大地鑫达科技有限公司,http:////www.11467.com/shenzhen/co/771069.htm
深圳市诚远新能源动力设备有限公司,http:////www.11467.com/shenzhen/co/720304.htm
深圳市诚远环保设备发展有限公司,http:////www.11467.com/shenzhen/co/120717.htm
深圳市励盟数码科技开发有限公司销售部,http:////www.11467.com/shenzhen/co/545686.htm
深圳市恒正通大型吊扇科技有限公司,http:////www.11467.com/shenzhen/co/780772.htm
深圳市山海太阳能科技有限公司,http:////www.11467.com/shenzhen/co/10299.htm
深圳市银华实业发展有限公司,http:////www.11467.com/shenzhen/co/538455.htm
神钢电机公司,http:////www.11467.com/shenzhen/co/720830.htm
天力高新技术能源（集团）有限公司,http:////www.11467.com/shenzhen/co/720971.htm
深圳市熙睿电子科技有限公司,http:////www.11467.com/shenzhen/co/120789.htm
苏州飞能可再生能源科技有限公司深圳办事处,http:////www.11467.com/shenzhen/co/720251.htm
中华创利商贸有限公司,http:////www.11467.com/shenzhen/co/790076.htm
阳光集团（香港）发展有限公司,http:////www.11467.com/shenzhen/co/332211.htm
深圳市艾丽声电子有限公司,http:////www.11467.com/shenzhen/co/40086.htm
江苏省宿迁市可再生新能源有限公司,http:////www.11467.com/suqian/co/12337.htm
徳亿斯特实业有限公司,http:////www.11467.com/suzhou/co/321365.htm
太仓卡特机械设备有限公司,http:////www.11467.com/suzhou/co/334735.htm
山东泰安市福通矿用电气有限公司,http:////www.11467.com/taian/co/52840.htm
靖江市世盛空调设备制造有限公司,http:////www.11467.com/taizhoushi/co/48883.htm
泰州市伊太尔机电制造有限公司,http:////www.11467.com/taizhoushi/co/34812.htm
唐山市华电志良科技节电公司,http:////www.11467.com/tangshan/co/63211.htm
美泽风电设备制造(内蒙古)有限公司,http:////www.11467.com/tongliao/co/11686.htm
浙江丰源能源科技有限公司,http:////www.11467.com/wenzhou/co/169210.htm
浙江丰源能源科技有限公司,http:////www.11467.com/wenzhou/co/169209.htm
武汉方得电子有限公司,http:////www.11467.com/wuhan/co/56382.htm
武汉伍和节能科技有限公司,http:////www.11467.com/wuhan/co/116769.htm
华中科技大学能源与动力学院,http:////www.11467.com/wuhan/co/116570.htm
武汉市兆润经济技术发展有限公司,http:////www.11467.com/wuhan/co/56385.htm
新疆千里马新能源科技公司,http:////www.11467.com/wulumuqi/co/88632.htm
新疆盖特进出口贸易有限公司,http:////www.11467.com/wulumuqi/co/87962.htm
无锡大昶重型环件有限公司销售部（营业部）,http:////www.11467.com/wuxi/co/214675.htm
西漳电子仪器厂,http:////www.11467.com/wuxi/co/214550.htm
无锡群英科技有限公司,http:////www.11467.com/wuxi/co/214672.htm
中航卓越锻造（无锡）有限公司营销部,http:////www.11467.com/wuxi/co/197611.htm
无锡韦伯风能有限公司,http:////www.11467.com/wuxi/co/214655.htm
东莞市中德风电有限公司,http:////www.11467.com/xiamen/co/84376.htm
陕西国际商贸投资发展有限公司,http:////www.11467.com/xian/co/122253.htm
西安瑞世风电科技有限公司市场部,http:////www.11467.com/xian/co/94826.htm
青海西宁鑫瑞环保节能技术研究所,http:////www.11467.com/xining/co/25425.htm
青海省水利水电（集团）有限责任公司,http:////www.11467.com/xining/co/14385.htm
新乡飞奥特过滤技术有限公司销售部,http:////www.11467.com/xinxiang/co/19796.htm
扬州市贝迪电源有限公司,http:////www.11467.com/yangzhou/co/100949.htm
扬州元顺科技商贸有限公司,http:////www.11467.com/yangzhou/co/76587.htm
扬州市搏利拉丝厂,http:////www.11467.com/yangzhou/co/107311.htm
烟台煜丰能源科技有限公司,http:////www.11467.com/yantai/co/151969.htm
湛江市东成科技有限公司,http:////www.11467.com/zhanjiang/co/40324.htm
河南立新电力建设监理有限公司,http:////www.11467.com/zhengzhou/co/91034.htm
湖南长沙光合太阳能有限公司,http:////www.11467.com/changsha/co/71487.htm
广东天工科技实业公司,http:////www.11467.com/guangzhou/co/73132.htm
嘉兴市亚泰数控机械制造有限公司,http:////www.11467.com/jiaxing/co/63352.htm
揭阳市东美鹏水电设备有限公司,http:////www.11467.com/jieyang/co/30339.htm
福建省大田县昌盛钢铁有限公司,http:////www.11467.com/sanming/co/6790.htm
沈阳四达滤板厂,http:////www.11467.com/shenyang/co/50717.htm
无锡森吉尔精密机械有限公司,http:////www.11467.com/wuxi/co/245835.htm
淄博柴油机厂,http:////www.11467.com/zibo/co/11204.htm
青阳精维风能有限公司,http:////www.11467.com/qiye/29389144.htm
富汇风能电力有限公司,http:////www.11467.com/qiye/29837870.htm
和卓（上海）风能设备制造有限公司,http:////www.11467.com/qiye/79269381.htm
保定天威衡益风能设备有限公司,http:////www.11467.com/qiye/79528619.htm
上海钜唯风能设备有限公司,http:////www.11467.com/qiye/87498606.htm
