株洲唐人纺制造有限公司,http:////www.11467.com/zhuzhou/co/47810.htm
大连卧隆贸易有限公司,http:////www.11467.com/dalian/co/39994.htm
大连卧隆贸易有限公司的商铺,http://dalian039994.11467.com
泰安联创纺织有限公司,http:////www.11467.com/taian/co/35632.htm
泰安联创纺织有限公司的商铺,http://taian035632.11467.com
东莞市虎门锦源布行,http:////www.11467.com/dongguan/co/555988.htm
东莞市虎门锦源布行的商铺,http://dongguan0555988.11467.com
湖南省桃源杰新纺织印染有限公司,http:////www.11467.com/changde/co/30960.htm
湖南省桃源杰新纺织印染有限公司的商铺,http://changde030960.11467.com
六安市华龙麻纺工艺制品有限公司,http:////www.11467.com/liuan/co/14735.htm
六安市华龙麻纺工艺制品有限公司的商铺,http://liuan014735.11467.com
绍兴县潮澎纺织有限公司,http:////www.11467.com/shaoxing/co/82761.htm
绍兴县潮澎纺织有限公司的商铺,http://shaoxing082761.11467.com
东莞市源胜纺织品有限公司,http:////www.11467.com/dongguan/co/556385.htm
东莞市源胜纺织品有限公司的商铺,http://dongguan0556385.11467.com
吴江市新申织造有限公司,http:////www.11467.com/suzhou/co/356309.htm
吴江市新申织造有限公司的商铺,http://suzhou0356309.11467.com
无锡优嘉亚麻纺织品有限公司,http:////www.11467.com/wuxi/co/243363.htm
无锡优嘉亚麻纺织品有限公司的商铺,http://wuxi0243363.11467.com
泉州碧海蓝天纺织服饰有限公司,http:////www.11467.com/guangzhou/co/495605.htm
泉州碧海蓝天纺织服饰有限公司的商铺,http://guangzhou0495605.11467.com
东莞市虎门银帆布料店,http:////www.11467.com/dongguan/co/400005.htm
东莞市虎门银帆布料店的商铺,http://dongguan0400005.11467.com
广州市锦惠绣纺织品贸易有限公司,http:////www.11467.com/guangzhou/co/455280.htm
广州市锦惠绣纺织品贸易有限公司的商铺,http://guangzhou0455280.11467.com
东莞市广政纺织品有限公司,http:////www.11467.com/dongguan/co/555989.htm
东莞市广政纺织品有限公司的商铺,http://dongguan0555989.11467.com
深圳市志晔纺织有限公司,http:////www.11467.com/shenzhen/co/765131.htm
深圳市志晔纺织有限公司的商铺,http://shenzhen0765131.11467.com
广州市海珠区稳业纺织品商行,http:////www.11467.com/guangzhou/co/496369.htm
广州市海珠区稳业纺织品商行的商铺,http://guangzhou0496369.11467.com
绍兴县品亿纺织品有限公司,http:////www.11467.com/shaoxing/co/118753.htm
绍兴县品亿纺织品有限公司的商铺,http://shaoxing0118753.11467.com
东莞市和立贸易有限公司,http:////www.11467.com/dongguan/co/555987.htm
东莞市和立贸易有限公司的商铺,http://dongguan0555987.11467.com
广州市鸥升纺织品有限公司,http:////www.11467.com/guangzhou/co/479631.htm
广州市鸥升纺织品有限公司的商铺,http://guangzhou0479631.11467.com
广州洲源水体景观艺术有限公司,http:////www.11467.com/guangzhou/co/85026.htm
广州洲源水体景观艺术有限公司的商铺,http://guangzhou085026.11467.com
杭州航民美时达印染有限公司,http:////www.11467.com/hangzhou/co/232971.htm
杭州航民美时达印染有限公司的商铺,http://hangzhou0232971.11467.com
湖南华升洞庭麻业有限公司,http:////www.11467.com/yueyang/co/31753.htm
湖南华升洞庭麻业有限公司的商铺,http://yueyang031753.11467.com
天津宇海麻制品有限公司,http:////www.11467.com/tianjin/co/211628.htm
天津宇海麻制品有限公司的商铺,http://tianjin0211628.11467.com
江西恩达麻业有限公司,http:////www.11467.com/xinyu/co/8860.htm
江西恩达麻业有限公司的商铺,http://xinyu08860.11467.com
深圳市和盛纺织品有限公司,http:////www.11467.com/shenzhen/co/3240.htm
深圳市和盛纺织品有限公司的商铺,http://shenzhen03240.11467.com
诸暨市绿野纺织服饰有限公司,http:////www.11467.com/shaoxing/co/127377.htm
诸暨市绿野纺织服饰有限公司的商铺,http://shaoxing0127377.11467.com
广州市花都区狮岭凯丰帆布行,http:////www.11467.com/guangzhou/co/496498.htm
广州市花都区狮岭凯丰帆布行的商铺,http://guangzhou0496498.11467.com
杭州中兴棉麻有限公司,http:////www.11467.com/hangzhou/co/213964.htm
杭州中兴棉麻有限公司的商铺,http://hangzhou0213964.11467.com
湖州金龙马亚麻有限公司,http:////www.11467.com/huzhou/co/36548.htm
湖州金龙马亚麻有限公司的商铺,http://huzhou036548.11467.com
广西武鸣县宠物剑麻制品有限公司,http:////www.11467.com/nanning/co/86762.htm
广西武鸣县宠物剑麻制品有限公司的商铺,http://nanning086762.11467.com
广州市海珠区凤阳花汇布行,http:////www.11467.com/guangzhou/co/496302.htm
广州市海珠区凤阳花汇布行的商铺,http://guangzhou0496302.11467.com
广州市广利隆纺织品有限公司,http:////www.11467.com/guangzhou/co/201749.htm
广州市广利隆纺织品有限公司的商铺,http://guangzhou0201749.11467.com
佛山市广帛纺织有限公司,http:////www.11467.com/foshan/co/291594.htm
佛山市广帛纺织有限公司的商铺,http://foshan0291594.11467.com
东莞市厚街古松皮革制品加工店,http:////www.11467.com/dongguan/co/447589.htm
东莞市厚街古松皮革制品加工店的商铺,http://dongguan0447589.11467.com
东莞市本源纺织有限公司,http:////www.11467.com/dongguan/co/473877.htm
东莞市本源纺织有限公司的商铺,http://dongguan0473877.11467.com
湖南杰新纺织集团有限公司,http:////www.11467.com/changde/co/26174.htm
湖南杰新纺织集团有限公司的商铺,http://changde026174.11467.com
常州艾赛索纺织品有限公司,http:////www.11467.com/changzhou/co/152812.htm
常州艾赛索纺织品有限公司的商铺,http://changzhou0152812.11467.com
常州市富高纺织有限公司,http:////www.11467.com/changzhou/co/125781.htm
常州市富高纺织有限公司的商铺,http://changzhou0125781.11467.com
广西龙州强力麻业有限公司,http:////www.11467.com/chongzuo/co/5413.htm
广西龙州强力麻业有限公司的商铺,http://chongzuo05413.11467.com
鄱阳县宏达棉麻纺织有限公司,http:////www.11467.com/shangrao/co/23473.htm
鄱阳县宏达棉麻纺织有限公司的商铺,http://shangrao023473.11467.com
绍兴锦尔纺织品有限公司,http:////www.11467.com/shaoxing/co/85844.htm
绍兴锦尔纺织品有限公司的商铺,http://shaoxing085844.11467.com
绍兴县高联纺织品有限公司,http:////www.11467.com/shaoxing/co/127206.htm
绍兴县高联纺织品有限公司的商铺,http://shaoxing0127206.11467.com
浙江永通纺织印染有限公司,http:////www.11467.com/shaoxing/co/11526.htm
浙江永通纺织印染有限公司的商铺,http://shaoxing011526.11467.com
绍兴县简美贸易有限公司,http:////www.11467.com/shaoxing/co/118289.htm
绍兴县简美贸易有限公司的商铺,http://shaoxing0118289.11467.com
安吉县昆铜路西兴源麻织厂,http:////www.11467.com/linfen/co/39228.htm
安吉县昆铜路西兴源麻织厂的商铺,http://linfen039228.11467.com
浙江美欣达印染集团股份有限公司,http:////www.11467.com/huzhou/co/44967.htm
浙江美欣达印染集团股份有限公司的商铺,http://huzhou044967.11467.com
杭州双锦布艺有限公司,http:////www.11467.com/hangzhou/co/372625.htm
杭州双锦布艺有限公司的商铺,http://hangzhou0372625.11467.com
绍兴市同飞纺织品有限责任公司,http:////www.11467.com/shaoxing/co/85794.htm
绍兴市同飞纺织品有限责任公司的商铺,http://shaoxing085794.11467.com
吴江市亚纪纺织有限公司,http:////www.11467.com/suzhou/co/284140.htm
吴江市亚纪纺织有限公司的商铺,http://suzhou0284140.11467.com
铜陵宏丰麻业有限公司,http:////www.11467.com/tongling/co/16510.htm
铜陵宏丰麻业有限公司的商铺,http://tongling016510.11467.com
南京东亚漂染有限公司,http:////www.11467.com/nanjing/co/108087.htm
广西福园剑麻股份有限公司,http:////www.11467.com/nanning/co/62950.htm
大源纺织品（南通）有限公司,http:////www.11467.com/nantong/co/111753.htm
南通诚隆纺织品有限公司,http:////www.11467.com/nantong/co/112384.htm
南通嘉林纺织有限公司,http:////www.11467.com/nantong/co/111861.htm
南通添逸纺织印染有限公司,http:////www.11467.com/nantong/co/6974.htm
南通一诺色织有限公司,http:////www.11467.com/nantong/co/111991.htm
南通开发区顺弘纺织品有限公司,http:////www.11467.com/nantong/co/112082.htm
大源纺织品（南通）有限公司,http:////www.11467.com/nantong/co/111752.htm
南通天创纺织有限公司,http:////www.11467.com/nantong/co/103466.htm
宁波雅戈尔毛纺织染整有限公司,http:////www.11467.com/ningbo/co/62263.htm
宁波市海曙新阳纺织品有限公司,http:////www.11467.com/ningbo/co/139247.htm
青岛美润达国际贸易有限公司,http:////www.11467.com/qingdao/co/75684.htm
汕头市布料贸易有限公司,http:////www.11467.com/shantou/co/142633.htm
建德市伟业家纺有限公司一分公司,http:////www.11467.com/shaoxing/co/83886.htm
泛亚纺织服装有限公司,http:////www.11467.com/shaoxing/co/83439.htm
绍兴恒悦麻棉纺织品有限公司,http:////www.11467.com/shaoxing/co/85900.htm
绍兴金宝利纺织印染有限公司,http:////www.11467.com/shaoxing/co/10607.htm
绍兴市舜源纺织品有限公司,http:////www.11467.com/shaoxing/co/42585.htm
绍兴市耀龙纺粘科技有限公司,http:////www.11467.com/shaoxing/co/80457.htm
绍兴市福利织造有限公司,http:////www.11467.com/shaoxing/co/83413.htm
绍兴县紫洪贸易有限公司,http:////www.11467.com/shaoxing/co/85525.htm
绍兴一升贸易有限公司,http:////www.11467.com/shaoxing/co/83136.htm
绍兴翔佳纺织有限公司,http:////www.11467.com/shaoxing/co/85158.htm
浙江汇丽印染整理有限公司,http:////www.11467.com/shaoxing/co/83822.htm
绍兴市世杰烫整有限公司,http:////www.11467.com/shaoxing/co/49656.htm
绍兴市旭隆国际贸易有限公司,http:////www.11467.com/shaoxing/co/83522.htm
绍兴市开言纺织品有限公司,http:////www.11467.com/shaoxing/co/117637.htm
绍兴市金亿凤纺织品有限公司,http:////www.11467.com/shaoxing/co/98831.htm
绍兴市恒辉纺织品有限公司,http:////www.11467.com/shaoxing/co/83449.htm
绍兴市金兴外贸印染有限公司,http:////www.11467.com/shaoxing/co/556.htm
绍兴市久贵纺织品有限公司,http:////www.11467.com/shaoxing/co/85206.htm
绍兴市晨泽纺织品有限公司,http:////www.11467.com/shaoxing/co/84719.htm
浙江绍兴昕欣纺织有限公司,http:////www.11467.com/shaoxing/co/53523.htm
浙江绍兴金宝利纺织印染有限公司,http:////www.11467.com/shaoxing/co/83883.htm
浙江维格针纺科技有限公司,http:////www.11467.com/shaoxing/co/76261.htm
绍兴市毅川纺织品有限公司,http:////www.11467.com/shaoxing/co/61205.htm
绍兴骏丽轻纺有限公司,http:////www.11467.com/shaoxing/co/83167.htm
绍兴市久荣纺织品有限公司,http:////www.11467.com/shaoxing/co/1133.htm
绍兴县雨兰贸易有限公司,http:////www.11467.com/shaoxing/co/85380.htm
新发纺织印染（绍兴）有限公司,http:////www.11467.com/shaoxing/co/57324.htm
绍兴银翔棉麻纺织品有限公司,http:////www.11467.com/shaoxing/co/54944.htm
泰州市龙达亚麻纺织有限责任公司,http:////www.11467.com/shaoxing/co/85762.htm
绍兴维多国际贸易有限公司,http:////www.11467.com/shaoxing/co/83963.htm
绍兴市冠通纺织有限公司,http:////www.11467.com/shaoxing/co/84310.htm
浙江伟丰织造印染有限公司,http:////www.11467.com/shaoxing/co/77018.htm
深圳市嘉得利纺织实业有限公司,http:////www.11467.com/shenzhen/co/701056.htm
深圳市辉群工贸发展有限公司,http:////www.11467.com/shenzhen/co/627049.htm
深圳市琼丝路实业有限公司,http:////www.11467.com/shenzhen/co/701292.htm
深圳市美邦达纺织有限公司,http:////www.11467.com/shenzhen/co/702206.htm
临沂青文塑料制品厂,http:////www.11467.com/linyi/co/106800.htm
杭州星盛纺织有限公司,http:////www.11467.com/hangzhou/co/123502.htm
安庆兆丰印染有限公司,http:////www.11467.com/anqing/co/27090.htm
包头圣龙亚麻纺织有限公司,http:////www.11467.com/baotou/co/27464.htm
宁波市江北盛发针织品有限公司,http:////www.11467.com/beihai/co/17115.htm
安徽华皖碳纤维集团公司,http:////www.11467.com/bengbu/co/29604.htm
滨州愉悦家纺有限公司(家纺服饰分公司）,http:////www.11467.com/binzhou/co/23712.htm
青岛泽润纺织科技有限公司,http:////www.11467.com/binzhou/co/26764.htm
山东滨州春晓针复制衣集团有限公司,http:////www.11467.com/binzhou/co/16093.htm
滨州新坤纺织有限公司,http:////www.11467.com/binzhou/co/23783.htm
愉悦家纺有限公司品牌公司,http:////www.11467.com/binzhou/co/23793.htm
长春市溢发麻业有限责任公司,http:////www.11467.com/changchun/co/81138.htm
湖南泰鑫工贸有限公司-业务4部,http:////www.11467.com/changsha/co/100347.htm
湖南益鑫泰服装有限公司品牌面料部,http:////www.11467.com/changsha/co/100408.htm
常州市常氏鑫源纺织有限公司贸易部,http:////www.11467.com/changzhou/co/125194.htm
常州蓝天兴业纺织整理有限公司,http:////www.11467.com/changzhou/co/77069.htm
常州金牡丹织造有限公司,http:////www.11467.com/changzhou/co/36042.htm
常州来富纺织企业有限公司,http:////www.11467.com/changzhou/co/124395.htm
常州克德罗泽纺织有限公司,http:////www.11467.com/changzhou/co/125072.htm
常州创欣布业有限公司,http:////www.11467.com/changzhou/co/77393.htm
常州东恒染织集团有限公司(国贸部),http:////www.11467.com/changzhou/co/125023.htm
常州市双燕染织有限公司,http:////www.11467.com/changzhou/co/80077.htm
常州市陈巷中丽布厂业务一部,http:////www.11467.com/changzhou/co/125308.htm
常州吉源棉麻印染厂,http:////www.11467.com/changzhou/co/125242.htm
常州市常州小李色织布咨询公司,http:////www.11467.com/changzhou/co/125128.htm
FINETEX/SAFERTEXTILES USA CHAN,http:////www.11467.com/changzhou/co/125055.htm
深圳希卡服饰有限公司,http:////www.11467.com/shenzhen/co/700667.htm
苏州克山亚麻纺织品有限公司,http:////www.11467.com/suzhou/co/264871.htm
常熟市恒泽纺织品有限公司,http:////www.11467.com/suzhou/co/316087.htm
东莞市达恒鞋材有限公司业务部,http:////www.11467.com/dongguan/co/398044.htm
东莞市布料面料贸易公司,http:////www.11467.com/dongguan/co/397956.htm
东莞冠兴布类贴合制品有限公司(貿易部）,http:////www.11467.com/dongguan/co/399214.htm
东莞鹏鸥实业有限公司/销售部,http:////www.11467.com/dongguan/co/399393.htm
东莞市大朗锟威布料商行,http:////www.11467.com/dongguan/co/398088.htm
昌业纺织有限公司,http:////www.11467.com/dongguan/co/397864.htm
东莞嘉骏布料有限公司,http:////www.11467.com/dongguan/co/398729.htm
东莞可欣贸易有限公司,http:////www.11467.com/dongguan/co/398974.htm
东莞市北斗星纺织品有限公司,http:////www.11467.com/dongguan/co/397806.htm
东莞市港源{联兴}纺织品有限公司,http:////www.11467.com/dongguan/co/397838.htm
东莞市厚街信其诺鞋材经营部,http:////www.11467.com/dongguan/co/96274.htm
东莞市铭旺鞋材有限公司,http:////www.11467.com/dongguan/co/486903.htm
东莞市利源鞋材有限公司,http:////www.11467.com/dongguan/co/88177.htm
东莞市雅之冠纺织品有限公司,http:////www.11467.com/dongguan/co/476023.htm
东莞市奕圣纺织品有限公司,http:////www.11467.com/dongguan/co/12762.htm
东莞市裕润纺织品有限公司销售一部,http:////www.11467.com/dongguan/co/398124.htm
东莞市奕圣纺织品有限公司（专业帆布）,http:////www.11467.com/dongguan/co/399207.htm
东莞市虎门粤纺布业,http:////www.11467.com/dongguan/co/398358.htm
东莞市虎门裕都布料店,http:////www.11467.com/dongguan/co/398003.htm
家园纺织品公司,http:////www.11467.com/dongguan/co/397871.htm
佳隆欣纺织品有限公司,http:////www.11467.com/dongguan/co/398658.htm
东莞市久新纺织品有限公司,http:////www.11467.com/dongguan/co/398081.htm
东莞市金濠布业有限公司,http:////www.11467.com/dongguan/co/398682.htm
嵘穗布艺有限公司,http:////www.11467.com/dongguan/co/397724.htm
金帆商贸有限公司,http:////www.11467.com/dongguan/co/398238.htm
俊艺行贸易公司 Chun Ngai Hong Trading,http:////www.11467.com/dongguan/co/398217.htm
广州中麻纺织品有限公司（虎门办事处）,http:////www.11467.com/dongguan/co/398942.htm
东莞顺发皮革行,http:////www.11467.com/dongguan/co/399117.htm
上海晟丰展览有限公司东莞分公司,http:////www.11467.com/dongguan/co/397954.htm
深圳泽友有限公司,http:////www.11467.com/dongguan/co/398755.htm
恒业时代纺织品有限公司东莞分公司,http:////www.11467.com/dongguan/co/399492.htm
政洋涂层厂,http:////www.11467.com/dongguan/co/397823.htm
鑫联再生资源(东莞)回收商行,http:////www.11467.com/dongguan/co/399571.htm
东莞市虎门享泰布料商店,http:////www.11467.com/dongguan/co/398545.htm
东莞市虎门同顺布行,http:////www.11467.com/dongguan/co/399608.htm
鹏鸥实业有限公司,http:////www.11467.com/dongguan/co/399063.htm
侨治纺织皮革有限公司,http:////www.11467.com/dongguan/co/398757.htm
允荥布业有限公司,http:////www.11467.com/dongguan/co/398638.htm
中丽纺织有限公司,http:////www.11467.com/dongguan/co/398646.htm
利顺实业有限公司,http:////www.11467.com/dongguan/co/399719.htm
联合纺织印染有限公司,http:////www.11467.com/dongguan/co/399827.htm
亿满鞋材厂,http:////www.11467.com/dongguan/co/398699.htm
浙江海盐江南喷织有限公司,http:////www.11467.com/dongguan/co/399500.htm
来凤满妹贸易有限公司,http:////www.11467.com/enshi/co/14078.htm
巴尔顿（中国）纺织化工助剂有限公司,http:////www.11467.com/foshan/co/291742.htm
布业有限公司,http:////www.11467.com/foshan/co/291340.htm
佛山市南海区富豪布行,http:////www.11467.com/foshan/co/292246.htm
佛山市泓兴泰针织有限公司,http:////www.11467.com/foshan/co/291721.htm
佛山市黄啡红纺织有限公司业务部,http:////www.11467.com/foshan/co/291965.htm
佛山市合邦针织有限公司-营销部,http:////www.11467.com/foshan/co/291966.htm
佛山市黄啡红纺织有限公司,http:////www.11467.com/foshan/co/291666.htm
德马特殊鞋材有限公司,http:////www.11467.com/foshan/co/291392.htm
广东前进牛仔布有限公司,http:////www.11467.com/foshan/co/291363.htm
佛山市南海翔祥纺织贸易有限公司,http:////www.11467.com/foshan/co/102824.htm
广东裕亿纺织有限公司,http:////www.11467.com/foshan/co/292480.htm
佛山市南海区罗村联星意创纺织厂,http:////www.11467.com/foshan/co/292618.htm
广东前进牛仔布有限公司（经营部）,http:////www.11467.com/foshan/co/291961.htm
广东省佛山棉纺厂,http:////www.11467.com/foshan/co/85290.htm
湛江一声剑麻布有限公司,http:////www.11467.com/foshan/co/292561.htm
佛山市众威纺织有限公司,http:////www.11467.com/foshan/co/291532.htm
荆州市和顺纺织品有限公司,http:////www.11467.com/foshan/co/291847.htm
西南海纺织有限公司,http:////www.11467.com/foshan/co/291744.htm
南海兴盛布行,http:////www.11467.com/foshan/co/291282.htm
广东佛山西樵思创纺织有限公司,http:////www.11467.com/foshan/co/291796.htm
长乐圣方源针织有限公司,http:////www.11467.com/fuzhou/co/158752.htm
福州福达有限公司,http:////www.11467.com/fuzhou/co/158658.htm
南城县金泰纺织品制造有限公司,http:////www.11467.com/fuzhoushi/co/18044.htm
PATSO COMPANY,http:////www.11467.com/guangzhou/co/408595.htm
"xinchang textiles co.,ltd",http:////www.11467.com/guangzhou/co/409197.htm
长春溢发麻业纺织有限责任公司广州办事处,http:////www.11467.com/guangzhou/co/408289.htm
飞跃服装布料回收公司,http:////www.11467.com/guangzhou/co/408330.htm
广东喜艾纺织布艺厂,http:////www.11467.com/guangzhou/co/409162.htm
广东阿芳纺织有限公司,http:////www.11467.com/guangzhou/co/407516.htm
广州美亚商贸有限公司,http:////www.11467.com/guangzhou/co/409542.htm
广州璟豪纺织品有限公司,http:////www.11467.com/guangzhou/co/407717.htm
广州和平商贸有限公司,http:////www.11467.com/guangzhou/co/409077.htm
广州市长发纺织有限公司,http:////www.11467.com/guangzhou/co/407664.htm
冯玮坚(个体经营),http:////www.11467.com/guangzhou/co/408162.htm
丰昶纺织品公司,http:////www.11467.com/guangzhou/co/407686.htm
广州市花都区福恒织带厂,http:////www.11467.com/guangzhou/co/409731.htm
广州市花都区狮岭广盛布行,http:////www.11467.com/guangzhou/co/409733.htm
广州市飞达纺织有限公司,http:////www.11467.com/guangzhou/co/407472.htm
广州精纺纺织有限公司,http:////www.11467.com/guangzhou/co/407569.htm
广州市广利裕发纺织有限公司,http:////www.11467.com/guangzhou/co/407574.htm
广州市花都区狮岭凯大纺织品商行,http:////www.11467.com/guangzhou/co/408182.htm
广州丰茂贸易有限公司,http:////www.11467.com/guangzhou/co/409155.htm
广州市金穗责任有限公司,http:////www.11467.com/guangzhou/co/407709.htm
广州东泰纺织有限公司,http:////www.11467.com/guangzhou/co/407893.htm
长江织造厂,http:////www.11467.com/guangzhou/co/408945.htm
广州胜大贸易公司,http:////www.11467.com/guangzhou/co/408492.htm
广州市海珠区凤阳帝鑫纺织布行,http:////www.11467.com/guangzhou/co/407310.htm
广州市进发布料商行,http:////www.11467.com/guangzhou/co/408448.htm
广州市亿嘉纺织印染有限公司,http:////www.11467.com/guangzhou/co/19433.htm
广州市泰格奴皮具有限公司,http:////www.11467.com/guangzhou/co/468154.htm
广州旺达面料存货贸易公司,http:////www.11467.com/guangzhou/co/409037.htm
广州市联丰纺织贸易存货有限公司,http:////www.11467.com/guangzhou/co/408312.htm
广州市海珠区凤阳百盛纺织布行,http:////www.11467.com/guangzhou/co/409720.htm
广州市名联窗帘有限公司,http:////www.11467.com/guangzhou/co/475141.htm
广州市泰东纺织品贸易有限公司,http:////www.11467.com/guangzhou/co/408951.htm
广州市时涛电子元器件商行,http:////www.11467.com/guangzhou/co/408089.htm
哈尔滨华亿亚麻实业发展有限公司,http:////www.11467.com/haerbin/co/29997.htm
哈尔滨盈丰亚麻纺织厂,http:////www.11467.com/haerbin/co/59457.htm
孙志博(个体经营),http:////www.11467.com/haerbin/co/59526.htm
哈尔滨盛杰亚麻有限公司,http:////www.11467.com/haerbin/co/59495.htm
哈尔滨市创奇亚麻制品厂,http:////www.11467.com/haerbin/co/59425.htm
哈尔滨圣龙亚麻有限公司,http:////www.11467.com/haerbin/co/59494.htm
哈尔滨市鑫鹤纺织厂,http:////www.11467.com/haerbin/co/59438.htm
哈尔滨圣龙亚麻纺织有限公司销售部,http:////www.11467.com/haerbin/co/59470.htm
"harbin Conco Textiles co,.ltd",http:////www.11467.com/haerbin/co/59501.htm
邯郸新维印染有限公司,http:////www.11467.com/handan/co/54080.htm
邯郸新维印染股份有限公司经销公司,http:////www.11467.com/handan/co/54067.htm
汉秀服饰(杭州)有限公司,http:////www.11467.com/hangzhou/co/272880.htm
福华纺织设备责任有限公司,http:////www.11467.com/hangzhou/co/299856.htm
杭州成兴纺织发展有限公司业务部,http:////www.11467.com/hangzhou/co/299683.htm
杭州宏祥纺织有限公司,http:////www.11467.com/hangzhou/co/128562.htm
杭州红帛纺织有限公司,http:////www.11467.com/hangzhou/co/296213.htm
杭州超艺布艺有限公司,http:////www.11467.com/hangzhou/co/300474.htm
杭州盖亚科技有限公司,http:////www.11467.com/hangzhou/co/301645.htm
杭州华意纺织有限公司外贸部,http:////www.11467.com/hangzhou/co/301370.htm
杭州梵雨家纺有限公司,http:////www.11467.com/hangzhou/co/279056.htm
杭州金蟒纺织有限公司,http:////www.11467.com/hangzhou/co/117269.htm
杭州航民美时达印染有限公司（业务部）,http:////www.11467.com/hangzhou/co/273703.htm
杭州富城布业有限公司业务部,http:////www.11467.com/hangzhou/co/301309.htm
大自然控股控股集团,http:////www.11467.com/hangzhou/co/300483.htm
杭州吉亨纺织品有限公司销售部,http:////www.11467.com/hangzhou/co/301177.htm
杭州金晨纺织印花有限公司(业务部),http:////www.11467.com/hangzhou/co/279100.htm
杭州宏顺新型纺织材料有限公司-贸易部,http:////www.11467.com/hangzhou/co/299593.htm
杭州华泽纺织品有限公司,http:////www.11467.com/hangzhou/co/116533.htm
杭州恒和纺织品有限公司,http:////www.11467.com/hangzhou/co/300046.htm
杭州科勒纺织有限公司,http:////www.11467.com/hangzhou/co/300496.htm
杭州盛辉实业有限公司纺织部,http:////www.11467.com/hangzhou/co/300342.htm
杭州宏祥纺织有限公司销售部,http:////www.11467.com/hangzhou/co/300291.htm
杭州崇源纺织有限公司,http:////www.11467.com/hangzhou/co/299729.htm
杭州飞南布艺有限公司,http:////www.11467.com/hangzhou/co/118940.htm
杭州丰利轻纺有限公司,http:////www.11467.com/hangzhou/co/300168.htm
杭州利峰纺织有限公司,http:////www.11467.com/hangzhou/co/300588.htm
杭州蓝海贸易公司,http:////www.11467.com/hangzhou/co/300568.htm
杭州吉亨纺织品有限公司,http:////www.11467.com/hangzhou/co/300408.htm
杭州显韬纺织品有限公司营销部,http:////www.11467.com/hangzhou/co/301622.htm
杭州世摩贸易有限公司,http:////www.11467.com/hangzhou/co/300888.htm
杭州再兴丝绸有限公司,http:////www.11467.com/hangzhou/co/169881.htm
杭州爱立德思贸易有限公司销售部,http:////www.11467.com/hangzhou/co/299605.htm
杭州兴惠纺织有限公司,http:////www.11467.com/hangzhou/co/301802.htm
杭州新启新纺织有限公司,http:////www.11467.com/hangzhou/co/278760.htm
杭州萧山华树纺织有限公司业务部,http:////www.11467.com/hangzhou/co/301701.htm
杭州欧蕾纺织品有限公司,http:////www.11467.com/hangzhou/co/300449.htm
杭州萧山彩路纺织纱线有限公司,http:////www.11467.com/hangzhou/co/124405.htm
杭州龙升纺织有限公司,http:////www.11467.com/hangzhou/co/118366.htm
杭州益农金雾加湿设备厂,http:////www.11467.com/hangzhou/co/300759.htm
杭州振亚纺织有限公司,http:////www.11467.com/hangzhou/co/123194.htm
包头圣龙亚麻纺织有限公司,http:////www.11467.com/shaoxing/co/84639.htm
飞越印染有限公司,http:////www.11467.com/shaoxing/co/84304.htm
开原嘉汇亚麻纺织有限公司绍兴办事处,http:////www.11467.com/shaoxing/co/84061.htm
创新新发纺织印染技术（绍兴）有限公司,http:////www.11467.com/shaoxing/co/85187.htm
华怡家纺有限公司,http:////www.11467.com/shaoxing/co/85447.htm
江办申洲毛料有限公司,http:////www.11467.com/shaoxing/co/85230.htm
程应国（个体经营）,http:////www.11467.com/shaoxing/co/83148.htm
SHAOXING CITY JINXING IMPORT,http:////www.11467.com/shaoxing/co/83457.htm
绍兴聚亨纺织有限公司,http:////www.11467.com/shaoxing/co/85600.htm
绍兴宏晖纺织品有限公司(销售部）,http:////www.11467.com/shaoxing/co/84939.htm
绍兴纯硕针纺织品有限公司,http:////www.11467.com/shaoxing/co/98948.htm
绍兴厚成纺织品有限责任公司,http:////www.11467.com/shaoxing/co/83792.htm
绍兴市泛亞纺织服装有限公司,http:////www.11467.com/shaoxing/co/83132.htm
绍兴欧美亚纺织品有限公司,http:////www.11467.com/shaoxing/co/85362.htm
卯时贸易有限公司,http:////www.11467.com/shaoxing/co/84296.htm
绍兴市嘉润麻棉纺织有限公司广州营销处,http:////www.11467.com/shaoxing/co/83992.htm
绍兴润峰麻棉纺织有限公司业务部,http:////www.11467.com/shaoxing/co/84286.htm
绍兴东日升纺织品有限公司,http:////www.11467.com/shaoxing/co/84725.htm
绍兴飞越印花有限公司8,http:////www.11467.com/shaoxing/co/83646.htm
绍兴红马纺织品有限公司（销售部）,http:////www.11467.com/shaoxing/co/84452.htm
绍兴洪全纺织品有限公司,http:////www.11467.com/shaoxing/co/84456.htm
绍兴市提花织物有限公司(营销部),http:////www.11467.com/shaoxing/co/83600.htm
绍兴市亿宏纺织品有限公司,http:////www.11467.com/shaoxing/co/85312.htm
绍兴市金柯贸易有限公司,http:////www.11467.com/shaoxing/co/84357.htm
绍兴市丽华纺织品有限公司,http:////www.11467.com/shaoxing/co/6573.htm
绍兴润峰麻棉纺织有限公司贸易部,http:////www.11467.com/shaoxing/co/84234.htm
绍兴市顶尚纺织品有限公司,http:////www.11467.com/shaoxing/co/83505.htm
绍兴市兴金轻纺物资贸易有限公司,http:////www.11467.com/shaoxing/co/85203.htm
绍兴圣荣纺织印染有限公司外贸部,http:////www.11467.com/shaoxing/co/85516.htm
绍兴圣多美纺织品有限公司,http:////www.11467.com/shaoxing/co/84819.htm
绍兴市流金织造有限公司,http:////www.11467.com/shaoxing/co/59775.htm
绍兴亚麻纺织有限公司,http:////www.11467.com/shaoxing/co/84907.htm
绍兴福莱斯实业有限公司 业务部,http:////www.11467.com/shaoxing/co/85098.htm
绍兴县永洲纺织品有限公司,http:////www.11467.com/shaoxing/co/83724.htm
绍兴市金汇盛纺织品有限公司,http:////www.11467.com/shaoxing/co/59449.htm
绍兴新发纺织印染有限公司,http:////www.11467.com/shaoxing/co/84668.htm
绍兴新三江印染有限公司,http:////www.11467.com/shaoxing/co/84200.htm
稽山控股有限公司（稽山印染）,http:////www.11467.com/shaoxing/co/83129.htm
绍兴叶氏纺织品有限公司,http:////www.11467.com/shaoxing/co/84072.htm
绍兴市美福纺织有限公司外贸部,http:////www.11467.com/shaoxing/co/84796.htm
绍兴县荣鑫贸易有限公司,http:////www.11467.com/shaoxing/co/55892.htm
绍兴市帛人纺织服饰有限公司贸易部,http:////www.11467.com/shaoxing/co/83974.htm
绍兴县鸿洲纺织品有限公司,http:////www.11467.com/shaoxing/co/85589.htm
浙江江龙纺织印染责任有限公司,http:////www.11467.com/shaoxing/co/83190.htm
浙江冠南针纺染整有限公司,http:////www.11467.com/shaoxing/co/53012.htm
绍兴恒悦麻棉纺织有限公司,http:////www.11467.com/shaoxing/co/84378.htm
绍兴花为媒印染有限公司外贸部,http:////www.11467.com/shaoxing/co/84348.htm
浙江古纤道股份有限公司,http:////www.11467.com/shaoxing/co/53016.htm
常州市常润纺织品有限公司,http:////www.11467.com/shaoxing/co/84849.htm
宏鹏纺织服饰有限公司,http:////www.11467.com/shaoxing/co/84294.htm
浙江越红控股集团有限公司(业务部专用),http:////www.11467.com/shaoxing/co/83681.htm
绍兴联杰贸易有限公司,http:////www.11467.com/shaoxing/co/84493.htm
绍兴市龙臻纺织有限公司,http:////www.11467.com/shaoxing/co/84598.htm
浙江天龙数码印染有限公司烫金印花烂花工厂,http:////www.11467.com/shaoxing/co/83194.htm
浙江怡创印染有限公司外贸部,http:////www.11467.com/shaoxing/co/85315.htm
绍兴万兴布业公司,http:////www.11467.com/shaoxing/co/85058.htm
武汉市兴源纺织有限公司绍兴办事处,http:////www.11467.com/shaoxing/co/84504.htm
绍兴亚汇麻棉纺织品有限公司,http:////www.11467.com/shaoxing/co/85925.htm
绍兴市宇通纺织有限公司,http:////www.11467.com/shaoxing/co/84226.htm
绍兴市维龙国际贸易有限公司-外贸部,http:////www.11467.com/shaoxing/co/83419.htm
绍兴县中纬纺织品有限公司,http:////www.11467.com/shaoxing/co/97977.htm
绍兴县新纪元纺织印染有限公司,http:////www.11467.com/shaoxing/co/11106.htm
绍兴县酷奇纺织品有限公司,http:////www.11467.com/shaoxing/co/84060.htm
绍兴县四化纺织材料有限公司,http:////www.11467.com/shaoxing/co/56207.htm
鑫源特宽幅亚麻纺织品有限公司,http:////www.11467.com/shaoxing/co/84303.htm
绍兴澳林纺织有限公司,http:////www.11467.com/shaoxing/co/44058.htm
绍兴伯龙特宽印染有限公司二部,http:////www.11467.com/shaoxing/co/83298.htm
绍兴县福茂涂层有限公司,http:////www.11467.com/shaoxing/co/42863.htm
浙江欧丽纺织有限公司,http:////www.11467.com/shaoxing/co/83700.htm
浙江绍兴好望纺织有限公司,http:////www.11467.com/shaoxing/co/83196.htm
绍兴县金慧纺织品有限公司,http:////www.11467.com/shaoxing/co/84001.htm
浙江绍兴汉草布业有限公司,http:////www.11467.com/shaoxing/co/83558.htm
绍兴县泰华服饰有限公司,http:////www.11467.com/shaoxing/co/84854.htm
浙江宝马麻棉印染有限公司,http:////www.11467.com/shaoxing/co/83270.htm
浙江麦莎针纺织有限公司,http:////www.11467.com/shaoxing/co/85546.htm
浙江绍兴澳意昵绒有限公司,http:////www.11467.com/shaoxing/co/85603.htm
中国轻纺城绍兴县威远纺织有限公司,http:////www.11467.com/shaoxing/co/84840.htm
浙江恒鑫纺织印染有限公司(绍兴办),http:////www.11467.com/shaoxing/co/83836.htm
绍兴县富盛织布厂,http:////www.11467.com/shaoxing/co/11467.htm
绍兴县岳昌纺织品有限公司,http:////www.11467.com/shaoxing/co/76822.htm
绍兴中欣纺织品有限公司,http:////www.11467.com/shaoxing/co/84968.htm
绍兴县鸿远贸易有限公司,http:////www.11467.com/shaoxing/co/66967.htm
绍兴市中奥纺织品有限公司,http:////www.11467.com/shaoxing/co/83595.htm
绍兴伯龙特宽印染有限公司。外贸部,http:////www.11467.com/shaoxing/co/83297.htm
绍兴帛人纺织服饰有限公司二部,http:////www.11467.com/shaoxing/co/84235.htm
绍兴兴禾纺织品有限公司,http:////www.11467.com/shaoxing/co/84395.htm
绍兴宝马印染化工技术开发有限公司-外贸三部,http:////www.11467.com/shaoxing/co/84614.htm
绍兴县莲枝纺织有限公司,http:////www.11467.com/shaoxing/co/120293.htm
绍兴县晨鹰纺织品有限公司,http:////www.11467.com/shaoxing/co/83378.htm
圣峰纺织有限公司,http:////www.11467.com/shaoxing/co/84884.htm
浙江天和纺织印染有限公司(外贸总部),http:////www.11467.com/shaoxing/co/84801.htm
浙江易真金纺织有限公司,http:////www.11467.com/shaoxing/co/83873.htm
绍兴天艺百格纺织有限公司,http:////www.11467.com/shaoxing/co/84674.htm
绍兴鑫龙麻棉纺织有限公司业务部,http:////www.11467.com/shaoxing/co/85601.htm
绍兴华友纺织品有限公司,http:////www.11467.com/shaoxing/co/85555.htm
绍兴市远洋制衣有限公司销售部,http:////www.11467.com/shaoxing/co/84209.htm
绍兴县明翔纺织贸易有限公司（外贸部）,http:////www.11467.com/shaoxing/co/83796.htm
浙江越亚集团.绍兴飞亚印染有限公司,http:////www.11467.com/shaoxing/co/84112.htm
绍兴市永良针织厂,http:////www.11467.com/shaoxing/co/7415.htm
绍兴万骏针织服饰有限公司,http:////www.11467.com/shaoxing/co/85082.htm
绍兴市广林纺织品有限公司业务部,http:////www.11467.com/shaoxing/co/83699.htm
诸暨市花蝴蝶纺织有限公司,http:////www.11467.com/shaoxing/co/120431.htm
浙江绍兴达亿染整有限公司,http:////www.11467.com/shaoxing/co/53557.htm
绍兴市景生贸易有限公司,http:////www.11467.com/shaoxing/co/59556.htm
绍兴县立桐布业有限公司,http:////www.11467.com/shaoxing/co/86837.htm
浙江绍兴盈丰纺织制衣有限公司,http:////www.11467.com/shaoxing/co/14131.htm
中国绍兴华伟布业公司,http:////www.11467.com/shaoxing/co/83272.htm
宜兴市智能麻棉纺织品有限公司,http:////www.11467.com/shaoxing/co/83997.htm
台湾宏鹏纺织有限公司,http:////www.11467.com/shaoxing/co/83586.htm
绍兴县恒运贸易有限公司,http:////www.11467.com/shaoxing/co/83756.htm
祝金（个体经营）,http:////www.11467.com/shaoxing/co/85514.htm
浙江维多国际贸易有限公司,http:////www.11467.com/shaoxing/co/84983.htm
浙江稽山印染厂,http:////www.11467.com/shaoxing/co/11342.htm
浙江百纳纺织,http:////www.11467.com/shaoxing/co/83350.htm
绍兴联旺纺织有限公司,http:////www.11467.com/shaoxing/co/84787.htm
杭州盛业麻棉纺织有限公司,http:////www.11467.com/shaoxing/co/85595.htm
金慧纺织品有限公司,http:////www.11467.com/shaoxing/co/83905.htm
紹興宝马麻棉印染技术开发有限公司,http:////www.11467.com/shaoxing/co/84137.htm
盛兴企业东盛印染厂,http:////www.11467.com/shaoxing/co/84637.htm
绍兴市一佳纺织品有限公司销售部,http:////www.11467.com/shaoxing/co/83127.htm
绍兴市奕翔纺织品有限公司,http:////www.11467.com/shaoxing/co/85950.htm
绍兴市毅川纺织品限公司,http:////www.11467.com/shaoxing/co/85316.htm
绍兴富立纺织有限公司,http:////www.11467.com/shaoxing/co/85234.htm
绍兴强心纺织品有限公司,http:////www.11467.com/shaoxing/co/84727.htm
绍兴金钥匙纺织品有限公司业务部,http:////www.11467.com/shaoxing/co/84070.htm
绍兴同升纺织品有限公司,http:////www.11467.com/shaoxing/co/83863.htm
绍兴市秋思纺织服饰有限公司,http:////www.11467.com/shaoxing/co/84423.htm
绍兴县华拓贸易有限公司,http:////www.11467.com/shaoxing/co/84855.htm
绍兴市力臣纺织品有限公司,http:////www.11467.com/shaoxing/co/83866.htm
绍兴市天工纺织品有限公司,http:////www.11467.com/shaoxing/co/111549.htm
绍兴市亚友纺织有限公司,http:////www.11467.com/shaoxing/co/61113.htm
绍兴县展润纺织品有限公司,http:////www.11467.com/shaoxing/co/85945.htm
绍兴昌泰纺织品有限公司,http:////www.11467.com/shaoxing/co/85184.htm
绍兴市隆安纺织品有限公司,http:////www.11467.com/shaoxing/co/42957.htm
绍兴县渝绣坊纺织品有限公司（销售部）,http:////www.11467.com/shaoxing/co/84287.htm
绍兴市泛亞纺织服装有限公司,http:////www.11467.com/shaoxing/co/83133.htm
绍兴市丰鑫纺织品有限公司,http:////www.11467.com/shaoxing/co/991.htm
浙江水大布业有限公司外贸一部,http:////www.11467.com/shaoxing/co/84587.htm
绍兴骏丽轻纺有限公司,http:////www.11467.com/shaoxing/co/83166.htm
绍兴县喜相逢纺织有限公司,http:////www.11467.com/shaoxing/co/84556.htm
翔锋纺织品有限公司营销部,http:////www.11467.com/shaoxing/co/85156.htm
浙江伟丰织造印染有限公司（外贸陆部）,http:////www.11467.com/shaoxing/co/84691.htm
舜杰纺织贸易有限公司,http:////www.11467.com/shaoxing/co/83119.htm
沈阳信达制带有限公司,http:////www.11467.com/shenyang/co/77517.htm
沈阳森顺制带有限公司,http:////www.11467.com/shenyang/co/81114.htm
深圳俊淑坊服饰公司,http:////www.11467.com/shenyang/co/77486.htm
长江产品有限公司,http:////www.11467.com/shenzhen/co/702183.htm
华鸿皮带制品厂,http:////www.11467.com/shenzhen/co/700775.htm
成达布行（个体经营）,http:////www.11467.com/shenzhen/co/701171.htm
达标企业有限公司,http:////www.11467.com/shenzhen/co/700368.htm
郑州凤仙布业商行,http:////www.11467.com/zhengzhou/co/141709.htm
超源针织厂有限公司,http:////www.11467.com/zhongshan/co/114384.htm
JP紡織公司,http:////www.11467.com/zhongshan/co/114116.htm
中山佳骏漂染厂,http:////www.11467.com/zhongshan/co/114066.htm
格格坞服装公司,http:////www.11467.com/zhongshan/co/114487.htm
江阴红星纺织集团广东公司,http:////www.11467.com/zhongshan/co/114060.htm
中山市汇鑫纺织服饰有限公司 (服饰公司),http:////www.11467.com/zhongshan/co/114081.htm
中山市三亿纺织有限公司-经营部,http:////www.11467.com/zhongshan/co/114242.htm
捷成布行有限公司,http:////www.11467.com/zhongshan/co/114437.htm
骏煌布业公司,http:////www.11467.com/zhongshan/co/114007.htm
中山市鑫美达纺织有限公司销售部,http:////www.11467.com/zhongshan/co/114378.htm
中山市银桥纺织有限公司,http:////www.11467.com/zhongshan/co/114367.htm
精益纺织有限公司,http:////www.11467.com/zhongshan/co/114108.htm
中山佳骏漂染厂有限公司业务部,http:////www.11467.com/zhongshan/co/114117.htm
库存布料回收公司,http:////www.11467.com/zhuhai/co/87208.htm
湖南株洲南亚纺织印染有限公司,http:////www.11467.com/zhuzhou/co/36994.htm
株州丰裕纺织品有限公司,http:////www.11467.com/zhuzhou/co/36996.htm
周村鑫亮丝绸厂,http:////www.11467.com/zibo/co/89925.htm
淄博洪宝贸易有限公司,http:////www.11467.com/zibo/co/89708.htm
淄博华骏纺织有限公司,http:////www.11467.com/zibo/co/68105.htm
淄博鸿瑞达色织有限公司,http:////www.11467.com/zibo/co/60263.htm
淄博英奥经贸有限公司,http:////www.11467.com/zibo/co/89705.htm
南翔纺织有限公司,http:////www.11467.com/zibo/co/89767.htm
杜学雷（个体经营）,http:////www.11467.com/zibo/co/89902.htm
淄博英奥经贸有限公司,http:////www.11467.com/zibo/co/89704.htm
Duwin International Co.Ltd,http:////www.11467.com/beijing/co/138201.htm
北京东兴凯源纺织品有限公司(北京办事处),http:////www.11467.com/beijing/co/138029.htm
北京麻世纪麻业科技发展有限公司/易贸二部,http:////www.11467.com/beijing/co/327680.htm
北京麻世纪麻业科技发展有限公司贸易四部,http:////www.11467.com/beijing/co/327828.htm
北京华夏风尚商贸有限公司,http:////www.11467.com/beijing/co/138076.htm
北京丝柔怡然软装有限公司,http:////www.11467.com/beijing/co/31818.htm
德丰祥(北京)纺织服装有限公司,http:////www.11467.com/beijing/co/327654.htm
林 文（个体经营）,http:////www.11467.com/beijing/co/138106.htm
烟台民生印花艺品有限公司,http:////www.11467.com/beijing/co/180868.htm
上海创成社纺织有限公司业务部,http:////www.11467.com/shanghai/co/947564.htm
上海德顺皮塑制品有限公司,http:////www.11467.com/shanghai/co/129408.htm
上海百申纺织品有限公司行销部,http:////www.11467.com/shanghai/co/52078.htm
上海柏达麻棉纺织有限公司(业务）,http:////www.11467.com/shanghai/co/689403.htm
安徽安庆兆丰印染有限公司,http:////www.11467.com/anqing/co/27152.htm
张日新（个体经营）,http:////www.11467.com/anshan/co/74489.htm
李淼(个体经营),http:////www.11467.com/anyang/co/31567.htm
安阳市北关区印染厂,http:////www.11467.com/anyang/co/9823.htm
鑫源麻布厂,http:////www.11467.com/baoding/co/62605.htm
蚌埠三晶纺织印染有限公司,http:////www.11467.com/bengbu/co/29618.htm
滨州三元家纺有限公司经营二部,http:////www.11467.com/binzhou/co/23746.htm
山东魏桥漂染有限公司经营部,http:////www.11467.com/binzhou/co/23613.htm
上海华夏丝绸服饰领带有限公司（业务部）,http:////www.11467.com/shanghai/co/378755.htm
绿盛纺织品有限公司上海办事处,http:////www.11467.com/shanghai/co/251715.htm
上海多利羊毛料行,http:////www.11467.com/shanghai/co/535640.htm
上海面料馆咨询服务有限公司,http:////www.11467.com/shanghai/co/896412.htm
上海浅夏针纺织品有限公司,http:////www.11467.com/shanghai/co/896372.htm
上海西亚布业有限公司,http:////www.11467.com/shanghai/co/535621.htm
上海协丰纺织品有限公司,http:////www.11467.com/shanghai/co/896394.htm
骆张生(个体经营),http:////www.11467.com/shanghai/co/746549.htm
上海晴纺贸易有限公司,http:////www.11467.com/shanghai/co/689616.htm
上海世陆纺织服装有限公司,http:////www.11467.com/shanghai/co/663020.htm
尼傲箱包有限公司,http:////www.11467.com/shanghai/co/810406.htm
上海塑德纺织品有限公司,http:////www.11467.com/shanghai/co/535448.htm
上海升旺纺织品有限公司,http:////www.11467.com/shanghai/co/271825.htm
上海阳辉服饰有限公司业务部,http:////www.11467.com/shanghai/co/810433.htm
新申集团上海办事处,http:////www.11467.com/shanghai/co/90062.htm
亚源印染有限公司,http:////www.11467.com/shanghai/co/535742.htm
上海新申绿织造有限公司(坯布),http:////www.11467.com/shanghai/co/896302.htm
上海豫洛源贸易公司,http:////www.11467.com/shanghai/co/689500.htm
威肯亚纺织品国际贸易（上海）有限公司,http:////www.11467.com/shanghai/co/689686.htm
无锡泓健纺织有限公司上海办事处,http:////www.11467.com/shanghai/co/535509.htm
无锡海江印染有限公司上海办事处,http:////www.11467.com/shanghai/co/378762.htm
双泰外贸公司,http:////www.11467.com/shanghai/co/689527.htm
上海萍健毛麻纺织有限公司,http:////www.11467.com/shanghai/co/853122.htm
上海谊众机械制造有限公司（分部）,http:////www.11467.com/shanghai/co/689439.htm
上海振杏贸易有限公司,http:////www.11467.com/shanghai/co/535756.htm
吴江市震泽汇源绢纺有限公司,http:////www.11467.com/shanghai/co/90317.htm
天津市长裕纺织有限公司,http:////www.11467.com/tianjin/co/5054.htm
天津华润万通麻制品有限公司,http:////www.11467.com/tianjin/co/196327.htm
重庆博纳纺织有限公司市场部,http:////www.11467.com/chongqing/co/100497.htm
重庆晖晖实业有限公司,http:////www.11467.com/chongqing/co/62659.htm
重庆浓来金科技有限公司,http:////www.11467.com/chongqing/co/54866.htm
重庆市涪陵金帝麻业股份有限公司,http:////www.11467.com/chongqing/co/34658.htm
深圳市艺兴源装饰材料有限公司,http:////www.11467.com/shenzhen/co/864415.htm
天津唯特优纺织品贸易有限公司,http:////www.11467.com/tianjin/co/304202.htm
绍兴县雄祥纺织品有限公司,http:////www.11467.com/shaoxing/co/131197.htm
桐乡市双绮纺织品有限公司,http:////www.11467.com/jiaxing/co/138852.htm
东莞市鑫超纺织品有限公司,http:////www.11467.com/dongguan/co/594889.htm
上海凯荣纺织有限公司,http:////www.11467.com/shnanhui/co/6771.htm
上海南汇伊磐图文服务社,http:////www.11467.com/shnanhui/co/37740.htm
哈尔滨市香坊区盛杰亚麻专卖店,http:////www.11467.com/haerbin/co/74920.htm
绍兴市侨森纺织品有限公司,http:////www.11467.com/shaoxing/co/165873.htm
河北金甡源麻制品有限公司,http:////www.11467.com/qiye/26639939.htm
山东滨州泰和印染有限公司,http:////www.11467.com/binzhou/co/2088.htm
滨州金贝纺织有限公司,http:////www.11467.com/binzhou/co/23632.htm
常德金丰贸易有限公司,http:////www.11467.com/changde/co/32612.htm
胡兰云（个体经营）,http:////www.11467.com/changsha/co/100352.htm
常州帝豪纺织染整有限公司,http:////www.11467.com/changzhou/co/76433.htm
常州基誉纺织有限公司,http:////www.11467.com/changzhou/co/125635.htm
常州市常盛/达盛纺织品有限公司,http:////www.11467.com/changzhou/co/124706.htm
常州南洲汇丰纺织有限公司,http:////www.11467.com/changzhou/co/124630.htm
常州名暄(大成)纺织品有限公司,http:////www.11467.com/changzhou/co/125104.htm
常州梁氏面料修整服务公司,http:////www.11467.com/changzhou/co/125118.htm
常州东来染织有限公司,http:////www.11467.com/changzhou/co/76514.htm
常州冀唐商贸有限公司业务部,http:////www.11467.com/changzhou/co/125593.htm
常州市天茂纺织品有限公司,http:////www.11467.com/changzhou/co/124497.htm
常州市大唐纺织品有限公司,http:////www.11467.com/changzhou/co/10414.htm
常州华滋布厂,http:////www.11467.com/changzhou/co/30669.htm
常州江南春光纺织有限公司,http:////www.11467.com/changzhou/co/77825.htm
常州杰可纺织品有限公司,http:////www.11467.com/changzhou/co/125260.htm
常州奥吉纺织有限公司(贸),http:////www.11467.com/changzhou/co/125620.htm
常州EIS服饰公司,http:////www.11467.com/changzhou/co/125697.htm
常州奥莱纺织有限公司,http:////www.11467.com/changzhou/co/52852.htm
常州市立盟纺织品有限公司,http:////www.11467.com/changzhou/co/54620.htm
江苏省常州高旭商贸有限公司,http:////www.11467.com/changzhou/co/124979.htm
常州程远纺织品有限公司,http:////www.11467.com/changzhou/co/124495.htm
常州市双乐纺织品有限公司,http:////www.11467.com/changzhou/co/125144.htm
常州海若纺织有限公司,http:////www.11467.com/changzhou/co/124868.htm
常州和润纺织有限公司（提花）,http:////www.11467.com/changzhou/co/125551.htm
常州高尔登印染有限公司,http:////www.11467.com/changzhou/co/125329.htm
常州华澜纺织品有限公司,http:////www.11467.com/changzhou/co/5172.htm
常州市汉光麻纺织有限公司,http:////www.11467.com/changzhou/co/6109.htm
常州市佳润纺织品有限公司,http:////www.11467.com/changzhou/co/5545.htm
常州市荣发纺织品有限公司,http:////www.11467.com/changzhou/co/20174.htm
江苏国裕纺织有限公司,http:////www.11467.com/changzhou/co/125540.htm
常州裕磊纺织有限公司,http:////www.11467.com/changzhou/co/125459.htm
常州旦英纺织有限公司,http:////www.11467.com/changzhou/co/125637.htm
常州市俊豪纺织品有限公司,http:////www.11467.com/changzhou/co/6038.htm
常州成安纺织印染有限公司,http:////www.11467.com/changzhou/co/124439.htm
常州世通纺织有限公司,http:////www.11467.com/changzhou/co/125405.htm
常州广恒纺织印染有限公司,http:////www.11467.com/changzhou/co/125588.htm
常州友联纺织品有限公司,http:////www.11467.com/changzhou/co/124686.htm
常州市武进新中布厂有限公司,http:////www.11467.com/changzhou/co/124669.htm
常州市华丰布业有限公司,http:////www.11467.com/changzhou/co/125687.htm
常州市振汇织造有限公司,http:////www.11467.com/changzhou/co/124692.htm
常州市科纺印染有限公司(国贸部),http:////www.11467.com/changzhou/co/125356.htm
江苏常州市武进区顺鑫亚麻公司,http:////www.11467.com/changzhou/co/125134.htm
常州英达纺织有限公司销售部,http:////www.11467.com/changzhou/co/124889.htm
常州市恒信昌纺织品有限公司,http:////www.11467.com/changzhou/co/19949.htm
常州天协商贸有限公司,http:////www.11467.com/changzhou/co/85679.htm
常州天鹰纺织有限公司,http:////www.11467.com/changzhou/co/125630.htm
江苏省长帆集团有限公司,http:////www.11467.com/changzhou/co/124451.htm
常州市再萌物资有限公司,http:////www.11467.com/changzhou/co/58050.htm
邓丽仪（个体经营）,http:////www.11467.com/guangzhou/co/407344.htm
广东省广州雷宇纺织有限公司,http:////www.11467.com/guangzhou/co/409483.htm
东华纺织有限公司,http:////www.11467.com/guangzhou/co/406909.htm
广州东升布业经营部,http:////www.11467.com/guangzhou/co/407329.htm
广裕纺织贸易公司,http:////www.11467.com/guangzhou/co/409075.htm
富尔雅纺织品有限公司,http:////www.11467.com/guangzhou/co/407478.htm
广州丰亿布行,http:////www.11467.com/guangzhou/co/408033.htm
广州凌云布行,http:////www.11467.com/guangzhou/co/409443.htm
富源贸易有限公司,http:////www.11467.com/guangzhou/co/408486.htm
广州市长兴纺织有限公司,http:////www.11467.com/guangzhou/co/407127.htm
广州健特纺织有限公司,http:////www.11467.com/guangzhou/co/408094.htm
广州华源兴业纺织有限公司,http:////www.11467.com/guangzhou/co/408905.htm
奔裕纺织有限公司,http:////www.11467.com/guangzhou/co/407064.htm
德生洋行广州办事处,http:////www.11467.com/guangzhou/co/408934.htm
广州华艺纺织贸易有限公司,http:////www.11467.com/guangzhou/co/407213.htm
广州市花都长城织造有限公司,http:////www.11467.com/guangzhou/co/409714.htm
广州长兴纺织有限公司,http:////www.11467.com/guangzhou/co/408202.htm
广州市丰凯纺织品有限公司,http:////www.11467.com/guangzhou/co/399957.htm
广州晶辉光电有限公司,http:////www.11467.com/guangzhou/co/363012.htm
广州美沙振威展览有限公司纺织展招商部,http:////www.11467.com/guangzhou/co/407405.htm
广州圣鑫纺织品有限公司,http:////www.11467.com/guangzhou/co/407688.htm
广州第一染织厂(国有),http:////www.11467.com/guangzhou/co/407679.htm
广州市华美纺织集团有限公司,http:////www.11467.com/guangzhou/co/407909.htm
广州市昊义纺织有限公司,http:////www.11467.com/guangzhou/co/61764.htm
成丰纺织有限公司,http:////www.11467.com/guangzhou/co/407193.htm
广州全锦纺织品有限公司,http:////www.11467.com/guangzhou/co/406992.htm
广州瑞信纺织皮革有限公司,http:////www.11467.com/guangzhou/co/407621.htm
广州明君布业有限公司,http:////www.11467.com/guangzhou/co/407749.htm
广州每鸟纺织品有限公司,http:////www.11467.com/guangzhou/co/407260.htm
广州晨丰纺织有限公司,http:////www.11467.com/guangzhou/co/407017.htm
广州金桥纺织品有限公司,http:////www.11467.com/guangzhou/co/408585.htm
广州市鸿森皇毛绒有限公司,http:////www.11467.com/guangzhou/co/407920.htm
广州市投缘皮具有限公司,http:////www.11467.com/guangzhou/co/407222.htm
广州市祺瑞布庄,http:////www.11467.com/guangzhou/co/407263.htm
广州市花都区狮岭利兴布行,http:////www.11467.com/guangzhou/co/409746.htm
广州市新联泰修布厂,http:////www.11467.com/guangzhou/co/407648.htm
广州市鑫昌纺织品有限公司外贸销售部,http:////www.11467.com/guangzhou/co/407785.htm
广州市鑫昌纺织品有限公司（染整二部）,http:////www.11467.com/guangzhou/co/409565.htm
广州衣源纺织有限公司,http:////www.11467.com/guangzhou/co/408047.htm
广州市忠信纺贸易有限公司(业务部),http:////www.11467.com/guangzhou/co/409415.htm
广州亿嘉纺织印染公司,http:////www.11467.com/guangzhou/co/409384.htm
广州天天发布业,http:////www.11467.com/guangzhou/co/409002.htm
杰龙皮具有限公司,http:////www.11467.com/guangzhou/co/408140.htm
广州市越秀区时安达布料店,http:////www.11467.com/guangzhou/co/409813.htm
力健贸易有限公司,http:////www.11467.com/guangzhou/co/408049.htm
鸿源大麻纺织有限公司,http:////www.11467.com/guangzhou/co/407670.htm
豪企鞋材公司,http:////www.11467.com/guangzhou/co/407431.htm
广州亚域布业,http:////www.11467.com/guangzhou/co/407798.htm
广州中麻纺织品有限公司,http:////www.11467.com/guangzhou/co/178903.htm
邵惠强(个体经营),http:////www.11467.com/guangzhou/co/408007.htm
大自然控股集团 杭州纺织品贸易有限公司,http:////www.11467.com/hangzhou/co/299649.htm
杭州络特纺织有限公司,http:////www.11467.com/hangzhou/co/216784.htm
依诺纺织有限公司,http:////www.11467.com/hangzhou/co/300112.htm
杭州市余杭德力箱包布织造有限公司,http:////www.11467.com/hangzhou/co/300937.htm
杭州悦来纺织有限公司业务部,http:////www.11467.com/hangzhou/co/301463.htm
杭州誉华纺织品有限公司（业务）,http:////www.11467.com/hangzhou/co/300565.htm
杭州悦庆纺织品有限公司,http:////www.11467.com/hangzhou/co/299743.htm
杭州市西湖区好日子布艺商行,http:////www.11467.com/hangzhou/co/300082.htm
绍兴县东启纺织品有限公司,http:////www.11467.com/hangzhou/co/299675.htm
绍兴亮贝纺织绣品有限公司,http:////www.11467.com/hangzhou/co/300371.htm
绍兴凯越进出品公司,http:////www.11467.com/hangzhou/co/301067.htm
绍兴县华波纺织有限公司（贸易部）,http:////www.11467.com/hangzhou/co/301437.htm
酒店配套用品公司,http:////www.11467.com/hangzhou/co/300210.htm
浙江杭州宏祥纺织有限公司,http:////www.11467.com/hangzhou/co/299867.htm
浙江纺织品贸易服务有限公司,http:////www.11467.com/hangzhou/co/300840.htm
浙江华隆丝绸有限公司,http:////www.11467.com/hangzhou/co/299996.htm
浙江富丽达纺织有限公司（米罗利奥）,http:////www.11467.com/hangzhou/co/300166.htm
杭州润逸纺织品有限公司,http:////www.11467.com/hangzhou/co/299971.htm
安徽盛洁智能科技有限公司销售部,http:////www.11467.com/hefei/co/101336.htm
合肥市万润纺织有限公司,http:////www.11467.com/hefei/co/101346.htm
安徽歌泰商贸有限公司,http:////www.11467.com/hefei/co/43947.htm
王丽军（个体经营）,http:////www.11467.com/hengyang/co/27926.htm
菏泽金牛帆布织造厂,http:////www.11467.com/heze/co/22798.htm
菏泽金牛帆布织造厂,http:////www.11467.com/heze/co/22797.htm
江苏淮安蓝星染织有限公司,http:////www.11467.com/huaian/co/40497.htm
淮安蓝星染织有限公司(采购部）,http:////www.11467.com/huaian/co/40496.htm
淮安市蓝星纺织品有限公司,http:////www.11467.com/huaian/co/40472.htm
淮安市迎春纺织品经营部,http:////www.11467.com/huaian/co/40494.htm
惠州锦绣布料市场艺杰布行,http:////www.11467.com/huizhou/co/80173.htm
辉富布行有限公司,http:////www.11467.com/huizhou/co/80067.htm
辉富布行有限公司,http:////www.11467.com/huizhou/co/80068.htm
湖州鑫阳纺织品有限公司,http:////www.11467.com/huzhou/co/27791.htm
湖州和盛染整有限公司 采购部,http:////www.11467.com/huzhou/co/54572.htm
湖州市江南纺织有限公司,http:////www.11467.com/huzhou/co/54331.htm
湖州联发贸易有限公司,http:////www.11467.com/huzhou/co/34741.htm
明顺开棉厂,http:////www.11467.com/huzhou/co/54571.htm
湖州领域纺织品有限公司,http:////www.11467.com/huzhou/co/54500.htm
湖州星源纺织品有限公司,http:////www.11467.com/huzhou/co/54410.htm
浙江湖州恒力源制丝有限公司,http:////www.11467.com/huzhou/co/54520.htm
三轮国际有限公司驻湖州办事处,http:////www.11467.com/huzhou/co/54373.htm
湖州大港创想纺织品有限公司销售部,http:////www.11467.com/huzhou/co/54588.htm
伟业化工(湖州)有限公司,http:////www.11467.com/huzhou/co/54006.htm
浙江湖州大港纺织印染集团有限公司,http:////www.11467.com/huzhou/co/44795.htm
浙江元昌漂染有限公司.,http:////www.11467.com/huzhou/co/54003.htm
浙江元昌漂染有限公司.,http:////www.11467.com/huzhou/co/54004.htm
湖州新泰纺织有限公司 销售3部,http:////www.11467.com/huzhou/co/54708.htm
湖州吉利雅纺织品有限公司,http:////www.11467.com/huzhou/co/7213.htm
江门市蓬江区誉诚服装布业有限公司,http:////www.11467.com/jiangmen/co/70009.htm
广东省江门市宗宝纺织厂,http:////www.11467.com/jiangmen/co/100965.htm
嘉兴发扬喷织有限公司,http:////www.11467.com/jiaxing/co/91194.htm
南京苏豪针织服饰有限公司,http:////www.11467.com/nanjing/co/108014.htm
南京风舞织造公司,http:////www.11467.com/nanjing/co/107835.htm
旭源贸易公司,http:////www.11467.com/nanjing/co/107872.htm
江苏省纺织原料物资有限公司南京创奇公司,http:////www.11467.com/nanjing/co/107842.htm
旭源贸易公司,http:////www.11467.com/nanjing/co/107873.htm
南京金海布业有限公司,http:////www.11467.com/nanjing/co/25670.htm
李小清（个体）,http:////www.11467.com/nanning/co/76251.htm
金孔雀布店,http:////www.11467.com/nanning/co/76242.htm
南通博祥纺织品有限公司,http:////www.11467.com/nantong/co/111679.htm
南通芳华纺织织造有限公司,http:////www.11467.com/nantong/co/6623.htm
南通禾顺纺织品有限公司,http:////www.11467.com/nantong/co/112029.htm
南通桐盛纺织服装有限公司业务部,http:////www.11467.com/nantong/co/112230.htm
南通海尔纺织有限公司营销部,http:////www.11467.com/nantong/co/112027.htm
芳华纺织品（南通)有限公司,http:////www.11467.com/nantong/co/111864.htm
江苏南通佳婕纺织有限公司,http:////www.11467.com/nantong/co/111871.htm
江苏南通奥丰纺织公司,http:////www.11467.com/nantong/co/111997.htm
南通慕桑纺织品有限公司,http:////www.11467.com/nantong/co/111973.htm
南通文利纺织有限公司,http:////www.11467.com/nantong/co/112262.htm
江苏南通苏盛印染有限公司,http:////www.11467.com/nantong/co/112193.htm
南通开发区鸿泰纺织有限公司,http:////www.11467.com/nantong/co/75661.htm
绍兴明豪纺织品有限公司,http:////www.11467.com/ningbo/co/138558.htm
宁波市江东易锦纺织品有限公司,http:////www.11467.com/ningbo/co/115187.htm
宁波江东华懋展览服务有限公司(纺织展览部),http:////www.11467.com/ningbo/co/138609.htm
桐乡市卓诚针织有限公司宁波分公司,http:////www.11467.com/ningbo/co/139009.htm
福建莆田南埕麻织厂,http:////www.11467.com/putian/co/33921.htm
青岛中和纺织品有限公司,http:////www.11467.com/qingdao/co/119034.htm
青岛纵横纺织品有限责任公司外贸二部,http:////www.11467.com/qingdao/co/118825.htm
青岛中纺新物资有限公司面料部,http:////www.11467.com/qingdao/co/119206.htm
开平奔达纺织有限公司,http:////www.11467.com/qingdao/co/119103.htm
香港卧隆集团有限公司青岛代表处,http:////www.11467.com/qingdao/co/119284.htm
青岛雷泰科原材料有限公司,http:////www.11467.com/qingdao/co/119183.htm
青岛欧瑞祥纺织有限公司,http:////www.11467.com/qingdao/co/119107.htm
莱阳维恩家纺有限公司,http:////www.11467.com/qingdao/co/119325.htm
卓力兄弟贸易(青岛)有限公司,http:////www.11467.com/qingdao/co/118989.htm
青岛伟航贸易有限公司,http:////www.11467.com/qingdao/co/118904.htm
盐城市绘宁纺织品有限公司,http:////www.11467.com/qingyang/co/12053.htm
秦皇岛海燕麻袋经销处,http:////www.11467.com/qinhuangdao/co/38206.htm
石狮鸿新针织有限公司,http:////www.11467.com/quanzhou/co/84702.htm
叶云良（个体经营）,http:////www.11467.com/quzhou/co/21371.htm
日照嘉华纺织有限公司,http:////www.11467.com/rizhao/co/16107.htm
日照金田纺织有限公司,http:////www.11467.com/rizhao/co/16125.htm
东利地毯材料有限公司,http:////www.11467.com/rizhao/co/16111.htm
广东金荣华实业有限公司,http:////www.11467.com/shantou/co/142965.htm
汕头市八彩布行,http:////www.11467.com/shantou/co/142892.htm
荣利兴纺织贸易有限公司,http:////www.11467.com/shantou/co/142642.htm
汕头市永成隆有限公司,http:////www.11467.com/shantou/co/65601.htm
"fabric co.,ltd",http:////www.11467.com/shantou/co/142694.htm
百花苑布业有限公司,http:////www.11467.com/shaoxing/co/84247.htm
金柏纺织有限公司,http:////www.11467.com/shaoxing/co/84154.htm
长松贸易公司,http:////www.11467.com/shaoxing/co/83817.htm
立新印染有限公司麻棉厂,http:////www.11467.com/shaoxing/co/85221.htm
布莱特（浙江）纺织品贸易公司,http:////www.11467.com/shaoxing/co/83303.htm
绍兴水大布业有限公司,http:////www.11467.com/shaoxing/co/84222.htm
恒力集团绍兴分公司,http:////www.11467.com/shaoxing/co/84025.htm
利竹纺织品有限公司,http:////www.11467.com/shaoxing/co/85143.htm
佳木斯三和亚麻纺织有限公司,http:////www.11467.com/shaoxing/co/85425.htm
南通震南伊士过纺织有限公司,http:////www.11467.com/shaoxing/co/85458.htm
江苏.江阴惠盈纺织有限公司,http:////www.11467.com/shaoxing/co/83825.htm
阿秀克贸易公司绍兴代表处,http:////www.11467.com/shaoxing/co/58338.htm
弘丰贸易有限公司,http:////www.11467.com/shaoxing/co/83329.htm
黔诚纺织品有限公司,http:////www.11467.com/shaoxing/co/84688.htm
绍兴高帝进出口有限公司,http:////www.11467.com/shaoxing/co/116256.htm
杭州三江印染有限公司,http:////www.11467.com/shaoxing/co/85504.htm
军晖实业印花有限公司,http:////www.11467.com/shaoxing/co/83814.htm
诚阳纺织公司,http:////www.11467.com/shaoxing/co/84484.htm
绍兴市尔承纺织品有限公司,http:////www.11467.com/shaoxing/co/85711.htm
绍兴大众棉麻采供中心/宝纺印染厂,http:////www.11467.com/shaoxing/co/85196.htm
绍兴飞亚印染有限公司（厂部）,http:////www.11467.com/shaoxing/co/83592.htm
绍兴飞越印花有限公司外贸部,http:////www.11467.com/shaoxing/co/83594.htm
绍兴宏通纺织有限公司,http:////www.11467.com/shaoxing/co/85483.htm
浙江葆利轻纺有限公司,http:////www.11467.com/shaoxing/co/84381.htm
浙江华夏纺织塑胶有限公司(三江路),http:////www.11467.com/shaoxing/co/83640.htm
浙江稽山印染有限公司(外贸),http:////www.11467.com/shaoxing/co/83529.htm
绍兴市耀美纺织品有限公司外贸部,http:////www.11467.com/shaoxing/co/84908.htm
浙江稽山印染有限公司 外贸部,http:////www.11467.com/shaoxing/co/83996.htm
浙江绍兴宇通纺织有限公司,http:////www.11467.com/shaoxing/co/85101.htm
严世军（个体经营）,http:////www.11467.com/shaoxing/co/85057.htm
浙江江龙纺织印染有限公司销售部,http:////www.11467.com/shaoxing/co/85208.htm
绍兴新三江印染有限公司销售部,http:////www.11467.com/shaoxing/co/84201.htm
欣怡贸易有限公司,http:////www.11467.com/shaoxing/co/84416.htm
浙江天龙数码印染有限公司,http:////www.11467.com/shaoxing/co/11375.htm
浙江五洋印染有限公司.,http:////www.11467.com/shaoxing/co/85236.htm
绍兴市嘉利隆纺织品有限公司,http:////www.11467.com/shaoxing/co/59395.htm
绍兴市力盾纺织服饰有限公司,http:////www.11467.com/shaoxing/co/85297.htm
浙江稽山印染有限公司(广州办),http:////www.11467.com/shaoxing/co/85543.htm
浙江省绍兴市滨海工业区新发纺织印染有限公司,http:////www.11467.com/shaoxing/co/83757.htm
绍兴市萱诺纺织品有限公司,http:////www.11467.com/shaoxing/co/122114.htm
维龙国际贸易有限公司国际贸易部,http:////www.11467.com/shaoxing/co/83867.htm
绍兴县众天纺织品有限公司,http:////www.11467.com/shaoxing/co/54764.htm
绍兴市飞亚印染有限公司,http:////www.11467.com/shaoxing/co/84078.htm
绍兴县唐人纺织品有限公司,http:////www.11467.com/shaoxing/co/43288.htm
绍兴市汇阳纺织服装有限公司,http:////www.11467.com/shaoxing/co/84678.htm
绍兴县彩霞纺织品有限公司,http:////www.11467.com/shaoxing/co/43300.htm
绍兴增祥布业有限公司,http:////www.11467.com/shaoxing/co/84474.htm
绍兴县天宝纺织有限公司,http:////www.11467.com/shaoxing/co/84987.htm
绍兴依福得纺织品有限公司,http:////www.11467.com/shaoxing/co/43067.htm
浙江绍兴倍特有限公司,http:////www.11467.com/shaoxing/co/83249.htm
浙江绍兴泰瑞纺织品有限公司,http:////www.11467.com/shaoxing/co/84035.htm
海神印染制衣有限公司,http:////www.11467.com/shaoxing/co/84620.htm
绍兴天马星纺织品有限公司2部,http:////www.11467.com/shaoxing/co/84152.htm
杭州华泰纺织品有限公司,http:////www.11467.com/shaoxing/co/83198.htm
绍兴嘉宇纺织公司,http:////www.11467.com/shaoxing/co/83223.htm
绍兴广润麻棉有限公司,http:////www.11467.com/shaoxing/co/83369.htm
绍兴花王布业有限公司,http:////www.11467.com/shaoxing/co/85055.htm
绍兴市苏丰纺织品有限公司,http:////www.11467.com/shaoxing/co/85152.htm
绍兴县智盛贸易有限公司,http:////www.11467.com/shaoxing/co/84516.htm
绍兴福莱斯实业有限公司,http:////www.11467.com/shaoxing/co/83334.htm
绍兴华翔纺织有限公司,http:////www.11467.com/shaoxing/co/83988.htm
绍兴市大杰纺织品有限公司业务二部,http:////www.11467.com/shaoxing/co/83452.htm
绍兴天良纺织品有限公司,http:////www.11467.com/shaoxing/co/84098.htm
绍兴县艾莱纺织品有限公司,http:////www.11467.com/shaoxing/co/83187.htm
绍兴翔佳纺织有限公司（外贸部）,http:////www.11467.com/shaoxing/co/84656.htm
绍兴欣戈纺织品有限公司营销部门,http:////www.11467.com/shaoxing/co/85038.htm
浙江亚太特宽印染有限公司(业务部),http:////www.11467.com/shaoxing/co/84220.htm
绍兴县雅致纺织品有限公司,http:////www.11467.com/shaoxing/co/98277.htm
绍兴蓝凤凰纺织服装有限公司-外贸部,http:////www.11467.com/shaoxing/co/84087.htm
绍兴市海外发展有限公司（外贸部）,http:////www.11467.com/shaoxing/co/84537.htm
浙江稽山印染有限公司-销售一科,http:////www.11467.com/shaoxing/co/83869.htm
浙江绍兴达亿染整有限公司（外贸部）,http:////www.11467.com/shaoxing/co/85288.htm
浙江宝纺棉麻印染有限公司(外贸部),http:////www.11467.com/shaoxing/co/84888.htm
浙江绍兴花为媒印染有限公司,http:////www.11467.com/shaoxing/co/84737.htm
润涛贸易有限公司,http:////www.11467.com/shenyang/co/77478.htm
百花画布厂,http:////www.11467.com/shenzhen/co/700157.htm
福德布业商行,http:////www.11467.com/shenzhen/co/700547.htm
湖州奥翔纺织有限公司深圳分公司,http:////www.11467.com/shenzhen/co/700247.htm
豪盛布料制品厂,http:////www.11467.com/shenzhen/co/701290.htm
胡福贵（个体经营）,http:////www.11467.com/shenzhen/co/700220.htm
江苏省南京顺鑫纺织厂,http:////www.11467.com/shenzhen/co/700631.htm
华展皮具厂（2）,http:////www.11467.com/shenzhen/co/700772.htm
金梭纺织有限公司,http:////www.11467.com/shenzhen/co/700507.htm
蓝粮纺织贸易公司,http:////www.11467.com/shenzhen/co/702040.htm
福鸿纺织发展有限公司,http:////www.11467.com/shenzhen/co/700554.htm
深圳达标服饰有限公司,http:////www.11467.com/shenzhen/co/700913.htm
深圳阔天纺织有限公司销售部,http:////www.11467.com/shenzhen/co/701050.htm
上海深龙亚麻有限公司,http:////www.11467.com/shenzhen/co/701395.htm
槐花香粗布贸易行,http:////www.11467.com/shenzhen/co/701729.htm
华纱纺织有限公司业务部,http:////www.11467.com/shenzhen/co/702090.htm
龙江灯芯绒开毛厂,http:////www.11467.com/shenzhen/co/701597.htm
深圳艾吉隆贸易有限公司,http:////www.11467.com/shenzhen/co/700449.htm
韩国隆祺纺织株式会社—中国深圳总公司,http:////www.11467.com/shenzhen/co/701068.htm
韩国隆祺纺织株式会社(中国深圳总公司,http:////www.11467.com/shenzhen/co/701387.htm
黄冈群熠制衣有限公司,http:////www.11467.com/shenzhen/co/701297.htm
黄佳晶针织品批发商行,http:////www.11467.com/shenzhen/co/700698.htm
华运有限公司,http:////www.11467.com/shenzhen/co/700451.htm
潤迖贸易公司,http:////www.11467.com/shenzhen/co/701394.htm
深圳科纺实业发展有限公司,http:////www.11467.com/shenzhen/co/702060.htm
