深圳市亿米财务代理有限公司,http://www.11467.com/shenzhen/co/1103393.htm
北京智祥恒瑞投资管理有限公司,http://www.11467.com/datong/co/21720.htm
任丘市通宝典当有限公司华油分公司,http://www.11467.com/cangzhou/co/104924.htm
重庆中经投资担保有限公司,http://www.11467.com/chongqing/co/97880.htm
庆阳亿企财务有限公司,http://www.11467.com/qingyang/co/26045.htm
银时金融信息服务（北京）有限公司,http://www.11467.com/qiye/29610213.htm
安徽金辉融资担保有限公司,http://www.11467.com/qiye/29814609.htm
武汉亿联诚信财务咨询有限公司,http://www.11467.com/wuhan/co/149617.htm
武汉汉利鸿投资咨询有限公司,http://www.11467.com/wuhan/co/123711.htm
武汉嘉亿利贸易有限公司,http://www.11467.com/wuhan/co/142283.htm
深圳市好快捷财务代理有限公司,http://www.11467.com/shenzhen/co/992641.htm
莆田市八才财务有限公司,http://www.11467.com/putian/co/51146.htm
武汉市昌鑫奉投资咨询有限公司,http://www.11467.com/wuhan/co/150581.htm
上海金生投资管理有限公司西环分公司,http://www.11467.com/suzhou/co/357825.htm
上海证大大拇指财富管理有限公司,http://www.11467.com/shanghai/co/705916.htm
成都和成财务咨询有限公司,http://www.11467.com/chengdu/co/234133.htm
云南安益互联网金融交易服务有限公司,http://www.11467.com/kunming/co/149315.htm
上海港本投资管理有限公司,http://www.11467.com/shanghai/co/1067344.htm
石家庄炯恒财务顾问有限公司,http://www.11467.com/shijiazhuang/co/237830.htm
郑州百特财务服务有限公司,http://www.11467.com/zhengzhou/co/259617.htm
北京恒昌惠诚信息咨询有限公司沈阳分公司,http://www.11467.com/shenyang/co/101123.htm
长沙开心贷金融信息服务有限公司,http://www.11467.com/changsha/co/142312.htm
烟台兆龙投资咨询有限公司,http://www.11467.com/yantai/co/170709.htm
福州台江区圣鹏财务顾问有限公司,http://www.11467.com/fuzhou/co/196051.htm
武汉市永丰泰投资质询有限公司,http://www.11467.com/wuhan/co/150851.htm
深圳鑫顺财务代理有限公司,http://www.11467.com/shenzhen/co/926509.htm
武汉恒昌盛世投资咨询有限公司,http://www.11467.com/wuhan/co/149554.htm
南京米小二网络科技有限公司,http://www.11467.com/nanjing/co/184739.htm
深圳市盛基投资有限公司,http://www.11467.com/shenzhen/co/1108372.htm
中鼎鹏非融资性担保（北京）有限公司,http://www.11467.com/beijing/co/764047.htm
郑州思源财务服务有限公司,http://www.11467.com/zhengzhou/co/273247.htm
石家庄普达财务顾问有限公司,http://www.11467.com/shijiazhuang/co/220676.htm
中鑫石油化工交易中心（上海）有限公司,http://www.11467.com/shanghai/co/1217557.htm
河北盈充工艺品贸易有限公司,http://www.11467.com/shijiazhuang/co/235327.htm
苏州川汇佰投资管理有限公司,http://www.11467.com/suzhou/co/376962.htm
北京骏驰伟业投资管理有限公司,http://www.11467.com/shenyang/co/104793.htm
湖南久丰金属现货交易市场有限公司,http://www.11467.com/changsha/co/142824.htm
九江钰诚财务服务有限公司,http://www.11467.com/jiujiang/co/25319.htm
泉州市宏兴代理记帐有限公司,http://www.11467.com/quanzhou/co/65417.htm
武汉华安财务咨询有限公司,http://www.11467.com/wuhan/co/126564.htm
郑州华琳财务咨询有限公司,http://www.11467.com/zhengzhou/co/150927.htm
武汉盛隆典当有限公司,http://www.11467.com/wuhan/co/141668.htm
武汉世茂投资担保有限公司,http://www.11467.com/wuhan/co/150843.htm
浙江佰诺商品经营有限公司,http://www.11467.com/hangzhou/co/391567.htm
珠海尚信财务咨询有限公司,http://www.11467.com/zhuhai/co/90471.htm
青岛汇盈商品经营有限公司,http://www.11467.com/beijing/co/762973.htm
深圳市前海中诚环球实业发展有限公司,http://www.11467.com/shenzhen/co/978548.htm
厦门卓跞财务管理有限公司,http://www.11467.com/xiamen/co/146432.htm
武汉拓远财务咨询有限公司,http://www.11467.com/wuhan/co/126621.htm
南京卓润财务顾问有限公司,http://www.11467.com/nanjing/co/135258.htm
深圳市睿林财务顾问有限公司,http://www.11467.com/shenzhen/co/1125550.htm
许昌金铭玉语珠宝有限公司,http://www.11467.com/xuchang/co/27067.htm
深圳市九州泰隆投资发展有限公司,http://www.11467.com/shenzhen/co/808895.htm
北京佳旭投资有限公司,http://www.11467.com/beijing/co/710441.htm
上海索泰通讯科技有限公司,http://www.11467.com/shanghai/co/258364.htm
深圳市鑫瑞蓝天财务代理有限公司,http://www.11467.com/shenzhen/co/919809.htm
湖南省高德财务管理有限公司,http://www.11467.com/loudi/co/24875.htm
上海高鑫信息技术有限公司,http://www.11467.com/shanghai/co/1066628.htm
陕西精算财务咨询有限公司,http://www.11467.com/xian/co/130804.htm
临清市凯肯恩特轴承有限公司,http://www.11467.com/liaocheng/co/75353.htm
德通融资租赁有限公司聊城分公司,http://www.11467.com/liaocheng/co/75373.htm
南宁天汇融通大宗商品经营有限公司,http://www.11467.com/nanyang/co/60272.htm
深圳国计财务有限公司,http://www.11467.com/shenzhen/co/1115018.htm
广东国龙集团有限公司,http://www.11467.com/shenzhen/co/1123265.htm
深圳金诺诚财务管理有限公司,http://www.11467.com/shenzhen/co/1050397.htm
苏州市有融乃达投资管理有限公司,http://www.11467.com/suzhou/co/357678.htm
安徽摩坦贵金属经营有限公司,http://www.11467.com/shenzhen/co/814665.htm
深圳市中恒致信担保有限公司,http://www.11467.com/shenzhen/co/814990.htm
豫昊投资咨询有限公司武汉总公司,http://www.11467.com/wuhan/co/151114.htm
深圳精益求精财务代理有限公司,http://www.11467.com/shenzhen/co/929778.htm
微投惠融（北京）网络科技有限公司,http://www.11467.com/beijing/co/760312.htm
西南大宗商品交易中心有限公司,http://www.11467.com/guiyang/co/87145.htm
吉林省亿信源投资咨询有限公司,http://www.11467.com/changchun/co/106236.htm
南京宁堃投资咨询有限公司,http://www.11467.com/nanjing/co/160307.htm
上海帝财财务咨询有限公司,http://www.11467.com/shanghai/co/362703.htm
湘潭企业融资担保有限公司,http://www.11467.com/xiangtan/co/28716.htm
河南德勤财务咨询有限责任公司,http://www.11467.com/zhengzhou/co/154899.htm
广州佳壕财务咨询有限公司,http://www.11467.com/guangzhou/co/489698.htm
湖南德丰资产管理有限公司,http://www.11467.com/changsha/co/119014.htm
武汉瑞银信行金融服务有限公司,http://www.11467.com/qiye/538.htm
安徽天盛元典当有限公司,http://www.11467.com/hefei/co/116952.htm
福州金誉通财务咨询有公司,http://www.11467.com/fuzhou/co/130788.htm
天一金行（天津）贵金属经营有限公司山西分公司,http://www.11467.com/qiye/4134.htm
攀枝花市德海典当有限责任公司,http://www.11467.com/panzhihua/co/18675.htm
芜湖瑞君财税咨询有限公司,http://www.11467.com/wuhu/co/35282.htm
天津万金山贵金属经营有限公司,http://www.11467.com/ningbo/co/134763.htm
江苏中生富商贸有限公司,http://www.11467.com/suzhou/co/358057.htm
河南钰珑银有限公司,http://www.11467.com/zhengzhou/co/191862.htm
浙江鑫曼格商品经营有限公司,http://www.11467.com/jingmen/co/17907.htm
河南银之生商贸有限公司,http://www.11467.com/zhengzhou/co/189290.htm
君果（上海）资产管理有限公司,http://www.11467.com/shanghai/co/1161604.htm
泽御（厦门）财务管理有限公司,http://www.11467.com/xiamen/co/155792.htm
上海财跃资产管理有限公司,http://www.11467.com/shanghai/co/1274527.htm
深圳市宏炜财务咨询服务有限公司,http://www.11467.com/shenzhen/co/737177.htm
中融基金管理有限公司,http://www.11467.com/shenzhen/co/14676.htm
石家庄宝龙典当有限责任公司,http://www.11467.com/shijiazhuang/co/74524.htm
太原市金通典当行有限公司,http://www.11467.com/taiyuan/co/58429.htm
苍南县承信典当有限公司龙港分公司,http://www.11467.com/wenzhou/co/189422.htm
武汉鸿智财务咨询代理有限公司,http://www.11467.com/wuhan/co/126015.htm
芜湖市恒兴财务咨询有限公司,http://www.11467.com/wuhu/co/30311.htm
芜湖市圆方财务咨询服务有限公司,http://www.11467.com/wuhu/co/31822.htm
芜湖百通财务咨询有限公司,http://www.11467.com/wuhu/co/32298.htm
厦门加旺财务管理有限公司,http://www.11467.com/xiamen/co/102333.htm
厦门正信财务代理有限公司,http://www.11467.com/xiamen/co/97863.htm
厦门善建财务管理有限公司,http://www.11467.com/xiamen/co/98522.htm
厦门鹭华云财务管理有限公司,http://www.11467.com/xiamen/co/100588.htm
厦门精算阁财务管理有限公司,http://www.11467.com/xiamen/co/100665.htm
咸宁天信财务管理有限公司,http://www.11467.com/xianning/co/14397.htm
许昌亿辉财务咨询管理有限公司,http://www.11467.com/xuchang/co/19760.htm
许昌汇金财务咨询有限公司,http://www.11467.com/xuchang/co/19952.htm
扬州金财财务有限公司,http://www.11467.com/yangzhou/co/105674.htm
烟台弘茂财务咨询服务有限公司,http://www.11467.com/yantai/co/146708.htm
河南省君鹏财务咨询有限公司,http://www.11467.com/zhengzhou/co/150072.htm
河南省金凯元财务顾问有限公司,http://www.11467.com/zhengzhou/co/168609.htm
郑州腾云财务咨询有限公司,http://www.11467.com/zhengzhou/co/168043.htm
驻马店市申通速递服务有限公司,http://www.11467.com/zhumadian/co/21533.htm
上海博弦财务顾问有限公司,http://www.11467.com/shanghai/co/701279.htm
上海磊实财务咨询有限公司,http://www.11467.com/shanghai/co/358800.htm
天津金手指财务咨询有限公司,http://www.11467.com/tianjin/co/77224.htm
海南宸威财务咨询有限公司,http://www.11467.com/haikou/co/292.htm
龙岩市长远营财财务管理有限公司,http://www.11467.com/longyan/co/31424.htm
厦门精卓财务管理有限公司,http://www.11467.com/xiamen/co/105279.htm
淮南市金顺财务代理有限公司,http://www.11467.com/huainan/co/21973.htm
厦门欧美加财务管理有限公司,http://www.11467.com/xiamen/co/105678.htm
厦门合联盛财务管理有限公司,http://www.11467.com/xiamen/co/105846.htm
深圳皇嘉财润财务顾问有限公司厦门分公司,http://www.11467.com/xiamen/co/106123.htm
娄底华熙财务管理有限公司,http://www.11467.com/loudi/co/21760.htm
漳州市信方财务管理有限公司,http://www.11467.com/zhangzhou/co/55981.htm
晋江市睿杰财务管理有限公司,http://www.11467.com/quanzhou/co/149894.htm
厦门财运库财务管理有限公司,http://www.11467.com/xiamen/co/108223.htm
厦门精理财务管理有限公司,http://www.11467.com/xiamen/co/108433.htm
厦门优德美财务管理有限公司,http://www.11467.com/xiamen/co/108565.htm
宜信普惠信息咨询（北京）有限公司郴州分公司,http://www.11467.com/chenzhou/co/24857.htm
儋州顺捷财务代理有限公司,http://www.11467.com/shanzhou/co/92.htm
厦门市勇晟财务管理有限公司,http://www.11467.com/xiamen/co/110067.htm
妙算财务管理（厦门）有限公司,http://www.11467.com/xiamen/co/110393.htm
闽侯闽兴小额贷款有限公司,http://www.11467.com/fuzhou/co/200839.htm
厦门绅世财务管理有限公司,http://www.11467.com/xiamen/co/110850.htm
肇庆市粤科科技小额贷款股份有限公司,http://www.11467.com/zhaoqing/co/42728.htm
上海诺亚金融服务有限公司,http://www.11467.com/qiye/20863285.htm
上海企汇财务咨询有限公司,http://www.11467.com/shnanhui/co/40780.htm
珠海友道财务代理有限公司,http://www.11467.com/zhuhai/co/101990.htm
内蒙古必达金融服务咨询有限公司,http://www.11467.com/hulunbeier/co/18797.htm
闽侯闽兴小额贷款有限公司,http://www.11467.com/fuzhou/co/200839.htm
厦门绅世财务管理有限公司,http://www.11467.com/xiamen/co/110850.htm
肇庆市粤科科技小额贷款股份有限公司,http://www.11467.com/zhaoqing/co/42728.htm
上海诺亚金融服务有限公司,http://www.11467.com/qiye/20863285.htm
上海企汇财务咨询有限公司,http://www.11467.com/shnanhui/co/40780.htm
珠海友道财务代理有限公司,http://www.11467.com/zhuhai/co/101990.htm
内蒙古必达金融服务咨询有限公司,http://www.11467.com/hulunbeier/co/18797.htm
河北冀金宝网络科技股份有限公司,http://www.11467.com/shijiazhuang/co/195794.htm
深圳市龙腾财务代理有限公司,http://www.11467.com/shenzhen/co/980185.htm
深圳睿信财富金融服务有限公司,http://www.11467.com/qiye/21744961.htm
厦门简丹财务管理有限公司,http://www.11467.com/xiamen/co/125963.htm
武汉企业之友财务管理有限公司,http://www.11467.com/wuhan/co/171693.htm
宜昌一站通财务管理有限公司,http://www.11467.com/yichang/co/57596.htm
德宇财务管理（武汉）有限公司,http://www.11467.com/wuhan/co/177615.htm
武汉市攀佳财务管理有限公司,http://www.11467.com/wuhan/co/177987.htm
厦门满德财务管理有限公司,http://www.11467.com/xiamen/co/136210.htm
三湘财务（益阳）有限公司,http://www.11467.com/yiyang/co/31144.htm
洛阳航泰财务服务有限公司,http://www.11467.com/luoyang/co/73862.htm
厦门市方达财务管理有限公司,http://www.11467.com/xiamen/co/144392.htm
厦门胜溢达财务管理有限公司,http://www.11467.com/xiamen/co/144608.htm
泉州市奕升财务顾问有限公司,http://www.11467.com/quanzhou/co/168247.htm
武汉市壹汇通财务管理有限公司,http://www.11467.com/wuhan/co/190477.htm
福州龙鑫天下投资管理有限公司,http://www.11467.com/fuzhou/co/210163.htm
安徽阜阳友益典当有限公司,http://www.11467.com/qiye/23108673.htm
厦门易百捷财务代理有限公司,http://www.11467.com/xiamen/co/146110.htm
安徽东方摩根典当有限公司,http://www.11467.com/suzhoushi/co/30519.htm
长沙金湘遇寄卖有限公司,http://www.11467.com/changsha/co/196025.htm
岳阳信鑫财务服务有限公司,http://www.11467.com/yueyang/co/53926.htm
杭州红松资本管理有限公司,http://www.11467.com/hangzhou/co/474959.htm
厦门市中益源财务管理有限公司湖里分公司,http://www.11467.com/xiamen/co/157103.htm
厦门金号财务管理有限公司,http://www.11467.com/xiamen/co/158193.htm
黑龙江省圣唯投资管理有限公司,http://www.11467.com/daqing/co/45852.htm
富利丰盈（厦门）财务管理有限公司,http://www.11467.com/xiamen/co/166671.htm
上海畅同资产管理有限公司,http://www.11467.com/shanghai/co/1260249.htm
厦门捷信安合财务管理有限公司,http://www.11467.com/xiamen/co/169429.htm
厦门九君财务管理有限公司,http://www.11467.com/xiamen/co/173486.htm
安阳金捷财务有限公司,http://www.11467.com/qiye/25801701.htm
厦门会算财务管理有限公司,http://www.11467.com/xiamen/co/185839.htm
厦门云账房财务管理有限公司,http://www.11467.com/xiamen/co/185867.htm
辉煌中新（北京）投资有限公司,http://www.11467.com/beijing/co/764537.htm
厦门税鑫财务管理有限公司,http://www.11467.com/xiamen/co/193379.htm
福建省九点十分财务管理有限公司,http://www.11467.com/xiamen/co/193501.htm
厦门融钇财务管理有限公司,http://www.11467.com/xiamen/co/194549.htm
厦门铭士财务代理有限公司,http://www.11467.com/xiamen/co/195587.htm
四川恒沣盛业商品经营有限公司,http://www.11467.com/chengdu/co/291503.htm
驻马店市鑫园财务记账服务有限公司,http://www.11467.com/zhumadian/co/48781.htm
厦门泓远财务管理有限公司,http://www.11467.com/xiamen/co/200794.htm
湖南新生投资发展有限公司,http://www.11467.com/changsha/co/237790.htm
郑州市新幻文化传播有限公司,http://www.11467.com/qiye/27667443.htm
北京百信荣华投资管理有限公司,http://www.11467.com/qiye/27734160.htm
巴林左旗兴利达小额贷款有限公司,http://www.11467.com/chifeng/co/27899.htm
包头市利仁小额贷款股份有限公司,http://www.11467.com/baotou/co/31508.htm
赤峰市松山区隆庆小额贷款有限公司,http://www.11467.com/chifeng/co/26672.htm
二连浩特市泰丰小额贷款有限公司,http://www.11467.com/xilinguole/co/5035.htm
固阳县广益通小额贷款有限公司,http://www.11467.com/baotou/co/31705.htm
辽源市吉源小额贷款有限公司,http://www.11467.com/liaoyuan/co/10352.htm
攀枝花市钒钛园区金丰小额贷款有限责任公司,http://www.11467.com/panzhihua/co/20003.htm
前郭县亨利小额贷款有限公司,http://www.11467.com/songyuan/co/18318.htm
前郭县融信小额贷款有限公司,http://www.11467.com/songyuan/co/18379.htm
通辽市助诚小额贷款有限公司,http://www.11467.com/tongliao/co/11775.htm
土右旗金杰小额贷款有限责任公司,http://www.11467.com/baotou/co/31727.htm
土右旗联胜达小额贷款有限责任公司,http://www.11467.com/baotou/co/31728.htm
汶川县恒瑞小额贷款有限公司,http://www.11467.com/aba/co/7160.htm
枣庄市山亭区兆丰小额贷款有限责任公司,http://www.11467.com/zaozhuang/co/48138.htm
江苏大银贵金属有限公司,http://www.11467.com/nanjing/co/160220.htm
安庆恒好财务咨询服务有限公司,http://www.11467.com/anqing/co/37753.htm
安徽千城典当有限责任公司,http://www.11467.com/anqing/co/32926.htm
马鞍山国元典当有限责任公司,http://www.11467.com/anshan/co/78148.htm
白山市永盛典当有限公司,http://www.11467.com/baishan/co/12759.htm
安徽元通典当有限责任公司,http://www.11467.com/bengbu/co/32056.htm
滨州市得瑞典当有限责任公司,http://www.11467.com/binzhou/co/32996.htm
无棣县润丰典当有限责任公司,http://www.11467.com/binzhou/co/31034.htm
孟村回族自治县圣天科技小额贷款有限公司,http://www.11467.com/cangzhou/co/66321.htm
长春市晨宇财务管理有限责任公司,http://www.11467.com/changchun/co/103795.htm
常德财鑫投资担保有限公司,http://www.11467.com/changde/co/19048.htm
常德骏鑫典当有限公司,http://www.11467.com/changde/co/34049.htm
长沙市芙蓉区美誉财务顾问有限公司,http://www.11467.com/changsha/co/113467.htm
长沙市浩腾财务咨询有限公司,http://www.11467.com/changsha/co/124792.htm
湖南鼎汇典当有限公司,http://www.11467.com/changsha/co/118514.htm
湖南融成典当有限公司,http://www.11467.com/changsha/co/113811.htm
长沙昌立财务咨询有限公司,http://www.11467.com/changsha/co/107927.htm
长治市禾木典当有限公司,http://www.11467.com/changzhi/co/30880.htm
无为县金元典当有限公司,http://www.11467.com/chaohu/co/16830.htm
承德市银生典当行有限公司,http://www.11467.com/chengde/co/28047.htm
成都金名财务管理有限公司,http://www.11467.com/chengdu/co/150537.htm
厦门市善从财务管理有限公司,http://www.11467.com/xiamen/co/210759.htm
重庆瑞信投资有限公司,http://www.11467.com/qiye/27997610.htm
厦门昌钇财务管理有限公司,http://www.11467.com/xiamen/co/222750.htm
厦门东灵财务管理有限公司,http://www.11467.com/xiamen/co/227879.htm
安徽省源丰典当有限公司,http://www.11467.com/qiye/29434434.htm
恒昌众鼎融资租赁有限公司,http://www.11467.com/qiye/29453670.htm
安徽省夯实典当有限公司,http://www.11467.com/qiye/29474281.htm
晋商国际融资租赁有限公司,http://www.11467.com/qiye/29530679.htm
中国国际金融股份有限公司,http://www.11467.com/qiye/29601675.htm
铜陵国元小额贷款有限责任公司,http://www.11467.com/qiye/29605944.htm
芜湖金财融资担保有限责任公司,http://www.11467.com/qiye/29623345.htm
芜湖金财典当有限责任公司,http://www.11467.com/qiye/29653113.htm
广东创富金鑫贵金属经营有限公司合肥分公司,http://www.11467.com/qiye/29660611.htm
北京华拓金融服务外包有限公司,http://www.11467.com/qiye/29747056.htm
信隆融资租赁有限公司,http://www.11467.com/qiye/29884074.htm
成都茂文典当有限公司,http://www.11467.com/chengdu/co/196420.htm
成都远城财务咨询有限公司,http://www.11467.com/chengdu/co/148733.htm
四川尚润典当有限责任公司,http://www.11467.com/chengdu/co/197362.htm
池州安华典当有限责任公司,http://www.11467.com/chizhou/co/11582.htm
大连天顺财务咨询有限公司,http://www.11467.com/dalian/co/67269.htm
大连成安财务咨询顾问有限公司,http://www.11467.com/dalian/co/67409.htm
东莞市双庆典当有限公司,http://www.11467.com/dongguan/co/474348.htm
恩施州金源典当有限责任公司建始分公司,http://www.11467.com/enshi/co/13217.htm
佛山市鸿泰财务咨询有限公司,http://www.11467.com/foshan/co/334540.htm
安徽顺昌典当有限公司,http://www.11467.com/fuyang/co/29799.htm
福州市台江区鑫业财务咨询有限公司,http://www.11467.com/fuzhou/co/185141.htm
福州市台江区鼎诚财务管理有限公司,http://www.11467.com/fuzhou/co/177520.htm
广元银达典当有限公司,http://www.11467.com/guangyuan/co/18697.htm
广州源凯财务咨询有限公司,http://www.11467.com/guangzhou/co/453762.htm
桂林市合和年小额贷款有限责任公司,http://www.11467.com/guilin/co/50873.htm
贵阳市云岩区银利联小额贷款股份有限公司,http://www.11467.com/guiyang/co/83529.htm
黑龙江省容维投资顾问有限责任公司,http://www.11467.com/haerbin/co/20095.htm
杭州师吉财务管理有限公司,http://www.11467.com/hangzhou/co/359976.htm
杭州昊立财务咨询服务有限公司,http://www.11467.com/hangzhou/co/327739.htm
浙江云鑫典当有限责任公司,http://www.11467.com/hangzhou/co/351200.htm
安徽金鸣典当有限责任公司,http://www.11467.com/hefei/co/123016.htm
安徽正诚典当有限责任公司,http://www.11467.com/hefei/co/121230.htm
安徽永利典当有限公司,http://www.11467.com/hefei/co/123739.htm
合肥博强财务咨询有限公司,http://www.11467.com/hefei/co/117793.htm
安徽安联典当有限公司,http://www.11467.com/hefei/co/116744.htm
合肥企航财务咨询有限公司,http://www.11467.com/hefei/co/128746.htm
安徽浚洋典当有限责任公司,http://www.11467.com/hefei/co/116981.htm
合肥华元典当有限公司,http://www.11467.com/hefei/co/130579.htm
耒阳市懿德典当有限公司,http://www.11467.com/hengyang/co/28695.htm
衡阳融生典当有限公司,http://www.11467.com/hengyang/co/28728.htm
河源市协行财务管理有限公司,http://www.11467.com/heyuan/co/17735.htm
成武润邦典当有限公司,http://www.11467.com/heze/co/33588.htm
淮南睿盈财务咨询有限公司,http://www.11467.com/huainan/co/21472.htm
湖北鼎记典当有限公司,http://www.11467.com/huanggang/co/16692.htm
黄山市银达典当有限公司,http://www.11467.com/huangshan/co/16698.htm
黄山华澳典当行有限责任公司,http://www.11467.com/huangshan/co/15863.htm
惠州市永安君正财务咨询有限公司,http://www.11467.com/huizhou/co/84381.htm
海宁涌潮典当有限责任公司嘉善分公司,http://www.11467.com/jiaxing/co/111351.htm
嘉兴市华昊典当有限责任公司,http://www.11467.com/jiaxing/co/113152.htm
吉林市铭扬典当有限公司,http://www.11467.com/jilinshi/co/90114.htm
济南市聚鑫典当有限公司,http://www.11467.com/jinan/co/118797.htm
山东重工集团财务有限公司,http://www.11467.com/jinan/co/140912.htm
阳城县晋源典当有限公司,http://www.11467.com/jincheng/co/21388.htm
山西汇丰典当行有限责任公司沁水分公司,http://www.11467.com/jincheng/co/21599.htm
济宁鑫泰典当有限责任公司,http://www.11467.com/jining/co/64906.htm
晋中帝豪典当有限责任公司,http://www.11467.com/jinzhong/co/26548.htm
浙江武阳典当有限责任公司,http://www.11467.com/jinzhou/co/45883.htm
廊坊市乾程典当有限责任公司,http://www.11467.com/langfang/co/41771.htm
凉山州成升典当有限责任公司,http://www.11467.com/liangshan/co/16984.htm
西昌永兴典当有限责任公司,http://www.11467.com/liangshan/co/17016.htm
茌平广源典当有限公司,http://www.11467.com/liaocheng/co/45736.htm
聊城市融通典当有限责任公司,http://www.11467.com/liaocheng/co/43487.htm
临沂市大华典当有限公司,http://www.11467.com/linyi/co/87626.htm
漯河天马典当有限公司,http://www.11467.com/luohe/co/20197.htm
洛阳尚翔财务咨询有限公司,http://www.11467.com/luoyang/co/57861.htm
洛阳市信德典当有限责任公司,http://www.11467.com/luoyang/co/58286.htm
洛阳市广信典当有限公司,http://www.11467.com/luoyang/co/58639.htm
洛阳创投金安财务咨询有限公司,http://www.11467.com/luoyang/co/58126.htm
安徽汇银典当有限责任公司,http://www.11467.com/maanshan/co/26665.htm
安徽铸信财务管理有限公司,http://www.11467.com/maanshan/co/28816.htm
马鞍山市融典寄卖有限责任公司,http://www.11467.com/maanshan/co/23995.htm
眉山市通惠典当有限公司,http://www.11467.com/meishan/co/15746.htm
四川眉山市德为典当有限责任公司,http://www.11467.com/meishan/co/16966.htm
江西吉晟典当有限公司,http://www.11467.com/nanchang/co/106843.htm
南昌起扬财务咨询有限公司,http://www.11467.com/nanchang/co/109009.htm
南昌市金源财务咨询有限公司,http://www.11467.com/nanchang/co/110101.htm
南通市龙游典当有限责任公司,http://www.11467.com/nantong/co/131332.htm
宁波弘赢典当有限公司,http://www.11467.com/ningbo/co/164550.htm
宁波市通商典当有限公司,http://www.11467.com/ningbo/co/164390.htm
宁波麒泰典当有限公司,http://www.11467.com/ningbo/co/164570.htm
福安市长祥典当有限责任公司,http://www.11467.com/ningde/co/27085.htm
莆田市科龙财务咨询有限公司,http://www.11467.com/putian/co/38893.htm
青岛市中亿泽典当有限责任公司,http://www.11467.com/qingdao/co/129203.htm
青岛信安典当有限公司,http://www.11467.com/qingdao/co/130516.htm
清远市清新富诚典当行有限公司,http://www.11467.com/qingyuan/co/26889.htm
衢州大唐典当有限责任公司,http://www.11467.com/quzhou/co/31042.htm
日照市鑫磊典当有限公司,http://www.11467.com/rizhao/co/17799.htm
日照广元典当有限公司,http://www.11467.com/rizhao/co/24516.htm
上虞市裕源典当有限责任公司,http://www.11467.com/shaoxing/co/108936.htm
沈阳市和平区邦信小额贷款有限责任公司,http://www.11467.com/shenyang/co/100415.htm
深圳市鑫誉财务顾问有限公司,http://www.11467.com/shenzhen/co/755615.htm
石家庄永鑫财务咨询服务有限公司,http://www.11467.com/shijiazhuang/co/142949.htm
江苏华融典当有限责任公司,http://www.11467.com/suzhou/co/310082.htm
山西天汇典当有限责任公司,http://www.11467.com/taiyuan/co/123965.htm
台州市黄岩银富典当有限责任公司,http://www.11467.com/taizhou/co/125616.htm
容城县尚行小额贷款有限公司,http://www.11467.com/tangshan/co/80457.htm
上海信而富企业管理有限公司潍坊分公司,http://www.11467.com/weifang/co/132603.htm
山东恒泰源通典当有限公司,http://www.11467.com/weifang/co/111918.htm
临朐昌泰典当有限公司,http://www.11467.com/weifang/co/105527.htm
潍坊荣诚典当有限公司,http://www.11467.com/weifang/co/111993.htm
温州市东开典当有限责任公司,http://www.11467.com/wenzhou/co/200502.htm
温州五洲典当有限责任公司,http://www.11467.com/wenzhou/co/173552.htm
温州市欧信典当有限责任公司,http://www.11467.com/wenzhou/co/192885.htm
湖北省宏嘉典当有限公司,http://www.11467.com/wuhan/co/120012.htm
湖北零壹典当有限公司,http://www.11467.com/wuhan/co/119691.htm
武汉旭源典当有限公司,http://www.11467.com/wuhan/co/120230.htm
武汉汇泉典当有限公司,http://www.11467.com/wuhan/co/120173.htm
芜湖市企融典当有限公司,http://www.11467.com/wuhu/co/30139.htm
芜湖云阳典当有限公司,http://www.11467.com/wuhu/co/30355.htm
上海宝通祥典当有限公司,http://www.11467.com/shanghai/co/379251.htm
上海金梧桐典当有限公司,http://www.11467.com/shanghai/co/983461.htm
上海九闽典当有限公司,http://www.11467.com/shanghai/co/548228.htm
上海新东苑典当有限公司,http://www.11467.com/shanghai/co/552364.htm
上海宜久财务咨询有限公司,http://www.11467.com/shanghai/co/749432.htm
上海融盛典当有限公司,http://www.11467.com/shanghai/co/222041.htm
上海中达典当有限公司,http://www.11467.com/shanghai/co/901128.htm
上海航银典当有限公司,http://www.11467.com/shanghai/co/181674.htm
天津信诚通财务管理有限公司,http://www.11467.com/tianjin/co/209271.htm
重庆世开典当有限公司,http://www.11467.com/chongqing/co/111558.htm
重庆恒基典当有限责任公司,http://www.11467.com/chongqing/co/129247.htm
重庆华通典当有限公司,http://www.11467.com/chongqing/co/203269.htm
重庆润昇财务咨询有限公司,http://www.11467.com/chongqing/co/84116.htm
珲春市晟达小额贷款有限公司,http://www.11467.com/yanbian/co/42373.htm
福建东山万祥小额贷款有限公司,http://www.11467.com/zhangzhou/co/56436.htm
天水市秦州区汇通小额贷款有限责任公司,http://www.11467.com/tianshui/co/17897.htm
定西市安定区薯发小额贷款有限责任公司,http://www.11467.com/dingxi/co/10567.htm
嘉峪关市恒基发展小额贷款有限责任公司,http://www.11467.com/jiayuguan/co/2413.htm
金昌市金川区乾丰小额贷款有限责任公司,http://www.11467.com/jinchang/co/5710.htm
宜昌市九顺小额贷款有限公司,http://www.11467.com/yichang/co/54263.htm
宜昌市点军区银盛小额贷款有限公司,http://www.11467.com/yichang/co/54288.htm
四平市国丰小额贷款有限公司,http://www.11467.com/siping/co/35585.htm
平江县坤鑫小额贷款有限责任公司,http://www.11467.com/yueyang/co/49308.htm
重庆市奉节县崟灿小额贷款有限责任公司,http://www.11467.com/chongqing/co/210237.htm
江苏杰瑞典当有限公司,http://www.11467.com/wuxi/co/236480.htm
江阴市邦融典当有限公司,http://www.11467.com/wuxi/co/236547.htm
厦门湖里诚泰小额贷款股份有限公司,http://www.11467.com/xiamen/co/97479.htm
西安市文天阁典当行有限公司,http://www.11467.com/xian/co/46252.htm
长沙江诚财务咨询有限公司,http://www.11467.com/xiangtan/co/28925.htm
湖北昊元典当有限公司,http://www.11467.com/xianning/co/13847.htm
湖北华昌典当有限公司,http://www.11467.com/xianning/co/13846.htm
孝感佳信财务咨询有限责任公司,http://www.11467.com/xiaogan/co/21339.htm
信阳仁德典当有限公司,http://www.11467.com/xinyang/co/22606.htm
忻州市永金典当有限公司,http://www.11467.com/xinzhou/co/18887.htm
郎溪天力典当有限公司,http://www.11467.com/xuancheng/co/23401.htm
烟台大册典当有限公司,http://www.11467.com/yantai/co/141342.htm
烟台富邦典当有限公司,http://www.11467.com/yantai/co/135307.htm
烟台市纳百川典当有限责任公司,http://www.11467.com/yantai/co/147093.htm
宜宾市祯祥典当有限责任公司,http://www.11467.com/yibin/co/25146.htm
闻喜县富迪典当有限公司,http://www.11467.com/yuncheng/co/28771.htm
河南鼎源投资咨询有限公司,http://www.11467.com/zhengzhou/co/172116.htm
镇江天润典当有限公司,http://www.11467.com/zhenjiang/co/60673.htm
珠海大东典当有限公司,http://www.11467.com/zhuhai/co/93833.htm
长沙市中亿财务咨询有限公司株洲分公司,http://www.11467.com/zhuzhou/co/39890.htm
四川飞球（集团）有限责任公司,http://www.11467.com/zigong/co/12013.htm
北京财恒通财务顾问有限公司,http://www.11467.com/beijing/co/338011.htm
上海长信典当有限公司,http://www.11467.com/shanghai/co/552095.htm
上海梵勃财务咨询有限公司,http://www.11467.com/shanghai/co/436631.htm
上海百依诺财务咨询有限公司,http://www.11467.com/shanghai/co/1018441.htm
上海毕安财财务咨询有限公司,http://www.11467.com/shanghai/co/362529.htm
安徽省皖投小额贷款股份有限公司,http://www.11467.com/hefei/co/142056.htm
东丰县汇盈小额贷款有限公司,http://www.11467.com/liaoyuan/co/10400.htm
磐石市华泰小额贷款有限公司,http://www.11467.com/jilinshi/co/96738.htm
柳河县汇成小额贷款有限公司,http://www.11467.com/tonghua/co/34839.htm
图们市鑫华小额贷款有限公司,http://www.11467.com/yanbian/co/42597.htm
敦化市广亿小额贷款有限责任公司,http://www.11467.com/yanbian/co/42600.htm
咸丰县鑫中楚小额贷款有限责任公司,http://www.11467.com/enshi/co/14552.htm
张北县融亨扶贫小额贷款有限公司,http://www.11467.com/zhangjiakou/co/44400.htm
孝感市金丰小额贷款有限公司,http://www.11467.com/xiaogan/co/22553.htm
定远县汇通小额贷款有限责任公司,http://www.11467.com/chuzhou/co/33825.htm
广州市萝岗卓盈小额贷款股份有限公司,http://www.11467.com/guangzhou/co/506066.htm
涿鹿县春生扶贫小额贷款有限公司,http://www.11467.com/zhangjiakou/co/44441.htm
河南赢冠财务管理有限公司,http://www.11467.com/zhengzhou/co/191103.htm
长沙市望城区银佳小额贷款有限公司,http://www.11467.com/changsha/co/137975.htm
长春市国投小额贷款股份有限公司,http://www.11467.com/changchun/co/106256.htm
东丰县广聚源小额贷款有限公司,http://www.11467.com/liaoyuan/co/10473.htm
梅河口市方鼎小额贷款有限公司,http://www.11467.com/tonghua/co/35578.htm
荆门市掇刀区中得小额贷款股份有限公司,http://www.11467.com/jingmen/co/17296.htm
桐柏县博融小额贷款有限公司,http://www.11467.com/nanyang/co/44078.htm
雄县一贷通科技小额贷款有限公司,http://www.11467.com/baoding/co/92795.htm
永年县永洋小额贷款有限公司,http://www.11467.com/handan/co/76534.htm
围场满族蒙古族自治县龙飞扶贫小额贷款有限公司,http://www.11467.com/chengde/co/32204.htm
围场满族蒙古族自治县宝源扶贫小额贷款有限公司,http://www.11467.com/chengde/co/32214.htm
重庆市九龙坡区泽通小额贷款有限公司,http://www.11467.com/chongqing/co/217085.htm
北京碧水投资有限公司,http://www.11467.com/beijing/co/716210.htm
厦门商安财务管理有限公司,http://www.11467.com/xiamen/co/111254.htm
江西省昆仑贵金属投资管理有限公司,http://www.11467.com/nanchang/co/117443.htm
北京大宗商品交易所有限公司,http://www.11467.com/chengdu/co/260294.htm
武汉精诚恒企财务管理有限公司,http://www.11467.com/wuhan/co/152378.htm
保定曦和财务代理有限公司,http://www.11467.com/baoding/co/107603.htm
四川众鑫盛投资管理有限公司,http://www.11467.com/chengdu/co/273906.htm
上海犀牛财务管理有限公司,http://www.11467.com/shanghai/co/1151736.htm
深圳市联宸财务管理有限公司,http://www.11467.com/shenzhen/co/973370.htm
湖北德仁润华财务管理股份有限公司,http://www.11467.com/wuhan/co/168856.htm
武汉财智通财务管理有限公司,http://www.11467.com/wuhan/co/169309.htm
武汉三胜财务管理有限公司,http://www.11467.com/wuhan/co/171376.htm
厦门昱晗财务代理有限公司,http://www.11467.com/xiamen/co/125041.htm
厦门轩德财务管理有限公司,http://www.11467.com/xiamen/co/125260.htm
昶煦（厦门）财务管理有限公司,http://www.11467.com/xiamen/co/128601.htm
郑州豫道财务服务有限公司,http://www.11467.com/zhengzhou/co/218316.htm
石家庄悠长财务服务有限公司,http://www.11467.com/shijiazhuang/co/201570.htm
广东省交通集团财务有限公司,http://www.11467.com/guangzhou/co/653160.htm
重庆金安小额贷款有限公司,http://www.11467.com/chongqing/co/263236.htm
郑州有道财务服务有限公司,http://www.11467.com/zhengzhou/co/220079.htm
郑州惠嘉金融服务有限公司,http://www.11467.com/qiye/22249408.htm
上海搜房小额贷款有限公司,http://www.11467.com/shanghai/co/1181309.htm
湖南安鑫财务管理有限公司,http://www.11467.com/changsha/co/186573.htm
武汉骏宝财务管理有限公司,http://www.11467.com/wuhan/co/185123.htm
厦门馨利财务管理有限公司,http://www.11467.com/xiamen/co/142604.htm
武汉市一方财务代理有限公司,http://www.11467.com/wuhan/co/185359.htm
安徽朴融财务有限公司,http://www.11467.com/hefei/co/155259.htm
合肥峻岭财务管理有限公司,http://www.11467.com/hefei/co/155283.htm
合肥倾诚财务管理有限公司,http://www.11467.com/hefei/co/155334.htm
厦门辰邦财务管理有限公司,http://www.11467.com/xiamen/co/152135.htm
重庆市江北区盛达小额贷款有限公司,http://www.11467.com/chongqing/co/302800.htm
安徽经视金融信息服务有限公司,http://www.11467.com/qiye/23564450.htm
吉林钰鸿国创贵金属经营有限公司,http://www.11467.com/qiye/23565424.htm
重庆两江新区明德小额贷款有限公司,http://www.11467.com/chongqing/co/314705.htm
杭州拓信财务管理有限公司,http://www.11467.com/hangzhou/co/483158.htm
武汉新月财务管理有限公司,http://www.11467.com/wuhan/co/204654.htm
深圳市永鑫财务管理有限公司,http://www.11467.com/shenzhen/co/1091847.htm
天津市一方财务代理有限公司,http://www.11467.com/tianjin/co/262686.htm
新投（厦门）财务管理有限公司,http://www.11467.com/qiye/23738295.htm
厦门市金元宝财务管理有限公司,http://www.11467.com/xiamen/co/159230.htm
厦门正媛财务管理有限公司,http://www.11467.com/xiamen/co/164361.htm
洛阳融源代理记账服务有限公司,http://www.11467.com/luoyang/co/77815.htm
安徽慧算账财务管理有限公司,http://www.11467.com/qiye/23947806.htm
永州市鑫希望财务管理有限公司,http://www.11467.com/yongzhou/co/33977.htm
帛正（厦门）财务顾问有限公司,http://www.11467.com/xiamen/co/168099.htm
厦门天鑫意财务管理有限公司,http://www.11467.com/xiamen/co/169595.htm
厦门博全财务管理有限公司,http://www.11467.com/xiamen/co/172447.htm
重庆市渝北区融汇小额贷款有限公司,http://www.11467.com/chongqing/co/322999.htm
桃源县鸿翔财务服务有限公司,http://www.11467.com/changde/co/48858.htm
厦门祝创财务管理有限公司,http://www.11467.com/xiamen/co/182526.htm
厦门诚达恒财务管理有限公司,http://www.11467.com/xiamen/co/184546.htm
驻马店国玺财务服务有限公司,http://www.11467.com/zhumadian/co/46186.htm
厦门市臻智晟财务管理有限公司,http://www.11467.com/xiamen/co/185709.htm
合肥升恒财务信息咨询有限公司,http://www.11467.com/hefei/co/167188.htm
长沙德创财务管理有限公司,http://www.11467.com/changsha/co/228792.htm
合肥金账本财务管理有限公司,http://www.11467.com/hefei/co/171022.htm
合肥华誉财务管理有限公司,http://www.11467.com/hefei/co/171852.htm
厦门文佳怡财务管理有限公司,http://www.11467.com/xiamen/co/200274.htm
深圳前海钱庄互联网金融服务有限公司,http://www.11467.com/qiye/26638256.htm
阜阳市爱邦财务管理服务有限公司,http://www.11467.com/fuyang/co/45696.htm
创业帮（厦门）财务管理有限公司,http://www.11467.com/xiamen/co/203946.htm
北京宝恒典当有限责任公司,http://www.11467.com/beijing/co/771917.htm
合肥创翊源融财务信息咨询有限公司,http://www.11467.com/hefei/co/177829.htm
安徽高斯财务顾问有限公司,http://www.11467.com/hefei/co/180526.htm
河南皇家代理记账服务有限公司,http://www.11467.com/zhengzhou/co/274468.htm
百裕（北京）财务顾问有限公司,http://www.11467.com/qiye/28872430.htm
合肥同荣财务管理有限公司,http://www.11467.com/hefei/co/183564.htm
合肥精财汇至财务管理有限公司,http://www.11467.com/hefei/co/187567.htm
厦门信诺泰财务管理有限公司,http://www.11467.com/xiamen/co/224437.htm
兰州安达信财务代理有限公司,http://www.11467.com/lanzhou/co/93173.htm
合肥凌一财务管理有限公司,http://www.11467.com/qiye/29309942.htm
深圳前海金瑞龙互联网金融服务有限公司合肥分公司,http://www.11467.com/qiye/29314818.htm
深圳市佰仟金融服务有限公司马鞍山分公司,http://www.11467.com/qiye/29320308.htm
安徽盛泉金融服务有限公司,http://www.11467.com/qiye/29323894.htm
安徽韬辉金融信息服务有限公司,http://www.11467.com/qiye/29334316.htm
合肥邦达信财务管理有限公司,http://www.11467.com/qiye/29346007.htm
中铁财务有限责任公司,http://www.11467.com/qiye/29353393.htm
深圳平安综合金融服务有限公司合肥分公司,http://www.11467.com/qiye/29382887.htm
安徽众赢财务管理有限公司,http://www.11467.com/qiye/29405691.htm
安徽峰拓金融信息服务有限公司,http://www.11467.com/qiye/29409125.htm
北京百分金融信息服务有限公司,http://www.11467.com/qiye/29415831.htm
安徽省南洋金融信息服务有限公司,http://www.11467.com/qiye/29415920.htm
北京中港锦源融资租赁有限公司,http://www.11467.com/qiye/29436951.htm
安徽金策通金融信息服务有限公司,http://www.11467.com/qiye/29441151.htm
北京天才典当有限公司,http://www.11467.com/qiye/29443194.htm
友众信业金融信息服务（上海）有限公司合肥第一分公司,http://www.11467.com/qiye/29473965.htm
安徽旺川金融信息服务有限公司,http://www.11467.com/qiye/29474380.htm
深圳市财富之家金融网络科技服务有限公司合肥分公司,http://www.11467.com/qiye/29474402.htm
安徽托服金融服务有限公司,http://www.11467.com/qiye/29482791.htm
合肥正宇财务管理有限公司,http://www.11467.com/qiye/29483103.htm
阜阳市华盈恒通贵金属经营有限公司,http://www.11467.com/qiye/29494698.htm
安徽创赢易贷金融信息服务股份有限公司,http://www.11467.com/qiye/29520992.htm
安徽银雁金融外包服务有限公司,http://www.11467.com/qiye/29528082.htm
巢湖市金鼎金融信息服务有限公司,http://www.11467.com/qiye/29528171.htm
安徽以和金融信息服务有限公司,http://www.11467.com/qiye/29528176.htm
汇京融资租赁有限公司,http://www.11467.com/qiye/29551722.htm
中粮财务有限责任公司,http://www.11467.com/qiye/29561832.htm
合肥贺丰财务管理有限公司,http://www.11467.com/qiye/29591244.htm
安徽雷拓金融信息服务有限公司,http://www.11467.com/qiye/29596019.htm
深圳市佰仟金融服务有限公司淮北分公司,http://www.11467.com/qiye/29613467.htm
安徽正淳财务有限公司,http://www.11467.com/qiye/29626306.htm
安徽福汇金融信息服务有限公司,http://www.11467.com/qiye/29627099.htm
安徽赢时胜金融数据互联网科技有限公司,http://www.11467.com/qiye/29646609.htm
宣城景林金融服务有限公司,http://www.11467.com/qiye/29690159.htm
合肥力天世纪金融信息服务有限公司,http://www.11467.com/qiye/29691525.htm
北京梧桐树金融信息服务有限公司,http://www.11467.com/qiye/29697229.htm
北京中赢典当有限公司,http://www.11467.com/qiye/29701166.htm
金银州金融服务外包（北京）有限公司,http://www.11467.com/qiye/29720769.htm
北京万盈睿邦金融信息服务有限公司,http://www.11467.com/qiye/29855954.htm
中瑞方胜金融服务外包（北京）有限公司,http://www.11467.com/qiye/29890037.htm
铜陵格瑞特金融信息服务有限公司,http://www.11467.com/qiye/29896277.htm
安徽习保金融服务外包有限公司,http://www.11467.com/qiye/29920026.htm
国投财务有限公司,http://www.11467.com/qiye/29927269.htm
合肥橄榄树财务管理有限公司,http://www.11467.com/qiye/29933808.htm
合肥共进财务管理有限公司,http://www.11467.com/qiye/29976338.htm
合肥创景财务管理有限公司,http://www.11467.com/qiye/29979906.htm
南京宜玺宁金融信息服务有限公司马鞍山分公司,http://www.11467.com/qiye/29990228.htm
北京协力筑成金融信息服务股份有限公司,http://www.11467.com/qiye/29993402.htm
富道（中国）融资租赁有限公司,http://www.11467.com/qiye/60752872.htm
上海富友支付服务股份有限公司,http://www.11467.com/qiye/60802808.htm
佛山海晟金融租赁股份有限公司,http://www.11467.com/qiye/68894428.htm
江西省金控融资租赁股份有限公司,http://www.11467.com/qiye/73624310.htm
捷信消费金融有限公司,http://www.11467.com/qiye/73944830.htm
天风证券股份有限公司深圳平安金融中心证券营业部,http://www.11467.com/qiye/76027502.htm
邦信融资租赁（深圳）有限公司,http://www.11467.com/qiye/84382135.htm
安徽信安并购基金管理有限公司,http://www.11467.com/qiye/92472005.htm
日照经济技术开发区金马小额贷款有限公司,http://www.11467.com/rizhao/co/31142.htm
遂平县中兴财务管理有限公司,http://www.11467.com/zhumadian/co/30429.htm
邹平县泰丰小额贷款有限公司,http://www.11467.com/binzhou/co/41685.htm
青海省铭爵大宗商品交易中心有限公司,http://www.11467.com/xining/co/28817.htm
四川鑫博非融资担保有限责任公司,http://www.11467.com/suining/co/11810.htm
南通富鼎投资管理有限公司,http://www.11467.com/nantong/co/140554.htm
西安鑫慧财务管理有限公司,http://www.11467.com/xian/co/127965.htm
陕西鼎盛鑫投资有限公司,http://www.11467.com/xianyang/co/25055.htm
上海利诺财务咨询有限公司,http://www.11467.com/shanghai/co/980092.htm
武汉鑫久发投资咨询有限公司,http://www.11467.com/wuhan/co/149737.htm
江西金玉堂贵金属投资有限公司,http://www.11467.com/ganzhou/co/35688.htm
深圳市志盛投资有限责任公司,http://www.11467.com/shenzhen/co/813970.htm
唐山信合投资咨询有限公司,http://www.11467.com/tangshan/co/83399.htm
合肥易思诺财税服务有限公司,http://www.11467.com/hefei/co/141675.htm
汶川东州典当有限公司,http://www.11467.com/aba/co/6626.htm
阿克苏广进典当有限责任公司,http://www.11467.com/akesu/co/7567.htm
潜山县皖顺财务咨询有限责任公司,http://www.11467.com/anqing/co/29302.htm
安庆市泰来财务咨询服务有限公司,http://www.11467.com/anqing/co/31827.htm
枞阳县精诚财务咨询有限公司,http://www.11467.com/anqing/co/34376.htm
鞍山科技创业投资有限责任公司,http://www.11467.com/anshan/co/52469.htm
马鞍山汇友寄卖有限公司,http://www.11467.com/anshan/co/78343.htm
马鞍山宝典寄卖有限公司,http://www.11467.com/anshan/co/78119.htm
马鞍山盛泰寄卖有限公司,http://www.11467.com/anshan/co/78121.htm
安顺市宏鑫典当有限责任公司,http://www.11467.com/anshun/co/5133.htm
白城市聚进小额贷款有限责任公司,http://www.11467.com/baicheng/co/20262.htm
白城市众信合小额贷款有限责任公司,http://www.11467.com/baicheng/co/20066.htm
广西百色市华泰典当有限责任公司,http://www.11467.com/baise/co/9194.htm
靖宇县子仟小额贷款有限公司,http://www.11467.com/baishan/co/13192.htm
抚松县富利小额贷款有限公司,http://www.11467.com/baishan/co/13409.htm
长白山保护开发区泰丰小额贷款有限公司,http://www.11467.com/baishan/co/13461.htm
抚松县嘉誉小额贷款有限责任公司,http://www.11467.com/baishan/co/13148.htm
白银市平川区盛华小额贷款有限责任公司,http://www.11467.com/baiyin/co/7011.htm
米易润兴典当有限公司,http://www.11467.com/baoding/co/78178.htm
涿州市文杰财务咨询服务有限公司,http://www.11467.com/baoding/co/71180.htm
巴中市隆嘉典当有限责任公司,http://www.11467.com/bazhong/co/7857.htm
巴中市南江县华成小额贷款股份有限公司,http://www.11467.com/bazhong/co/8282.htm
安徽金管佳财务服务有限公司,http://www.11467.com/bengbu/co/32554.htm
蚌埠广元财务服务有限公司,http://www.11467.com/bengbu/co/35617.htm
蚌埠中南财务咨询有限公司,http://www.11467.com/bengbu/co/35659.htm
本溪市华厦典当有限责任公司,http://www.11467.com/benxi/co/16665.htm
本溪满族自治县万宝典当有限责任公司,http://www.11467.com/benxi/co/26565.htm
滨州市鲁华典当有限责任公司,http://www.11467.com/binzhou/co/34247.htm
博兴县惠丰小额贷款有限公司,http://www.11467.com/binzhou/co/38063.htm
无棣县丰泽典当有限责任公司,http://www.11467.com/binzhou/co/12880.htm
惠民县汇丰典当有限公司,http://www.11467.com/binzhou/co/30323.htm
山东滨州庚辰财务咨询有限公司,http://www.11467.com/binzhou/co/36474.htm
阳信县汇通小额贷款有限公司,http://www.11467.com/binzhou/co/36869.htm
任丘市通合小额贷款有限公司,http://www.11467.com/cangzhou/co/66066.htm
沧州银信典当有限公司新华分公司,http://www.11467.com/cangzhou/co/48005.htm
沧州银恒丰典当有限公司,http://www.11467.com/cangzhou/co/53190.htm
沧州市众帮财务咨询有限公司,http://www.11467.com/cangzhou/co/46806.htm
长春市信德小额贷款有限责任公司,http://www.11467.com/changchun/co/104441.htm
长春市信邦小额贷款有限责任公司,http://www.11467.com/changchun/co/104961.htm
长春凯拓财务咨询有限公司,http://www.11467.com/changchun/co/94458.htm
吉林省金路典当有限责任公司,http://www.11467.com/changchun/co/92772.htm
榆树市万融财务咨询有限责任公司,http://www.11467.com/changchun/co/93632.htm
吉林省吉兴典当有限公司,http://www.11467.com/changchun/co/63704.htm
榆树市昊祁典当有限公司,http://www.11467.com/changchun/co/93287.htm
吉林富通典当有限公司,http://www.11467.com/changchun/co/93517.htm
德惠市嘉丰小额贷款有限公司,http://www.11467.com/changchun/co/103342.htm
长春海纳小额贷款有限责任公司,http://www.11467.com/changchun/co/101599.htm
德惠市信达小额贷款有限公司,http://www.11467.com/changchun/co/97684.htm
长春市汇隆小额贷款有限公司,http://www.11467.com/changchun/co/99349.htm
长春恒信典当有限责任公司,http://www.11467.com/changchun/co/45841.htm
长春合众财务咨询有限公司,http://www.11467.com/changchun/co/84155.htm
长春市湘商小额贷款有限公司,http://www.11467.com/changchun/co/98235.htm
长春市恺丰小额贷款有限公司,http://www.11467.com/changchun/co/104355.htm
长春市汇鹏小额贷款有限责任公司,http://www.11467.com/changchun/co/99540.htm
吉林省金诚典当有限责任公司,http://www.11467.com/changchun/co/63025.htm
汉寿县天融小额贷款有限公司,http://www.11467.com/changde/co/35835.htm
长沙德丰财务咨询有限公司,http://www.11467.com/changsha/co/123262.htm
长沙高新开发区力源小额贷款有限责任公司,http://www.11467.com/changsha/co/126232.htm
长沙吉信财务咨询有限公司,http://www.11467.com/changsha/co/107943.htm
长沙高新开发区思源小额贷款有限公司,http://www.11467.com/changsha/co/127882.htm
长沙汇金典当有限公司,http://www.11467.com/changsha/co/113769.htm
长沙市芙蓉区润泰财务咨询有限公司,http://www.11467.com/changsha/co/114846.htm
长沙远程财务咨询有限公司,http://www.11467.com/changsha/co/106362.htm
长沙智敏财务咨询有限公司,http://www.11467.com/changsha/co/105278.htm
长沙市伍佰财务咨询有限公司,http://www.11467.com/changsha/co/117052.htm
长沙市岳麓区华信小额贷款有限公司,http://www.11467.com/changsha/co/132911.htm
湖南荣泰坤财务顾问有限公司,http://www.11467.com/changsha/co/118289.htm
宁乡县鑫源小额贷款有限公司,http://www.11467.com/changsha/co/124712.htm
湖南博丰投资担保有限公司,http://www.11467.com/changsha/co/50581.htm
长沙巨邦财务咨询有限公司,http://www.11467.com/changsha/co/132132.htm
长沙友鑫财务咨询有限公司,http://www.11467.com/changsha/co/117950.htm
山西诚义隆寄卖有限公司,http://www.11467.com/changzhi/co/30593.htm
山西融信汇通寄卖有限公司,http://www.11467.com/changzhi/co/31683.htm
山西汇丰典当行有限责任公司长治分公司,http://www.11467.com/changzhi/co/31219.htm
上海丰实财务咨询有限公司,http://www.11467.com/changzhi/co/27910.htm
常州典当有限责任公司,http://www.11467.com/changzhou/co/76439.htm
江苏钢之诚投资担保有限公司,http://www.11467.com/changzhou/co/50267.htm
江苏创恒财务咨询管理有限公司,http://www.11467.com/changzhou/co/145258.htm
江苏新誉典当有限公司,http://www.11467.com/changzhou/co/144046.htm
常州市百度财务咨询有限公司,http://www.11467.com/changzhou/co/141308.htm
常州许氏典当有限责任公司,http://www.11467.com/changzhou/co/57784.htm
安徽金信典当有限公司,http://www.11467.com/chaohu/co/19085.htm
无为华洲财务咨询服务有限公司,http://www.11467.com/chaohu/co/20507.htm
无为邦诺典当有限责任公司,http://www.11467.com/chaohu/co/17051.htm
巢湖市润翔财务咨询服务有限公司,http://www.11467.com/chaohu/co/19614.htm
庐江县邦信典当有限责任公司,http://www.11467.com/chaohu/co/19089.htm
太和汇丰寄卖有限公司,http://www.11467.com/chaohu/co/20643.htm
无为县永瑞财务咨询有限公司,http://www.11467.com/chaohu/co/16789.htm
朝阳金桥典当行有限公司,http://www.11467.com/chaoyang/co/20693.htm
潮州市智富财务咨询有限公司,http://www.11467.com/chaozhou/co/33694.htm
兴隆县惠商科技小额贷款有限责任公司,http://www.11467.com/chengde/co/30267.htm
宽城满族自治县中达扶贫小额贷款有限公司,http://www.11467.com/chengde/co/30243.htm
兴隆县金富安扶贫小额贷款有限公司,http://www.11467.com/chengde/co/29081.htm
丰宁满族自治县金硅科技小额贷款有限公司,http://www.11467.com/chengde/co/29457.htm
平泉县山庄同兴小额贷款有限公司,http://www.11467.com/chengde/co/30848.htm
承德德生典当有限责任公司,http://www.11467.com/chengde/co/21137.htm
承德市双桥区祥皓小额贷款有限公司,http://www.11467.com/chengde/co/31200.htm
围场满族蒙古族自治县立信小额贷款有限公司,http://www.11467.com/chengde/co/31195.htm
承德县友邦达小额贷款有限公司,http://www.11467.com/chengde/co/31468.htm
成都高新区高投小额贷款有限公司,http://www.11467.com/chengdu/co/240511.htm
成都共荣路财务管理有限公司,http://www.11467.com/chengdu/co/194587.htm
成都多家财务咨询有限公司,http://www.11467.com/chengdu/co/210896.htm
成都金桥亨通财务管理顾问有限公司,http://www.11467.com/chengdu/co/150565.htm
成都平友财务咨询有限公司,http://www.11467.com/chengdu/co/184379.htm
成都市龙泉驿区誉诚小额贷款有限公司,http://www.11467.com/chengdu/co/219930.htm
成都好助手财务咨询有限公司,http://www.11467.com/chengdu/co/146791.htm
成都东伦财务咨询有限公司,http://www.11467.com/chengdu/co/177085.htm
成都市量本利财务咨询有限公司,http://www.11467.com/chengdu/co/153506.htm
成都人和财务咨询有限责任公司,http://www.11467.com/chengdu/co/186819.htm
成都市宏伟财务咨询有限公司第一分公司,http://www.11467.com/chengdu/co/149233.htm
成都贝金财务咨询有限公司,http://www.11467.com/chengdu/co/143340.htm
成都融誉财务咨询有限公司,http://www.11467.com/chengdu/co/145642.htm
成都同达财务咨询有限公司,http://www.11467.com/chengdu/co/200134.htm
成都和学财务咨询有限公司,http://www.11467.com/chengdu/co/152999.htm
成都金来财务咨询有限公司,http://www.11467.com/chengdu/co/186520.htm
成都大家财务咨询有限公司,http://www.11467.com/chengdu/co/210754.htm
成都市君驰财务咨询服务有限公司,http://www.11467.com/chengdu/co/154066.htm
成都彭州同汇小额贷款有限公司,http://www.11467.com/chengdu/co/230799.htm
成都俊锋财务管理有限公司,http://www.11467.com/chengdu/co/208485.htm
成都融诚财务咨询有限公司,http://www.11467.com/chengdu/co/154051.htm
成都宇翔财务咨询有限公司,http://www.11467.com/chengdu/co/143314.htm
成都兴苑财务管理有限公司,http://www.11467.com/chengdu/co/209931.htm
成都六要素财务管理有限公司,http://www.11467.com/chengdu/co/200168.htm
成都美源财务咨询有限公司,http://www.11467.com/chengdu/co/209114.htm
成都禾森典当有限公司,http://www.11467.com/chengdu/co/185835.htm
成都易数财务管理有限公司,http://www.11467.com/chengdu/co/203563.htm
成都佳韵财务管理有限公司,http://www.11467.com/chengdu/co/177793.htm
四川鑫富典当有限责任公司,http://www.11467.com/chengdu/co/197075.htm
成都青羊中融汇小额贷款有限责任公司,http://www.11467.com/chengdu/co/237066.htm
成都市锦江区世达小额贷款有限责任公司,http://www.11467.com/chengdu/co/241236.htm
成都迎晖财务咨询有限公司,http://www.11467.com/chengdu/co/200635.htm
成都市中穗财务咨询有限公司,http://www.11467.com/chengdu/co/195173.htm
成都市高新区鑫鸿泰小额贷款有限公司,http://www.11467.com/chengdu/co/223680.htm
成都市融通典当有限责任公司,http://www.11467.com/chengdu/co/45105.htm
成都市民生典当有限责任公司,http://www.11467.com/chengdu/co/47570.htm
成都金顺通财务管理有限责任公司,http://www.11467.com/chengdu/co/173039.htm
成都智中智财务咨询有限公司,http://www.11467.com/chengdu/co/153813.htm
东方电气集团财务有限公司,http://www.11467.com/chengdu/co/53016.htm
成都市松君财务有限公司,http://www.11467.com/chengdu/co/184446.htm
四川嘉泰财务管理有限公司,http://www.11467.com/chengdu/co/197224.htm
成都托福典当有限责任公司,http://www.11467.com/chengdu/co/179179.htm
成都河河财务管理有限公司,http://www.11467.com/chengdu/co/208554.htm
成都市青羊鑫帝小额贷款有限公司,http://www.11467.com/chengdu/co/239844.htm
成都新豪财务服务有限公司,http://www.11467.com/chengdu/co/188049.htm
成都鑫昱财务咨询有限公司,http://www.11467.com/chengdu/co/147746.htm
成都市武侯区民丰小额贷款有限公司,http://www.11467.com/chengdu/co/230184.htm
成都伽珩财务咨询有限公司,http://www.11467.com/chengdu/co/181142.htm
成都信达智业财务管理有限公司,http://www.11467.com/chengdu/co/208256.htm
成都臻程财务咨询管理有限公司,http://www.11467.com/chengdu/co/149739.htm
都江堰市中信财务咨询有限公司,http://www.11467.com/chengdu/co/153440.htm
彭州市佳合财务有限公司,http://www.11467.com/chengdu/co/207270.htm
成都市武侯区瑞中瑞小额贷款股份有限公司,http://www.11467.com/chengdu/co/234524.htm
成都钰源财务咨询有限公司,http://www.11467.com/chengdu/co/153802.htm
成都贝积财务管理有限公司,http://www.11467.com/chengdu/co/172836.htm
四川青鸟典当有限公司,http://www.11467.com/chengdu/co/208389.htm
四川升源典当有限公司,http://www.11467.com/chengdu/co/198091.htm
四川神州财务管理有限公司,http://www.11467.com/chengdu/co/192835.htm
四川金诺典当有限公司,http://www.11467.com/chengdu/co/198284.htm
成都鑫晶财务咨询有限公司,http://www.11467.com/chengdu/co/197490.htm
四川天辅财务管理有限公司,http://www.11467.com/chengdu/co/209594.htm
四川省蓝洋小额贷款股份有限公司,http://www.11467.com/chengdu/co/229401.htm
成都天祥利达财务咨询有限公司,http://www.11467.com/chengdu/co/154078.htm
成都市鸿达茂典财务咨询有限公司,http://www.11467.com/chengdu/co/144847.htm
郫县公信财务咨询服务有限责任公司,http://www.11467.com/chengdu/co/153846.htm
四川春源典当有限责任公司,http://www.11467.com/chengdu/co/197089.htm
四川东行典当有限责任公司,http://www.11467.com/chengdu/co/205304.htm
四川晨阳财务咨询有限责任公司,http://www.11467.com/chengdu/co/153548.htm
成都中税博思财务咨询有限责任公司,http://www.11467.com/chengdu/co/181288.htm
成都永道财务咨询有限公司,http://www.11467.com/chengdu/co/153411.htm
成都优联财务咨询有限责任公司,http://www.11467.com/chengdu/co/153924.htm
成都数一数二财务管理有限公司,http://www.11467.com/chengdu/co/196096.htm
四川省新力投资有限公司,http://www.11467.com/chengdu/co/73829.htm
郴州市苏仙区汇隆小额贷款有限公司,http://www.11467.com/chenzhou/co/24349.htm
湖南省旭丰典当有限公司,http://www.11467.com/chenzhou/co/23049.htm
湖南永丰典当有限责任公司,http://www.11467.com/chenzhou/co/22741.htm
郴州市苏仙区汇金小额贷款有限公司,http://www.11467.com/chenzhou/co/24208.htm
上海瑞泓财务咨询有限公司,http://www.11467.com/chifeng/co/24578.htm
上海瑞意财务咨询有限公司,http://www.11467.com/chifeng/co/24413.htm
池州市金典财务咨询有限公司,http://www.11467.com/chizhou/co/11666.htm
池州市贵池区汇金小额贷款有限责任公司,http://www.11467.com/chizhou/co/10366.htm
池州市徽丰小额贷款股份有限公司,http://www.11467.com/chizhou/co/11510.htm
东至县小诸葛财务咨询有限公司,http://www.11467.com/chizhou/co/9393.htm
滁州市森曦财务服务有限公司,http://www.11467.com/chuzhou/co/24771.htm
滁州启德财务咨询有限公司,http://www.11467.com/chuzhou/co/25336.htm
安徽瑞丰典当有限公司,http://www.11467.com/chuzhou/co/26011.htm
福建省长乐华创小额贷款股份有限公司,http://www.11467.com/fuzhou/co/190590.htm
福州宏运通财务咨询有限公司,http://www.11467.com/fuzhou/co/177021.htm
福州市鼓楼区睿鑫财务咨询有限公司,http://www.11467.com/fuzhou/co/170104.htm
福州华远财务咨询有限公司,http://www.11467.com/fuzhou/co/167062.htm
福州市鼓楼区博亚财务咨询有限公司,http://www.11467.com/fuzhou/co/178859.htm
福建忠能财务管理有限公司,http://www.11467.com/fuzhou/co/175793.htm
福建中福典当有限责任公司,http://www.11467.com/fuzhou/co/169689.htm
福州市晋安区奥儿玛尼财务咨询有限公司,http://www.11467.com/fuzhou/co/177033.htm
抚州金巢开发区汇丰小额贷款有限公司,http://www.11467.com/fuzhoushi/co/19556.htm
抚州市临川区东方中信小额贷款有限责任公司,http://www.11467.com/fuzhoushi/co/19659.htm
赣州金点子财务咨询有限公司,http://www.11467.com/ganzhou/co/30018.htm
广安汉林典当有限责任公司,http://www.11467.com/guangan/co/15672.htm
广安兴广财务服务有限公司,http://www.11467.com/guangan/co/14811.htm
广安市益众典当有限责任公司,http://www.11467.com/guangan/co/14666.htm
广元市剑阁县金穗小额贷款有限责任公司,http://www.11467.com/guangyuan/co/19256.htm
广东畅流投资有限公司,http://www.11467.com/guangzhou/co/3710.htm
广东省金金典当行有限责任公司,http://www.11467.com/guangzhou/co/76936.htm
广州科泳财务咨询有限公司,http://www.11467.com/guangzhou/co/453080.htm
大金（中国）投资有限公司广州分公司,http://www.11467.com/guangzhou/co/31547.htm
广州市今山财务咨询有限公司,http://www.11467.com/guangzhou/co/438699.htm
广州明运财务咨询有限公司,http://www.11467.com/guangzhou/co/454600.htm
广州市昊宏财务咨询服务有限公司,http://www.11467.com/guangzhou/co/454331.htm
广州市白云合银泰富小额贷款股份有限公司,http://www.11467.com/guangzhou/co/485077.htm
广州市同合财务咨询有限公司,http://www.11467.com/guangzhou/co/439019.htm
广州市商商德久财务咨询有限公司,http://www.11467.com/guangzhou/co/439054.htm
广州市品良财务咨询服务有限公司,http://www.11467.com/guangzhou/co/438269.htm
广州万顷达财务咨询有限公司,http://www.11467.com/guangzhou/co/453920.htm
广州市怡兴丰财务咨询有限公司,http://www.11467.com/guangzhou/co/453625.htm
广州南沙资产经营有限公司,http://www.11467.com/guangzhou/co/55079.htm
广州市中瑞财务咨询有限公司,http://www.11467.com/guangzhou/co/438310.htm
广州市银融典当有限责任公司,http://www.11467.com/guangzhou/co/31639.htm
亨氏（中国）投资有限公司,http://www.11467.com/guangzhou/co/31688.htm
广州燊辉财务咨询有限公司,http://www.11467.com/guangzhou/co/438899.htm
桂林市金徽典当有限责任公司,http://www.11467.com/guilin/co/31682.htm
桂林忠信财务咨询服务有限责任公司,http://www.11467.com/guilin/co/48315.htm
兴安县鸿源小额贷款有限责任公司,http://www.11467.com/guilin/co/51387.htm
贵州世联投资有限公司,http://www.11467.com/guiyang/co/33867.htm
哈尔滨均信投资担保有限公司,http://www.11467.com/haerbin/co/32112.htm
哈尔滨市金龙典当有限责任公司,http://www.11467.com/haerbin/co/33599.htm
格尔木钜金典当有限责任公司,http://www.11467.com/haixi/co/3577.htm
曲周县奇仪科技小额贷款有限公司,http://www.11467.com/handan/co/70320.htm
邯郸市正通典当行有限公司,http://www.11467.com/handan/co/40380.htm
邯郸县新元资产运营有限公司,http://www.11467.com/handan/co/43669.htm
杭州大衍财务咨询有限公司,http://www.11467.com/hangzhou/co/363066.htm
杭州晨阳财务咨询有限公司,http://www.11467.com/hangzhou/co/317017.htm
杭州广益财务咨询有限公司,http://www.11467.com/hangzhou/co/328584.htm
杭州必达财务管理有限公司,http://www.11467.com/hangzhou/co/342791.htm
杭州宏正财务咨询有限公司,http://www.11467.com/hangzhou/co/328614.htm
杭州鸿毅财务咨询管理有限公司,http://www.11467.com/hangzhou/co/355110.htm
杭州九合财务咨询有限公司,http://www.11467.com/hangzhou/co/328030.htm
杭州君安典当有限责任公司,http://www.11467.com/hangzhou/co/318196.htm
杭州郡朗财务咨询有限公司,http://www.11467.com/hangzhou/co/316221.htm
杭州都哈财务咨询有限公司,http://www.11467.com/hangzhou/co/328511.htm
杭州友博财务咨询有限公司,http://www.11467.com/hangzhou/co/351702.htm
杭州纪宏财务咨询有限公司,http://www.11467.com/hangzhou/co/318550.htm
杭州理衡财务咨询有限公司,http://www.11467.com/hangzhou/co/321811.htm
杭州鑫典财务咨询有限公司,http://www.11467.com/hangzhou/co/355439.htm
杭州楚宏财务咨询有限公司,http://www.11467.com/hangzhou/co/319204.htm
杭州会和财务咨询有限公司,http://www.11467.com/hangzhou/co/327877.htm
杭州乐于财务咨询有限公司,http://www.11467.com/hangzhou/co/328569.htm
杭州文轩财务咨询有限公司,http://www.11467.com/hangzhou/co/318565.htm
杭州弘明财务咨询有限公司,http://www.11467.com/hangzhou/co/363853.htm
杭州宏源财务咨询有限公司,http://www.11467.com/hangzhou/co/327903.htm
杭州萧邦财务咨询有限公司,http://www.11467.com/hangzhou/co/314424.htm
杭州金瀚财务咨询管理有限公司,http://www.11467.com/hangzhou/co/328120.htm
杭州企银财务管理有限公司,http://www.11467.com/hangzhou/co/349490.htm
杭州金坤典当有限责任公司,http://www.11467.com/hangzhou/co/322573.htm
建德市新兴安财务咨询有限公司,http://www.11467.com/hangzhou/co/320726.htm
杭州优溢财务咨询有限公司,http://www.11467.com/hangzhou/co/322020.htm
杭州天元典当有限责任公司,http://www.11467.com/hangzhou/co/350413.htm
杭州天翼财务咨询有限公司,http://www.11467.com/hangzhou/co/363910.htm
杭州弘智财务咨询有限公司,http://www.11467.com/hangzhou/co/351951.htm
临安金墙典当有限责任公司,http://www.11467.com/hangzhou/co/348395.htm
杭州永邦财务咨询有限公司,http://www.11467.com/hangzhou/co/363930.htm
杭州臻言财务咨询有限公司,http://www.11467.com/hangzhou/co/322265.htm
浙江康瑞投资有限公司,http://www.11467.com/hangzhou/co/144811.htm
浙江美通典当有限责任公司,http://www.11467.com/hangzhou/co/351794.htm
桐庐富民典当有限责任公司,http://www.11467.com/hangzhou/co/357780.htm
浙江永邦典当有限责任公司,http://www.11467.com/hangzhou/co/318879.htm
浙江浙商典当有限责任公司萧山分公司,http://www.11467.com/hangzhou/co/353008.htm
杭州智展财务咨询有限公司,http://www.11467.com/hangzhou/co/313640.htm
杭州哈多财务咨询有限公司,http://www.11467.com/hangzhou/co/316253.htm
浙江明大典当有限责任公司,http://www.11467.com/hangzhou/co/352022.htm
鹤壁市融达财务咨询有限公司,http://www.11467.com/hebi/co/10302.htm
安徽安源典当有限公司,http://www.11467.com/hefei/co/118552.htm
安徽肥东中瑞小额贷款股份有限公司,http://www.11467.com/hefei/co/122408.htm
安徽名鎏典当有限责任公司,http://www.11467.com/hefei/co/121146.htm
安徽省金丰典当有限公司,http://www.11467.com/hefei/co/78635.htm
合肥层峰财务咨询管理有限公司,http://www.11467.com/hefei/co/123456.htm
安徽金鑫典当有限责任公司,http://www.11467.com/hefei/co/49438.htm
安徽中衡保险公估有限公司,http://www.11467.com/hefei/co/118594.htm
长丰县全程财务咨询有限公司,http://www.11467.com/hefei/co/127818.htm
合肥汇通财务咨询有限公司,http://www.11467.com/hefei/co/120217.htm
肥西众鑫财务咨询服务有限公司,http://www.11467.com/hefei/co/118896.htm
合肥鸿儒财务咨询有限公司,http://www.11467.com/hefei/co/127264.htm
合肥市包河区中小企业信用担保有限公司,http://www.11467.com/hefei/co/61377.htm
合肥中轩财务咨询有限公司,http://www.11467.com/hefei/co/117104.htm
合肥成林财务咨询有限公司,http://www.11467.com/hefei/co/116032.htm
合肥美时典当有限公司,http://www.11467.com/hefei/co/121514.htm
合肥南方集体资产经营有限责任公司,http://www.11467.com/hefei/co/60961.htm
安徽省宏基典当有限公司,http://www.11467.com/hefei/co/117066.htm
合肥求正财务咨询有限公司,http://www.11467.com/hefei/co/105522.htm
合肥鑫庐财务管理有限公司,http://www.11467.com/hefei/co/114457.htm
合肥天虹财务咨询有限公司,http://www.11467.com/hefei/co/105599.htm
安徽泰和典当有限公司,http://www.11467.com/hefei/co/117752.htm
合肥宏伟财务咨询有限公司,http://www.11467.com/hefei/co/125719.htm
合肥国信小额贷款有限公司,http://www.11467.com/hefei/co/130500.htm
安徽泰升典当有限公司,http://www.11467.com/hefei/co/123422.htm
合肥市祥睿寄卖有限公司,http://www.11467.com/hefei/co/130661.htm
合肥尚正财务咨询有限公司,http://www.11467.com/hefei/co/122529.htm
安徽永保财务管理有限责任公司,http://www.11467.com/hefei/co/114661.htm
合肥鑫和财务咨询有限公司,http://www.11467.com/hefei/co/131314.htm
合肥玖号典当有限公司,http://www.11467.com/hefei/co/129594.htm
阿荣旗衡达小额贷款有限公司,http://www.11467.com/hegang/co/11073.htm
衡水鑫通财务咨询服务有限公司,http://www.11467.com/hengshui/co/30183.htm
衡水燕赵蓝天典当有限公司,http://www.11467.com/hengshui/co/32316.htm
衡阳市雁峰区弘毅小额贷款有限公司,http://www.11467.com/hengyang/co/32579.htm
衡阳市零点财务咨询有限责任公司,http://www.11467.com/hengyang/co/30771.htm
衡阳诚铭财务咨询有限公司,http://www.11467.com/hengyang/co/30713.htm
衡南县保华实业有限公司至诚寄卖部,http://www.11467.com/hengyang/co/31101.htm
衡阳市松木经济开发区威湘小额贷款有限公司,http://www.11467.com/hengyang/co/31600.htm
衡阳市珠晖区嘉信小额贷款有限公司,http://www.11467.com/hengyang/co/31610.htm
东源县融盛典当有限公司,http://www.11467.com/heyuan/co/17265.htm
单县中菏华财务咨询有限公司,http://www.11467.com/heze/co/27589.htm
郓城县华灵汇商小额贷款有限公司,http://www.11467.com/heze/co/38771.htm
鄄城县汇兴小额贷款有限责任公司,http://www.11467.com/heze/co/37497.htm
菏泽劳联财务咨询服务有限公司,http://www.11467.com/heze/co/32927.htm
红河州振合典当有限责任公司,http://www.11467.com/honghe/co/16662.htm
淮安市金源典当有限公司,http://www.11467.com/huaian/co/26165.htm
淮安市民信担保有限公司,http://www.11467.com/huaian/co/28598.htm
泗洪县盛达咨询担保有限公司,http://www.11467.com/huaian/co/24030.htm
淮安锐卓财务咨询有限公司,http://www.11467.com/huaian/co/48353.htm
淮北市恒丰典当有限责任公司,http://www.11467.com/huaibei/co/15707.htm
淮北汇邦小额贷款有限公司,http://www.11467.com/huaibei/co/18698.htm
淮北市互信典当有限公司,http://www.11467.com/huaibei/co/6864.htm
淮北敬诚财务咨询有限公司,http://www.11467.com/huaibei/co/17795.htm
淮南市正元小额贷款有限公司,http://www.11467.com/huainan/co/21552.htm
淮南市九鼎小额贷款有限责任公司,http://www.11467.com/huainan/co/21663.htm
凤台县正恒典当有限公司,http://www.11467.com/huainan/co/19478.htm
黄山市晟元财务咨询服务有限公司,http://www.11467.com/huangshan/co/16886.htm
内蒙古常欣财务咨询有限责任公司,http://www.11467.com/huhehaote/co/29966.htm
惠州市鑫汇典当有限公司,http://www.11467.com/huizhou/co/95126.htm
惠州市天健财务顾问有限公司,http://www.11467.com/huizhou/co/96167.htm
惠州市万隆典当有限公司,http://www.11467.com/huizhou/co/87123.htm
惠州市创汇佳典当有限公司,http://www.11467.com/huizhou/co/92128.htm
惠州市建诚财务咨询服务有限公司,http://www.11467.com/huizhou/co/84388.htm
惠州市威特恩财务咨询服务有限公司,http://www.11467.com/huizhou/co/92448.htm
惠州市鸿福财务管理顾问有限公司,http://www.11467.com/huizhou/co/95163.htm
金华市世弘典当有限责任公司,http://www.11467.com/jinhua/co/85327.htm
浙江华为典当有限责任公司,http://www.11467.com/jinhua/co/37823.htm
兰溪市恒通典当有限责任公司义乌分公司,http://www.11467.com/jinhua/co/110051.htm
义乌市鼎源典当有限责任公司东阳分公司,http://www.11467.com/jinhua/co/108788.htm
济宁市任城区金宇小额贷款有限公司,http://www.11467.com/jining/co/77015.htm
济宁市通用典当有限责任公司,http://www.11467.com/jining/co/37141.htm
济宁融翔典当有限责任公司,http://www.11467.com/jining/co/68088.htm
济宁市永大典当有限责任公司,http://www.11467.com/jining/co/41571.htm
济宁嘉元典当有限公司,http://www.11467.com/jining/co/67826.htm
济宁优安达财务咨询有限公司,http://www.11467.com/jining/co/57147.htm
山东浙鲁投资担保有限公司,http://www.11467.com/jining/co/28510.htm
鱼台县鲁通小额贷款有限责任公司,http://www.11467.com/jining/co/77113.htm
邹城市乾元小额贷款有限公司,http://www.11467.com/jining/co/76944.htm
金乡县鑫诺小额贷款有限责任公司,http://www.11467.com/jining/co/83528.htm
灵石县泰和典当有限公司,http://www.11467.com/jinzhong/co/26857.htm
晋中市福隆典当有限责任公司,http://www.11467.com/jinzhong/co/23875.htm
晋中市宝硕通典当有限公司,http://www.11467.com/jinzhong/co/26748.htm
晋中开发区鑫隆兴寄卖有限公司,http://www.11467.com/jinzhong/co/26869.htm
锦州东祥典当有限责任公司,http://www.11467.com/jinzhou/co/31011.htm
锦州市东升典当有限责任公司,http://www.11467.com/jinzhou/co/41049.htm
都昌县华宝小额贷款股份有限公司,http://www.11467.com/jiujiang/co/27470.htm
九江市丰源财务咨询服务有限公司,http://www.11467.com/jiujiang/co/22813.htm
酒泉市肃州区龙德盛小额贷款股份有限公司,http://www.11467.com/jiuquan/co/11974.htm
敦煌市德金小额贷款有限责任公司,http://www.11467.com/jiuquan/co/12161.htm
酒泉市肃州区晋元小额贷款有限责任公司,http://www.11467.com/jiuquan/co/12834.htm
酒泉市肃州区酒鼎小额贷款有限责任公司,http://www.11467.com/jiuquan/co/12835.htm
酒泉市金塔县西域阳光小额贷款有限责任公司,http://www.11467.com/jiuquan/co/12423.htm
敦煌市金渊小额贷款有限责任公司,http://www.11467.com/jiuquan/co/12163.htm
开封市金隆典当有限责任公司,http://www.11467.com/kaifeng/co/9687.htm
开封市龙亭区金盛小额贷款有限公司,http://www.11467.com/kaifeng/co/22073.htm
开封市开封新区开宝小额贷款有限公司,http://www.11467.com/kaifeng/co/21417.htm
昆明市盘龙区惠祥小额贷款有限公司,http://www.11467.com/kunming/co/132153.htm
来宾市开成财务咨询服务有限公司,http://www.11467.com/laibin/co/4622.htm
莱芜融信典当有限公司,http://www.11467.com/laiwu/co/12705.htm
莱芜金磊典当有限公司,http://www.11467.com/laiwu/co/12933.htm
三河市泊利科技小额贷款有限公司,http://www.11467.com/langfang/co/51609.htm
三河市恒鑫源财务咨询有限公司,http://www.11467.com/langfang/co/41825.htm
霸州市信龙典当有限责任公司,http://www.11467.com/langfang/co/43783.htm
廊坊市宏金财务管理服务有限公司,http://www.11467.com/langfang/co/43365.htm
廊坊市宏伟典当有限公司,http://www.11467.com/langfang/co/43896.htm
兰州市安宁区隆汇小额贷款有限责任公司,http://www.11467.com/lanzhou/co/83717.htm
兰州市七里河区华隆小额贷款有限责任公司,http://www.11467.com/lanzhou/co/85200.htm
金昌市永昌县合信小额贷款有限责任公司,http://www.11467.com/lanzhou/co/85105.htm
兰州宏海典当有限责任公司,http://www.11467.com/lanzhou/co/58610.htm
兰州市七里河区银信小额贷款有限责任公司,http://www.11467.com/lanzhou/co/81048.htm
兰州云翔典当有限责任公司,http://www.11467.com/lanzhou/co/47693.htm
兰州汇通投资担保有限公司,http://www.11467.com/lanzhou/co/31962.htm
兰州市城关区银海小额贷款股份有限公司,http://www.11467.com/lanzhou/co/82363.htm
兰州金荣典当有限责任公司,http://www.11467.com/lanzhou/co/51478.htm
兰州天信典当有限责任公司,http://www.11467.com/lanzhou/co/61591.htm
乐山市马边彝族自治县瑞丰小额贷款有限责任公司,http://www.11467.com/leshan/co/23779.htm
乐山市沐川县宏泰小额贷款有限公司,http://www.11467.com/leshan/co/23816.htm
夹江县银丰典当有限责任公司,http://www.11467.com/leshan/co/23364.htm
西昌市全鑫小额贷款有限公司,http://www.11467.com/liangshan/co/18019.htm
凉山州建昌典当有限责任公司,http://www.11467.com/liangshan/co/17009.htm
凉山州会东县恒信小额贷款有限责任公司,http://www.11467.com/liangshan/co/17675.htm
凉山州信德典当有限责任公司,http://www.11467.com/liangshan/co/15591.htm
江苏永发投资担保有限公司,http://www.11467.com/lianyungang/co/14824.htm
连云港百年财务管理有限公司,http://www.11467.com/lianyungang/co/36537.htm
连云港市万盛典当行有限公司,http://www.11467.com/lianyungang/co/18443.htm
连云港市安德典当有限责任公司连云分公司,http://www.11467.com/lianyungang/co/39595.htm
连云港福鼎投资担保有限公司,http://www.11467.com/lianyungang/co/14954.htm
江苏鼎豪投资担保有限公司,http://www.11467.com/lianyungang/co/14828.htm
连云港大账房财务管理有限公司,http://www.11467.com/lianyungang/co/38878.htm
连云港金成财务管理有限公司,http://www.11467.com/lianyungang/co/42427.htm
连云港市安德典当有限责任公司,http://www.11467.com/lianyungang/co/23403.htm
连云港君越财务咨询有限公司,http://www.11467.com/lianyungang/co/33731.htm
江苏明珠投资担保有限公司,http://www.11467.com/lianyungang/co/14822.htm
聊城市方圆典当有限责任公司,http://www.11467.com/liaocheng/co/21998.htm
聊城和信财务咨询有限公司,http://www.11467.com/liaocheng/co/39672.htm
莘县恒通小额贷款有限公司,http://www.11467.com/liaocheng/co/56847.htm
聊城市东昌府区鼎诚小额贷款有限公司,http://www.11467.com/liaocheng/co/53792.htm
聊城市鲁信典当有限责任公司,http://www.11467.com/liaocheng/co/39329.htm
聊城市开发区威浩财务咨询有限公司,http://www.11467.com/liaocheng/co/49230.htm
聊城市东昌府区百诺鑫合小额贷款股份有限公司,http://www.11467.com/liaocheng/co/54305.htm
辽阳县正德小额贷款股份有限公司,http://www.11467.com/liaoyang/co/25125.htm
辽阳市白塔典当有限责任公司,http://www.11467.com/liaoyang/co/19447.htm
辽源市诚迅财务咨询服务有限公司,http://www.11467.com/liaoyuan/co/9165.htm
玉龙县银丰小额贷款有限公司,http://www.11467.com/lijiang/co/5256.htm
浮山县尧信财务咨询有限公司,http://www.11467.com/linfen/co/37458.htm
临汾市尧都区东方圆财务咨询有限公司,http://www.11467.com/linfen/co/37656.htm
翼城县恒瑞寄卖有限公司,http://www.11467.com/linfen/co/37760.htm
临汾融兴典当有限公司,http://www.11467.com/linfen/co/36049.htm
临汾市尧都区嘉远财务咨询有限公司,http://www.11467.com/linfen/co/37619.htm
山西大典典当有限责任公司,http://www.11467.com/linfen/co/37754.htm
曲沃县万宝通典典当有限责任公司,http://www.11467.com/linfen/co/37702.htm
临汾市尧都区润宇工程财务咨询有限公司,http://www.11467.com/linfen/co/38333.htm
吉林市源和财务咨询有限公司,http://www.11467.com/linfen/co/38749.htm
临夏市中安小额贷款有限责任公司,http://www.11467.com/linxia/co/7340.htm
莒南县鑫海小额贷款股份有限公司,http://www.11467.com/linyi/co/104986.htm
莒县金鑫典当有限责任公司,http://www.11467.com/linyi/co/52121.htm
临沂汇金典当有限公司,http://www.11467.com/linyi/co/79107.htm
临沂高新区金典财务咨询管理有限公司,http://www.11467.com/linyi/co/93974.htm
沂南县建龙小额贷款股份有限公司,http://www.11467.com/linyi/co/105874.htm
临沂靓颖财务管理有限公司,http://www.11467.com/linyi/co/85051.htm
临沂丰瑞财务管理有限公司,http://www.11467.com/linyi/co/86212.htm
青田天客隆典当有限责任公司,http://www.11467.com/lishui/co/31504.htm
松阳县兴盛投资担保有限公司,http://www.11467.com/lishui/co/13568.htm
六安市鑫宇财务服务有限公司,http://www.11467.com/liuan/co/22233.htm
六安市海诚财务咨询有限公司,http://www.11467.com/liuan/co/20069.htm
六安市星辰财务咨询有限公司,http://www.11467.com/liuan/co/19901.htm
霍山县恒信财务咨询有限公司,http://www.11467.com/liuan/co/17399.htm
安徽天一典当有限公司,http://www.11467.com/liuan/co/19983.htm
寿县焦点财务咨询有限公司,http://www.11467.com/liuan/co/22372.htm
六安市创新小额贷款股份有限公司,http://www.11467.com/liuan/co/24373.htm
六安市永兴财务咨询有限公司,http://www.11467.com/liuan/co/20121.htm
六安鑫鑫财务管理有限公司,http://www.11467.com/liuan/co/18079.htm
六盘水市钟山区民信小额贷款股份有限公司,http://www.11467.com/liupanshui/co/11386.htm
陇南市文县鑫鹏小额贷款有限责任公司,http://www.11467.com/longnan/co/9683.htm
永定县兴鑫小额贷款股份有限公司,http://www.11467.com/longyan/co/29643.htm
漳平市岩品财务咨询有限公司,http://www.11467.com/longyan/co/25104.htm
龙岩新罗区永兴小额贷款股份有限公司,http://www.11467.com/longyan/co/30795.htm
龙岩市永丰新区晟丰小额贷款股份有限公司,http://www.11467.com/longyan/co/29664.htm
涟源市鹏卓小额贷款有限公司,http://www.11467.com/loudi/co/20700.htm
新化县首信小额贷款有限公司,http://www.11467.com/loudi/co/20377.htm
新化县巨典小额贷款有限公司,http://www.11467.com/loudi/co/20719.htm
河南鑫峰财务咨询有限公司,http://www.11467.com/luohe/co/19902.htm
漯河盛兴典当有限公司,http://www.11467.com/luohe/co/12248.htm
洛阳博天财务咨询有限公司,http://www.11467.com/luoyang/co/58327.htm
洛阳永金财务咨询有限公司,http://www.11467.com/luoyang/co/53330.htm
洛阳乾通典当有限公司,http://www.11467.com/luoyang/co/58623.htm
泸州市天一典当有限公司,http://www.11467.com/luzhou/co/9980.htm
叙永县融信寄卖有限责任公司,http://www.11467.com/luzhou/co/22697.htm
泸州古蔺县贝强小额贷款有限公司,http://www.11467.com/luzhou/co/23237.htm
叙永县百川物品寄卖有限公司,http://www.11467.com/luzhou/co/19200.htm
泸州纳溪时雨小额贷款有限公司,http://www.11467.com/luzhou/co/23886.htm
泸州国有资产经营有限公司,http://www.11467.com/luzhou/co/10536.htm
马鞍山华审正大财务咨询有限公司,http://www.11467.com/maanshan/co/24836.htm
马鞍山市鼎惠寄卖有限责任公司,http://www.11467.com/maanshan/co/26360.htm
马鞍山市伟锋寄卖有限公司,http://www.11467.com/maanshan/co/24996.htm
马鞍山龙盈寄卖有限公司,http://www.11467.com/maanshan/co/24840.htm
马鞍山鑫鼎寄卖有限公司,http://www.11467.com/maanshan/co/25354.htm
马鞍山信义寄卖有限公司,http://www.11467.com/maanshan/co/26222.htm
马鞍山明月寄卖有限责任公司,http://www.11467.com/maanshan/co/23752.htm
马鞍山龙啸财务咨询有限公司,http://www.11467.com/maanshan/co/26166.htm
马鞍山市海森寄卖有限公司,http://www.11467.com/maanshan/co/26093.htm
马鞍山市邦诚寄卖有限公司,http://www.11467.com/maanshan/co/26091.htm
马鞍山市艺慧彬财务咨询服务有限公司,http://www.11467.com/maanshan/co/25135.htm
马鞍山安信财务咨询有限公司,http://www.11467.com/maanshan/co/26337.htm
马鞍山市华商寄卖有限公司,http://www.11467.com/maanshan/co/27481.htm
马鞍山市国锐财务咨询有限公司,http://www.11467.com/maanshan/co/23735.htm
安徽宝旺典当有限公司,http://www.11467.com/maanshan/co/25407.htm
眉山市洪雅县川信小额贷款有限公司,http://www.11467.com/meishan/co/17383.htm
峨眉山市鼎鑫财务咨询有限公司,http://www.11467.com/meishan/co/16385.htm
眉山市仁寿县金通达小额贷款股份有限公司,http://www.11467.com/meishan/co/18014.htm
眉山市仁寿县中汇通小额贷款有限责任公司,http://www.11467.com/meishan/co/17594.htm
眉山市仁寿县万事达小额贷款有限公司,http://www.11467.com/meishan/co/18003.htm
梅州益民典当有限公司,http://www.11467.com/meizhou/co/24203.htm
梅州市联众典当有限公司,http://www.11467.com/meizhou/co/26023.htm
兴宁市兴煌典当有限公司,http://www.11467.com/meizhou/co/27428.htm
四川金亿信财务咨询有限公司,http://www.11467.com/mianyang/co/39407.htm
绵阳市鸿兴财务咨询有限公司,http://www.11467.com/mianyang/co/44418.htm
绵阳市三台县泰昌小额贷款有限公司,http://www.11467.com/mianyang/co/48484.htm
江西百业旺财务咨询有限公司,http://www.11467.com/nanchang/co/102077.htm
南昌恒信财务咨询有限公司,http://www.11467.com/nanchang/co/100782.htm
南昌市东湖区融通中信小额贷款有限公司,http://www.11467.com/nanchang/co/111278.htm
南昌百信财务咨询有限公司,http://www.11467.com/nanchang/co/106840.htm
南昌经济技术开发区智信小额贷款有限公司,http://www.11467.com/nanchang/co/113406.htm
南昌市东湖区中金财信小额贷款股份有限公司,http://www.11467.com/nanchang/co/113123.htm
阆中博思达财务管理有限公司,http://www.11467.com/nanchong/co/27918.htm
阆中点石财务咨询有限公司,http://www.11467.com/nanchong/co/28135.htm
南充鑫联财务管理服务有限公司,http://www.11467.com/nanchong/co/28243.htm
南充鑫隆典当有限公司,http://www.11467.com/nanchong/co/28335.htm
江苏钟山典当有限责任公司,http://www.11467.com/nanjing/co/31421.htm
南京道迈财务咨询有限公司,http://www.11467.com/nanjing/co/149628.htm
南京金图财务咨询有限公司,http://www.11467.com/nanjing/co/146559.htm
南京汇创财务顾问有限公司,http://www.11467.com/nanjing/co/149818.htm
南京代畅财务咨询服务有限公司,http://www.11467.com/nanjing/co/142890.htm
南京建信文瑞财务咨询有限公司,http://www.11467.com/nanjing/co/138380.htm
南京瑞禧财务咨询有限公司,http://www.11467.com/nanjing/co/150022.htm
南京博帷达财务咨询有限公司,http://www.11467.com/nanjing/co/141104.htm
南京采之鑫财务管理有限公司,http://www.11467.com/nanjing/co/131621.htm
南京庆松陵财务咨询有限公司,http://www.11467.com/nanjing/co/118517.htm
南京汇正财务咨询服务有限公司,http://www.11467.com/nanjing/co/118412.htm
南京嘉人财务管理有限公司,http://www.11467.com/nanjing/co/148417.htm
南京惠成财务咨询有限公司,http://www.11467.com/nanjing/co/151395.htm
江苏省中天典当行有限公司,http://www.11467.com/nanjing/co/31763.htm
南京久久财务咨询有限公司,http://www.11467.com/nanjing/co/150074.htm
南京万金堤财务咨询有限公司,http://www.11467.com/nanjing/co/143421.htm
南京中紫银财务咨询有限公司,http://www.11467.com/nanjing/co/145352.htm
南京鑫墨财务咨询有限公司,http://www.11467.com/nanjing/co/134066.htm
南京志业财务咨询有限公司,http://www.11467.com/nanjing/co/145580.htm
南京市金瑞典当有限责任公司城东分公司,http://www.11467.com/nanjing/co/144244.htm
南京黛旺财务管理顾问有限公司,http://www.11467.com/nanjing/co/131632.htm
南京天兆世卓财务顾问有限公司,http://www.11467.com/nanjing/co/144035.htm
南京上勤下顺财务咨询有限公司,http://www.11467.com/nanjing/co/118675.htm
南京会算财务管理有限公司,http://www.11467.com/nanjing/co/133914.htm
南宁金汇财务管理有限公司,http://www.11467.com/nanning/co/82126.htm
南宁市瀚华小额贷款有限公司,http://www.11467.com/nanning/co/89741.htm
顺昌县顺发展投资担保有限公司,http://www.11467.com/nanping/co/19127.htm
福建省建瓯市汇丰典当有限责任公司,http://www.11467.com/nanping/co/30151.htm
邵武市怡成财务咨询有限责任公司,http://www.11467.com/nanping/co/39719.htm
福建弘鼎典当有限公司,http://www.11467.com/nanping/co/40101.htm
福建鑫泉典当有限公司,http://www.11467.com/nanping/co/18732.htm
南平市晟誉财务咨询有限公司,http://www.11467.com/nanping/co/39834.htm
武夷山市福兴典当有限责任公司,http://www.11467.com/nanping/co/18909.htm
平凉市崆峒区裕泰小额贷款有限责任公司,http://www.11467.com/pingliang/co/9950.htm
平凉市崆峒区宝秦小额贷款有限责任公司,http://www.11467.com/pingliang/co/10162.htm
平凉市崆峒区华融小额贷款有限责任公司,http://www.11467.com/pingliang/co/10224.htm
平凉市泾川县财源小额贷款有限责任公司,http://www.11467.com/pingliang/co/9554.htm
萍乡市安源区隆盛小额贷款有限公司,http://www.11467.com/pingxiang/co/15275.htm
莆田市领航财务管理有限公司,http://www.11467.com/putian/co/36408.htm
莆田市德勤财务咨询有限公司,http://www.11467.com/putian/co/44105.htm
仙游中义寄卖有限公司,http://www.11467.com/putian/co/38199.htm
仙游县一一财务管理有限公司,http://www.11467.com/putian/co/38986.htm
莆田市涵江区亿好小额贷款股份有限公司,http://www.11467.com/putian/co/43304.htm
濮阳和盛祥典当有限公司,http://www.11467.com/puyang/co/23920.htm
濮阳邦友财务咨询有限公司,http://www.11467.com/puyang/co/23507.htm
黔南州国有资本营运有限责任公司,http://www.11467.com/qiannan/co/9747.htm
贞丰县寅源小额贷款有限责任公司,http://www.11467.com/qianxinan/co/6202.htm
青岛速帮财务咨询有限公司,http://www.11467.com/qingdao/co/130811.htm
青岛市兴华典当有限责任公司,http://www.11467.com/qingdao/co/51988.htm
青岛安之誉财务咨询有限公司,http://www.11467.com/qingdao/co/149944.htm
青岛鼎添财务咨询有限公司,http://www.11467.com/qingdao/co/150216.htm
青岛鑫永源财务咨询有限公司,http://www.11467.com/qingdao/co/128835.htm
青岛上丰财务咨询有限公司,http://www.11467.com/qingdao/co/127423.htm
青岛泽润典当有限责任公司,http://www.11467.com/qingdao/co/46742.htm
青岛吉一典当有限责任公司,http://www.11467.com/qingdao/co/58904.htm
青岛嘉信财务咨询有限公司,http://www.11467.com/qingdao/co/133744.htm
青岛弘诚财务咨询有限公司,http://www.11467.com/qingdao/co/134122.htm
青岛鑫都典当有限公司,http://www.11467.com/qingdao/co/19405.htm
平凉市静宁县汇民小额贷款有限责任公司,http://www.11467.com/qingyang/co/23811.htm
庆阳市西峰区永信小额贷款有限责任公司,http://www.11467.com/qingyang/co/23003.htm
庆阳市西峰区嘉信小额贷款股份有限公司,http://www.11467.com/qingyang/co/23720.htm
庆阳市西峰区金庆小额贷款有限责任公司,http://www.11467.com/qingyang/co/23897.htm
江西华威典当有限公司,http://www.11467.com/qingyang/co/17723.htm
庆阳市西峰区众联融通小额贷款有限责任公司,http://www.11467.com/qingyang/co/23268.htm
庆阳市西峰区驰恒小额贷款有限责任公司,http://www.11467.com/qingyang/co/23895.htm
玉环昌鹤财务咨询有限公司,http://www.11467.com/qingyang/co/12428.htm
兰州市城关区中科小额贷款股份有限公司,http://www.11467.com/qingyang/co/24026.htm
洛宁县立信财务咨询有限公司,http://www.11467.com/qingyang/co/20759.htm
庆阳市西峰区弘裕小额贷款有限责任公司,http://www.11467.com/qingyang/co/23896.htm
昌黎县泽通科技小额贷款有限公司,http://www.11467.com/qinhuangdao/co/48706.htm
青龙满族自治县融程扶贫小额贷款有限公司,http://www.11467.com/qinhuangdao/co/46395.htm
秦皇岛泰顺典当有限公司,http://www.11467.com/qinhuangdao/co/42421.htm
灵山县湘灵典当有限责任公司,http://www.11467.com/qinzhou/co/5372.htm
上海天诺信财务咨询有限公司,http://www.11467.com/qinzhou/co/9124.htm
晋江融信小额贷款有限责任公司,http://www.11467.com/quanzhou/co/139442.htm
安溪黎昌典当有限责任公司,http://www.11467.com/quanzhou/co/75586.htm
福建安溪恒隆财务咨询有限公司,http://www.11467.com/quanzhou/co/127870.htm
石狮市中联银小额贷款有限公司,http://www.11467.com/quanzhou/co/140535.htm
石狮市恒丰财务咨询有限公司,http://www.11467.com/quanzhou/co/120094.htm
泉州祥南典当有限公司,http://www.11467.com/quanzhou/co/127016.htm
晋江市鑫盛小额贷款有限公司,http://www.11467.com/quanzhou/co/146731.htm
晋江市凯丽莱财务咨询有限公司,http://www.11467.com/quanzhou/co/127251.htm
泉州市丰泽区闽侨小额贷款股份有限公司,http://www.11467.com/quanzhou/co/137989.htm
泉州市鲤城区汇银小额贷款有限责任公司,http://www.11467.com/quanzhou/co/139891.htm
泉州市丰泽区润泽小额贷款有限责任公司,http://www.11467.com/quanzhou/co/139585.htm
泉州市通海典当有限责任公司泉兴分公司,http://www.11467.com/quanzhou/co/127206.htm
泉州市闽侨实业典当有限公司,http://www.11467.com/quanzhou/co/61000.htm
衢州明成财务咨询有限公司,http://www.11467.com/quzhou/co/30029.htm
江山市宝通典当有限责任公司,http://www.11467.com/quzhou/co/31181.htm
日照尧王典当有限公司,http://www.11467.com/rizhao/co/22440.htm
日照市岚山区金源小额贷款有限公司,http://www.11467.com/rizhao/co/30638.htm
日照市岚山区华通小额贷款有限公司,http://www.11467.com/rizhao/co/27794.htm
日照市东港区广通寄卖服务有限公司,http://www.11467.com/rizhao/co/25082.htm
日照市东港区瑞丰寄卖服务有限公司,http://www.11467.com/rizhao/co/23523.htm
日照市宏丰典当有限公司,http://www.11467.com/rizhao/co/17787.htm
日照泰信财务咨询有限公司,http://www.11467.com/rizhao/co/21885.htm
福建省奇志典当有限公司,http://www.11467.com/sanming/co/36033.htm
将乐县金森林业发展小额贷款有限责任公司,http://www.11467.com/sanming/co/39304.htm
三明华奇财务咨询代理有限公司,http://www.11467.com/sanming/co/33508.htm
三明市恒泰思创财务咨询有限公司,http://www.11467.com/sanming/co/35950.htm
福建省宁化县客家典当有限公司,http://www.11467.com/sanming/co/32842.htm
三明市三元区华宇小额贷款有限公司,http://www.11467.com/sanming/co/38278.htm
商洛市鸿润财务咨询有限公司,http://www.11467.com/shangluo/co/8586.htm
商丘市德益财务咨询有限公司,http://www.11467.com/shangqiu/co/18760.htm
民权县主玉小额贷款有限公司,http://www.11467.com/shangqiu/co/22254.htm
鄱阳县恒嘉小额贷款有限公司,http://www.11467.com/shangrao/co/28715.htm
弋阳县华耀小额贷款股份有限公司,http://www.11467.com/shangrao/co/26236.htm
韶关市智杰财务咨询有限公司,http://www.11467.com/shaoguan/co/28260.htm
上虞春光财务咨询有限公司,http://www.11467.com/shaoxing/co/109038.htm
绍兴市银通典当有限责任公司,http://www.11467.com/shaoxing/co/106367.htm
隆回县鸿基小额贷款有限公司,http://www.11467.com/shaoyang/co/27388.htm
中国电力财务有限公司东北分公司,http://www.11467.com/shenyang/co/49254.htm
深圳市诚信德财务咨询服务有限公司,http://www.11467.com/shenzhen/co/737326.htm
深圳市金兆典当行有限公司,http://www.11467.com/shenzhen/co/14675.htm
深圳市开源财务顾问有限公司,http://www.11467.com/shenzhen/co/755673.htm
深圳市磊鑫财务咨询有限公司,http://www.11467.com/shenzhen/co/736839.htm
深圳市一帆财务咨询有限公司,http://www.11467.com/shenzhen/co/737130.htm
深圳市永鹏财务咨询有限公司,http://www.11467.com/shenzhen/co/737113.htm
深圳市卓颖财务咨询有限公司,http://www.11467.com/shenzhen/co/737098.htm
深圳腾博(国际)商务有限公司,http://www.11467.com/shenzhen/co/776227.htm
深圳市缘硕财务咨询有限公司,http://www.11467.com/shenzhen/co/736496.htm
河北德汇财务咨询有限公司,http://www.11467.com/shijiazhuang/co/124296.htm
石家庄超凡工商财务咨询有限公司,http://www.11467.com/shijiazhuang/co/111389.htm
石家庄合信财务咨询有限公司,http://www.11467.com/shijiazhuang/co/134815.htm
河北睿邦财务咨询服务有限公司,http://www.11467.com/shijiazhuang/co/134819.htm
无极县华茂科技小额贷款有限公司,http://www.11467.com/shijiazhuang/co/152027.htm
石家庄晋深财务咨询有限公司,http://www.11467.com/shijiazhuang/co/120306.htm
石家庄顺通财务咨询有限公司,http://www.11467.com/shijiazhuang/co/124319.htm
武汉恒上财务管理有限公司,http://www.11467.com/wuhan/co/140226.htm
武汉铭勤财务管理有限公司,http://www.11467.com/wuhan/co/140900.htm
武汉惠民快捷财务服务有限公司,http://www.11467.com/wuhan/co/140989.htm
武汉市青山区贯隆小额贷款有限公司,http://www.11467.com/wuhan/co/146902.htm
武汉市佳合财务有限公司,http://www.11467.com/wuhan/co/139926.htm
武汉市广开源财务咨询有限公司,http://www.11467.com/wuhan/co/125681.htm
武汉益合财务咨询有限责任公司,http://www.11467.com/wuhan/co/126056.htm
武汉正鑫畅财务咨询有限公司,http://www.11467.com/wuhan/co/119004.htm
武汉华永中环财务咨询有限公司,http://www.11467.com/wuhan/co/122617.htm
武汉同盈典当有限责任公司,http://www.11467.com/wuhan/co/45388.htm
武汉前财财务咨询有限公司,http://www.11467.com/wuhan/co/126520.htm
武汉市青山区华生小额贷款有限公司,http://www.11467.com/wuhan/co/147529.htm
芜湖华盛典当有限责任公司,http://www.11467.com/wuhu/co/15693.htm
芜湖跃达财务有限公司,http://www.11467.com/wuhu/co/29537.htm
芜湖安信达财务咨询有限公司,http://www.11467.com/wuhu/co/25708.htm
芜湖市万博投资担保有限责任公司,http://www.11467.com/wuhu/co/12466.htm
芜湖市新传投资担保有限公司,http://www.11467.com/wuhu/co/12576.htm
芜湖市融通典当有限责任公司,http://www.11467.com/wuhu/co/18062.htm
芜湖市汇财财务咨询有限公司,http://www.11467.com/wuhu/co/28528.htm
芜湖顺心投资担保有限公司,http://www.11467.com/wuhu/co/12460.htm
乌鲁木齐金圣元财务咨询有限公司,http://www.11467.com/wulumuqi/co/100707.htm
新疆裕鑫典当有限公司,http://www.11467.com/wulumuqi/co/38301.htm
新疆鑫邦典当有限责任公司,http://www.11467.com/wulumuqi/co/45815.htm
乌鲁木齐市风雨同舟财务咨询有限公司,http://www.11467.com/wulumuqi/co/100739.htm
乌鲁木齐市兴社资产经营有限责任公司,http://www.11467.com/wulumuqi/co/71176.htm
武威市凉州区德源小额贷款有限责任公司,http://www.11467.com/wuwei/co/9531.htm
武威市凉州区国融小额贷款有限责任公司,http://www.11467.com/wuwei/co/10372.htm
武威市凉州区森信小额贷款有限责任公司,http://www.11467.com/wuwei/co/10265.htm
江阴市大阳典当有限公司,http://www.11467.com/wuxi/co/112340.htm
无锡华谊财务咨询代理有限公司,http://www.11467.com/wuxi/co/217353.htm
无锡三顺财务管理有限公司,http://www.11467.com/wuxi/co/233453.htm
无锡聚业财务咨询有限公司,http://www.11467.com/wuxi/co/237407.htm
无锡世纪金鼎财务有限公司,http://www.11467.com/wuxi/co/231492.htm
无锡鼎晔财务咨询有限公司,http://www.11467.com/wuxi/co/236679.htm
江阴市众和财务服务有限公司,http://www.11467.com/wuxi/co/230403.htm
无锡万仕达投资担保有限公司,http://www.11467.com/wuxi/co/90468.htm
无锡市安妮财务咨询有限公司,http://www.11467.com/wuxi/co/217368.htm
无锡市金智财务咨询有限公司,http://www.11467.com/wuxi/co/217351.htm
无锡市梁溪典当有限责任公司,http://www.11467.com/wuxi/co/127457.htm
无锡大华财务咨询有限公司,http://www.11467.com/wuxi/co/217295.htm
无锡市华泰财务咨询有限公司江阴分公司,http://www.11467.com/wuxi/co/217613.htm
宜兴华夏典当有限公司,http://www.11467.com/wuxi/co/237259.htm
无锡市宏泰财务管理有限公司,http://www.11467.com/wuxi/co/233054.htm
无锡市五爱典当有限责任公司,http://www.11467.com/wuxi/co/157255.htm
无锡通海财务咨询有限公司,http://www.11467.com/wuxi/co/231799.htm
无锡市胜利典当有限责任公司,http://www.11467.com/wuxi/co/159731.htm
上海普兰金融服务有限公司厦门分公司,http://www.11467.com/xiamen/co/91124.htm
厦门诚功典当有限责任公司,http://www.11467.com/xiamen/co/22050.htm
厦门集美惠龙小额贷款有限公司,http://www.11467.com/xiamen/co/98587.htm
厦门九可投资担保有限公司,http://www.11467.com/xiamen/co/5508.htm
龙井市泰达小额贷款有限公司,http://www.11467.com/yanbian/co/40961.htm
响水聚鑫财务咨询服务有限公司,http://www.11467.com/yancheng/co/77224.htm
响水方梁财务咨询服务有限公司,http://www.11467.com/yancheng/co/76416.htm
盐城好福鑫财务咨询服务有限公司,http://www.11467.com/yancheng/co/76935.htm
盐城华任金诚财务咨询有限公司,http://www.11467.com/yancheng/co/61938.htm
江苏银诺财务咨询顾问有限公司,http://www.11467.com/yancheng/co/76556.htm
响水县鼎睿财务咨询有限公司,http://www.11467.com/yancheng/co/76410.htm
响水县顺博财务咨询服务有限公司,http://www.11467.com/yancheng/co/73683.htm
阳江市金佩典当有限公司,http://www.11467.com/yangjiang/co/22683.htm
平定银通典当行有限公司,http://www.11467.com/yangquan/co/13625.htm
山西金昇源典当有限责任公司,http://www.11467.com/yangquan/co/14144.htm
江都江诚财务顾问有限公司,http://www.11467.com/yangzhou/co/100357.htm
兴化市楚水担保有限公司,http://www.11467.com/yangzhou/co/57814.htm
扬州市富源寄卖有限公司,http://www.11467.com/yangzhou/co/105603.htm
兴化市再就业担保有限公司,http://www.11467.com/yangzhou/co/57657.htm
扬州汇隆典当行有限公司,http://www.11467.com/yangzhou/co/105149.htm
仪征市汇诚财务咨询有限公司,http://www.11467.com/yangzhou/co/90921.htm
扬州壹佰财务咨询有限公司,http://www.11467.com/yangzhou/co/100514.htm
泰兴市延令典当有限责任公司,http://www.11467.com/yangzhou/co/50098.htm
扬州汇金寄卖行有限公司,http://www.11467.com/yangzhou/co/104857.htm
蓬莱市融鑫典当有限责任公司,http://www.11467.com/yantai/co/70357.htm
莱州银亨寄卖有限公司,http://www.11467.com/yantai/co/143957.htm
烟台大金财务咨询有限公司,http://www.11467.com/yantai/co/154581.htm
烟台银联信用担保有限责任公司,http://www.11467.com/yantai/co/103787.htm
烟台辰昱财务咨询有限公司,http://www.11467.com/yantai/co/154199.htm
烟台广信典当有限公司,http://www.11467.com/yantai/co/141684.htm
烟台市中援典当有限责任公司,http://www.11467.com/yantai/co/105352.htm
宜宾丰木财务咨询有限责任公司,http://www.11467.com/yibin/co/25422.htm
宜宾西格玛财务管理有限公司珙县分公司,http://www.11467.com/yibin/co/28350.htm
四川省宜宾市银信典当有限责任公司,http://www.11467.com/yibin/co/14178.htm
宜宾市建邦建筑机具租赁有限责任公司,http://www.11467.com/yibin/co/19264.htm
珙县松洪寄卖有限责任公司,http://www.11467.com/yibin/co/28552.htm
宜宾中兴财务咨询有限责任公司,http://www.11467.com/yibin/co/25418.htm
宜宾市翠屏区浙瑞小额贷款有限责任公司,http://www.11467.com/yibin/co/28977.htm
四川瑞信小额贷款有限责任公司,http://www.11467.com/yibin/co/29232.htm
中国能源建设集团葛洲坝财务有限公司,http://www.11467.com/yichang/co/52516.htm
宜昌德恒财务管理有限公司,http://www.11467.com/yichang/co/51849.htm
樟树市昌盛汽车运输服务有限公司,http://www.11467.com/yichun/co/14422.htm
铜鼓县腾达小额贷款有限公司,http://www.11467.com/yichun/co/26232.htm
伊春市兴济典当有限责任公司,http://www.11467.com/yichunshi/co/14798.htm
宁夏信科财务咨询有限公司,http://www.11467.com/yinchuan/co/44108.htm
银川宝源典当有限公司,http://www.11467.com/yinchuan/co/37967.htm
银川市金润典当有限责任公司,http://www.11467.com/yinchuan/co/25557.htm
银川市兴庆区国有资产投资控股有限公司,http://www.11467.com/yinchuan/co/27665.htm
营口诚信典当有限责任公司,http://www.11467.com/yingkou/co/38173.htm
锦州市北镇银隆小额贷款有限责任公司,http://www.11467.com/yingkou/co/46877.htm
贵溪市黄氏典当有限责任公司,http://www.11467.com/yingtan/co/7917.htm
鹰潭市新德瑞财务咨询有限公司,http://www.11467.com/yingtan/co/7553.htm
鹰潭市佳德典当有限责任公司,http://www.11467.com/yingtan/co/5769.htm
枣庄鸿大代理记账有限公司,http://www.11467.com/zaozhuang/co/31468.htm
枣庄市信发典当有限责任公司,http://www.11467.com/zaozhuang/co/19685.htm
张家界一加二财务咨询有限公司,http://www.11467.com/zhangjiajie/co/8871.htm
邢台市桥西区六合泰小额贷款有限公司,http://www.11467.com/zhangjiakou/co/39070.htm
张家口市塞北管理区浩云小额贷款有限公司,http://www.11467.com/zhangjiakou/co/43600.htm
宣化宝丰典当有限责任公司怀来分公司,http://www.11467.com/zhangjiakou/co/32565.htm
蔚县华奥扶贫小额贷款有限公司,http://www.11467.com/zhangjiakou/co/39991.htm
涿鹿县轩辕典当有限责任公司,http://www.11467.com/zhangjiakou/co/22861.htm
张家口正源典当有限责任公司,http://www.11467.com/zhangjiakou/co/35574.htm
张掖市甘州区盛世小额贷款有限责任公司,http://www.11467.com/zhangye/co/11276.htm
张掖市甘州区兴业小额贷款有限责任公司,http://www.11467.com/zhangye/co/10860.htm
张掖市山丹县汇通小额贷款股份有限公司,http://www.11467.com/zhangye/co/10274.htm
高台县鑫隆小额贷款有限责任公司,http://www.11467.com/zhangye/co/10853.htm
张掖市山丹县永福小额贷款有限责任公司,http://www.11467.com/zhangye/co/10768.htm
漳州市宏原典当有限责任公司,http://www.11467.com/zhangzhou/co/24709.htm
福建信实典当行有限公司,http://www.11467.com/zhangzhou/co/44827.htm
福建长泰晟元小额贷款有限公司,http://www.11467.com/zhangzhou/co/53098.htm
漳州鑫源典当有限责任公司,http://www.11467.com/zhangzhou/co/24022.htm
诏安县曙兴财务咨询有限公司,http://www.11467.com/zhangzhou/co/44143.htm
遂溪县名信财务有限公司,http://www.11467.com/zhanjiang/co/51801.htm
吴川市金马典当有限责任公司,http://www.11467.com/zhanjiang/co/37195.htm
四会市新星典当有限公司,http://www.11467.com/zhaoqing/co/39204.htm
肇庆市万信财务咨询有限公司,http://www.11467.com/zhaoqing/co/37049.htm
肇庆市恒生典当行有限责任公司,http://www.11467.com/zhaoqing/co/26190.htm
肇庆市恒裕典当行有限公司,http://www.11467.com/zhaoqing/co/36634.htm
肇庆市宏泰财务咨询有限公司,http://www.11467.com/zhaoqing/co/35573.htm
河南玉和财务咨询有限公司,http://www.11467.com/zhengzhou/co/155494.htm
河南新商财务咨询有限公司,http://www.11467.com/zhengzhou/co/182061.htm
河南扬智财务咨询有限公司,http://www.11467.com/zhengzhou/co/164602.htm
河南广发财务管理有限公司,http://www.11467.com/zhengzhou/co/162228.htm
河南多宝财务咨询有限公司,http://www.11467.com/zhengzhou/co/152277.htm
河南大河财务咨询有限公司郑州第一分公司,http://www.11467.com/zhengzhou/co/155762.htm
河南凯德财务咨询有限公司,http://www.11467.com/zhengzhou/co/150089.htm
郑州市利财财务咨询有限公司,http://www.11467.com/zhengzhou/co/155505.htm
河南盈源典当有限公司,http://www.11467.com/zhengzhou/co/169586.htm
河南金业财务咨询有限公司,http://www.11467.com/zhengzhou/co/151623.htm
郑州晟丽达财务服务有限公司,http://www.11467.com/zhengzhou/co/167914.htm
郑州途盛财务咨询有限公司,http://www.11467.com/zhengzhou/co/164415.htm
郑州新郑综合保税区天成小额贷款有限公司,http://www.11467.com/zhengzhou/co/187194.htm
河南天雨财务咨询有限公司,http://www.11467.com/zhengzhou/co/155586.htm
南县克明小额贷款有限公司,http://www.11467.com/yiyang/co/22226.htm
永州市隆兴典当有限责任公司,http://www.11467.com/yongzhou/co/13736.htm
湖南永一财务咨询有限公司,http://www.11467.com/yongzhou/co/17716.htm
岳阳汇鑫财务咨询有限公司,http://www.11467.com/yueyang/co/34919.htm
新绛县德盛源典当有限公司,http://www.11467.com/yuncheng/co/29854.htm
运城市中琦典当有限责任公司,http://www.11467.com/yuncheng/co/22676.htm
运城市国信德安财务咨询有限公司,http://www.11467.com/yuncheng/co/30380.htm
罗定市保利兴业财务咨询有限公司,http://www.11467.com/yunfu/co/27962.htm
罗定市成源财务咨询有限公司,http://www.11467.com/yunfu/co/28151.htm
上海众慧财务咨询有限公司,http://www.11467.com/zaozhuang/co/30816.htm
河南盈源典当有限公司,http://www.11467.com/zhengzhou/co/169586.htm
河南金业财务咨询有限公司,http://www.11467.com/zhengzhou/co/151623.htm
郑州晟丽达财务服务有限公司,http://www.11467.com/zhengzhou/co/167914.htm
郑州途盛财务咨询有限公司,http://www.11467.com/zhengzhou/co/164415.htm
郑州新郑综合保税区天成小额贷款有限公司,http://www.11467.com/zhengzhou/co/187194.htm
河南天雨财务咨询有限公司,http://www.11467.com/zhengzhou/co/155586.htm
郑州振银财务咨询有限公司,http://www.11467.com/zhengzhou/co/151793.htm
新郑市金桥小额贷款有限公司,http://www.11467.com/zhengzhou/co/183070.htm
河南宋基投资有限公司,http://www.11467.com/zhengzhou/co/83649.htm
新密市日升银小额贷款有限公司,http://www.11467.com/zhengzhou/co/186320.htm
郑州金亿轩财务咨询有限公司,http://www.11467.com/zhengzhou/co/165793.htm
郑州鹏远财务咨询有限公司,http://www.11467.com/zhengzhou/co/153361.htm
郑州永胜财务管理有限公司,http://www.11467.com/zhengzhou/co/162450.htm
郑州金威财务咨询有限公司,http://www.11467.com/zhengzhou/co/166594.htm
河南大河财务咨询有限公司郑州第二分公司,http://www.11467.com/zhengzhou/co/155757.htm
郑州民生财务管理有限公司,http://www.11467.com/zhengzhou/co/164307.htm
郑州博盈财务咨询有限公司,http://www.11467.com/zhengzhou/co/155489.htm
郑州中中财务咨询有限公司,http://www.11467.com/zhengzhou/co/151305.htm
郑州市惠济区中实小额贷款有限公司,http://www.11467.com/zhengzhou/co/185324.htm
郑州汇金财务咨询有限公司,http://www.11467.com/zhengzhou/co/152362.htm
郑州佳宜财务咨询有限公司,http://www.11467.com/zhengzhou/co/167715.htm
郑州金鹏财务管理有限公司,http://www.11467.com/zhengzhou/co/162457.htm
河南广发财务管理有限公司上街分公司,http://www.11467.com/zhengzhou/co/168556.htm
郑州射阳财务咨询有限公司,http://www.11467.com/zhengzhou/co/151908.htm
镇江诚和财务资讯有限公司,http://www.11467.com/zhenjiang/co/60382.htm
镇江福源财务咨询有限公司,http://www.11467.com/zhenjiang/co/62811.htm
镇江新区润农农村小额贷款有限公司,http://www.11467.com/zhenjiang/co/66377.htm
镇江金誉财务咨询有限公司,http://www.11467.com/zhenjiang/co/54994.htm
镇江市丹徒区国金农村小额贷款有限公司,http://www.11467.com/zhenjiang/co/66396.htm
上海华诚典当有限公司,http://www.11467.com/zhongshan/co/122547.htm
星德（上海）财务咨询有限公司,http://www.11467.com/zhongshan/co/122993.htm
中山市及时雨典当有限公司,http://www.11467.com/zhongshan/co/137328.htm
周口经济开发区华鑫小额贷款有限公司,http://www.11467.com/zhoukou/co/22764.htm
周口市金通财务咨询服务有限公司,http://www.11467.com/zhoukou/co/20274.htm
珠海市金银典当有限公司,http://www.11467.com/zhuhai/co/90228.htm
青岛宝瑞典当有限责任公司,http://www.11467.com/zhuhai/co/90579.htm
西平县天雨小额贷款有限公司,http://www.11467.com/zhumadian/co/27219.htm
株洲市永利典当有限公司,http://www.11467.com/zhuzhou/co/38994.htm
淄博市银河典当有限责任公司,http://www.11467.com/zibo/co/47707.htm
淄博三信财务咨询有限公司,http://www.11467.com/zibo/co/93753.htm
沂源县紫成典当有限责任公司,http://www.11467.com/zibo/co/41304.htm
淄博信立中小企业担保有限公司,http://www.11467.com/zibo/co/50383.htm
自贡黄石典当有限公司,http://www.11467.com/zigong/co/23241.htm
自贡鑫言财务服务有限公司,http://www.11467.com/zigong/co/24315.htm
自贡市熙盛典当有限公司,http://www.11467.com/zigong/co/24878.htm
资阳市乐至县瑞缘小额贷款有限公司,http://www.11467.com/ziyang/co/14338.htm
遵义市汇川区众易小额贷款有限公司,http://www.11467.com/zunyi/co/24453.htm
湄潭县光大小额贷款有限公司,http://www.11467.com/zunyi/co/24639.htm
仁怀市文兴典当有限公司,http://www.11467.com/zunyi/co/12691.htm
北京诚和信源财务顾问有限公司,http://www.11467.com/beijing/co/182941.htm
北京东方宏远财务咨询中心有限公司,http://www.11467.com/beijing/co/532588.htm
北京京正元财务顾问有限公司朝阳分公司,http://www.11467.com/beijing/co/163875.htm
北京君荣广智财务咨询有限责任公司,http://www.11467.com/beijing/co/470183.htm
北京宏扬佳业财务管理顾问有限公司,http://www.11467.com/beijing/co/677051.htm
北京金鑫鼎力财务顾问有限公司,http://www.11467.com/beijing/co/338021.htm
北京财智轩财务顾问有限公司,http://www.11467.com/beijing/co/257806.htm
北京鹏润财务咨询有限公司,http://www.11467.com/beijing/co/148561.htm
北京互元财务顾问有限公司,http://www.11467.com/beijing/co/677190.htm
北京金流财务顾问有限责任公司,http://www.11467.com/beijing/co/465917.htm
北京奇源谊友财务咨询有限公司,http://www.11467.com/beijing/co/33692.htm
北京南波尔财务顾问有限公司,http://www.11467.com/beijing/co/660199.htm
北京瑞银诚信财务顾问有限公司,http://www.11467.com/beijing/co/490298.htm
北京瑞祥诚财务咨询有限公司,http://www.11467.com/beijing/co/166752.htm
北京洪润达财务咨询有限公司,http://www.11467.com/beijing/co/675641.htm
北京立文永信财务顾问有限公司,http://www.11467.com/beijing/co/163868.htm
北京同正捷财务顾问有限公司,http://www.11467.com/beijing/co/465924.htm
北京商德广信财务咨询有限公司,http://www.11467.com/beijing/co/148597.htm
北京天算财务顾问有限责任公司,http://www.11467.com/beijing/co/465919.htm
北京玉兔财务顾问有限公司,http://www.11467.com/beijing/co/465922.htm
北京天一达财务管理有限公司,http://www.11467.com/beijing/co/280075.htm
北京异度空间财务顾问有限公司,http://www.11467.com/beijing/co/168557.htm
北京海晟万兴财务咨询有限公司,http://www.11467.com/beijing/co/631479.htm
北京友尊财务顾问有限公司,http://www.11467.com/beijing/co/231292.htm
北京中务通财务管理有限责任公司,http://www.11467.com/beijing/co/677049.htm
北京中企华海财务顾问有限公司,http://www.11467.com/beijing/co/163880.htm
中天道勤财务咨询（北京）有限公司,http://www.11467.com/beijing/co/278602.htm
龙口市圆鑫财务咨询有限公司,http://www.11467.com/beijing/co/258602.htm
上海诚尚财务咨询有限公司,http://www.11467.com/shanghai/co/173943.htm
国泰基金管理有限公司,http://www.11467.com/shanghai/co/602535.htm
上海澄知财务咨询有限公司,http://www.11467.com/shanghai/co/360476.htm
上海诚展财务管理有限公司,http://www.11467.com/shanghai/co/443716.htm
上海大众典当有限公司,http://www.11467.com/shanghai/co/956095.htm
上海从辉财务咨询有限公司,http://www.11467.com/shanghai/co/543308.htm
上海邦成典当有限公司,http://www.11467.com/shanghai/co/1033226.htm
上海德温财务咨询有限公司,http://www.11467.com/shanghai/co/753083.htm
上海德鑫典当有限公司,http://www.11467.com/shanghai/co/1024757.htm
上海百祐财务咨询有限公司,http://www.11467.com/shanghai/co/1027976.htm
上海峰劲典当有限公司,http://www.11467.com/shanghai/co/548300.htm
上海本信财务咨询有限公司,http://www.11467.com/shanghai/co/336444.htm
上海奉宛平财务咨询有限公司,http://www.11467.com/shanghai/co/332995.htm
上海金双立财务咨询有限公司,http://www.11467.com/shanghai/co/338902.htm
上海金鹏典当有限公司,http://www.11467.com/shanghai/co/702767.htm
上海奔珂财务咨询有限公司,http://www.11467.com/shanghai/co/361540.htm
上海吉穗财务咨询有限公司,http://www.11467.com/shanghai/co/175131.htm
上海力誉财务咨询有限公司,http://www.11467.com/shanghai/co/332306.htm
上海卯欣财务咨询有限公司,http://www.11467.com/shanghai/co/110581.htm
上海博宁财务顾问有限公司,http://www.11467.com/shanghai/co/350645.htm
上海财臻财务咨询有限公司,http://www.11467.com/shanghai/co/339045.htm
上海堃博财务咨询有限公司,http://www.11467.com/shanghai/co/752127.htm
上海明向财务咨询有限公司,http://www.11467.com/shanghai/co/110586.htm
上海茂开财务咨询有限公司,http://www.11467.com/shanghai/co/553681.htm
上海渤达财务咨询有限公司,http://www.11467.com/shanghai/co/907424.htm
上海琅健财务管理有限公司,http://www.11467.com/shanghai/co/179899.htm
上海蓝石财务管理有限公司,http://www.11467.com/shanghai/co/222810.htm
上海杰鼎财务咨询有限公司,http://www.11467.com/shanghai/co/181581.htm
上海金昱财务咨询有限公司,http://www.11467.com/shanghai/co/542991.htm
上海厚德行财务咨询有限公司,http://www.11467.com/shanghai/co/1028050.htm
上海吉飞财务咨询有限公司,http://www.11467.com/shanghai/co/187655.htm
上海高顿财务咨询有限公司,http://www.11467.com/shanghai/co/455620.htm
上海高晋财务咨询有限公司,http://www.11467.com/shanghai/co/332865.htm
上海竣丞财务咨询有限公司,http://www.11467.com/shanghai/co/352678.htm
上海华丹财务管理有限公司,http://www.11467.com/shanghai/co/179804.htm
上海普陀区集体资产经营管理有限公司,http://www.11467.com/shanghai/co/722108.htm
上海宏彬财务咨询管理有限公司,http://www.11467.com/shanghai/co/187671.htm
上海锦宁财务咨询有限公司,http://www.11467.com/shanghai/co/110564.htm
上海锦筑财务咨询有限公司,http://www.11467.com/shanghai/co/360211.htm
上海炅信财务咨询有限公司,http://www.11467.com/shanghai/co/433635.htm
上海国丰典当有限公司,http://www.11467.com/shanghai/co/548381.htm
上海东融典当有限公司,http://www.11467.com/shanghai/co/551366.htm
上海国际招标有限公司,http://www.11467.com/shanghai/co/602528.htm
上海国泰产权经纪有限公司,http://www.11467.com/shanghai/co/234802.htm
上海仁天典当有限公司,http://www.11467.com/shanghai/co/222089.htm
上海华全财务咨询有限公司,http://www.11467.com/shanghai/co/825486.htm
上海华晟财务咨询有限公司,http://www.11467.com/shanghai/co/748655.htm
上海精驭财务咨询有限公司,http://www.11467.com/shanghai/co/360326.htm
上海普照财务管理有限公司,http://www.11467.com/shanghai/co/700530.htm
上海普旭财务咨询有限公司,http://www.11467.com/shanghai/co/110592.htm
上海前讯财务咨询有限公司,http://www.11467.com/shanghai/co/1032701.htm
上海嘉群财务咨询有限公司,http://www.11467.com/shanghai/co/352148.htm
上海盛禹典当有限公司,http://www.11467.com/shanghai/co/985047.htm
上海市华联典当行有限公司,http://www.11467.com/shanghai/co/997613.htm
上海市虹口区公房资产经营有限公司,http://www.11467.com/shanghai/co/197293.htm
上海市恒通典当有限公司,http://www.11467.com/shanghai/co/71569.htm
上海金福财务咨询有限公司,http://www.11467.com/shanghai/co/436676.htm
上海米柜财务管理有限公司,http://www.11467.com/shanghai/co/115942.htm
上海谦益财务咨询有限公司,http://www.11467.com/shanghai/co/363074.htm
上海强强财务咨询有限公司,http://www.11467.com/shanghai/co/707368.htm
上海强羽财务咨询有限公司,http://www.11467.com/shanghai/co/543254.htm
上海马东财务咨询有限公司,http://www.11467.com/shanghai/co/332077.htm
上海尔佳财务咨询有限公司,http://www.11467.com/shanghai/co/752448.htm
上海鑫巍信财务咨询有限公司,http://www.11467.com/shanghai/co/826432.htm
上海鑫进财务咨询有限公司,http://www.11467.com/shanghai/co/171501.htm
上海鑫顺典当有限责任公司,http://www.11467.com/shanghai/co/722036.htm
上海鑫利典当有限公司,http://www.11467.com/shanghai/co/1032141.htm
上海润博财务咨询有限公司,http://www.11467.com/shanghai/co/1018586.htm
上海嘉悦财务咨询有限公司,http://www.11467.com/shanghai/co/1018241.htm
上海谐泉财务咨询有限公司,http://www.11467.com/shanghai/co/332314.htm
上海为衷财务咨询有限公司,http://www.11467.com/shanghai/co/984576.htm
上海信旺财务咨询有限公司,http://www.11467.com/shanghai/co/436711.htm
上海金格财务咨询有限公司,http://www.11467.com/shanghai/co/697286.htm
上海信太典当有限公司,http://www.11467.com/shanghai/co/980079.htm
上海讯德财务咨询有限公司,http://www.11467.com/shanghai/co/339328.htm
上海永利典当有限公司,http://www.11467.com/shanghai/co/156079.htm
上海轻麦财务咨询有限公司,http://www.11467.com/shanghai/co/985220.htm
上海日鸿财务咨询有限公司,http://www.11467.com/shanghai/co/1018445.htm
上海协盛泰典当有限公司,http://www.11467.com/shanghai/co/984021.htm
上海谢华财务咨询有限公司,http://www.11467.com/shanghai/co/171543.htm
上海莘资财务咨询有限公司,http://www.11467.com/shanghai/co/359666.htm
上海上和财务咨询有限公司,http://www.11467.com/shanghai/co/116692.htm
上海闻信财务咨询有限公司,http://www.11467.com/shanghai/co/253734.htm
上海宪华财务咨询有限公司,http://www.11467.com/shanghai/co/56131.htm
上海贤昌财务咨询有限公司,http://www.11467.com/shanghai/co/339688.htm
上海企信财务管理有限公司,http://www.11467.com/shanghai/co/1030877.htm
上海奕心财务咨询有限公司,http://www.11467.com/shanghai/co/91437.htm
上海翔信财务咨询有限公司,http://www.11467.com/shanghai/co/353457.htm
上海星兴财务咨询有限公司,http://www.11467.com/shanghai/co/92008.htm
上海居港财务咨询服务有限公司,http://www.11467.com/shanghai/co/450384.htm
上海君是财务咨询有限公司,http://www.11467.com/shanghai/co/116146.htm
上海申越财务咨询有限公司,http://www.11467.com/shanghai/co/981217.htm
上海豫商典当有限公司,http://www.11467.com/shanghai/co/704377.htm
泰信基金管理有限公司,http://www.11467.com/shanghai/co/602602.htm
上海洋联财务咨询有限公司,http://www.11467.com/shanghai/co/339613.htm
上海资地财务咨询服务有限公司,http://www.11467.com/shanghai/co/338842.htm
上海资润财务咨询有限公司,http://www.11467.com/shanghai/co/185714.htm
上海亭洪财务咨询有限公司,http://www.11467.com/shanghai/co/190128.htm
上海元旭财务管理有限公司,http://www.11467.com/shanghai/co/179811.htm
上海圆方财务咨询有限公司,http://www.11467.com/shanghai/co/185549.htm
上海沅栗财务咨询服务有限公司,http://www.11467.com/shanghai/co/115536.htm
上海容申财务咨询有限公司,http://www.11467.com/shanghai/co/707349.htm
威悦财务咨询（上海）有限公司,http://www.11467.com/shanghai/co/336101.htm
上海知遂财务咨询有限公司,http://www.11467.com/shanghai/co/551049.htm
上海君娜财务咨询有限公司,http://www.11467.com/shanghai/co/175275.htm
上海骏宏典当有限公司,http://www.11467.com/shanghai/co/907227.htm
上海珏磊财务咨询有限公司,http://www.11467.com/shanghai/co/436540.htm
上海优希财务咨询有限公司,http://www.11467.com/shanghai/co/436499.htm
上海瑞泰兴财务咨询服务有限公司,http://www.11467.com/shanghai/co/1028133.htm
上海瑞颉财务咨询有限公司,http://www.11467.com/shanghai/co/339261.htm
上海圣才财务咨询有限公司,http://www.11467.com/shanghai/co/353771.htm
上海友易财务咨询有限公司,http://www.11467.com/shanghai/co/185495.htm
上海统易财务顾问有限公司,http://www.11467.com/shanghai/co/444836.htm
上海振凯财务咨询有限公司,http://www.11467.com/shanghai/co/114845.htm
上海铮诚财务咨询有限公司,http://www.11467.com/shanghai/co/220855.htm
上海轶勤财务咨询有限公司,http://www.11467.com/shanghai/co/1027020.htm
上海禹泓财务咨询有限公司,http://www.11467.com/shanghai/co/697379.htm
上海正灏财务咨询有限公司,http://www.11467.com/shanghai/co/55616.htm
上海正和财务咨询有限公司,http://www.11467.com/shanghai/co/110725.htm
上海正宜财务咨询有限公司,http://www.11467.com/shanghai/co/983758.htm
