洛阳名洲装饰工程有限公司,http://www.11467.com/luoyang/co/70183.htm
烟台市广来建筑装饰设计工程有限公司,http://www.11467.com/yantai/co/178551.htm
上海贯驭企业管理咨询有限公司,http://www.11467.com/shanghai/co/1259797.htm
呼和浩特城市人家装饰工程有限公司,http://www.11467.com/huhehaote/co/36137.htm
重庆启腾百年装饰设计工程有限公司,http://www.11467.com/chongqing/co/277014.htm
安徽山水装饰空间有限责任公司,http://www.11467.com/hefei/co/152536.htm
安平县润熙丝网制品有限公司,http://www.11467.com/hengshui/co/62038.htm
武汉亿万基市政土石方工程有限公司,http://www.11467.com/wuhan/co/182832.htm
成都美谦电梯装潢设计有限公司,http://www.11467.com/chengdu/co/283335.htm
成都幸福魔方装饰工程有限公司,http://www.11467.com/chengdu/co/285523.htm
株洲泥巴公社装饰工程有限公司,http://www.11467.com/zhuzhou/co/57258.htm
广州市翔顺建筑工程有限公司,http://www.11467.com/guangzhou/co/696971.htm
中尚世纪装饰工程有限公司,http://www.11467.com/tianjin/co/237461.htm
天津森威装饰工程有限公司,http://www.11467.com/tianjin/co/237455.htm
深圳市艺路发装饰设计工程有限公司,http://www.11467.com/changsha/co/192883.htm
重庆四方恒红装饰建材有限公司,http://www.11467.com/chongqing/co/297457.htm
重庆市戈承建筑加固工程有限公司,http://www.11467.com/chongqing/co/277004.htm
上海国业建筑装饰工程有限公司,http://www.11467.com/shanghai/co/1260240.htm
廊坊鑫昊远高空作业车租赁公司,http://www.11467.com/langfang/co/71478.htm
四川香馨景观园林有限公司,http://www.11467.com/chengdu/co/274915.htm
上海茸惠装饰工程有限公司,http://www.11467.com/shanghai/co/1217221.htm
深圳市传奇艺术设计有限公司,http://www.11467.com/shenzhen/co/983257.htm
香港古兰建筑工程有限公司,http://www.11467.com/chengdu/co/283953.htm
成都建筑材料有限公司,http://www.11467.com/chengdu/co/274560.htm
惠州市大海装饰工程有限公司,http://www.11467.com/huizhou/co/117700.htm
四川省其高暖通设备有限公司,http://www.11467.com/chengdu/co/283039.htm
四川大美建筑装饰工程有限公司,http://www.11467.com/chengdu/co/283269.htm
曲阜万泰建筑装饰有限公司,http://www.11467.com/jining/co/105660.htm
宝鸡锦轩装饰工程有限公司,http://www.11467.com/baoji/co/36261.htm
北京诚优佳装饰工程有限公司,http://www.11467.com/beijing/co/762222.htm
江西振耀劳务施工队有限公司,http://www.11467.com/ganzhou/co/49880.htm
天远密云建筑装潢公司,http://www.11467.com/beijing/co/761978.htm
内江老李装修有限公司,http://www.11467.com/neijiang/co/26454.htm
贵州贵阳阔达装饰工程有限公司,http://www.11467.com/guiyang/co/89379.htm
绵阳玩美装饰有限公司,http://www.11467.com/mianyang/co/53519.htm
装修先生装饰工程设计有限公司,http://www.11467.com/shaoyang/co/40095.htm
深圳市山海天装饰工程有限公司,http://www.11467.com/shenzhen/co/983802.htm
北京市高度国际工程装饰设计有限公司,http://www.11467.com/beijing/co/763566.htm
北京城市人家装饰有限公司徐州分公司,http://www.11467.com/xuzhou/co/91967.htm
山西永旭建筑装饰有限公司,http://www.11467.com/yuncheng/co/33877.htm
北京装修代管服务公司,http://www.11467.com/beijing/co/763131.htm
吉林省北方基础工程检测有限公司,http://www.11467.com/changchun/co/110841.htm
南昌美优居装饰工程有限公司,http://www.11467.com/nanchang/co/140741.htm
云南银桥装饰工程有限公司,http://www.11467.com/kunming/co/149241.htm
济南天锐装修公司,http://www.11467.com/jinan/co/156482.htm
西安玖骏装饰工程有限公司,http://www.11467.com/xian/co/160435.htm
福州大自然木结构工程有限公司,http://www.11467.com/fuzhou/co/161935.htm
山东新天宇建设安装集团有限公司,http://www.11467.com/liaocheng/co/39231.htm
福州钧泽景观工程有限公司,http://www.11467.com/fuzhou/co/161928.htm
安平县夏博丝网制品有限公司,http://www.11467.com/hengshui/co/27383.htm
兰州澳迪雅装饰材料有限公司,http://www.11467.com/lanzhou/co/73237.htm
上海华宇实业发展有限公司,http://www.11467.com/shanghai/co/539099.htm
青岛景建工贸制造有限公司,http://www.11467.com/qingdao/co/125206.htm
兰州大有玻璃钢通风设备有限公司,http://www.11467.com/lanzhou/co/73280.htm
无锡黑木耳装饰装潢有限公司,http://www.11467.com/wuxi/co/214083.htm
廊坊市恒通伟业防腐制品有限公司,http://www.11467.com/langfang/co/36119.htm
湖北省环艺园林工程有限公司,http://www.11467.com/wuhan/co/117766.htm
北京恒昌艺美装饰有限公司,http://www.11467.com/beijing/co/627853.htm
青岛世佳拆除有限公司,http://www.11467.com/qingdao/co/125252.htm
烟台昊明胶业幕墙材料有限公司,http://www.11467.com/yantai/co/133974.htm
上海艺极楼梯杭州公司,http://www.11467.com/hangzhou/co/306893.htm
兰州华龙建筑工程有限公司,http://www.11467.com/lanzhou/co/73229.htm
青岛正洪塑业有限公司,http://www.11467.com/qingdao/co/118226.htm
天津市锐虎体育设施有限公司,http://www.11467.com/tianjin/co/93102.htm
泉州宏明装饰公司,http://www.11467.com/quanzhou/co/114160.htm
合肥沐风装饰工程有限公司,http://www.11467.com/hefei/co/104431.htm
厦门金装盛世装饰工程有限公司,http://www.11467.com/xiamen/co/85553.htm
哈尔滨辉煌脚手架有限公司,http://www.11467.com/haerbin/co/62431.htm
厦门雨心防水服务有限公司,http://www.11467.com/xiamen/co/85728.htm
东莞市春满人间装饰有限公司德阳分公司,http://www.11467.com/deyang/co/33174.htm
杭州凯雅装修公司,http://www.11467.com/hangzhou/co/312186.htm
衡水标准钢筋连接设备有限公司,http://www.11467.com/hengshui/co/33389.htm
扬州汇景装饰工程有限公司,http://www.11467.com/yangzhou/co/90066.htm
深圳艺嘉装饰工程有限公司,http://www.11467.com/shenzhen/co/730632.htm
山西红马甲家政有限公司,http://www.11467.com/taiyuan/co/106840.htm
北京腾达阁楼制作搭建公司,http://www.11467.com/beijing/co/565699.htm
福州大川装饰工程有限公司,http://www.11467.com/fuzhou/co/161974.htm
扬州天风建筑工程有限公司,http://www.11467.com/yangzhou/co/90081.htm
湖北大冶古建园林工程有限公司,http://www.11467.com/huangshi/co/18546.htm
长春城市人家装饰有限公司盛世分公司,http://www.11467.com/changchun/co/83347.htm
烟台开门红装饰工程有限公司,http://www.11467.com/yantai/co/133922.htm
深圳市雅琪装饰设计有限公司,http://www.11467.com/shenzhen/co/720066.htm
哈尔滨市平安拆除加固工程公司,http://www.11467.com/haerbin/co/62448.htm
深圳市原像空间室内设计公司,http://www.11467.com/shenzhen/co/712047.htm
姜堰市巅峰装饰工程有限公司,http://www.11467.com/taizhoushi/co/35104.htm
天津武清艺美鸿装饰公司,http://www.11467.com/tianjin/co/180771.htm
广州圈点陈设艺术设计有限公司,http://www.11467.com/guangzhou/co/432937.htm
广州朋克装饰工程有限公司,http://www.11467.com/guangzhou/co/432965.htm
河南非凡贴金箔工艺公司,http://www.11467.com/zhengzhou/co/148925.htm
康格隔间墙技术有限公司,http://www.11467.com/zhengzhou/co/148934.htm
上海日俊建筑装潢设计有限公司,http://www.11467.com/shanghai/co/538904.htm
成都品味家装饰有限公司,http://www.11467.com/chengdu/co/142901.htm
福建省顺通管件有限公司,http://www.11467.com/quanzhou/co/114234.htm
河北省衡水华工建工程橡胶有限公司,http://www.11467.com/hengshui/co/27403.htm
霸州市富友达商贸有限责任公司,http://www.11467.com/langfang/co/36171.htm
兰州东林装饰材料有限公司,http://www.11467.com/lanzhou/co/73322.htm
厦门市卫康隆工贸发展有限公司,http://www.11467.com/xiamen/co/86059.htm
重庆壹川装饰设计工程有限公司,http://www.11467.com/chongqing/co/171420.htm
青岛恒雅居装饰工程有限公司,http://www.11467.com/qingdao/co/125272.htm
江苏海龙水下工程有限公司,http://www.11467.com/yancheng/co/61164.htm
东莞市盈通体育用品有限公司,http://www.11467.com/dongguan/co/415164.htm
广州宏纳装饰材料有限公司,http://www.11467.com/guangzhou/co/446193.htm
陕西大汉龙腾科技公司,http://www.11467.com/xian/co/120823.htm
石家庄盛宇建筑工程有限公司,http://www.11467.com/shijiazhuang/co/108767.htm
浙江迪生实业有限公司安徽办事处,http://www.11467.com/hefei/co/104566.htm
厦门市鹭工机电工程有限公司,http://www.11467.com/xiamen/co/85748.htm
青岛半岛人家装饰工程有限公司,http://www.11467.com/qingdao/co/151808.htm
福州市仓山区金盾防水工程有限公司,http://www.11467.com/fuzhou/co/162157.htm
青岛市宏图防腐木景观公司,http://www.11467.com/qingdao/co/151692.htm
天方净化工程有限公司,http://www.11467.com/jinan/co/133185.htm
青岛宏图防腐木景观有限公司,http://www.11467.com/qingdao/co/151718.htm
石家庄鑫雨建筑有限公司,http://www.11467.com/shijiazhuang/co/112302.htm
石家庄金鼎建筑工程有限公司,http://www.11467.com/shijiazhuang/co/108769.htm
北京远达建筑工程有限公司,http://www.11467.com/beijing/co/565717.htm
东莞新鑫无尘净化工程有限公司,http://www.11467.com/dongguan/co/488101.htm
山东艺云彩绘装饰有限公司,http://www.11467.com/liaocheng/co/49292.htm
郑州君安装饰工程有限公司,http://www.11467.com/zhengzhou/co/169871.htm
杭州闵天装饰设计有限公司,http://www.11467.com/hangzhou/co/363499.htm
青岛宇隆暖通设备有限公司,http://www.11467.com/qingdao/co/125249.htm
重庆华科室内设计有限公司,http://www.11467.com/chongqing/co/55454.htm
重庆飞强建筑工程有限公司德阳分公司,http://www.11467.com/deyang/co/37337.htm
北京龙云鼎天软膜装饰有限公司,http://www.11467.com/beijing/co/232677.htm
广州市鑫洋装饰工程有限公司,http://www.11467.com/guangzhou/co/435955.htm
成都耐迪斯装饰有限公司,http://www.11467.com/chengdu/co/142920.htm
苏州柯维达环境工程有限公司,http://www.11467.com/suzhou/co/270761.htm
河南大铭装饰设计工程公司,http://www.11467.com/zhengzhou/co/153604.htm
福州兴科达建筑技术开发有限公司,http://www.11467.com/fuzhou/co/162001.htm
重庆开林商务信息咨询有限公司南宁分公司,http://www.11467.com/nanning/co/85964.htm
向前禹岑装饰工程有限公司,http://www.11467.com/shenyang/co/96375.htm
江苏省千秋高空建筑防腐有限公司,http://www.11467.com/qingdao/co/151877.htm
温州源艺装饰有限公司,http://www.11467.com/wenzhou/co/170607.htm
扬州天丰高空建筑维修有限公司,http://www.11467.com/yangzhou/co/90217.htm
扬州天丰高空建筑防腐维修有限公司,http://www.11467.com/yangzhou/co/90109.htm
烟台中成装饰工程有限公司,http://www.11467.com/yantai/co/133984.htm
山东帝豪高分子材料有限公司,http://www.11467.com/jining/co/56772.htm
上海贵申装潢材料有限公司,http://www.11467.com/shanghai/co/512725.htm
深圳市新荣新装饰工程有限公司,http://www.11467.com/shenzhen/co/715686.htm
江西省现代装潢公司华赣家具厂,http://www.11467.com/nanchang/co/13811.htm
成都春满人间装饰有限公司,http://www.11467.com/chengdu/co/245024.htm
上海依港装潢工程有限公司,http://www.11467.com/shanghai/co/1016499.htm
北京东方九龙轻钢结构房屋有限公司,http://www.11467.com/beijing/co/33045.htm
遵义金龙节能排烟气道有限公司,http://www.11467.com/shanghai/co/41757.htm
苏州灿宇新型装饰建材有限公司,http://www.11467.com/suzhou/co/356587.htm
徐州久泰膜结构停车棚有限公司,http://www.11467.com/xuzhou/co/54781.htm
南昌碧水深蓝环境工程有限公司,http://www.11467.com/nanchang/co/108262.htm
北京蓝邦华测科技有限公司,http://www.11467.com/beijing/co/701882.htm
武汉美缝剂建材有限公司,http://www.11467.com/wuhan/co/150495.htm
北京筑博拆除加固有限公司,http://www.11467.com/beijing/co/715809.htm
上海鉴道实业有限公司,http://www.11467.com/shanghai/co/537649.htm
天水佳艺园林建设有限责任公司,http://www.11467.com/tianshui/co/9821.htm
南昌市永恒建筑工程机械有限公司,http://www.11467.com/nanchang/co/39048.htm
杭州卡恩新型建材有限公司,http://www.11467.com/hangzhou/co/369089.htm
苏州东菱空调机电工程有限公司,http://www.11467.com/suzhou/co/205562.htm
深圳友好居装饰工程有限公司,http://www.11467.com/shenzhen/co/717104.htm
禹州市恒翔压滤机有限公司,http://www.11467.com/xuchang/co/22892.htm
上海宏躬建筑工程有限公司,http://www.11467.com/shanghai/co/378948.htm
深圳市瑞盈福科技有限公司,http://www.11467.com/shenzhen/co/814137.htm
北京杨诚旧房翻新装修公司,http://www.11467.com/beijing/co/716049.htm
深圳市维度空间设计有限公司,http://www.11467.com/shenzhen/co/813661.htm
蒙阴学成能源有限公司,http://www.11467.com/linyi/co/82117.htm
深圳市金雅庭装饰工程有限公司,http://www.11467.com/shenzhen/co/757754.htm
南昌华特化工有限公司,http://www.11467.com/nanchang/co/100488.htm
杭州蓝马艺术砂岩有限公司,http://www.11467.com/hangzhou/co/302792.htm
中山市尚美佳装饰材料有限公司,http://www.11467.com/zhongshan/co/135382.htm
深圳市合盈建材有限公司,http://www.11467.com/shenzhen/co/771075.htm
湖南莱蒙达智能家居有限公司,http://www.11467.com/changsha/co/138334.htm
上海雅豪金属制品有限公司,http://www.11467.com/shanghai/co/53762.htm
苏州瑞祥居整体住宅系统有限公司,http://www.11467.com/suzhou/co/300210.htm
西安中野环保科技有限公司,http://www.11467.com/xian/co/92588.htm
北京安基建业工程技术有限公司,http://www.11467.com/beijing/co/226400.htm
徐州宝鼎门窗工程有限公司,http://www.11467.com/xuzhou/co/78599.htm
河南瑞隆建设有限公司,http://www.11467.com/zhengzhou/co/185458.htm
杭州木都景观工程有限公司,http://www.11467.com/hangzhou/co/311004.htm
杭州元隆建筑工程有限公司,http://www.11467.com/hangzhou/co/209314.htm
深圳市纬业装饰有限公司,http://www.11467.com/shenzhen/co/811451.htm
深圳市理想空间装饰工程有限公司,http://www.11467.com/shenzhen/co/715131.htm
深圳市一品红装饰设计工程有限公司,http://www.11467.com/shenzhen/co/865848.htm
上海佰贞建筑装饰工程有限公司,http://www.11467.com/shanghai/co/1067425.htm
淮安市三易居装饰工程有限公司,http://www.11467.com/huaian/co/55874.htm
四川世典鸿图装饰设计工装公司,http://www.11467.com/chengdu/co/252790.htm
江苏鋭腾科技有限公司,http://www.11467.com/wuxi/co/250250.htm
上海朝阳建筑装饰工程有限公司,http://www.11467.com/shanghai/co/1066609.htm
佛山市咏卓装饰工程有限公司,http://www.11467.com/foshan/co/362740.htm
武汉韩美时代纳米科技有限公司,http://www.11467.com/wuhan/co/156301.htm
河北正浩地板有限公司,http://www.11467.com/cangzhou/co/89583.htm
上海锡美电梯装潢（西安）分公司,http://www.11467.com/xian/co/150654.htm
深圳市深邦装饰设计工程有限公司,http://www.11467.com/shenzhen/co/941899.htm
北京德昌伟业建筑有限公司,http://www.11467.com/beijing/co/716055.htm
武汉锐逸同行空调技术有限公司,http://www.11467.com/wuhan/co/155587.htm
上海锡美电梯装潢有限公司（西北）分公司,http://www.11467.com/xian/co/132903.htm
苏州华锦装饰工程有限公司,http://www.11467.com/suzhou/co/374815.htm
佛山市名庭五金制品有限公司,http://www.11467.com/foshan/co/479082.htm
深圳市墙艺师傅装饰有限公司,http://www.11467.com/shenzhen/co/916071.htm
巩义市明工起重设备贸易有限公司,http://www.11467.com/zhengzhou/co/201027.htm
北京优易特建筑设计咨询有限公司,http://www.11467.com/beijing/co/760727.htm
北京市中奥世纪装饰工程设计有限公司,http://www.11467.com/beijing/co/760258.htm
上海官昕建筑工程有限公司,http://www.11467.com/shanghai/co/1134568.htm
佛山市中信搭棚工程公司,http://www.11467.com/zhuhai/co/102492.htm
上海代办资质有限公司,http://www.11467.com/shanghai/co/1078831.htm
北京鹏飞工程技术公司,http://www.11467.com/beijing/co/716801.htm
四川瑞联精工装饰设计工程有限责任公司,http://www.11467.com/chengdu/co/258577.htm
天津华锋脚手架吊篮有限公司,http://www.11467.com/taizhou/co/146578.htm
上海祥靓建筑装饰工程有限公司,http://www.11467.com/shanghai/co/1067003.htm
合肥统领水电安装有限公司,http://www.11467.com/hefei/co/144466.htm
宁波甬港装修公司,http://www.11467.com/ningbo/co/231440.htm
深圳市中建正工安装工程公司,http://www.11467.com/shenzhen/co/983294.htm
广州永逸装饰设计公司,http://www.11467.com/guangzhou/co/633958.htm
温州市夏禹装饰有限公司,http://www.11467.com/wenzhou/co/272639.htm
无锡市顺和智能工程有限公司,http://www.11467.com/wuxi/co/263269.htm
北京九文鱼装饰设计有限公司,http://www.11467.com/beijing/co/760639.htm
温州龙图阁装饰工程有限公司,http://www.11467.com/wenzhou/co/238725.htm
广州市饰必美电梯装饰有限公司,http://www.11467.com/guangzhou/co/571897.htm
青岛德信筑家配套工程有限公司,http://www.11467.com/qingdao/co/177198.htm
驻马店美欣装饰工程有限公司,http://www.11467.com/zhumadian/co/33075.htm
山东济南格兴经贸有限公司,http://www.11467.com/jinan/co/141684.htm
秦庭墙绘设计有限公司,http://www.11467.com/xiaogan/co/22812.htm
杭州雷奥电梯配套工程有限公司,http://www.11467.com/hangzhou/co/391772.htm
陕西实鸿装饰工程有限公司,http://www.11467.com/xian/co/132882.htm
北京远大外墙装饰工程有限公司,http://www.11467.com/beijing/co/717170.htm
广东星艺装饰集团浙江金华有限公司舟山分公司,http://www.11467.com/zhoushan/co/27811.htm
洛阳天俊装饰公司,http://www.11467.com/luoyang/co/69762.htm
淮安市明唐商贸有限公司,http://www.11467.com/huaian/co/52890.htm
武汉弘正建筑装饰工程有限公司,http://www.11467.com/wuhan/co/201226.htm
滨州市厚泽工贸有限公司,http://www.11467.com/binzhou/co/55116.htm
大连德信空气净化工程有限公司,http://www.11467.com/dalian/co/81070.htm
北京中升环境装饰设计有限公司,http://www.11467.com/beijing/co/761630.htm
上海荣耀建筑装饰工程有限公司,http://www.11467.com/shanghai/co/1217556.htm
汉中景华时代装饰有限公司,http://www.11467.com/hanzhong/co/27165.htm
北京双大伟业科技发展有限公司销售服务分公司,http://www.11467.com/beijing/co/763225.htm
重庆天怡美装饰有限公司,http://www.11467.com/chongqing/co/297502.htm
北京鸿艺装饰有限责任公司,http://www.11467.com/beijing/co/762512.htm
清远市智德水电安装公司,http://www.11467.com/qingyuan/co/40052.htm
东莞市恒富钢结构有限公司,http://www.11467.com/dongguan/co/614877.htm
四川巧涂防腐保温工程有限公司,http://www.11467.com/chengdu/co/283162.htm
莱芜市开拓园林景观工程有限公司,http://www.11467.com/laiwu/co/18600.htm
河南德昌装饰设计工程有限公司,http://www.11467.com/zhengzhou/co/224832.htm
东莞市文艺装饰工程有限公司,http://www.11467.com/dongguan/co/615410.htm
重庆惠怡宝科技有限公司,http://www.11467.com/chongqing/co/296821.htm
苏州唐盛园艺建筑装饰工程有限公司,http://www.11467.com/suzhou/co/393968.htm
吉林省铬铧实业有限公司,http://www.11467.com/changchun/co/110838.htm
四川甲子文化体育工程有限公司成都总部,http://www.11467.com/chengdu/co/283915.htm
深圳市中南防水装饰设计有限公司,http://www.11467.com/shenzhen/co/1003841.htm
天津市达发脚手架有限公司,http://www.11467.com/tianjin/co/252585.htm
湛江墨雕装饰设计工程有限公司,http://www.11467.com/zhanjiang/co/83890.htm
广州市信科装饰工程有限公司,http://www.11467.com/guangzhou/co/693068.htm
柏拉图室内外效果图公司,http://www.11467.com/lianyungang/co/49651.htm
厦门振华装饰公司,http://www.11467.com/xiamen/co/139316.htm
河南中凯科学工业有限责任公司,http://www.11467.com/zhengzhou/co/224467.htm
江西省丛一楼装饰工程有限公司新余分公司,http://www.11467.com/xinyu/co/13404.htm
哈密起明装饰有限公司,http://www.11467.com/hami/co/5312.htm
楚雄恒艺装饰工程有限公司,http://www.11467.com/chuxiong/co/16145.htm
乌鲁木齐鸿源美筑装饰设计有限公司,http://www.11467.com/wulumuqi/co/105500.htm
四川天盛世家装饰工程有限公司,http://www.11467.com/meishan/co/20378.htm
西安亚格自动门有限公司,http://www.11467.com/xian/co/154930.htm
河南郑州绿之城电梯装饰有限公司,http://www.11467.com/zhengzhou/co/220366.htm
常州东豪装饰有限公司,http://www.11467.com/changzhou/co/165632.htm
深圳市卓恒装饰设计工程有限公司,http://www.11467.com/shenzhen/co/1037123.htm
昌乐洪武防腐保温工程有限公司,http://www.11467.com/weifang/co/172566.htm
山东六顺保温工程有限公司,http://www.11467.com/weifang/co/172592.htm
石家庄金秋装饰工程有限公司,http://www.11467.com/shijiazhuang/co/204809.htm
北京盛华宇阳建筑装饰工程设计有限公司,http://www.11467.com/beijing/co/762193.htm
北京余力而成建筑工程有限公司,http://www.11467.com/beijing/co/761808.htm
中山市鼎沛建设工程有限公司,http://www.11467.com/zhongshan/co/203576.htm
深圳市装吧装饰设计有限公司,http://www.11467.com/shenzhen/co/1101945.htm
西安唐源装修装饰工程有限公司,http://www.11467.com/xian/co/167764.htm
廊坊市美天建筑有限公司,http://www.11467.com/langfang/co/84897.htm
商丘市永红预制构件有限公司,http://www.11467.com/shangqiu/co/34450.htm
保定市海龙装饰工程有限公司,http://www.11467.com/baoding/co/131862.htm
宿迁锐云建筑劳务有限公司,http://www.11467.com/suqian/co/31394.htm
西安鼎腾尚雅建筑装饰工程有限公司,http://www.11467.com/xian/co/167450.htm
石家庄北洪建筑工程有限公司,http://www.11467.com/shijiazhuang/co/108766.htm
潍坊佰宜居装饰工程有限公司,http://www.11467.com/weifang/co/10499.htm
深圳市饰帮装饰设计工程有限公司,http://www.11467.com/shenzhen/co/732443.htm
新兴县三盛装饰材料有限公司,http://www.11467.com/yunfu/co/29426.htm
惠州市富士邦涂装工程有限公司,http://www.11467.com/huizhou/co/41353.htm
莱芜市汶水源土工合成材料有限公司,http://www.11467.com/laiwu/co/7206.htm
成都四季舒适家暖通设备有限公司,http://www.11467.com/qiye/93319057.htm
广州市柏溢装饰工程有限公司,http://www.11467.com/guangzhou/co/425947.htm
广东天域金箔工程有限公司,http://www.11467.com/dongguan/co/488840.htm
保山江津桥南装饰工程有限责任公司,http://www.11467.com/qiye/92584852.htm
深圳市恒丰建材有限公司,http://www.11467.com/shenzhen/co/723861.htm
华油蓝桥建筑装饰有限公司,http://www.11467.com/cangzhou/co/45737.htm
浙江峥杰建筑科技有限公司,http://www.11467.com/qiye/93189482.htm
杭州富阳方士装饰材料有限公司,http://www.11467.com/hangzhou/co/324469.htm
河南天堃工程咨询有限公司,http://www.11467.com/zhengzhou/co/147883.htm
河南中远滑模技术有限公司,http://www.11467.com/zhengzhou/co/148621.htm
天津力创室内设计有限公司,http://www.11467.com/qiye/93056581.htm
北京陆达专业工程打孔公司,http://www.11467.com/beijing/co/565714.htm
佛山市昊时建材有限公司,http://www.11467.com/foshan/co/355876.htm
颍上县新空间装饰有限公司,http://www.11467.com/qiye/93321116.htm
山东易晟元汗蒸设备有限公司,http://www.11467.com/qiye/90679363.htm
广东鲸点新材料科技有限公司,http://www.11467.com/qiye/93215775.htm
富途成型科技（苏州）有限公司,http://www.11467.com/qiye/93321259.htm
广州富源石材翻新护理有限公司,http://www.11467.com/guangzhou/co/468487.htm
监利县术写室内设计有限公司,http://www.11467.com/qiye/93081932.htm
安徽金杰装饰工程有限公司,http://www.11467.com/qiye/93137268.htm
上海璟渠电梯装潢有限公司,http://www.11467.com/qiye/93146785.htm
贵州盛世豪庭装修工程有限公司,http://www.11467.com/qiye/93154543.htm
什邡尚来装饰有限公司,http://www.11467.com/qiye/93188769.htm
东莞市百强装饰有限公司,http://www.11467.com/dongguan/co/474676.htm
标卓现代装饰工程有限公司,http://www.11467.com/chengdu/co/211887.htm
上海优鸿装饰设计有限公司,http://www.11467.com/shanghai/co/1035678.htm
中集建筑装潢集团公司,http://www.11467.com/shanghai/co/693688.htm
深圳市雅美居装饰设计工程有限公司,http://www.11467.com/shenzhen/co/724903.htm
上海基昱建筑装饰工程有限公司,http://www.11467.com/shanghai/co/536145.htm
怀化市东升房屋拆迁有限责任公司,http://www.11467.com/huaihua/co/20114.htm
赤峰金三优装饰有限公司,http://www.11467.com/chifeng/co/24372.htm
湖州颖隆建设工程有限公司,http://www.11467.com/huzhou/co/56173.htm
安新诚信铝塑门窗有限公司,http://www.11467.com/baoding/co/63605.htm
杭州候鸟之家地暖有限公司,http://www.11467.com/hangzhou/co/310610.htm
四川省永达装饰公司巴中分公司,http://www.11467.com/bazhong/co/6295.htm
随州市强强防水有限公司,http://www.11467.com/suizhou/co/6913.htm
常州助建信息咨询服务有限公司,http://www.11467.com/changzhou/co/128162.htm
深圳美亚精品楼梯有限公司,http://www.11467.com/shenzhen/co/712029.htm
山西重宝实业有限公司,http://www.11467.com/taiyuan/co/44581.htm
成都市安建教育咨询有限公司高新区分公司,http://www.11467.com/qiye/93419819.htm
肇庆一品红装修公司,http://www.11467.com/zhaoqing/co/34239.htm
陕西泰戈尔环保科技有限公司,http://www.11467.com/xian/co/48685.htm
宁波海曙尺度装饰工程有限公司,http://www.11467.com/ningbo/co/205488.htm
苏州隆峰景观园林工程有限公司,http://www.11467.com/suzhou/co/404524.htm
上海聚赛空间设计有限公司,http://www.11467.com/shanghai/co/1305377.htm
北京华工环境工程有限公司,http://www.11467.com/qiye/93451517.htm
邹城市润盛建工有限公司,http://www.11467.com/qiye/93311451.htm
福州市富才声学发展有限公司,http://www.11467.com/qiye/93084272.htm
重庆言田门业有限公司,http://www.11467.com/chongqing/co/209859.htm
北京润元装饰有限公司,http://www.11467.com/beijing/co/759251.htm
广西星测科技有限公司,http://www.11467.com/nanning/co/99106.htm
广州不惑净化科技有限公司,http://www.11467.com/guangzhou/co/735501.htm
浙江正烨消防检测有限公司,http://www.11467.com/hangzhou/co/462817.htm
武汉科福建材科技有限公司,http://www.11467.com/wuhan/co/227735.htm
厦门霹誉贸易有限公司,http://www.11467.com/qiye/93437175.htm
天津威澜建筑工程有限公司,http://www.11467.com/tianjin/co/266174.htm
上海绪虎实业有限公司,http://www.11467.com/shanghai/co/1259979.htm
上海筑净净化工程有限公司,http://www.11467.com/shanghai/co/108260.htm
长治市满堂红室内设计工程有限公司,http://www.11467.com/changzhi/co/34383.htm
南京致存景观工程有限公司,http://www.11467.com/nanjing/co/187080.htm
南京百味装饰工程有限公司,http://www.11467.com/qiye/93171579.htm
深圳市合盈幕墙装饰设计工程有限公司,http://www.11467.com/qiye/93322965.htm
苏州恒泰建材装饰有限公司,http://www.11467.com/qiye/93132746.htm
和平县蓝图设计有限公司,http://www.11467.com/qiye/93079490.htm
四川森迪建筑装饰工程设计有限公司,http://www.11467.com/chengdu/co/285614.htm
江阴海青建筑保温材料有限公司,http://www.11467.com/wuxi/co/249741.htm
深圳市卓美防护工程有限公司,http://www.11467.com/shenzhen/co/811761.htm
重庆优乐淘相音装饰工程有限公司,http://www.11467.com/chongqing/co/289710.htm
东莞豪丰环保公司,http://www.11467.com/dongguan/co/615997.htm
祁阳县新星建筑劳务有限公司,http://www.11467.com/yongzhou/co/20448.htm
广州市隆盛装修工程有限公司,http://www.11467.com/guangzhou/co/511536.htm
天津中天鼎盛金属穿线管有限公司,http://www.11467.com/tianjin/co/218167.htm
陕西写意建筑装饰设计咨询有限公司,http://www.11467.com/xian/co/154891.htm
四川三欣建筑劳务有限公司,http://www.11467.com/chengdu/co/283033.htm
广州市奇维屋装饰工程有限公司,http://www.11467.com/guangzhou/co/745187.htm
南京顺河防水工程有限公司,http://www.11467.com/nanjing/co/185015.htm
佛山顺兴建筑材料出售有限公司,http://www.11467.com/foshan/co/472722.htm
安徽日辰装饰工程有限公司,http://www.11467.com/suzhoushi/co/35407.htm
苏州圣都家居有限公司,http://www.11467.com/suzhou/co/404374.htm
泰州则盛吊装科技有限公司,http://www.11467.com/taizhoushi/co/63591.htm
杭州意修建筑装饰有限公司,http://www.11467.com/hangzhou/co/108819.htm
上海财务代理有限公司,http://www.11467.com/shanghai/co/220217.htm
杭州浩瀚装饰工程有限公司,http://www.11467.com/hangzhou/co/111049.htm
沈阳北轩装饰工程有限公司,http://www.11467.com/fushun/co/27763.htm
齐河路建公路工程有限公司,http://www.11467.com/dezhou/co/71365.htm
北京创意优家家居装饰有限公司,http://www.11467.com/beijing/co/626918.htm
珠海安装工程有限公司,http://www.11467.com/zhuhai/co/89255.htm
北京中广恒丰装饰工程有限公司,http://www.11467.com/beijing/co/565679.htm
深圳海金装饰工程有限公司,http://www.11467.com/shenzhen/co/781850.htm
烟台科瑞装饰设计工程有限公司,http://www.11467.com/yantai/co/28374.htm
北京中外建建筑设计有限公司深圳分公司,http://www.11467.com/shenzhen/co/733258.htm
广西华行建工有限责任公司,http://www.11467.com/beihai/co/16190.htm
广西兴地建设工程有限公司,http://www.11467.com/beihai/co/16236.htm
四川锦都恒缘实业有限公司粮仓预应力拱板施工项目部,http://www.11467.com/dazhou/co/17792.htm
抚顺森隆达木业有限公司,http://www.11467.com/fushun/co/27819.htm
保定市东豪装饰工程有限公司,http://www.11467.com/baoding/co/119821.htm
新疆佰德益建材有限公司,http://www.11467.com/wulumuqi/co/105496.htm
北京大业美家家居装饰有限公司成都分公司,http://www.11467.com/chengdu/co/283625.htm
泰安市聚和装饰有限公司,http://www.11467.com/taian/co/68694.htm
北京匠状元装饰有限公司,http://www.11467.com/beijing/co/764692.htm
武汉明禾佳装饰有限公司,http://www.11467.com/wuhan/co/228491.htm
东易日盛家居装饰集团股份有限公司合肥分公司,http://www.11467.com/qiye/27457817.htm
山西紫苹果装饰工程有限公司,http://www.11467.com/qiye/27581654.htm
贵州鼎鼎日盛装饰工程有限公司,http://www.11467.com/guiyang/co/90695.htm
烟台鸿图华业装饰工程有限公司威海分公司,http://www.11467.com/weihai/co/62586.htm
湖南牛魔王装饰施工有限公司,http://www.11467.com/changsha/co/244818.htm
贵州七然晋立装饰工程有限公司,http://www.11467.com/anshun/co/11667.htm
陕西远景工程有限公司,http://www.11467.com/hanzhong/co/23196.htm
菏泽家煌装饰工程有限公司,http://www.11467.com/heze/co/23473.htm
内蒙古昌德装饰有限责任公司,http://www.11467.com/huhehaote/co/29457.htm
开封腾通住宅建设公司,http://www.11467.com/kaifeng/co/16659.htm
通州建总集团有限公司,http://www.11467.com/qinzhou/co/8970.htm
南安市贝斯泰石业有限公司,http://www.11467.com/quanzhou/co/113613.htm
山东视野装饰工程有限公司,http://www.11467.com/rizhao/co/16820.htm
湖北卓越集团建设有限公司,http://www.11467.com/shiyan/co/31311.htm
苏州佳丰装饰工程有限公司,http://www.11467.com/suzhou/co/15875.htm
山西龙盛达装饰工程有限公司,http://www.11467.com/taiyuan/co/105738.htm
唐山君业耐火保温材料有限公司,http://www.11467.com/tangshan/co/61865.htm
威海福满堂装饰有限公司,http://www.11467.com/weihai/co/36094.htm
内蒙古长城建安公司,http://www.11467.com/wuhai/co/4357.htm
无锡王兴幕墙装饰工程有限公司,http://www.11467.com/wuxi/co/27943.htm
肇庆邦丽建材实业有限公司,http://www.11467.com/zhaoqing/co/34390.htm
株洲美居乐装饰工程有限公司,http://www.11467.com/zhuzhou/co/37300.htm
祥瑞装饰有限公司,http://www.11467.com/rizhao/co/32054.htm
尚层装饰（北京）有限公司成都分公司,http://www.11467.com/chengdu/co/266007.htm
洛阳市超凡装潢设计工程有限公司,http://www.11467.com/luoyang/co/67270.htm
福州尊鹏王建材有限公司,http://www.11467.com/fuzhou/co/160814.htm
四川虹润建设有限公司,http://www.11467.com/guangyuan/co/17145.htm
深圳市宝安建筑工程有限公司,http://www.11467.com/guilin/co/47657.htm
上海波涛装饰集团宝鸡分公司,http://www.11467.com/baoji/co/28722.htm
深圳宏源防水材料有限公司,http://www.11467.com/shenzhen/co/729999.htm
保定华茂房地产开发有限公司,http://www.11467.com/baoding/co/12271.htm
重庆兄弟装饰公司,http://www.11467.com/chongqing/co/195888.htm
苏州美之峰装饰工程有限公司,http://www.11467.com/suzhou/co/270621.htm
江苏华瑞装饰工程有限公司,http://www.11467.com/nanjing/co/115511.htm
烟台艺树装饰设计有限公司,http://www.11467.com/yantai/co/134028.htm
深圳市天科建筑设计有限公司,http://www.11467.com/shenzhen/co/731690.htm
内蒙古点金路有限公司,http://www.11467.com/huhehaote/co/29746.htm
北京筑建远景装饰设计有限公司,http://www.11467.com/beijing/co/164076.htm
广州晶科建材有限公司,http://www.11467.com/guangzhou/co/454975.htm
东莞市领贤装饰设计工程有限公司,http://www.11467.com/dongguan/co/488996.htm
咸阳城市人家装饰有限公司蓝郡分公司,http://www.11467.com/xianyang/co/24590.htm
安康市南婷装饰工程有限公司,http://www.11467.com/ankang/co/13592.htm
吉林雨润地华置业有限公司,http://www.11467.com/baishan/co/11834.htm
北海馨平广洋房地产开发有限公司,http://www.11467.com/beihai/co/16209.htm
蚌埠艺家装饰有限责任公司,http://www.11467.com/bengbu/co/29915.htm
本溪東方管業有限公司,http://www.11467.com/benxi/co/30362.htm
大连皓翔装饰工程有限公司,http://www.11467.com/benxi/co/30417.htm
湖南中正工程建设咨询有限公司,http://www.11467.com/changde/co/32902.htm
泥巴公社装饰设计工程有限公司,http://www.11467.com/changsha/co/120832.htm
成都山之石装饰工程有限责任公司,http://www.11467.com/chengdu/co/141288.htm
上浙江海桐高新工程技术有限公司,http://www.11467.com/chizhou/co/9253.htm
楚雄中艺装饰工程有限公司,http://www.11467.com/chuxiong/co/13337.htm
大连豪之英物业管理有限公司,http://www.11467.com/dalian/co/65437.htm
大庆三易节能墙体制造有限公司,http://www.11467.com/daqing/co/42458.htm
大庆三塔建筑安装有限公司,http://www.11467.com/daqing/co/42602.htm
大同影音工程装饰公司,http://www.11467.com/datong/co/15822.htm
德阳日艺盛装饰工程有限公司业务部,http://www.11467.com/deyang/co/33030.htm
东营境远艺砼有限公司,http://www.11467.com/dongying/co/32511.htm
山东省东营市绿森商务信息咨询服务有限公司,http://www.11467.com/dongying/co/32402.htm
美丽的家装饰公司,http://www.11467.com/dongying/co/32301.htm
鄂尔多斯市蒙星建筑材料有限公司,http://www.11467.com/eerduosi/co/9094.htm
恩施房产网加盟有限公司,http://www.11467.com/enshi/co/13069.htm
鄂州三洋脚手架租赁公司,http://www.11467.com/ezhou/co/12543.htm
中油抚顺工程建设有限公司三分公司工程三队,http://www.11467.com/fushun/co/27800.htm
阜阳市超亿房地产开发有限公司,http://www.11467.com/fuyang/co/27960.htm
安徽甲方装饰设计有限公司,http://www.11467.com/hefei/co/188323.htm
重庆港宏装饰设计工程有限公司,http://www.11467.com/chongqing/co/344358.htm
安徽恒业建设工程有限公司,http://www.11467.com/fuyang/co/27840.htm
安徽宏天装饰有限责任公司,http://www.11467.com/fuyang/co/27842.htm
合肥海恒项目管理有限公司,http://www.11467.com/fuyang/co/27976.htm
三泰建筑装饰工程有限公司,http://www.11467.com/fuyang/co/27944.htm
四川盛源建筑安装工程公司,http://www.11467.com/guangyuan/co/17128.htm
中铁八局集团第三工程有限公司（物设部）,http://www.11467.com/guiyang/co/77884.htm
贵州曦梦装饰材料有限公司,http://www.11467.com/guiyang/co/78062.htm
贵州弘筑园林古建装饰工程有限公司,http://www.11467.com/guiyang/co/77796.htm
贵州易和建筑装饰工程有限公司,http://www.11467.com/guiyang/co/77845.htm
贵州元度家居汇建材有限责任公司,http://www.11467.com/guiyang/co/82836.htm
贵州省贵阳市好温馨装饰有限公司,http://www.11467.com/guiyang/co/77918.htm
哈尔滨金欧金属装饰品制造有限公司,http://www.11467.com/haerbin/co/61612.htm
杭州金展金属材料有限公司,http://www.11467.com/hangzhou/co/310100.htm
杭州浙创景观工程有限公司,http://www.11467.com/hangzhou/co/310087.htm
汉中市耀林拆除有限责任公司,http://www.11467.com/hanzhong/co/23144.htm
河南省鹤壁市飞达装饰有限公司,http://www.11467.com/hebi/co/9976.htm
鹤壁市泰隆市政工程有限公司,http://www.11467.com/hebi/co/9982.htm
百胜建筑装饰装璜有限公司,http://www.11467.com/heihe/co/19124.htm
美艺装饰传播有限公司,http://www.11467.com/hengyang/co/28415.htm
河源长鸿房地产有限公司,http://www.11467.com/heyuan/co/14891.htm
河源市源城区富来居装饰公司,http://www.11467.com/heyuan/co/14959.htm
广东省吴川市建筑工程公司河源项目部,http://www.11467.com/heyuan/co/14992.htm
深圳市鵬利裝飾設計工程有限公司河源分公司,http://www.11467.com/heyuan/co/14890.htm
麗景裝飾集團河源分公司,http://www.11467.com/heyuan/co/14915.htm
尚品装饰公司,http://www.11467.com/heze/co/23684.htm
菏泽金鼎置业有限公司,http://www.11467.com/heze/co/23412.htm
南通宏华建筑安装公司淮北分公司,http://www.11467.com/huaibei/co/14221.htm
淮南腾飞锚固材料有限公司,http://www.11467.com/huainan/co/16844.htm
淮南市厚普房地产开发有限公司,http://www.11467.com/huainan/co/16802.htm
内蒙古泉华建筑加固拆除有限公司,http://www.11467.com/huhehaote/co/29419.htm
虹腾建筑机械设备有限公司,http://www.11467.com/huhehaote/co/29432.htm
北京建磊国际装饰工程股份有限公司内蒙古办事处,http://www.11467.com/huhehaote/co/29384.htm
内蒙古鑫富豪木业有限公司,http://www.11467.com/huhehaote/co/29341.htm
唯盛装饰材料有限责任公司,http://www.11467.com/huhehaote/co/29552.htm
呼和浩特虹腾建筑机械有限公司,http://www.11467.com/huhehaote/co/29487.htm
内蒙古鄂尔多斯集团久大房地产开发有限公司,http://www.11467.com/huhehaote/co/29411.htm
唯盛装饰材料有限责任公司,http://www.11467.com/huhehaote/co/29553.htm
呼伦贝尔市海源经贸有限公司,http://www.11467.com/hulunbeier/co/17747.htm
佳木斯力生建筑施工公司,http://www.11467.com/jiamusi/co/34093.htm
南星装饰工程有限公司,http://www.11467.com/jingdezhen/co/12980.htm
中达建筑设备租赁有限公司,http://www.11467.com/jingmen/co/15854.htm
湖北省兴业建材有限公司,http://www.11467.com/jingmen/co/15877.htm
九江宜居装饰工程公司,http://www.11467.com/jiujiang/co/22330.htm
广西省桂林市九洲置业发展有限公司,http://www.11467.com/kaifeng/co/16627.htm
云南吉星装饰工程有限公司,http://www.11467.com/kunming/co/121510.htm
山东三山建筑有限公司,http://www.11467.com/laiwu/co/9467.htm
莱芜市恒阳暖通科技有限公司,http://www.11467.com/laiwu/co/9500.htm
雅典装饰工程公司,http://www.11467.com/lanzhou/co/72635.htm
帝尔诺商贸有限公司,http://www.11467.com/lanzhou/co/72472.htm
兰州闰程商贸有限公司,http://www.11467.com/lanzhou/co/72579.htm
月亮装饰公司,http://www.11467.com/liuan/co/16106.htm
龙岩联荣钢构工程有限公司,http://www.11467.com/longyan/co/23462.htm
方圆饰业工程公司,http://www.11467.com/lvliang/co/14140.htm
四川合力钢结构工程有限公司,http://www.11467.com/meishan/co/14607.htm
广东梅州市竹子贸易有限公司,http://www.11467.com/meizhou/co/23956.htm
南充市载德装饰工程有限公司,http://www.11467.com/nanchong/co/25695.htm
南京金箔集团宝玉工艺有限公司,http://www.11467.com/nanjing/co/66497.htm
福建省南平市永盛市政工程设备有限公司业务部,http://www.11467.com/nanping/co/36131.htm
盘锦市明丰装饰工程有限公司,http://www.11467.com/panjin/co/25582.htm
绿色家园装饰公司,http://www.11467.com/panzhihua/co/16916.htm
平顶山市旭轮装饰工程有限公司业务部,http://www.11467.com/pingdingshan/co/20119.htm
河南省建工集团房地产开发有限公司,http://www.11467.com/pingdingshan/co/20083.htm
濮阳油田管道疏通水暖安装公司,http://www.11467.com/puyang/co/21410.htm
青岛福赢建设集团有限公司,http://www.11467.com/qingdao/co/124558.htm
河北众人成建筑工程有限责任公司,http://www.11467.com/qinhuangdao/co/38669.htm
秦皇岛天河人工环境科技有限公司天河铝塑板厂,http://www.11467.com/qinhuangdao/co/38628.htm
秦皇岛冼明防水工程有限公司,http://www.11467.com/qinhuangdao/co/38563.htm
曲靖安厦房地产集团有限公司,http://www.11467.com/qujing/co/18868.htm
日照和风保温节能装饰工程有限公司,http://www.11467.com/rizhao/co/16676.htm
日照市金河装饰工程有限公司,http://www.11467.com/rizhao/co/16609.htm
山东视野模型有限公司,http://www.11467.com/rizhao/co/16898.htm
三明梅列装修公司,http://www.11467.com/sanming/co/32112.htm
丹凤县丁茂装饰建筑有限公司,http://www.11467.com/shangluo/co/8554.htm
商丘市隆鑫玻璃安装有限公司,http://www.11467.com/shangqiu/co/17807.htm
广东省优赢建筑脚手架有限公司,http://www.11467.com/shanwei/co/9573.htm
广州华睿玻璃有限公司韶关分部,http://www.11467.com/shaoguan/co/26089.htm
广东省优赢集团建筑脚手架有限公司,http://www.11467.com/shaoguan/co/26108.htm
广东省开平市优赢建筑脚手架有限公司（韶关销售部）,http://www.11467.com/shaoguan/co/26149.htm
深圳市宝鹰建设集团股份有限公司,http://www.11467.com/shenzhen/co/718228.htm
东风汽车工业工程公司,http://www.11467.com/shiyan/co/31347.htm
十堰市宏海华装饰材料有限公司,http://www.11467.com/shiyan/co/31308.htm
绥化市第一件材有限公司,http://www.11467.com/suihua/co/14816.htm
四川遂宁全力劳务建设有限公司,http://www.11467.com/suining/co/9400.htm
湖北省随州市中房集团开发公司,http://www.11467.com/suizhou/co/10460.htm
随州市大时代建筑装饰工程有限公司,http://www.11467.com/suizhou/co/10461.htm
宿州市泗绩装饰工程有限公司,http://www.11467.com/suzhoushi/co/18983.htm
宿州市永宏房地产开发有限公司,http://www.11467.com/suzhoushi/co/19047.htm
中煤第三建设集团有限责任公司,http://www.11467.com/suzhoushi/co/19001.htm
北京宜美家园建筑装饰工程有限公司山西分公司,http://www.11467.com/taiyuan/co/36427.htm
太原市晋锋建筑安装有限公司,http://www.11467.com/taiyuan/co/105750.htm
台州亿恒装饰有限公司,http://www.11467.com/taizhou/co/105044.htm
唐山远望幕墙装饰工程有限公司,http://www.11467.com/tangshan/co/63002.htm
唐山嘉艺建材有限公司,http://www.11467.com/tangshan/co/62946.htm
辽宁省铁岭市腾艺装修工程有限责任公司,http://www.11467.com/tieling/co/32032.htm
吉林恒诚建筑安装有限公司,http://www.11467.com/tonghua/co/32098.htm
通辽泛华置业有限公司,http://www.11467.com/tongliao/co/10072.htm
贵州名城房地产开发有限公司,http://www.11467.com/tongren/co/7780.htm
山东威海三龙防水物洁有限公司,http://www.11467.com/weihai/co/35861.htm
威海利海家居有限公司,http://www.11467.com/weihai/co/35911.htm
中铁十局第二工程有限公司,http://www.11467.com/weinan/co/22554.htm
新利建筑有限公司,http://www.11467.com/weinan/co/22547.htm
宏大专业钻孔公司,http://www.11467.com/wuhai/co/4333.htm
梧州市合工建筑公司,http://www.11467.com/wuzhou/co/17614.htm
安徽 宿州市防腐安装有限公司陕西办事处,http://www.11467.com/xianyang/co/23173.htm
湖北楚雄建筑工程有限公司,http://www.11467.com/xiaogan/co/20809.htm
西宁海马.隆升装饰工程有限公司,http://www.11467.com/xining/co/27615.htm
青海鸿祥建设工程有限公司,http://www.11467.com/xining/co/27592.htm
信阳市舒心装饰工程有限公司,http://www.11467.com/xinyang/co/20400.htm
新余贝盟装饰工程有限公司,http://www.11467.com/xinyu/co/7952.htm
城市人家装饰公司业务部,http://www.11467.com/xinzhou/co/17484.htm
河南许昌宏运房屋改造公司,http://www.11467.com/xuchang/co/19084.htm
福怡装饰工程有限公司,http://www.11467.com/yantai/co/133422.htm
烟台吉宇装饰有限责任公司,http://www.11467.com/yantai/co/28348.htm
天恩装饰工程有限责任公司,http://www.11467.com/yichang/co/47817.htm
宜昌市天恩装饰有限责任公司,http://www.11467.com/yichang/co/47840.htm
湖北益通建设工程有限责任公司,http://www.11467.com/yichang/co/47802.htm
宜春鑫型保温隔热防水材料有限公司,http://www.11467.com/yichun/co/21718.htm
宁夏青云建筑劳务分包有限公司,http://www.11467.com/yinchuan/co/42555.htm
银川地康专业水电暖改造公司,http://www.11467.com/yinchuan/co/42410.htm
营口汇通数控机械有限公司,http://www.11467.com/yingkou/co/44056.htm
益阳乾元模板有限公司,http://www.11467.com/yiyang/co/19855.htm
岳阳顺发装饰工程有限公司,http://www.11467.com/yueyang/co/34530.htm
山西宏夏工程第一有限公司,http://www.11467.com/yuncheng/co/26182.htm
深圳市大田洋实业有限公司,http://www.11467.com/yunfu/co/25996.htm
高迪大理石马赛克有限公司,http://www.11467.com/yunfu/co/26460.htm
深圳粤源装饰工程有限公司,http://www.11467.com/yunfu/co/26141.htm
广州盾海投资有限公司,http://www.11467.com/yunfu/co/26139.htm
玉溪汇溪建筑工程有限公司,http://www.11467.com/yuxi/co/16586.htm
欢颜装饰工程有限公司,http://www.11467.com/zhangye/co/9645.htm
沈阳中元伟业建筑装饰工程有限公司,http://www.11467.com/shenyang/co/81498.htm
深圳天阳防水防腐有限公司,http://www.11467.com/guangzhou/co/433907.htm
石家庄建港企业管理咨询有限公司,http://www.11467.com/shijiazhuang/co/112258.htm
贵州省安顺市经济技术开发区兴城建筑工程公司,http://www.11467.com/anshun/co/8786.htm
吉林白山金城园林古建筑工程有限公司,http://www.11467.com/baishan/co/11836.htm
白银市瑞丰装修工程有限公司,http://www.11467.com/baiyin/co/5260.htm
包头市伟仕达有限责任公司,http://www.11467.com/baotou/co/27905.htm
包头市兴新防水工程有限公司,http://www.11467.com/baotou/co/27735.htm
内蒙古华宇装饰工程有限责任公司,http://www.11467.com/baotou/co/27795.htm
百花不锈钢公司,http://www.11467.com/bayannaoer/co/5090.htm
广源建筑公司,http://www.11467.com/bayannaoer/co/5085.htm
广西北海市乃大贸易有限公司,http://www.11467.com/beihai/co/16196.htm
安徽省蚌埠市建筑建材有限公司,http://www.11467.com/bengbu/co/29969.htm
安徽蚌埠创新装饰公司,http://www.11467.com/bengbu/co/29883.htm
华新装饰公司,http://www.11467.com/benxi/co/30376.htm
贵州省毕节金鹰建材公司,http://www.11467.com/bijie/co/8877.htm
山东省洪润建设有限公司,http://www.11467.com/binzhou/co/24624.htm
滨州市建材有限公司,http://www.11467.com/binzhou/co/24681.htm
世杰装修工程有限公司,http://www.11467.com/changde/co/32934.htm
湖南长大建设集团股份有限公司,http://www.11467.com/changsha/co/61859.htm
巢湖三维装饰有限责任公司,http://www.11467.com/chaohu/co/14637.htm
巢湖市海仕达装饰工程有限公司,http://www.11467.com/chaohu/co/14605.htm
中建安装装饰工程有限公司,http://www.11467.com/chengde/co/23446.htm
秋浦建筑公司,http://www.11467.com/chizhou/co/9268.htm
丹东威圣建筑工程有限公司,http://www.11467.com/dandong/co/48709.htm
丹东中方基础工程有限公司,http://www.11467.com/dandong/co/48609.htm
丹东市天辰建设工程有限公司,http://www.11467.com/dandong/co/48690.htm
溪石集团丹东发展有限公司,http://www.11467.com/dandong/co/48624.htm
佰阳建设集团有限公司,http://www.11467.com/dandong/co/48639.htm
玉龙装饰公司,http://www.11467.com/dandong/co/48648.htm
大庆市红岗区鸿博小咸建筑装饰工程有限公司,http://www.11467.com/daqing/co/42457.htm
天艺阁装饰工程公司,http://www.11467.com/daqing/co/42598.htm
黑龙江省大庆市无极装饰工程有限公司,http://www.11467.com/daqing/co/42517.htm
鑫艺达装饰公司,http://www.11467.com/datong/co/15896.htm
大同宏旭商贸公司,http://www.11467.com/datong/co/15881.htm
大同云岗防腐抗磨有限责任公司,http://www.11467.com/datong/co/15814.htm
老郑工程公司,http://www.11467.com/datong/co/15942.htm
安徽圣颜装饰工程有限公司,http://www.11467.com/qiye/93187278.htm
广州云合装饰工程设计有限公司,http://www.11467.com/qiye/93222318.htm
太原市齐家典尚装饰工程有限公司,http://www.11467.com/qiye/93436168.htm
雅格装饰有限责任公司,http://www.11467.com/dazhou/co/17786.htm
德阳四方装饰工程有限公司,http://www.11467.com/deyang/co/33012.htm
华西建筑公司,http://www.11467.com/deyang/co/33022.htm
东营市庄典装饰有限公司,http://www.11467.com/dongying/co/32392.htm
东营兴友新型保温建材公司,http://www.11467.com/dongying/co/32531.htm
鄂尔多斯市睿智达房地产开发有限责任公司,http://www.11467.com/eerduosi/co/9049.htm
中天建设集团内蒙第四分公司,http://www.11467.com/eerduosi/co/9096.htm
梦达建筑公司,http://www.11467.com/eerduosi/co/9077.htm
内蒙古鄂尔多斯谊达建设投资有限公司,http://www.11467.com/eerduosi/co/9067.htm
鄂尔多斯市益正钢结构工程有限责任公司,http://www.11467.com/eerduosi/co/9086.htm
抚顺市外建监理咨询有限责任公司,http://www.11467.com/fushun/co/27915.htm
北方神马集团房地产开发股份有限公司,http://www.11467.com/fushun/co/27811.htm
抚顺诚实石化项目管理有限公司,http://www.11467.com/fushun/co/27788.htm
辽宁省阜新市诚实房屋维修有限公司,http://www.11467.com/fuxin/co/16833.htm
安徽古井实业发展有限公司,http://www.11467.com/fuyang/co/27987.htm
创新雕塑有限责任公司,http://www.11467.com/fuyang/co/27849.htm
安徽开天装饰工程有限公司,http://www.11467.com/fuyang/co/27823.htm
江西新正大烟塔技术有限公司,http://www.11467.com/fuzhoushi/co/17002.htm
抚州市伟顺装饰工程公司,http://www.11467.com/fuzhoushi/co/17029.htm
中安通达海外劳务合作公司,http://www.11467.com/fuzhoushi/co/17036.htm
四川天润房地产开发有限公司,http://www.11467.com/guangyuan/co/17111.htm
桂林建安监理公司,http://www.11467.com/guilin/co/47636.htm
新嘉源装饰有限公司,http://www.11467.com/guilin/co/47685.htm
贵州奇美装饰工程有限公司,http://www.11467.com/guiyang/co/77693.htm
贵州艾嘉雅庭装饰有限公司,http://www.11467.com/guiyang/co/77972.htm
贵州至誉建筑装饰工程有限责任公司,http://www.11467.com/guiyang/co/78026.htm
香港志翔建筑装饰工程公司,http://www.11467.com/guiyang/co/77772.htm
贵州省建三公司第四分公司,http://www.11467.com/guiyang/co/77775.htm
贵阳家装登高梯有限公司,http://www.11467.com/guiyang/co/78063.htm
贵州卓信房地产公司,http://www.11467.com/guiyang/co/77707.htm
红阳建材租赁公司,http://www.11467.com/guiyang/co/77948.htm
汇粤装饰有限公司,http://www.11467.com/guiyang/co/77840.htm
贵阳旗旌装饰有限公司,http://www.11467.com/guiyang/co/78079.htm
山东大汉建筑机械有限公司贵州销售部,http://www.11467.com/guiyang/co/77654.htm
贵阳佳饰家装饰工程有限公司,http://www.11467.com/guiyang/co/77798.htm
贵阳市佳百利建材有限公司,http://www.11467.com/guiyang/co/78103.htm
贵州建工集团第七建筑工程公司装饰分公司,http://www.11467.com/guiyang/co/77922.htm
新疆华海工程有限公司,http://www.11467.com/hami/co/4975.htm
杭州邮都装饰工程有限公司,http://www.11467.com/hangzhou/co/308000.htm
江西建工第四建筑有限责任公司,http://www.11467.com/hangzhou/co/308977.htm
腾飞装饰装潢有限公司,http://www.11467.com/hanzhong/co/23187.htm
东易日盛家居装饰集团股份有限公司石家庄分公司,http://www.11467.com/shijiazhuang/co/106693.htm
山西省朔州市恒泰昌商贸有限公司,http://www.11467.com/shuozhou/co/8614.htm
盘锦铭城建筑安装工程有限公司,http://www.11467.com/panjin/co/25628.htm
攀枝花市豪思佳居装饰工程有限公司,http://www.11467.com/panzhihua/co/16927.htm
平顶山居正建材有限责任公司,http://www.11467.com/pingdingshan/co/20086.htm
平顶山市东方家园装饰工程有限公司,http://www.11467.com/pingdingshan/co/20147.htm
平顶山市星宇装饰公司,http://www.11467.com/pingdingshan/co/20092.htm
萍乡大诚至盛装饰工程有限公司,http://www.11467.com/pingxiang/co/13159.htm
河南长兴设备防护公司,http://www.11467.com/puyang/co/21389.htm
濮阳市正方装饰工程有限公司,http://www.11467.com/puyang/co/21408.htm
濮阳市房地产开发公司,http://www.11467.com/puyang/co/21418.htm
青岛福瀛建设集团有限公司,http://www.11467.com/qingdao/co/123031.htm
庆阳晨阳物业管理有限公司,http://www.11467.com/qingyang/co/10658.htm
庆阳市鹏凌装饰工程有限公司,http://www.11467.com/qingyang/co/10646.htm
艺景装饰公司,http://www.11467.com/qingyang/co/10667.htm
新居源装饰有限公司,http://www.11467.com/qingyuan/co/24319.htm
秦皇岛金潭建筑装饰工程有限公司,http://www.11467.com/qinhuangdao/co/38622.htm
秦皇岛龙辉涂料有限公司,http://www.11467.com/qinhuangdao/co/38754.htm
秦皇岛市隆铭土木工程有限公司,http://www.11467.com/qinhuangdao/co/38623.htm
钦州华成投资公司,http://www.11467.com/qinzhou/co/8965.htm
中铁二十三局二公司,http://www.11467.com/qiqihaer/co/60064.htm
曲靖家佳乐装饰工程有限公司,http://www.11467.com/qujing/co/18844.htm
曲靖市天源房地产开发有限公司,http://www.11467.com/qujing/co/18874.htm
衢州市俞氏塑木复合建材有限公司,http://www.11467.com/quzhou/co/24899.htm
日照远大园林绿化工程有限公司1,http://www.11467.com/rizhao/co/16617.htm
彬缘信息公司,http://www.11467.com/rizhao/co/16861.htm
日照祥艺装饰有限公司,http://www.11467.com/rizhao/co/16535.htm
日照金亨建筑工程公司,http://www.11467.com/rizhao/co/16551.htm
日照鼎业工贸有限公司,http://www.11467.com/rizhao/co/16742.htm
山东宝磊建筑装饰工程有限公司,http://www.11467.com/rizhao/co/16672.htm
日照市华普机械有限公司，业务部,http://www.11467.com/rizhao/co/16581.htm
日照市深岚矿业发展有限公司,http://www.11467.com/rizhao/co/16683.htm
商丘市安泰工程公司,http://www.11467.com/shangqiu/co/17855.htm
建宏装饰有限公司,http://www.11467.com/shangqiu/co/17804.htm
上饶西市建筑公司,http://www.11467.com/shangrao/co/23410.htm
上饶润江房地产资讯有限公司,http://www.11467.com/shangrao/co/23338.htm
韶关泉晟实业发展有限公司,http://www.11467.com/shaoguan/co/26080.htm
韶关市万路防腐工程有限公司,http://www.11467.com/shaoguan/co/26111.htm
广东爱得威建设（集团）股份有限公司,http://www.11467.com/shenzhen/co/715674.htm
深圳市华典装饰工程有限公司,http://www.11467.com/shenzhen/co/714323.htm
深圳市洪涛装饰股份有限公司,http://www.11467.com/shenzhen/co/718272.htm
深圳市新永丰工业发展有限公司,http://www.11467.com/shenzhen/co/254073.htm
松原市建设工程有限公司,http://www.11467.com/songyuan/co/15811.htm
绥化市奥博建筑装饰工程有限公司,http://www.11467.com/suihua/co/14815.htm
湖北随州市皮蛋装饰工程有限公司,http://www.11467.com/suizhou/co/10426.htm
小云装饰公司,http://www.11467.com/suizhou/co/10397.htm
江苏江中集团有限公司,http://www.11467.com/suzhou/co/266936.htm
苏州市华丽美登装饰装璜有限公司,http://www.11467.com/suzhou/co/183300.htm
斐斐电脑公司,http://www.11467.com/suzhoushi/co/19036.htm
山西晋中建设集团直属十分公司,http://www.11467.com/taiyuan/co/105766.htm
天水市麦积区桥南建材市场名门装饰公司,http://www.11467.com/tianshui/co/16423.htm
万豪装饰有限公司,http://www.11467.com/tongliao/co/10102.htm
华鑫贸易有限贸易公司,http://www.11467.com/tongling/co/13014.htm
铜陵新浪装饰公司,http://www.11467.com/tongling/co/13008.htm
威海市金豪装饰工程有限公司,http://www.11467.com/weihai/co/35836.htm
威海新坤装饰公司,http://www.11467.com/weihai/co/35964.htm
威海今诺建设项目管理公司,http://www.11467.com/weihai/co/35889.htm
威海鑫碧淼装饰有限公司,http://www.11467.com/weihai/co/35953.htm
利风建筑有限公司,http://www.11467.com/weinan/co/22551.htm
内蒙乌海新发建材租赁公司,http://www.11467.com/wuhai/co/4351.htm
乌海市羽家装饰工程有限责任公司,http://www.11467.com/wuhai/co/4342.htm
武汉市傅友建设集团有限公司,http://www.11467.com/wuhan/co/114742.htm
乌兰察布市联建陆桥开发有限责任公司,http://www.11467.com/wulanchabu/co/6259.htm
新疆北新建设工程有限公司,http://www.11467.com/wulumuqi/co/99868.htm
远翔劳务公司,http://www.11467.com/wulumuqi/co/99898.htm
广西梧州市桦达安装工程有限公司,http://www.11467.com/wuzhou/co/17581.htm
梧州瑞丰园林绿化工程有限公司,http://www.11467.com/wuzhou/co/17576.htm
厦门市港龙装修工程有限公司,http://www.11467.com/xiamen/co/38434.htm
安利房屋拆迁有限责任公司,http://www.11467.com/xiangfan/co/40745.htm
童氏企业责任有限公司,http://www.11467.com/xianning/co/13641.htm
咸宁市三友房地产有限公司,http://www.11467.com/xianning/co/13649.htm
仙桃楚天源门窗装饰公司,http://www.11467.com/xiantao/co/15245.htm
孝感市华鑫凿井有限公司,http://www.11467.com/xiaogan/co/20822.htm
立志装饰公司,http://www.11467.com/xiaogan/co/20807.htm
青海建设工程装饰分公司,http://www.11467.com/xining/co/27559.htm
信阳市伟业装饰公司,http://www.11467.com/xinyang/co/20486.htm
河南恒昌房地产开发有限公司,http://www.11467.com/xinyang/co/20417.htm
信阳华威建筑公司,http://www.11467.com/xinyang/co/20499.htm
迪美装饰公司,http://www.11467.com/xinzhou/co/17523.htm
东莞市德森装饰设计工程有限公司,http://www.11467.com/dongguan/co/550817.htm
广州市亚卓展览服务有限公司,http://www.11467.com/guangzhou/co/419466.htm
广州市盛洲地基基础工程有限公司,http://www.11467.com/guangzhou/co/69412.htm
广州市陆益建筑材料有限公司,http://www.11467.com/guangzhou/co/90643.htm
杭州长和装饰工程有限公司,http://www.11467.com/hangzhou/co/307584.htm
杭州久城装饰工程有限公司,http://www.11467.com/hangzhou/co/306282.htm
杭州兰利装饰有限公司,http://www.11467.com/hangzhou/co/306458.htm
杭州正源室内装饰有限公司,http://www.11467.com/hangzhou/co/16911.htm
浙江省长城建设集团股份有限公司,http://www.11467.com/hangzhou/co/199061.htm
安徽智磊商业展柜装饰工程有限公司,http://www.11467.com/hefei/co/132275.htm
江门市贵兴装饰工程有限公司,http://www.11467.com/jiangmen/co/5745.htm
吉化集团吉林市北方建设有限责任公司,http://www.11467.com/jilinshi/co/14411.htm
济南建工总承包集团有限公司,http://www.11467.com/jinan/co/111632.htm
廊坊华宇创新科技有限公司,http://www.11467.com/langfang/co/28603.htm
河南一博板业有限公司,http://www.11467.com/luoyang/co/52597.htm
南京大明文化实业有限责任公司,http://www.11467.com/nanjing/co/111819.htm
南京国豪装饰安装工程有限公司,http://www.11467.com/nanjing/co/112643.htm
南宁浩尊会展服务有限公司,http://www.11467.com/nanning/co/78215.htm
青岛海都装饰装潢有限公司,http://www.11467.com/qingdao/co/13033.htm
清远市海泰房地产开发有限公司,http://www.11467.com/qingyuan/co/24243.htm
清远市华韵装饰设计有限公司,http://www.11467.com/qingyuan/co/27454.htm
沈阳新饰家装饰工程有限公司,http://www.11467.com/shenyang/co/5911.htm
沈阳三洋电梯有限公司安装分公司,http://www.11467.com/shenyang/co/79392.htm
深圳新艺华建筑装饰工程有限公司,http://www.11467.com/shenzhen/co/716448.htm
河北云顶土木工程有限公司,http://www.11467.com/shijiazhuang/co/106605.htm
河北正信建筑装饰工程有限公司,http://www.11467.com/shijiazhuang/co/2024.htm
石家庄一建建设集团有限公司,http://www.11467.com/shijiazhuang/co/106519.htm
苏州绿地装饰工程有限公司,http://www.11467.com/suzhou/co/311074.htm
中基建设有限公司,http://www.11467.com/suzhou/co/268233.htm
深圳市文业装饰工程有限公司,http://www.11467.com/wuhan/co/115577.htm
武汉盛堂装饰工程有限公司,http://www.11467.com/wuhan/co/14671.htm
武汉江城基础工程有限公司,http://www.11467.com/wuhan/co/32444.htm
武汉鑫亿家房地产顾问有限公司,http://www.11467.com/wuhan/co/114671.htm
武汉创世业建筑工程有限责任公司,http://www.11467.com/wuhan/co/115453.htm
烟台开发区双鹏建筑装饰有限公司,http://www.11467.com/yantai/co/2157.htm
宜昌天元一品装饰工程有限公司,http://www.11467.com/yichang/co/8104.htm
河南东方建设集团发展有限公司,http://www.11467.com/zhengzhou/co/146932.htm
中山市新锐装饰设计工程有限公司,http://www.11467.com/zhongshan/co/141198.htm
北京东方泰洋装饰工程有限公司,http://www.11467.com/beijing/co/191498.htm
北京富天玺建筑工程有限公司,http://www.11467.com/beijing/co/181052.htm
北京建工一建工程建设有限公司,http://www.11467.com/beijing/co/663739.htm
湖南德成建设工程有限公司,http://www.11467.com/changde/co/32878.htm
新疆中哈联国际贸易有限公司,http://www.11467.com/changji/co/13009.htm
成都烨华涂装工程有限公司,http://www.11467.com/chengdu/co/49187.htm
四川奥菲克斯建设工程有限公司,http://www.11467.com/chengdu/co/139914.htm
四川省中普建设有限公司,http://www.11467.com/chengdu/co/141129.htm
江苏飞龙装饰工程有限公司,http://www.11467.com/chifeng/co/24216.htm
大连兴达玻璃钢有限公司,http://www.11467.com/dalian/co/64399.htm
北京宜美家园建筑装饰工程有限公司安徽分公司,http://www.11467.com/hefei/co/161608.htm
广州市橙家装饰工程有限公司,http://www.11467.com/guangzhou/co/699745.htm
郑州地安防滑防护科技有限公司,http://www.11467.com/zhengzhou/co/226196.htm
北京新洲伟业装饰有限公司保定分公司,http://www.11467.com/baoding/co/143915.htm
润铭实业（深圳）有限公司,http://www.11467.com/shenzhen/co/1102414.htm
四平市展艺装饰工程有限公司,http://www.11467.com/siping/co/36603.htm
惠州市恒乐基装饰有限公司,http://www.11467.com/huizhou/co/162160.htm
十堰星梦想装饰工程有限公司,http://www.11467.com/shiyan/co/37859.htm
广西广马电梯设备有限公司,http://www.11467.com/yulin/co/23473.htm
祁阳业之峰日盛装饰工程有限公司,http://www.11467.com/yongzhou/co/34924.htm
湖南长沙金空间装饰实业有限公司,http://www.11467.com/changsha/co/223153.htm
石家庄乐活居装饰工程有限公司,http://www.11467.com/shijiazhuang/co/265967.htm
全椒万华装饰工程有限公司,http://www.11467.com/chuzhou/co/38888.htm
北京天道酬勤物业管理有限公司,http://www.11467.com/beijing/co/143034.htm
北京忠信博艺建筑装饰有限公司,http://www.11467.com/beijing/co/329524.htm
国都建设（集团）有限公司,http://www.11467.com/beijing/co/330595.htm
河南华都建设发展集团有限公司,http://www.11467.com/beijing/co/225761.htm
博洛尼旗舰装饰装修工程(北京)有限公司,http://www.11467.com/beijing/co/143385.htm
上海宝元化学建材有限公司,http://www.11467.com/shanghai/co/169271.htm
大华（集团）有限公司,http://www.11467.com/shanghai/co/26955.htm
上海成铭建筑工程有限公司,http://www.11467.com/shanghai/co/478920.htm
上海月恒建筑装饰工程有限公司,http://www.11467.com/shanghai/co/978815.htm
南通建工集团股份有限公司,http://www.11467.com/tianjin/co/147381.htm
重庆华发装修工程有限公司,http://www.11467.com/chongqing/co/195675.htm
重庆广怀实业（集团）有限公司,http://www.11467.com/chongqing/co/13635.htm
金戈马（北京）信息技术有限公司,http://www.11467.com/beijing/co/715892.htm
太原业之峰诺华装饰有限公司,http://www.11467.com/taiyuan/co/126254.htm
南京骐客网络有限公司,http://www.11467.com/nanjing/co/160358.htm
河南宜佳装饰工程有限公司,http://www.11467.com/kaifeng/co/24976.htm
普定县兴隆装饰工程有限责任公司,http://www.11467.com/anshun/co/9591.htm
黑龙江洞瀛汇建筑材料经销有限公司,http://www.11467.com/haerbin/co/72655.htm
成都欧概装饰设计有限公司,http://www.11467.com/chengdu/co/258553.htm
汕头市创兴建筑装饰工程有限公司,http://www.11467.com/shantou/co/154777.htm
天水城市人家装饰有限公司,http://www.11467.com/tianshui/co/18508.htm
长沙凯健建筑咨询有限公司,http://www.11467.com/changsha/co/154804.htm
贵阳远华建筑装饰工程有限公司,http://www.11467.com/guiyang/co/86633.htm
江苏诚海智能科技有限公司,http://www.11467.com/nanjing/co/170076.htm
双城市北方金属艺术装饰公司,http://www.11467.com/haerbin/co/75350.htm
深圳宏钰堂建筑装饰工程有限公司郑州分公司,http://www.11467.com/zhengzhou/co/216248.htm
四川本意空间建筑装饰有限公司,http://www.11467.com/chengdu/co/282998.htm
重庆建工第三建设有限责任公司,http://www.11467.com/chongqing/co/266577.htm
郑州中道展览展示服务有限公司,http://www.11467.com/zhengzhou/co/222816.htm
吉首苹果装饰设计工程有限公司,http://www.11467.com/xianxi/co/15682.htm
湖南汇智装饰工程有限公司,http://www.11467.com/changsha/co/192930.htm
北京爱江山国际装饰工程有限公司,http://www.11467.com/beijing/co/762470.htm
河南艺尚建筑装饰工程有限公司,http://www.11467.com/zhengzhou/co/225949.htm
成都面对面装饰工程有限公司,http://www.11467.com/chengdu/co/283756.htm
青岛宏达建筑装潢工程总公司,http://www.11467.com/qingdao/co/123288.htm
浙江环宇建设集团有限公司,http://www.11467.com/shaoxing/co/53044.htm
沈阳万荣装饰材料有限公司,http://www.11467.com/shenyang/co/79946.htm
沈阳帧帝三维建筑艺术有限公司,http://www.11467.com/shenyang/co/79950.htm
沈阳果实装饰工程有限公司,http://www.11467.com/shenyang/co/80652.htm
广东省台山市鸿坚建筑工程有限公司宝安分公司,http://www.11467.com/shenzhen/co/38810.htm
广东五华二建工程有限公司深圳分公司防水补漏服务部,http://www.11467.com/shenzhen/co/717903.htm
深圳市龙岗区江生防水补漏公司,http://www.11467.com/shenzhen/co/718693.htm
深圳市金雅颂钢结构有限公司,http://www.11467.com/shenzhen/co/783562.htm
深圳市名雕装饰工程有限公司,http://www.11467.com/shenzhen/co/718465.htm
深圳市鑫辉装饰工程有限公司,http://www.11467.com/shenzhen/co/716672.htm
深圳瑞华建设有限公司采购部,http://www.11467.com/shenzhen/co/720136.htm
深圳市中大建设集团有限公司,http://www.11467.com/shenzhen/co/711110.htm
苏州广奕置业开发有限公司,http://www.11467.com/suzhou/co/266733.htm
苏州日月幕墙装饰工程有限公司,http://www.11467.com/suzhou/co/267402.htm
中建四局第六建筑工程有限公司,http://www.11467.com/suzhou/co/267393.htm
苏州二建建筑集团有限公司,http://www.11467.com/suzhou/co/267232.htm
山西新弘祺房地产开发有限公司,http://www.11467.com/taiyuan/co/23472.htm
浙江东运建设股份有限公司质安科,http://www.11467.com/taizhou/co/105097.htm
江苏天龙建设工程有限公司,http://www.11467.com/taizhoushi/co/34635.htm
潍坊方程工程有限公司,http://www.11467.com/weifang/co/92313.htm
潍坊市华能置业有限公司,http://www.11467.com/weifang/co/92731.htm
威海市水利岩土工程有限公司,http://www.11467.com/weihai/co/9514.htm
华彩房屋装饰有限公司,http://www.11467.com/wenzhou/co/169013.htm
武汉市美多尼装饰材料有限公司,http://www.11467.com/wuhan/co/116481.htm
武汉华乐地产拓展有限公司,http://www.11467.com/wuhan/co/114764.htm
湖北鼎元建筑装饰工程有限公司,http://www.11467.com/wuhan/co/14699.htm
芜湖市绿庄工业技术有限责任公司,http://www.11467.com/wuhu/co/17748.htm
常熟市宝华建筑装璜材料有限公司无锡分公司,http://www.11467.com/wuxi/co/42492.htm
厦门市彩家装饰工程有限公司,http://www.11467.com/xiamen/co/82243.htm
厦门都市名殿家居工程有限公司[家装部],http://www.11467.com/xiamen/co/83830.htm
厦门鹭苑翔龙装饰工程有限公司,http://www.11467.com/xiamen/co/83600.htm
厦门华丽新工程发展有限公司,http://www.11467.com/xiamen/co/81625.htm
陕西欣宇装修装饰有限公司,http://www.11467.com/xian/co/10292.htm
西安飞机工业装饰装修工程股份有限公司,http://www.11467.com/xian/co/45670.htm
冬霞装修公司,http://www.11467.com/xian/co/94053.htm
中铁十一局集团第一工程有限公司,http://www.11467.com/xiangfan/co/32502.htm
徐州泰隆建筑工程有限公司,http://www.11467.com/xuzhou/co/62977.htm
江苏省千秋高空建修防腐有限公司,http://www.11467.com/yancheng/co/54649.htm
扬州三布纺织有限公司,http://www.11467.com/yangzhou/co/79541.htm
山东鼎盛建筑安装有限公司,http://www.11467.com/yantai/co/133195.htm
河南水利建筑工程有限公司,http://www.11467.com/zhengzhou/co/31013.htm
河南省博大工程管理有限公司,http://www.11467.com/zhengzhou/co/145382.htm
中建七局安装工程公司,http://www.11467.com/zhengzhou/co/146681.htm
郑州天恒建筑劳务分包有限公司,http://www.11467.com/zhengzhou/co/56714.htm
江苏中强钢结构有限公司,http://www.11467.com/zhenjiang/co/59589.htm
珠海柏雅暖通设备有限公司,http://www.11467.com/zhuhai/co/6305.htm
北京广庭泽业建筑装饰公司,http://www.11467.com/beijing/co/144259.htm
北京东方巨龙金属制品有限公司,http://www.11467.com/beijing/co/226254.htm
北京宏福钢结构工程有限公司,http://www.11467.com/beijing/co/32809.htm
北京宏达装饰工程有限公司,http://www.11467.com/beijing/co/141808.htm
北京宏扬恒艺装饰装修有限公司,http://www.11467.com/beijing/co/330166.htm
北京思创蓝石建设有限公司,http://www.11467.com/beijing/co/142917.htm
北京腾达兴盛轻钢彩板有限公司,http://www.11467.com/beijing/co/626793.htm
北京合创国际建筑装饰工程有限公司,http://www.11467.com/beijing/co/626967.htm
北京昭德投资有限公司,http://www.11467.com/beijing/co/143763.htm
北京青龙宝鼎装饰装潢有限公司,http://www.11467.com/beijing/co/225582.htm
北京智达世通装饰工程有限公司,http://www.11467.com/beijing/co/438006.htm
雷鼎金刚装饰工程有限公司,http://www.11467.com/beijing/co/141514.htm
东阳市盛达建筑工程有限公司,http://www.11467.com/beijing/co/329048.htm
厦门恒日贸易有限公司,http://www.11467.com/beijing/co/142607.htm
北京泽辉建筑装饰工程有限公司,http://www.11467.com/beijing/co/438468.htm
中铁建设集团有限公司,http://www.11467.com/beijing/co/142451.htm
上海德超科贸有限公司,http://www.11467.com/shanghai/co/978750.htm
红阳建设集团有限公司,http://www.11467.com/shanghai/co/747144.htm
上海划云建筑装饰工程有限公司,http://www.11467.com/shanghai/co/921336.htm
上海朗益装饰工程有限公司,http://www.11467.com/shanghai/co/948427.htm
上海龙宇建设股份有限公司,http://www.11467.com/shanghai/co/251960.htm
上海劲嘉建材科技有限公司,http://www.11467.com/shanghai/co/268093.htm
上海江河幕墙系统工程有限公司-采购供应中心,http://www.11467.com/shanghai/co/897379.htm
上海交通建设总承包有限公司,http://www.11467.com/shanghai/co/692177.htm
上海市第四建筑有限公司,http://www.11467.com/shanghai/co/691676.htm
上海灵鹫石材有限公司,http://www.11467.com/shanghai/co/329637.htm
上海鹭城建筑幕墙工程有限公司,http://www.11467.com/shanghai/co/848133.htm
上海鹭盛装潢工程有限公司,http://www.11467.com/shanghai/co/811013.htm
上海润迅建筑装饰工程有限公司,http://www.11467.com/shanghai/co/537211.htm
上海欣进建筑装饰工程有限公司,http://www.11467.com/shanghai/co/220001.htm
中铁十八局集团有限公司,http://www.11467.com/shanghai/co/428944.htm
中交第三航务工程局有限公司,http://www.11467.com/shanghai/co/948691.htm
仕行（上海）建筑装饰工程有限公司,http://www.11467.com/shanghai/co/329727.htm
上海奥邦装饰设计有限公司,http://www.11467.com/shanghai/co/670511.htm
上海中深建筑装饰工程有限公司,http://www.11467.com/shanghai/co/53018.htm
上海淑慧装饰材料有限公司,http://www.11467.com/shanghai/co/691828.htm
天津长飞装饰有限公司生产销售部,http://www.11467.com/tianjin/co/118711.htm
重庆华欧装饰工程有限公司,http://www.11467.com/chongqing/co/55281.htm
重庆威廉建筑装饰工程有限公司,http://www.11467.com/chongqing/co/171319.htm
东莞市凌云空调控制有限公司,http://www.11467.com/dongguan/co/557778.htm
广州市番禺石基汇思创意空间装饰公司,http://www.11467.com/guangzhou/co/511502.htm
昆明创艺装饰有限公司,http://www.11467.com/kunming/co/134198.htm
珠海佐恩鸿祺建筑装饰工程有限公司,http://www.11467.com/zhuhai/co/100403.htm
山东宏昌彩钢有限公司,http://www.11467.com/binzhou/co/44357.htm
天津市升明工贸有限公司,http://www.11467.com/tianjin/co/304556.htm
江西省雄基建设集团有限公司,http://www.11467.com/nanchang/co/120694.htm
四川利丰软膜天花装饰工程有限公司,http://www.11467.com/chengdu/co/141697.htm
宁波北仑暮晨装饰设计工程公司,http://www.11467.com/ningbo/co/144240.htm
洛阳市同盟文化传播有限公司,http://www.11467.com/luoyang/co/53220.htm
苏州伍合力新工程材料有限公司,http://www.11467.com/suzhou/co/270263.htm
南京积木装饰公司,http://www.11467.com/nanjing/co/115395.htm
石家庄檀捷建材商贸有限公司,http://www.11467.com/shijiazhuang/co/108738.htm
威海市白桦林装饰工程有限公司,http://www.11467.com/weihai/co/36184.htm
北京海纳科艺沙盘模型设计有限公司,http://www.11467.com/beijing/co/33275.htm
山东建功置业有限公司,http://www.11467.com/jinan/co/114778.htm
江西省中兴建筑企业有限公司余干分公司,http://www.11467.com/shangrao/co/23479.htm
北京市九洲知音公司,http://www.11467.com/beijing/co/714779.htm
烟台科瑞装饰设计工程有限公司,http://www.11467.com/yantai/co/28374.htm
许昌阳光广告装饰工程公司,http://www.11467.com/xuchang/co/19250.htm
北京卡米富恒数字科技有限公司,http://www.11467.com/beijing/co/716670.htm
深圳市瑞德钢结构工程有限公司,http://www.11467.com/shenzhen/co/815115.htm
合肥建树装饰工程有限公司,http://www.11467.com/hefei/co/145793.htm
北京广佳建筑装饰股份有限公司,http://www.11467.com/beijing/co/717002.htm
杭州南辉装饰有限公司,http://www.11467.com/hangzhou/co/391889.htm
广东华鼎建筑工程有限公司,http://www.11467.com/foshan/co/374312.htm
太仓万和建设工程投资咨询有限公司,http://www.11467.com/suzhou/co/358159.htm
山东金润建设咨询有限公司,http://www.11467.com/zibo/co/112665.htm
江苏裕祥装饰工程有限公司,http://www.11467.com/yangzhou/co/115288.htm
重庆市拙林园林景观设计有限公司,http://www.11467.com/yichang/co/56993.htm
天津市鹏腾伟业金属贸易有限公司,http://www.11467.com/tianjin/co/217551.htm
上海锡美电梯装饰工程有限公司,http://www.11467.com/chongqing/co/242304.htm
成都豪美佳装饰工程有限公司,http://www.11467.com/chengdu/co/274944.htm
安徽省建弘装饰工程有限公司,http://www.11467.com/hefei/co/152169.htm
广西雅庭集团装饰有限公司,http://www.11467.com/guigang/co/9275.htm
山东良工建筑劳务有限公司,http://www.11467.com/jinan/co/153381.htm
辽宁三合建筑工程有限公司,http://www.11467.com/liaoyang/co/25576.htm
成都欧馨居装饰工程有限责任公司,http://www.11467.com/chengdu/co/283099.htm
广州市奇利金属制品有限公司,http://www.11467.com/guangzhou/co/683279.htm
大连尚品原创装饰设计工程有限公司,http://www.11467.com/dalian/co/81108.htm
云南八方加固工程有限公司,http://www.11467.com/kunming/co/148126.htm
临沂市安顺拆除有限公司,http://www.11467.com/linyi/co/132580.htm
北京凯弘堂装饰工程有限公司,http://www.11467.com/beijing/co/763919.htm
无锡百度空间装饰装潢有限公司,http://www.11467.com/wuxi/co/274392.htm
成都创美家装饰工程有限公司,http://www.11467.com/chengdu/co/285696.htm
湖北河美家装饰工程有限公司,http://www.11467.com/wuhan/co/210878.htm
恩施巴城土寨仿古建筑有限公司,http://www.11467.com/enshi/co/18937.htm
宁夏福泰精工装饰工程有限公司,http://www.11467.com/yinchuan/co/45284.htm
重庆创品教育信息咨询有限公司,http://www.11467.com/chongqing/co/335346.htm
北京九创装饰工程有限公司,http://www.11467.com/beijing/co/789321.htm
山东鲁公大宅装饰工程有限公司,http://www.11467.com/qiye/27474507.htm
南京嘉怡装饰设计有限公司,http://www.11467.com/qiye/27499235.htm
深圳市龙翔设计景观工程有限公司,http://www.11467.com/shenzhen/co/1138058.htm
成都玉玲珑装饰工程有限公司,http://www.11467.com/beijing/co/790104.htm
北京丛林枫尚建筑装饰工程有限公司,http://www.11467.com/beijing/co/790377.htm
