佛山市顺德区华众实业有限公司,http://www.11467.com/foshan/co/213840.htm
徐州天一玻璃制品有限公司,http://www.11467.com/xuzhou/co/58151.htm
广东省富达塑胶纸箱扣有限公司,http://www.11467.com/dongguan/co/414654.htm
四川怡源庆工艺品制造有限公司,http://www.11467.com/yibin/co/23352.htm
金洋材料包装有限公司,http://www.11467.com/linyi/co/66297.htm
武汉大鹏飞包装材料有限公司,http://www.11467.com/wuhan/co/89462.htm
聊城市东昌府区胜军机械配件有限公司,http://www.11467.com/liaocheng/co/29593.htm
东莞市佳创五金制品有限公司,http://www.11467.com/dongguan/co/469762.htm
佛山市景日塑料制品有限公司,http://www.11467.com/foshan/co/305735.htm
河南众聚五金塑料有限公司,http://www.11467.com/anyang/co/35843.htm
常州市登月海绵有限公司,http://www.11467.com/changzhou/co/87833.htm
佛山市象宝科技有限公司,http://www.11467.com/foshan/co/355885.htm
苏州阿斯顿压缩机有限公司,http://www.11467.com/suzhou/co/269575.htm
深圳市义创包装制品有限公司,http://www.11467.com/shenzhen/co/139510.htm
东莞市星利达电子材料有限公司,http://www.11467.com/dongguan/co/236689.htm
深圳思龙模切冲压有限公司,http://www.11467.com/shenzhen/co/721823.htm
东莞市嘉年华包装材料有限公司,http://www.11467.com/dongguan/co/67582.htm
南昌卓毅包装制品有限公司,http://www.11467.com/nanchang/co/113593.htm
惠州市志翔绝缘材料有限公司,http://www.11467.com/huizhou/co/99030.htm
滕州蚨锦塑料制品有限公司,http://www.11467.com/zaozhuang/co/56566.htm
广州惠华包装制品有限公司,http://www.11467.com/guangzhou/co/210776.htm
东莞市梁宇胶贴制品有限公司,http://www.11467.com/dongguan/co/239148.htm
东莞市乐鸿电子制品有限公司,http://www.11467.com/dongguan/co/410191.htm
上海运筹包装材料有限公司,http://www.11467.com/shanghai/co/330627.htm
东莞市富达塑胶提手有限公司,http://www.11467.com/dongguan/co/415173.htm
无锡尚祺包装制品有限公司,http://www.11467.com/wuxi/co/215938.htm
东莞市铭业包装制品有限公司,http://www.11467.com/dongguan/co/121873.htm
山东郓城瑞升玻璃有限公司,http://www.11467.com/heze/co/34173.htm
上海众锐包装材料有限公司,http://www.11467.com/shanghai/co/1065708.htm
芜湖金海木业包装工程有限公司,http://www.11467.com/wuhu/co/25456.htm
深圳市恒通世纪包装制品有限公司,http://www.11467.com/shenzhen/co/728831.htm
维希艾防锈新材料（东莞）有限公司南城市场部,http://www.11467.com/dongguan/co/413966.htm
丽水市威玛轴承制造有限公司,http://www.11467.com/lishui/co/23014.htm
嘉兴市中豪海绵制品有限公司,http://www.11467.com/jiaxing/co/70922.htm
佛山市顺德区德恺机械有限公司,http://www.11467.com/foshan/co/180433.htm
马鞍山市亚博精工机械科技有限公司,http://www.11467.com/maanshan/co/27607.htm
深圳市兴文宏包装制品有限公司,http://www.11467.com/shenzhen/co/811391.htm
东莞市仁凯塑胶电子有限公司,http://www.11467.com/dongguan/co/497112.htm
深圳市博兴诚包装材料有限公司,http://www.11467.com/shenzhen/co/286149.htm
深圳市创新旺包装材料制品有限公司,http://www.11467.com/shenzhen/co/811271.htm
深圳市明惠飞科技有限公司,http://www.11467.com/shenzhen/co/792643.htm
东莞市卓翔塑胶包装制品有限公司,http://www.11467.com/dongguan/co/539204.htm
湖州联昕包装制品有限公司,http://www.11467.com/huzhou/co/49562.htm
东莞市裕昌包装材料有限公司,http://www.11467.com/dongguan/co/240931.htm
东莞万代好包装制品有限公司,http://www.11467.com/dongguan/co/492926.htm
东莞市晋辉磁铁有限公司,http://www.11467.com/dongguan/co/260696.htm
广州一百包装制品有限公司,http://www.11467.com/guangzhou/co/455301.htm
深圳市广鑫盛包装制品有限公司,http://www.11467.com/shenzhen/co/757840.htm
深圳市日月佳包装材料有限公司,http://www.11467.com/shenzhen/co/104002.htm
深圳市鑫业达包装制品有限公司,http://www.11467.com/shenzhen/co/782013.htm
广州骏鸿玻璃包装制品有限公司,http://www.11467.com/guangzhou/co/472341.htm
杭州荣艺包装有限公司,http://www.11467.com/hangzhou/co/269850.htm
泉州市圣德利居家用品有限公司,http://www.11467.com/quanzhou/co/147233.htm
义乌市豪美箱包有限公司,http://www.11467.com/jinhua/co/124313.htm
东莞市华君塑料制品有限公司,http://www.11467.com/dongguan/co/410418.htm
深圳市希望星包装材料有限公司,http://www.11467.com/dongguan/co/557459.htm
东莞市名光电子有限公司,http://www.11467.com/dongguan/co/227266.htm
广州冠信包装材料有限公司,http://www.11467.com/guangzhou/co/210903.htm
东莞市纤一包装制品有限公司,http://www.11467.com/dongguan/co/550796.htm
东莞市友创塑胶制品有限公司,http://www.11467.com/dongguan/co/329432.htm
徐州恒发玻璃制品有限公司,http://www.11467.com/xuzhou/co/54196.htm
东莞市祥旺机械配件有限公司,http://www.11467.com/dongguan/co/559907.htm
深圳市景扬天泡棉制品有限公司,http://www.11467.com/shenzhen/co/814238.htm
武汉市永超橡胶技术有限公司,http://www.11467.com/wuhan/co/82370.htm
无锡市新南富金属制品有限公司,http://www.11467.com/wuxi/co/196098.htm
扬州佰斯特塑胶日化有限公司,http://www.11467.com/yangzhou/co/79760.htm
武汉新方正吸塑包装有限公司,http://www.11467.com/wuhan/co/74679.htm
佛山市前锋实业有限公司,http://www.11467.com/foshan/co/213849.htm
汕头市兴绿源包装制品有限公司,http://www.11467.com/shantou/co/124121.htm
淄博文强塑业有限公司,http://www.11467.com/zibo/co/80400.htm
天津富松汽车零部件有限公司,http://www.11467.com/tianjin/co/189546.htm
天津市力攀运输包装有限公司,http://www.11467.com/tianjin/co/37374.htm
无锡帕克包装设备有限公司,http://www.11467.com/wuxi/co/173721.htm
天津市同鑫晟金属制品有限公司,http://www.11467.com/tianjin/co/25911.htm
深圳市天德鑫科技有限公司,http://www.11467.com/shenzhen/co/281121.htm
常州效捷机电设备有限公司,http://www.11467.com/changzhou/co/162645.htm
广州市联耀包装材料有限公司,http://www.11467.com/guangzhou/co/634599.htm
通用恒塑胶五金制品有限公司,http://www.11467.com/shenzhen/co/1128689.htm
佛山市顺德区大良塑料二厂有限公司,http://www.11467.com/foshan/co/214102.htm
上海松江铮明木包装箱实业有限公司,http://www.11467.com/shanghai/co/1286755.htm
东莞市惠鹏包装材料有限公司,http://www.11467.com/dongguan/co/558452.htm
郑州市凯伟吸塑包装有限公司,http://www.11467.com/zhengzhou/co/108390.htm
深圳市艾美欣包装材料有限公司,http://www.11467.com/shenzhen/co/118442.htm
深圳市日成电子材料有限公司,http://www.11467.com/shenzhen/co/765400.htm
杭州宇恒包装材料有限公司,http://www.11467.com/hangzhou/co/390876.htm
深圳市正旺防震绝缘材料有限公司,http://www.11467.com/shenzhen/co/282630.htm
武汉中信和包装有限公司,http://www.11467.com/wuhan/co/87228.htm
中山市汇利民木器制品有限公司,http://www.11467.com/zhongshan/co/152963.htm
合肥贺顺建筑模型有限公司,http://www.11467.com/hefei/co/143449.htm
上海彩卡商贸有限公司,http://www.11467.com/shanghai/co/34162.htm
广州图福铝箱制品有限公司,http://www.11467.com/guangzhou/co/701942.htm
郑州盛伟科贸有限公司,http://www.11467.com/zhengzhou/co/161946.htm
山东天宇工具有限公司,http://www.11467.com/linyi/co/96468.htm
洛阳市舟翔科贸有限公司,http://www.11467.com/luoyang/co/34257.htm
深圳市伟征包装制品有限公司,http://www.11467.com/shenzhen/co/277717.htm
深圳市合盈泰塑胶五金制品有限公司,http://www.11467.com/shenzhen/co/724719.htm
广州光灿贸易有限公司,http://www.11467.com/guangzhou/co/496568.htm
广州市迎福化妆品包装材料有限公司,http://www.11467.com/guangzhou/co/315667.htm
杭州泰诚塑业有限公司,http://www.11467.com/hangzhou/co/253600.htm
鞍山市瑞鑫机箱设备制造有限公司,http://www.11467.com/anshan/co/75069.htm
合肥乐年商贸有限公司,http://www.11467.com/hefei/co/57958.htm
荆门国源科技有限公司,http://www.11467.com/jingmen/co/14520.htm
雅博包装盒有限公司,http://www.11467.com/kunming/co/127872.htm
南京中山包装材料有限公司,http://www.11467.com/nanjing/co/66533.htm
南京运荣包装材料有限公司,http://www.11467.com/nanjing/co/66973.htm
南通大江化学有限公司营业课,http://www.11467.com/nantong/co/108191.htm
宁波重达冲压塑胶有限公司,http://www.11467.com/ningbo/co/85121.htm
青岛美嘉隆包装制品有限公司,http://www.11467.com/qingdao/co/154989.htm
高科光电纠偏有限公司,http://www.11467.com/shenzhen/co/133514.htm
深圳法比亚包装制品有限公司,http://www.11467.com/shenzhen/co/792642.htm
深圳市山木胶脚垫科技有限公司,http://www.11467.com/shenzhen/co/277909.htm
深圳市深众恒磁性材料有限公司,http://www.11467.com/shenzhen/co/123656.htm
深圳市佳旺塑胶提手制品有限公司,http://www.11467.com/shenzhen/co/568082.htm
无锡泰极纸业有限公司,http://www.11467.com/wuxi/co/233332.htm
新乡市正兴包装材料有限公司,http://www.11467.com/xinxiang/co/19160.htm
郑州博友机械设备有限公司,http://www.11467.com/zhengzhou/co/170904.htm
郑州江源包装印务有限公司,http://www.11467.com/zhengzhou/co/178596.htm
安徽天宇磁业有限公司,http://www.11467.com/dongguan/co/244750.htm
东莞赤冈电子科技有限公司,http://www.11467.com/dongguan/co/497979.htm
东莞德曼包装配件有限公司,http://www.11467.com/dongguan/co/211882.htm
东莞市家兴电子科技有限公司,http://www.11467.com/dongguan/co/490672.htm
东莞市建日塑料制品有限公司,http://www.11467.com/dongguan/co/200254.htm
东莞市万华纸品有限公司,http://www.11467.com/dongguan/co/200051.htm
东莞市天成纸箱有限公司,http://www.11467.com/dongguan/co/418469.htm
东莞市众大贸易有限公司,http://www.11467.com/dongguan/co/68332.htm
东莞市裕晟包装材料有限公司,http://www.11467.com/dongguan/co/203723.htm
嘉利（香港）实业公司—宝隆包装材料有限公司,http://www.11467.com/dongguan/co/206684.htm
东莞伟利软木制品有限公司,http://www.11467.com/dongguan/co/500582.htm
东莞市亚东实业有限公司,http://www.11467.com/dongguan/co/259065.htm
利源包装制品有限公司,http://www.11467.com/dongguan/co/144860.htm
广州点睛包装工艺有限公司,http://www.11467.com/guangzhou/co/315339.htm
广州市金泰印刷包装制品有限公司,http://www.11467.com/guangzhou/co/463861.htm
杭州成龙纸箱包装有限公司,http://www.11467.com/hangzhou/co/80007.htm
佛山市南海区顺滔塑料制品有限公司,http://www.11467.com/foshan/co/307161.htm
墨香包装机械有限公司,http://www.11467.com/jiaozuo/co/26509.htm
松野包装制品有限公司,http://www.11467.com/chengdu/co/211870.htm
河南众聚五金朔料有限公司,http://www.11467.com/anyang/co/28902.htm
雄县松凯包装材料有限公司,http://www.11467.com/baoding/co/84737.htm
安徽省蚌埠市恒意环保有限公司,http://www.11467.com/bengbu/co/27206.htm
沧州宏发塑料制品有限公司,http://www.11467.com/cangzhou/co/61381.htm
沧州华丰瑞打包机械有限公司,http://www.11467.com/cangzhou/co/60794.htm
常州市大天龙日化有限公司,http://www.11467.com/changzhou/co/13572.htm
河星洋行有限公司(业务部),http://www.11467.com/shenzhen/co/567798.htm
深圳宏璟包装制品有限公司,http://www.11467.com/shenzhen/co/804546.htm
深圳市博洋包装制品有限公司,http://www.11467.com/shenzhen/co/141158.htm
深圳市格威达实业有限公司,http://www.11467.com/shenzhen/co/578489.htm
深圳市爵鑫纸品有限公司,http://www.11467.com/shenzhen/co/278126.htm
深圳市蓝欣胶贴制品有限公司,http://www.11467.com/shenzhen/co/103096.htm
深圳市康坦堡包装制品有限公司,http://www.11467.com/shenzhen/co/566130.htm
深圳市易通利包装制品有限公司,http://www.11467.com/shenzhen/co/797198.htm
深圳万纸添红包装制品有限公司,http://www.11467.com/shenzhen/co/277246.htm
深圳市众力高包装制品有限公司,http://www.11467.com/shenzhen/co/800798.htm
深圳市新干线铝箱制品有限公司,http://www.11467.com/shenzhen/co/578470.htm
新绿包装制品（深圳）有限公司-业务部,http://www.11467.com/shenzhen/co/574527.htm
河北万袋手提袋有限公司,http://www.11467.com/shijiazhuang/co/141748.htm
文化有限公司,http://www.11467.com/shijiazhuang/co/142454.htm
海伦腾飞绿环生物降解制品有限公司,http://www.11467.com/suihua/co/15466.htm
苏州同达新型材料制品有限公司,http://www.11467.com/suzhou/co/222699.htm
无锡宝灵工艺制品有限公司,http://www.11467.com/wuxi/co/201035.htm
无锡市凯凯包装材料有限公司,http://www.11467.com/wuxi/co/183618.htm
无锡市金灿服饰包装有限公司,http://www.11467.com/wuxi/co/183614.htm
厦门市锦特工贸有限公司,http://www.11467.com/xiamen/co/40724.htm
山东鸡蛋喷码机科力普科技开发有限公司,http://www.11467.com/xintai/co/51189.htm
河南恒泰华业蜂窝技术产业有限公司,http://www.11467.com/xinxiang/co/32495.htm
淄博绿森印务有限公司,http://www.11467.com/zibo/co/99519.htm
上海奥求国际贸易有限公司(贸易部),http://www.11467.com/shanghai/co/86780.htm
康迪电子设备上海有限公司,http://www.11467.com/shanghai/co/1055968.htm
天津益美包装制品有限公司,http://www.11467.com/tianjin/co/15136.htm
天津市耀华包装有限责任公司,http://www.11467.com/tianjin/co/21130.htm
一帆塑胶公司,http://www.11467.com/chongqing/co/148450.htm
天津市翔河端金属制品有限公司,http://www.11467.com/tianjin/co/301876.htm
常州宏洲光电材料有限公司,http://www.11467.com/changzhou/co/76926.htm
常州元盛塑料包装有限公司,http://www.11467.com/changzhou/co/97300.htm
常州市力达纸盒包装有限公司,http://www.11467.com/changzhou/co/115252.htm
常州市建威电子包装有限公司,http://www.11467.com/changzhou/co/150998.htm
江苏常州武进永和工贸有限公司,http://www.11467.com/changzhou/co/115520.htm
常州市彩鑫包装有限公司,http://www.11467.com/changzhou/co/149103.htm
成都北纬制卡有限公司,http://www.11467.com/chengdu/co/112484.htm
大连市奇想科技有限公司,http://www.11467.com/dalian/co/42355.htm
大连昂马科技有限公司,http://www.11467.com/dalian/co/51913.htm
山东德州百特塑业有限公司,http://www.11467.com/dezhou/co/35195.htm
东莞市德润实业有限公司,http://www.11467.com/dongguan/co/482125.htm
东莞嘉兴纸品有限公司,http://www.11467.com/dongguan/co/327778.htm
东莞市德馨包装材料制品有限公司,http://www.11467.com/dongguan/co/200024.htm
东莞市德荣塑胶电子材料有限公司,http://www.11467.com/dongguan/co/238504.htm
东莞市春晖包装材料有限公司,http://www.11467.com/dongguan/co/547982.htm
东莞市赤冈电子科技有限公司,http://www.11467.com/dongguan/co/500581.htm
东莞市畅美塑胶五金有限公司生产部,http://www.11467.com/dongguan/co/320425.htm
东莞盛舟包装制品有限公司,http://www.11467.com/dongguan/co/209615.htm
东莞市富欣泡棉制品有限公司,http://www.11467.com/dongguan/co/131828.htm
东莞市博顿电子科技有限公司,http://www.11467.com/dongguan/co/502084.htm
东莞市浩琦实业有限公司,http://www.11467.com/dongguan/co/530236.htm
东莞市俊豪塑胶制品有限公司,http://www.11467.com/dongguan/co/229538.htm
东莞市崧旺木业有限公司,http://www.11467.com/dongguan/co/211348.htm
东莞市时扬电子材料有限公司,http://www.11467.com/dongguan/co/219313.htm
东莞市鹏凌达包装制品有限公司,http://www.11467.com/dongguan/co/412737.htm
东莞市康兴贸易有限公司,http://www.11467.com/dongguan/co/203852.htm
东莞市常用塑胶提手有限公司,http://www.11467.com/dongguan/co/510895.htm
东莞市泽阳塑料制品有限公司,http://www.11467.com/dongguan/co/507627.htm
东莞市润发印刷有限公司,http://www.11467.com/dongguan/co/144767.htm
东莞市宏昌荣机械有限公司,http://www.11467.com/dongguan/co/461550.htm
东莞市亚兰包装材料制品有限公司,http://www.11467.com/dongguan/co/121872.htm
先德实业有限公司,http://www.11467.com/dongguan/co/510234.htm
东莞市凡升五金有限公司,http://www.11467.com/dongguan/co/457444.htm
毅进包装材料有限公司,http://www.11467.com/dongguan/co/201364.htm
西松发泡胶包装有限公司,http://www.11467.com/dongguan/co/326636.htm
宏森塑胶制品有限公司,http://www.11467.com/dongguan/co/205434.htm
利隆塑料袋有限公司,http://www.11467.com/dongguan/co/202650.htm
林森注塑有限公司,http://www.11467.com/dongguan/co/202472.htm
东骏五金塑胶有限公司,http://www.11467.com/foshan/co/259792.htm
点睛实业有限公司,http://www.11467.com/foshan/co/216350.htm
佛山市力达润滑油包装有限公司,http://www.11467.com/foshan/co/216247.htm
佛山市大良润泰包装材料有限公司,http://www.11467.com/foshan/co/347603.htm
佛山市顺德区志得实业有限公司,http://www.11467.com/foshan/co/214834.htm
佛山市南海区巨才包装有限公司,http://www.11467.com/foshan/co/334315.htm
东莞市华莹塑胶电子有限公司,http://www.11467.com/dongguan/co/223474.htm
东莞市华诚实业有限公司,http://www.11467.com/dongguan/co/323028.htm
金龙门鞋业有限公司-业务部,http://www.11467.com/dongguan/co/204477.htm
虎城轮胎公司,http://www.11467.com/dongguan/co/206356.htm
东莞市民翊塑胶五金有限公司,http://www.11467.com/dongguan/co/481977.htm
深圳市冠一塑胶制品有限公司,http://www.11467.com/dongguan/co/205530.htm
晶众五金塑胶有限公司,http://www.11467.com/dongguan/co/508707.htm
俊翔纸制品有限公司,http://www.11467.com/dongguan/co/326761.htm
镁达五金制品有限公司,http://www.11467.com/dongguan/co/201207.htm
東莞捷通塑膠包裝有限公司,http://www.11467.com/dongguan/co/205270.htm
东莞领兴包装制品有限公司,http://www.11467.com/dongguan/co/203131.htm
顺发五金有限责任公司,http://www.11467.com/foshan/co/216325.htm
建銮五金塑料有限公司,http://www.11467.com/foshan/co/259400.htm
佛山市顺德区敦禾橡塑有限公司,http://www.11467.com/foshan/co/237504.htm
翔锐五金塑料制品有限公司,http://www.11467.com/foshan/co/214590.htm
绍兴市金氏实业有限公司,http://www.11467.com/fuyang/co/26306.htm
福州艺骅吸塑包装材料有限公司,http://www.11467.com/fuzhou/co/39038.htm
炜劲包装制品有限公司,http://www.11467.com/fuzhou/co/140407.htm
福州广恒兴包装用品有限公司,http://www.11467.com/fuzhou/co/180926.htm
广州艾瑞华科技有限公司,http://www.11467.com/guangzhou/co/474414.htm
广州市东拓塑料包装制品有限公司,http://www.11467.com/guangzhou/co/315412.htm
广州市百盛达塑胶容器有限公司,http://www.11467.com/guangzhou/co/214990.htm
广州市晒利珑机械设备有限公司,http://www.11467.com/guangzhou/co/466034.htm
广州市雅霖五金塑料制品有限公司,http://www.11467.com/guangzhou/co/88201.htm
广州俊申科技有限公司业务部,http://www.11467.com/guangzhou/co/313991.htm
广州佳宜化妆品包装制品有限公司,http://www.11467.com/guangzhou/co/311222.htm
佛山川正包装机械有限公司,http://www.11467.com/guangzhou/co/483980.htm
广州燕丰纸品包装有限公司,http://www.11467.com/guangzhou/co/210365.htm
广州易而美包装有限公司,http://www.11467.com/guangzhou/co/313113.htm
广州市诗文电子材料有限公司,http://www.11467.com/guangzhou/co/479751.htm
广州文谷塑胶（软管）有限公司,http://www.11467.com/guangzhou/co/313728.htm
广州宏威粘合材料有限公司,http://www.11467.com/guangzhou/co/309514.htm
圣戈班康茂（无锡）定量泵有限公司,http://www.11467.com/guangzhou/co/215744.htm
欧林伟业商贸有限公司,http://www.11467.com/haerbin/co/46503.htm
富阳市胥口泡塑包装有限公司,http://www.11467.com/hangzhou/co/144016.htm
杭州多大物资有限公司,http://www.11467.com/hangzhou/co/351266.htm
杭州火炎塑料制品有限公司,http://www.11467.com/hangzhou/co/269699.htm
杭州鸿运实业有限公司,http://www.11467.com/hangzhou/co/241415.htm
杭州王道电子有限公司,http://www.11467.com/hangzhou/co/268990.htm
杭州鑫茂包装制品有限公司,http://www.11467.com/hangzhou/co/237304.htm
杭州清渊塑业包装有限公司,http://www.11467.com/hangzhou/co/62239.htm
杭州永达木业有限公司,http://www.11467.com/hangzhou/co/68995.htm
湖州东尚包装有限公司,http://www.11467.com/hangzhou/co/268246.htm
桐庐淼达蜂窝纸艺制造有限公司,http://www.11467.com/hangzhou/co/240101.htm
浙江美力生彩印有限公司,http://www.11467.com/hangzhou/co/39080.htm
鲁瑞包装有限公司,http://www.11467.com/heze/co/34579.htm
惠州市富达包装材料有限公司业务部,http://www.11467.com/huizhou/co/58916.htm
惠州市华美特包装制品有限公司,http://www.11467.com/huizhou/co/63805.htm
惠州市金页包装制品有限公司,http://www.11467.com/huizhou/co/8458.htm
惠州市安达包装材料制品有限公司,http://www.11467.com/huizhou/co/58872.htm
浙江湖州耀东包装有限公司,http://www.11467.com/huzhou/co/67129.htm
江门钢力建筑五金有限公司,http://www.11467.com/jiangmen/co/10962.htm
开平市新基业金属制桶有限公司,http://www.11467.com/jiangmen/co/105663.htm
江门市富地包装有限公司,http://www.11467.com/jiangmen/co/94758.htm
嘉兴市龙腾海绵制造有限公司,http://www.11467.com/jiaxing/co/122962.htm
嘉善森亚纸管有限公司,http://www.11467.com/jiaxing/co/134456.htm
中国山东济南卓艺包装有限公司,http://www.11467.com/jinan/co/93843.htm
义乌福友文具有限公司,http://www.11467.com/jinhua/co/127863.htm
廊坊市嘉汇包装印刷有限公司,http://www.11467.com/langfang/co/2490.htm
临沂升源五金有限公司,http://www.11467.com/linyi/co/66098.htm
翔雨有限公司,http://www.11467.com/linyi/co/65973.htm
平邑弘盛木业有限公司,http://www.11467.com/linyi/co/95738.htm
南昌市如瑞实业有限公司,http://www.11467.com/nanchang/co/87222.htm
南京汇浦塑料中空板有限公司,http://www.11467.com/nanjing/co/67029.htm
南京盛溪印刷包装有限公司,http://www.11467.com/nanjing/co/66859.htm
江苏省南通市申港文具有限公司,http://www.11467.com/nantong/co/108254.htm
宁波八方彩印包装有限公司.,http://www.11467.com/ningbo/co/118204.htm
深圳市定兴包装材料有限公司,http://www.11467.com/shenzhen/co/277556.htm
深圳盛辉实业有限公司,http://www.11467.com/shenzhen/co/143828.htm
深圳市红天塑胶材料有限公司,http://www.11467.com/shenzhen/co/281179.htm
深圳市彩艺佳纸品包装有限公司,http://www.11467.com/shenzhen/co/281854.htm
深圳市华美包装材料有限公司,http://www.11467.com/shenzhen/co/283765.htm
深圳市鸿顺兴塑胶制品有限公司,http://www.11467.com/shenzhen/co/763088.htm
深圳市鸿力通印刷器材有限公司,http://www.11467.com/shenzhen/co/277441.htm
深圳市鸿日升包装制品有限公司,http://www.11467.com/shenzhen/co/578337.htm
深圳市汇成胶膜包装制品有限公司,http://www.11467.com/shenzhen/co/313156.htm
深圳市百浪纸制品有限公司-市场部,http://www.11467.com/shenzhen/co/568221.htm
深圳市创辉包装材料有限公司,http://www.11467.com/shenzhen/co/350633.htm
深圳市科鹏包装制品有限公司,http://www.11467.com/shenzhen/co/277476.htm
深圳市昆保达纸塑包装制品有限公司业务部,http://www.11467.com/shenzhen/co/105114.htm
深圳市集信科技应用材料有限公司,http://www.11467.com/shenzhen/co/281642.htm
深圳市佳明高科磁铁制品有限公司,http://www.11467.com/shenzhen/co/459935.htm
深圳市莱特讯科技有限公司-海外业务部,http://www.11467.com/shenzhen/co/571682.htm
深圳市康米特塑胶有限公司,http://www.11467.com/shenzhen/co/299500.htm
深圳市凯运硬质合金有限公司,http://www.11467.com/shenzhen/co/761696.htm
深圳市明鑫达五金制品有限公司,http://www.11467.com/shenzhen/co/508628.htm
深圳市五洋实业发展有限公司,http://www.11467.com/shenzhen/co/277735.htm
深圳市力豪包装制品有限公司（增值税）,http://www.11467.com/shenzhen/co/282057.htm
深圳市泰立达电子材料有限公司,http://www.11467.com/shenzhen/co/574230.htm
深圳市耀隆彩色印刷有限公司,http://www.11467.com/shenzhen/co/576398.htm
深圳市永恒时代塑胶有限公司,http://www.11467.com/shenzhen/co/566784.htm
深圳市优利包装制品有限公司,http://www.11467.com/shenzhen/co/277916.htm
深圳市新永鸿塑胶制品有限公司,http://www.11467.com/shenzhen/co/352959.htm
深圳市华文彩盒纸品印刷有限公司,http://www.11467.com/shenzhen/co/572962.htm
深圳市优品包装材料有限公司.,http://www.11467.com/shenzhen/co/577326.htm
深圳市永力特胶粘制品有限公司,http://www.11467.com/shenzhen/co/277165.htm
深圳市永激科技制品有限公司,http://www.11467.com/shenzhen/co/791179.htm
深圳天意通防伪包装材料有限公司,http://www.11467.com/shenzhen/co/281545.htm
深圳市新中南塑胶包装制品公司,http://www.11467.com/shenzhen/co/280638.htm
盛茂塑胶五金（深圳）有限公司,http://www.11467.com/shenzhen/co/575026.htm
温州市诚信包装有限公司,http://www.11467.com/wenzhou/co/156675.htm
温州市蓝道工业发展有限公司,http://www.11467.com/wenzhou/co/156203.htm
温州平阳华通塑革工艺有限公司,http://www.11467.com/wenzhou/co/155813.htm
温州雁荡公司简和分公司,http://www.11467.com/wenzhou/co/155854.htm
武汉车来轮往电子商务有限公司,http://www.11467.com/wuhan/co/123635.htm
武汉浩峰磁业有限公司,http://www.11467.com/wuhan/co/76543.htm
江阴市雅晶日化包装有限公司,http://www.11467.com/wuxi/co/245790.htm
无锡市诚信彩板制品有限公司,http://www.11467.com/wuxi/co/134628.htm
江苏互联喷涂技术有限公司,http://www.11467.com/wuxi/co/244851.htm
天衣拉链制造有限公司,http://www.11467.com/wuxi/co/198260.htm
厦门市富丽盒包装有限公司,http://www.11467.com/xiamen/co/84882.htm
厦门东升建材有限公司,http://www.11467.com/xiamen/co/41167.htm
上海洪永机电有限公司,http://www.11467.com/xiamen/co/84645.htm
厦门南兴工贸有限公司,http://www.11467.com/xiamen/co/42414.htm
西安清澜商贸有限公司,http://www.11467.com/xian/co/60207.htm
西安市科信塑胶制品有限责任公司,http://www.11467.com/xian/co/74578.htm
湖北铁人机器人自动化有限公司,http://www.11467.com/xiangfan/co/44117.htm
广德县明祥竹木制品有限公司,http://www.11467.com/xuancheng/co/26902.htm
徐州颖盛商贸有限公司,http://www.11467.com/xuzhou/co/58116.htm
烟台通顺金属制品有限公司,http://www.11467.com/yantai/co/122589.htm
稷山县森淼包装有限公司,http://www.11467.com/yuncheng/co/24951.htm
漳州威玛皮件有限公司,http://www.11467.com/zhangzhou/co/37929.htm
郑州润通新元科技有限公司,http://www.11467.com/zhengzhou/co/177534.htm
江苏镇江顺辉制造有限公司,http://www.11467.com/zhenjiang/co/46632.htm
中山市福安包装印刷有限公司,http://www.11467.com/zhongshan/co/23751.htm
爾發五金制品有限公司,http://www.11467.com/zhongshan/co/98811.htm
中文塑胶包装制品有限公司,http://www.11467.com/zhongshan/co/98735.htm
中山市越丰镀膜包装材料有限公司,http://www.11467.com/zhongshan/co/95736.htm
中山耀兴膊棉有限公司,http://www.11467.com/zhongshan/co/98652.htm
天印耗材有限公司,http://www.11467.com/zhuhai/co/71037.htm
珠海钰润包装材料有限公司,http://www.11467.com/zhuhai/co/79821.htm
山东佰福鑫宇广告公司,http://www.11467.com/jinan/co/115004.htm
众聚塑料五金有限公司,http://www.11467.com/anyang/co/28820.htm
蚌埠西乌包装有限公司,http://www.11467.com/bengbu/co/28255.htm
常州市华宝制桶有限公司销售部,http://www.11467.com/changzhou/co/115404.htm
常州臻彩印务有限公司,http://www.11467.com/changzhou/co/150593.htm
四川展翅科技有限责任公司,http://www.11467.com/chengdu/co/94731.htm
大連合心工藝包裝有限公司,http://www.11467.com/dalian/co/51941.htm
珠海名典工艺制品有限公司,http://www.11467.com/zhuhai/co/70909.htm
山东淄博华旭包装制品有限公司,http://www.11467.com/zibo/co/67598.htm
淄博鹏海贸易有限公司,http://www.11467.com/zibo/co/98732.htm
淄博创融有限公司,http://www.11467.com/zibo/co/72291.htm
北京鼎华创新数码科技有限公司,http://www.11467.com/beijing/co/399304.htm
北京市海鹏万邦科贸公司,http://www.11467.com/beijing/co/399280.htm
竹马文化公司,http://www.11467.com/beijing/co/417263.htm
上海稻森包装有限公司,http://www.11467.com/shanghai/co/891246.htm
上海达亿商贸发展有限公司,http://www.11467.com/shanghai/co/527204.htm
上海景仁包装制品有限公司,http://www.11467.com/shanghai/co/324450.htm
上海建设扣具有限公司,http://www.11467.com/shanghai/co/891021.htm
上海立田塑胶制品有限公司销售二部,http://www.11467.com/shanghai/co/314890.htm
上海宏翎塑料包装制品有限公司 业务部,http://www.11467.com/shanghai/co/807825.htm
上海坚信精密模具有限公司,http://www.11467.com/shanghai/co/803643.htm
上海维德包装机械有限公司,http://www.11467.com/shanghai/co/803596.htm
上海洵亿包装材料有限公司,http://www.11467.com/shanghai/co/289656.htm
上海伊嘉包装器材有限公司销售部,http://www.11467.com/shanghai/co/324448.htm
上海聚拓塑胶有限公司,http://www.11467.com/shanghai/co/898258.htm
上海浙农石化有限公司,http://www.11467.com/shanghai/co/398002.htm
天津市合益达金属制品有限公司,http://www.11467.com/tianjin/co/301944.htm
成都荷力科包装制品有限公司,http://www.11467.com/chengdu/co/264000.htm
天津裕力科技有限公司,http://www.11467.com/tianjin/co/301950.htm
天津市海增鑫商贸有限公司,http://www.11467.com/tianjin/co/308818.htm
天津桂年金属包装材料有限公司,http://www.11467.com/tianjin/co/308819.htm
广州市塑料制品有限公司,http://www.11467.com/guangzhou/co/512402.htm
泰安市汇航工贸有限公司,http://www.11467.com/taian/co/65096.htm
诚德兴（深圳）材料有限公司,http://www.11467.com/shenzhen/co/1070210.htm
辽宁威化岛集团有限公司,http://www.11467.com/dandong/co/47083.htm
东莞爱生雅包装有限公司销售部,http://www.11467.com/dongguan/co/203671.htm
东莞市城兴五金制品有限公司,http://www.11467.com/dongguan/co/206478.htm
东莞市立源纸品有限公司,http://www.11467.com/dongguan/co/321634.htm
东莞市理中展示用品有限公司,http://www.11467.com/dongguan/co/68549.htm
东莞博友包装制品有限公司,http://www.11467.com/dongguan/co/326248.htm
东莞市江夏包装制品有限公司,http://www.11467.com/dongguan/co/199737.htm
东莞市塘厦利泰扣具有限公司,http://www.11467.com/dongguan/co/203675.htm
东莞市金实力油料有限公司 - 营业部,http://www.11467.com/dongguan/co/205987.htm
东莞市万胜劳保有限公司,http://www.11467.com/dongguan/co/320541.htm
东莞市瑞光塑胶制品有限公司,http://www.11467.com/dongguan/co/239164.htm
华之彩包装盒制造有限公司/业务部,http://www.11467.com/dongguan/co/327559.htm
佳艺包装制品有限公司,http://www.11467.com/dongguan/co/204218.htm
隆兴胶粘制品有限公司,http://www.11467.com/dongguan/co/203567.htm
嘉宜制品有限公司,http://www.11467.com/dongguan/co/201963.htm
久盛电子公司,http://www.11467.com/dongguan/co/204314.htm
东莞市正资实业有限公司,http://www.11467.com/dongguan/co/411556.htm
鑫仑五金有限公司,http://www.11467.com/dongguan/co/324756.htm
和信製品有限公司,http://www.11467.com/dongguan/co/322918.htm
永泰电子材料有限公司,http://www.11467.com/dongguan/co/328314.htm
卓越包装制品有限公司,http://www.11467.com/dongguan/co/289875.htm
东莞市奇铭实业有限公司,http://www.11467.com/dongguan/co/355251.htm
合肥海尔华东包装有限公司,http://www.11467.com/hefei/co/8561.htm
衡水宏宇包装制品有限公司,http://www.11467.com/hengshui/co/23022.htm
鄄城光大包装制品有限公司,http://www.11467.com/heze/co/35101.htm
黄山纸业包装有限公司,http://www.11467.com/huangshan/co/13061.htm
美商訊立創新有限公司（惠州分公司）,http://www.11467.com/huizhou/co/73516.htm
惠州市顺祥纸托包装有限公司,http://www.11467.com/huizhou/co/50689.htm
惠州市惠阳维辉实业有限公司,http://www.11467.com/huizhou/co/69113.htm
广润塑料包装有限公司,http://www.11467.com/jiangmen/co/95035.htm
江门市新会区兄弟工业材料有限公司,http://www.11467.com/jiangmen/co/94807.htm
江门市江海区龙大塑料有限公司,http://www.11467.com/jiangmen/co/95081.htm
焦作亿思达科技有限公司,http://www.11467.com/jiaozuo/co/26675.htm
临沂奥博纺织制线有限公司济南办事处,http://www.11467.com/jinan/co/93235.htm
济南新云附件有限公司,http://www.11467.com/jinan/co/76854.htm
义乌市艺丰包装有限公司,http://www.11467.com/jinhua/co/125302.htm
浙江义乌豪顺拉链有限公司销售部小安,http://www.11467.com/jinhua/co/72337.htm
莒南县天翔贸易有限公司,http://www.11467.com/linyi/co/34008.htm
江西平海模型公司,http://www.11467.com/nanchang/co/87202.htm
南京星火机械包装有限公司,http://www.11467.com/nanjing/co/156931.htm
杰森国际贸易有限公司,http://www.11467.com/nanjing/co/88299.htm
南京出色包装有限公司,http://www.11467.com/nanjing/co/67348.htm
共和包装带有限公司,http://www.11467.com/nanning/co/59032.htm
南通诚信公司,http://www.11467.com/nantong/co/108201.htm
胜全(宁波)塑胶模具有限公司,http://www.11467.com/ningbo/co/85163.htm
青岛强盛塑料包装有限公司,http://www.11467.com/qingdao/co/101255.htm
青岛金马诺工贸公司,http://www.11467.com/qingdao/co/82942.htm
青岛明冠模具有限公司,http://www.11467.com/qingdao/co/100965.htm
秦皇岛金盛缘精密铸造有限公司,http://www.11467.com/qinhuangdao/co/19672.htm
晋江市盛源塑料制品有限公司,http://www.11467.com/quanzhou/co/136262.htm
汕头华珀零售业辅助品有限公司,http://www.11467.com/shantou/co/123375.htm
汕头市甁之友弹簧瓶盖有限公司,http://www.11467.com/shantou/co/123248.htm
绍兴格林派克蜂窝材料有限公司,http://www.11467.com/shaoxing/co/80022.htm
绍兴中海金属制品有限公司,http://www.11467.com/shaoxing/co/73867.htm
七星科工集团有限公司,http://www.11467.com/shenyang/co/67816.htm
冲之诚模切技术有限公司(工程),http://www.11467.com/shenzhen/co/285532.htm
方胜包装制品有限公司,http://www.11467.com/shenzhen/co/227308.htm
方胜制品包装有限公司,http://www.11467.com/shenzhen/co/287191.htm
百宝国际投资有限公司,http://www.11467.com/shenzhen/co/148688.htm
广东汕头市万润塑料制品有限公司,http://www.11467.com/shenzhen/co/280069.htm
深圳富松皮具制品有限公司,http://www.11467.com/shenzhen/co/804545.htm
深圳市搏兴缘包装材料制品有限公司,http://www.11467.com/shenzhen/co/573758.htm
金聖嘶公司,http://www.11467.com/shenzhen/co/284646.htm
深圳市长盛包装材料制品有限公司,http://www.11467.com/shenzhen/co/735667.htm
深圳市长盛包装制品有限公司,http://www.11467.com/shenzhen/co/804547.htm
深圳市高鼎胶粘制品有限公司,http://www.11467.com/shenzhen/co/286392.htm
深圳市高宏实业发展有限公司业务部,http://www.11467.com/shenzhen/co/570343.htm
深圳市恒元乐印刷材料有限公司,http://www.11467.com/shenzhen/co/780467.htm
深圳市吉泰（电压）手袋制品有限公司,http://www.11467.com/shenzhen/co/286746.htm
深圳市荣丰包装制品有限公司,http://www.11467.com/shenzhen/co/53923.htm
深圳市流美堂包装设计有限公司,http://www.11467.com/shenzhen/co/790093.htm
深圳市赛博特包装印刷有限公司,http://www.11467.com/shenzhen/co/568702.htm
深圳市深广五金有限公司,http://www.11467.com/shenzhen/co/722107.htm
深圳市信达辉首饰包装公司,http://www.11467.com/shenzhen/co/574877.htm
深圳市瑞康宝卫生用品有限公司,http://www.11467.com/shenzhen/co/42808.htm
深圳市崧億电子科技有限公司,http://www.11467.com/shenzhen/co/571614.htm
深圳市裕宝盛轻胶制品有限公司,http://www.11467.com/shenzhen/co/576923.htm
深圳市远程汇贸易公司,http://www.11467.com/shenzhen/co/576449.htm
深圳市双盈塑料制品有限公司（销售部）,http://www.11467.com/shenzhen/co/148465.htm
深圳市亿元鑫工贸有限公司,http://www.11467.com/shenzhen/co/574972.htm
深圳台凌科技有限公司,http://www.11467.com/shenzhen/co/567632.htm
深圳市中科联电子科技有限公司,http://www.11467.com/shenzhen/co/278900.htm
深圳毅鑫包装胶贴制品有限公司,http://www.11467.com/shenzhen/co/572925.htm
深圳毅鑫电子科技有限公司,http://www.11467.com/shenzhen/co/574082.htm
深圳渊明能量石包装盒有限公司,http://www.11467.com/shenzhen/co/787257.htm
深圳唯奇包装制品有限公司,http://www.11467.com/shenzhen/co/564406.htm
深圳市雅昌彩色印刷有限公司,http://www.11467.com/shenzhen/co/287583.htm
深圳市卓艺编织制品有限公司,http://www.11467.com/shenzhen/co/285957.htm
通达实业公司,http://www.11467.com/shenzhen/co/569360.htm
永盛塑胶制品有限公司,http://www.11467.com/shenzhen/co/578152.htm
深圳市协顺机械有限公司,http://www.11467.com/shenzhen/co/784061.htm
深圳市智和兴电子包装配件有限公司,http://www.11467.com/shenzhen/co/277704.htm
深圳市新丽格镜业有限公司,http://www.11467.com/shenzhen/co/576005.htm
永盛塑料制品有限公司,http://www.11467.com/shenzhen/co/570697.htm
卓诚贸易公司,http://www.11467.com/shenzhen/co/278937.htm
泰德利包装材料有限公司,http://www.11467.com/shenzhen/co/568004.htm
中远国际（香港）股份有限公司,http://www.11467.com/shenzhen/co/278691.htm
雅佳包装公司,http://www.11467.com/shenzhen/co/574027.htm
深圳市嘉能达科技有限公司(总办),http://www.11467.com/shenzhen/co/575283.htm
永发科技有限公司,http://www.11467.com/shenzhen/co/576519.htm
深圳天成实业发展有限公司,http://www.11467.com/shenzhen/co/283659.htm
深圳穗华贸易有限公司,http://www.11467.com/shenzhen/co/286235.htm
深圳市星合力商贸有限公司,http://www.11467.com/shenzhen/co/568242.htm
深圳市星宇泡棉实业有限公司,http://www.11467.com/shenzhen/co/573946.htm
永盛塑料胶袋配件有限公司,http://www.11467.com/shenzhen/co/570696.htm
河北明珠绳业有限公司,http://www.11467.com/shijiazhuang/co/141144.htm
四平市柏祥包装制品有限公司,http://www.11467.com/siping/co/31171.htm
宿迁通畅工贸有限公司,http://www.11467.com/suqian/co/11917.htm
上阳（苏州）纸器包装有限公司,http://www.11467.com/suzhou/co/24464.htm
苏州工业园区麦禾包装有限公司,http://www.11467.com/suzhou/co/347883.htm
苏州科艺塑业有限公司,http://www.11467.com/suzhou/co/243173.htm
苏州市科顺包装材料有限公司,http://www.11467.com/suzhou/co/247516.htm
苏州飞龙塑胶有限公司,http://www.11467.com/suzhou/co/247590.htm
苏州一诺包装有限公司(业务部),http://www.11467.com/suzhou/co/247786.htm
苏州一美一贸易有限公司,http://www.11467.com/suzhou/co/326852.htm
张家港市嘉诚塑料制品有限公司,http://www.11467.com/suzhou/co/303565.htm
台州胜通包装材料有限公司,http://www.11467.com/taizhou/co/96447.htm
兴化市通兴物资贸易有限公司,http://www.11467.com/taizhoushi/co/45904.htm
潍坊鑫晓公司,http://www.11467.com/weifang/co/86094.htm
绿森木材加工公司,http://www.11467.com/weifang/co/85985.htm
华晨包装有限公司,http://www.11467.com/wenzhou/co/224314.htm
武汉畅卖通实业发展有限公司（畅卖通环保制袋厂）,http://www.11467.com/wuhan/co/88550.htm
武汉现代塑料机械公司,http://www.11467.com/wuhan/co/88505.htm
武汉荷力胜蜂窝材料有限公司昆山分部,http://www.11467.com/wuhan/co/70597.htm
无锡哥弟包装材料有限公司,http://www.11467.com/wuxi/co/248042.htm
宜兴市海兴塑料包装有限公司,http://www.11467.com/wuxi/co/164632.htm
无锡市中德包装有限公司,http://www.11467.com/wuxi/co/201334.htm
瑜派科技有限公司,http://www.11467.com/wuxi/co/201323.htm
晋江瑞发塑胶有限公司,http://www.11467.com/xiamen/co/41286.htm
安纳森密封材料有限公司2,http://www.11467.com/xiamen/co/59680.htm
厦门欣益祥包装材料有限公司,http://www.11467.com/xiamen/co/60854.htm
厦门赛众有限公司,http://www.11467.com/xiamen/co/59824.htm
厦门合欣工贸有限公司,http://www.11467.com/xiamen/co/39145.htm
乾锦包装有限公司,http://www.11467.com/xiamen/co/59838.htm
西安继坤工贸有限公司,http://www.11467.com/xian/co/62446.htm
湖北宏森再生资源利用有限公司,http://www.11467.com/xianning/co/12808.htm
河南百合商贸有限公司,http://www.11467.com/xinyang/co/23175.htm
河南省长葛市凯祥包装制品有限公司,http://www.11467.com/xuchang/co/23458.htm
盐成天地国际贸易有限公司,http://www.11467.com/yancheng/co/57515.htm
栖霞市泉冠塑料制品有限公司,http://www.11467.com/yantai/co/162389.htm
湖北省宜昌市福兴包装公司,http://www.11467.com/yichang/co/45540.htm
森林木材材料有限公司,http://www.11467.com/yulin/co/21293.htm
漳州市技佳包装有限公司,http://www.11467.com/zhangzhou/co/39221.htm
河南省成安机械有限公司,http://www.11467.com/zhengzhou/co/123778.htm
汉唐昇世（郑州）包装有限公司,http://www.11467.com/zhengzhou/co/123262.htm
郑州金潮包装有限公司,http://www.11467.com/zhengzhou/co/108210.htm
镇江市金兰包装有限公司,http://www.11467.com/zhenjiang/co/51213.htm
丹阳市泰宏包装有限公司,http://www.11467.com/zhenjiang/co/64294.htm
艺之佳商标有限公司（中山分公司）,http://www.11467.com/zhongshan/co/62205.htm
中山美盛印刷包装有限公司,http://www.11467.com/zhongshan/co/98930.htm
中原森岗(深圳)包装材料有限公司,http://www.11467.com/zhongshan/co/98351.htm
中山市通和塑料制品有限公司,http://www.11467.com/zhongshan/co/99623.htm
淄博华旭包装有限公司,http://www.11467.com/zibo/co/80093.htm
北京嘉祥纸包装有限公司,http://www.11467.com/beijing/co/275752.htm
北京市中顺达包装材料有限公司,http://www.11467.com/beijing/co/652509.htm
北京星海兴包装制品有限公司,http://www.11467.com/beijing/co/363973.htm
常州袖珍象文化传媒有限公司,http://www.11467.com/beijing/co/416861.htm
鞍山冠科高分子材料有限公司,http://www.11467.com/anshan/co/70715.htm
大连金州东鑫包装制品有限公司,http://www.11467.com/dalian/co/4193.htm
东莞市滨鑫五金塑胶制品有限公司,http://www.11467.com/dongguan/co/454882.htm
佛山市南海区盈创包装彩印有限公司,http://www.11467.com/foshan/co/28191.htm
广州旗特集装箱液罐袋供应有限公司,http://www.11467.com/guangzhou/co/212948.htm
青岛昌裕包装制品有限公司,http://www.11467.com/qingdao/co/156802.htm
浙江富通塑料包装有限公司,http://www.11467.com/quzhou/co/292.htm
苏州兴达喷雾制品有限公司,http://www.11467.com/suzhou/co/164267.htm
温州焕盛金属塑胶有限公司,http://www.11467.com/wenzhou/co/29757.htm
武汉国华五金建材有限责任公司,http://www.11467.com/wuhan/co/29949.htm
烟台恒基装饰有限公司,http://www.11467.com/yantai/co/122601.htm
珠海市希斯达塑料制品有限公司,http://www.11467.com/zhuhai/co/8081.htm
悦康塑料制品有限公司,http://www.11467.com/beijing/co/220564.htm
上海彩虹服饰有限公司,http://www.11467.com/shanghai/co/526758.htm
上海梵源包装制品有限公司,http://www.11467.com/shanghai/co/314842.htm
上海迪捷姆空运咨询服务有限公司,http://www.11467.com/shanghai/co/514579.htm
上海金鑫包装公司,http://www.11467.com/shanghai/co/311554.htm
嘉和包装制品有限公司,http://www.11467.com/shanghai/co/890875.htm
上海归集包装制品有限公司,http://www.11467.com/shanghai/co/166043.htm
上海高恒包装制品有限公司,http://www.11467.com/shanghai/co/1057635.htm
上海元祥纸业有限公司,http://www.11467.com/shanghai/co/855372.htm
怡高包装器材（上海）有限公司（业务部）,http://www.11467.com/shanghai/co/664418.htm
上海雨能包装材料有限公司,http://www.11467.com/shanghai/co/324388.htm
上海音沙汰实业公司,http://www.11467.com/shanghai/co/323980.htm
爱生雅{天津}包装制品有限公司,http://www.11467.com/tianjin/co/35347.htm
天津德隆兴金属加工有限公司,http://www.11467.com/tianjin/co/147664.htm
天津派克龙包装有限公司,http://www.11467.com/tianjin/co/202081.htm
天津市合盈商贸发展有限公司销售部,http://www.11467.com/tianjin/co/75634.htm
天津市华乐塑料包装有限公司,http://www.11467.com/tianjin/co/53314.htm
天津市天帮工贸有限公司,http://www.11467.com/tianjin/co/16192.htm
天津市世博仑机电设备商贸有限公司销售部,http://www.11467.com/tianjin/co/143225.htm
重庆国中扁丝制品有限公司,http://www.11467.com/chongqing/co/53375.htm
重庆桓丰纸制品有限公司,http://www.11467.com/chongqing/co/126238.htm
东莞市大宏纸制品有限公司,http://www.11467.com/dongguan/co/614746.htm
郑州众翼腾贸易有限公司,http://www.11467.com/qiye/93084087.htm
东莞市亚兰包装材料制品有限公司,http://www.11467.com/dongguan/co/121872.htm
先德实业有限公司,http://www.11467.com/dongguan/co/510234.htm
东莞市凡升五金有限公司,http://www.11467.com/dongguan/co/457444.htm
毅进包装材料有限公司,http://www.11467.com/dongguan/co/201364.htm
西松发泡胶包装有限公司,http://www.11467.com/dongguan/co/326636.htm
宏森塑胶制品有限公司,http://www.11467.com/dongguan/co/205434.htm
利隆塑料袋有限公司,http://www.11467.com/dongguan/co/202650.htm
林森注塑有限公司,http://www.11467.com/dongguan/co/202472.htm
东骏五金塑胶有限公司,http://www.11467.com/foshan/co/259792.htm
点睛实业有限公司,http://www.11467.com/foshan/co/216350.htm
佛山市力达润滑油包装有限公司,http://www.11467.com/foshan/co/216247.htm
佛山市大良润泰包装材料有限公司,http://www.11467.com/foshan/co/347603.htm
佛山市顺德区志得实业有限公司,http://www.11467.com/foshan/co/214834.htm
佛山市南海区巨才包装有限公司,http://www.11467.com/foshan/co/334315.htm
东莞市华莹塑胶电子有限公司,http://www.11467.com/dongguan/co/223474.htm
东莞市华诚实业有限公司,http://www.11467.com/dongguan/co/323028.htm
金龙门鞋业有限公司-业务部,http://www.11467.com/dongguan/co/204477.htm
虎城轮胎公司,http://www.11467.com/dongguan/co/206356.htm
东莞市民翊塑胶五金有限公司,http://www.11467.com/dongguan/co/481977.htm
深圳市冠一塑胶制品有限公司,http://www.11467.com/dongguan/co/205530.htm
晶众五金塑胶有限公司,http://www.11467.com/dongguan/co/508707.htm
俊翔纸制品有限公司,http://www.11467.com/dongguan/co/326761.htm
镁达五金制品有限公司,http://www.11467.com/dongguan/co/201207.htm
東莞捷通塑膠包裝有限公司,http://www.11467.com/dongguan/co/205270.htm
东莞领兴包装制品有限公司,http://www.11467.com/dongguan/co/203131.htm
杭州永达木业有限公司,http://www.11467.com/hangzhou/co/68995.htm
湖州东尚包装有限公司,http://www.11467.com/hangzhou/co/268246.htm
桐庐淼达蜂窝纸艺制造有限公司,http://www.11467.com/hangzhou/co/240101.htm
浙江美力生彩印有限公司,http://www.11467.com/hangzhou/co/39080.htm
鲁瑞包装有限公司,http://www.11467.com/heze/co/34579.htm
惠州市富达包装材料有限公司业务部,http://www.11467.com/huizhou/co/58916.htm
惠州市华美特包装制品有限公司,http://www.11467.com/huizhou/co/63805.htm
惠州市金页包装制品有限公司,http://www.11467.com/huizhou/co/8458.htm
惠州市安达包装材料制品有限公司,http://www.11467.com/huizhou/co/58872.htm
浙江湖州耀东包装有限公司,http://www.11467.com/huzhou/co/67129.htm
江门钢力建筑五金有限公司,http://www.11467.com/jiangmen/co/10962.htm
开平市新基业金属制桶有限公司,http://www.11467.com/jiangmen/co/105663.htm
江门市富地包装有限公司,http://www.11467.com/jiangmen/co/94758.htm
嘉兴市龙腾海绵制造有限公司,http://www.11467.com/jiaxing/co/122962.htm
嘉善森亚纸管有限公司,http://www.11467.com/jiaxing/co/134456.htm
中国山东济南卓艺包装有限公司,http://www.11467.com/jinan/co/93843.htm
义乌福友文具有限公司,http://www.11467.com/jinhua/co/127863.htm
廊坊市嘉汇包装印刷有限公司,http://www.11467.com/langfang/co/2490.htm
临沂升源五金有限公司,http://www.11467.com/linyi/co/66098.htm
翔雨有限公司,http://www.11467.com/linyi/co/65973.htm
平邑弘盛木业有限公司,http://www.11467.com/linyi/co/95738.htm
南昌市如瑞实业有限公司,http://www.11467.com/nanchang/co/87222.htm
南京汇浦塑料中空板有限公司,http://www.11467.com/nanjing/co/67029.htm
南京盛溪印刷包装有限公司,http://www.11467.com/nanjing/co/66859.htm
江苏省南通市申港文具有限公司,http://www.11467.com/nantong/co/108254.htm
宁波八方彩印包装有限公司.,http://www.11467.com/ningbo/co/118204.htm
合肥海尔华东包装有限公司,http://www.11467.com/hefei/co/8561.htm
衡水宏宇包装制品有限公司,http://www.11467.com/hengshui/co/23022.htm
鄄城光大包装制品有限公司,http://www.11467.com/heze/co/35101.htm
黄山纸业包装有限公司,http://www.11467.com/huangshan/co/13061.htm
美商訊立創新有限公司（惠州分公司）,http://www.11467.com/huizhou/co/73516.htm
惠州市顺祥纸托包装有限公司,http://www.11467.com/huizhou/co/50689.htm
惠州市惠阳维辉实业有限公司,http://www.11467.com/huizhou/co/69113.htm
广润塑料包装有限公司,http://www.11467.com/jiangmen/co/95035.htm
江门市新会区兄弟工业材料有限公司,http://www.11467.com/jiangmen/co/94807.htm
江门市江海区龙大塑料有限公司,http://www.11467.com/jiangmen/co/95081.htm
焦作亿思达科技有限公司,http://www.11467.com/jiaozuo/co/26675.htm
临沂奥博纺织制线有限公司济南办事处,http://www.11467.com/jinan/co/93235.htm
济南新云附件有限公司,http://www.11467.com/jinan/co/76854.htm
义乌市艺丰包装有限公司,http://www.11467.com/jinhua/co/125302.htm
浙江义乌豪顺拉链有限公司销售部小安,http://www.11467.com/jinhua/co/72337.htm
莒南县天翔贸易有限公司,http://www.11467.com/linyi/co/34008.htm
江西平海模型公司,http://www.11467.com/nanchang/co/87202.htm
南京星火机械包装有限公司,http://www.11467.com/nanjing/co/156931.htm
杰森国际贸易有限公司,http://www.11467.com/nanjing/co/88299.htm
南京出色包装有限公司,http://www.11467.com/nanjing/co/67348.htm
共和包装带有限公司,http://www.11467.com/nanning/co/59032.htm
南通诚信公司,http://www.11467.com/nantong/co/108201.htm
胜全(宁波)塑胶模具有限公司,http://www.11467.com/ningbo/co/85163.htm
青岛强盛塑料包装有限公司,http://www.11467.com/qingdao/co/101255.htm
青岛金马诺工贸公司,http://www.11467.com/qingdao/co/82942.htm
青岛明冠模具有限公司,http://www.11467.com/qingdao/co/100965.htm
秦皇岛金盛缘精密铸造有限公司,http://www.11467.com/qinhuangdao/co/19672.htm
晋江市盛源塑料制品有限公司,http://www.11467.com/quanzhou/co/136262.htm
汕头华珀零售业辅助品有限公司,http://www.11467.com/shantou/co/123375.htm
汕头市甁之友弹簧瓶盖有限公司,http://www.11467.com/shantou/co/123248.htm
绍兴格林派克蜂窝材料有限公司,http://www.11467.com/shaoxing/co/80022.htm
绍兴中海金属制品有限公司,http://www.11467.com/shaoxing/co/73867.htm
七星科工集团有限公司,http://www.11467.com/shenyang/co/67816.htm
冲之诚模切技术有限公司(工程),http://www.11467.com/shenzhen/co/285532.htm
方胜包装制品有限公司,http://www.11467.com/shenzhen/co/227308.htm
方胜制品包装有限公司,http://www.11467.com/shenzhen/co/287191.htm
百宝国际投资有限公司,http://www.11467.com/shenzhen/co/148688.htm
广东汕头市万润塑料制品有限公司,http://www.11467.com/shenzhen/co/280069.htm
深圳富松皮具制品有限公司,http://www.11467.com/shenzhen/co/804545.htm
深圳市搏兴缘包装材料制品有限公司,http://www.11467.com/shenzhen/co/573758.htm
金聖嘶公司,http://www.11467.com/shenzhen/co/284646.htm
深圳市长盛包装材料制品有限公司,http://www.11467.com/shenzhen/co/735667.htm
深圳市长盛包装制品有限公司,http://www.11467.com/shenzhen/co/804547.htm
深圳市高鼎胶粘制品有限公司,http://www.11467.com/shenzhen/co/286392.htm
深圳市高宏实业发展有限公司业务部,http://www.11467.com/shenzhen/co/570343.htm
深圳市恒元乐印刷材料有限公司,http://www.11467.com/shenzhen/co/780467.htm
深圳市吉泰（电压）手袋制品有限公司,http://www.11467.com/shenzhen/co/286746.htm
深圳市荣丰包装制品有限公司,http://www.11467.com/shenzhen/co/53923.htm
深圳市流美堂包装设计有限公司,http://www.11467.com/shenzhen/co/790093.htm
深圳市赛博特包装印刷有限公司,http://www.11467.com/shenzhen/co/568702.htm
深圳市深广五金有限公司,http://www.11467.com/shenzhen/co/722107.htm
深圳市信达辉首饰包装公司,http://www.11467.com/shenzhen/co/574877.htm
深圳市瑞康宝卫生用品有限公司,http://www.11467.com/shenzhen/co/42808.htm
深圳市崧億电子科技有限公司,http://www.11467.com/shenzhen/co/571614.htm
深圳市裕宝盛轻胶制品有限公司,http://www.11467.com/shenzhen/co/576923.htm
深圳市远程汇贸易公司,http://www.11467.com/shenzhen/co/576449.htm
深圳市双盈塑料制品有限公司（销售部）,http://www.11467.com/shenzhen/co/148465.htm
深圳市亿元鑫工贸有限公司,http://www.11467.com/shenzhen/co/574972.htm
深圳台凌科技有限公司,http://www.11467.com/shenzhen/co/567632.htm
深圳市中科联电子科技有限公司,http://www.11467.com/shenzhen/co/278900.htm
深圳毅鑫包装胶贴制品有限公司,http://www.11467.com/shenzhen/co/572925.htm
深圳毅鑫电子科技有限公司,http://www.11467.com/shenzhen/co/574082.htm
深圳渊明能量石包装盒有限公司,http://www.11467.com/shenzhen/co/787257.htm
深圳唯奇包装制品有限公司,http://www.11467.com/shenzhen/co/564406.htm
深圳市雅昌彩色印刷有限公司,http://www.11467.com/shenzhen/co/287583.htm
深圳市卓艺编织制品有限公司,http://www.11467.com/shenzhen/co/285957.htm
宜兴市海兴塑料包装有限公司,http://www.11467.com/wuxi/co/164632.htm
无锡市中德包装有限公司,http://www.11467.com/wuxi/co/201334.htm
瑜派科技有限公司,http://www.11467.com/wuxi/co/201323.htm
晋江瑞发塑胶有限公司,http://www.11467.com/xiamen/co/41286.htm
安纳森密封材料有限公司2,http://www.11467.com/xiamen/co/59680.htm
厦门欣益祥包装材料有限公司,http://www.11467.com/xiamen/co/60854.htm
厦门赛众有限公司,http://www.11467.com/xiamen/co/59824.htm
厦门合欣工贸有限公司,http://www.11467.com/xiamen/co/39145.htm
乾锦包装有限公司,http://www.11467.com/xiamen/co/59838.htm
西安继坤工贸有限公司,http://www.11467.com/xian/co/62446.htm
湖北宏森再生资源利用有限公司,http://www.11467.com/xianning/co/12808.htm
河南百合商贸有限公司,http://www.11467.com/xinyang/co/23175.htm
河南省长葛市凯祥包装制品有限公司,http://www.11467.com/xuchang/co/23458.htm
盐成天地国际贸易有限公司,http://www.11467.com/yancheng/co/57515.htm
栖霞市泉冠塑料制品有限公司,http://www.11467.com/yantai/co/162389.htm
湖北省宜昌市福兴包装公司,http://www.11467.com/yichang/co/45540.htm
森林木材材料有限公司,http://www.11467.com/yulin/co/21293.htm
漳州市技佳包装有限公司,http://www.11467.com/zhangzhou/co/39221.htm
河南省成安机械有限公司,http://www.11467.com/zhengzhou/co/123778.htm
汉唐昇世（郑州）包装有限公司,http://www.11467.com/zhengzhou/co/123262.htm
郑州金潮包装有限公司,http://www.11467.com/zhengzhou/co/108210.htm
镇江市金兰包装有限公司,http://www.11467.com/zhenjiang/co/51213.htm
丹阳市泰宏包装有限公司,http://www.11467.com/zhenjiang/co/64294.htm
艺之佳商标有限公司（中山分公司）,http://www.11467.com/zhongshan/co/62205.htm
中山美盛印刷包装有限公司,http://www.11467.com/zhongshan/co/98930.htm
中原森岗(深圳)包装材料有限公司,http://www.11467.com/zhongshan/co/98351.htm
中山市通和塑料制品有限公司,http://www.11467.com/zhongshan/co/99623.htm
淄博华旭包装有限公司,http://www.11467.com/zibo/co/80093.htm
北京嘉祥纸包装有限公司,http://www.11467.com/beijing/co/275752.htm
北京市中顺达包装材料有限公司,http://www.11467.com/beijing/co/652509.htm
北京星海兴包装制品有限公司,http://www.11467.com/beijing/co/363973.htm
常州袖珍象文化传媒有限公司,http://www.11467.com/beijing/co/416861.htm
