郑州海达应用材料有限公司,http://www.11467.com/zhengzhou/co/79405.htm
中科院广州电子技术有限公司,http://www.11467.com/guangzhou/co/270322.htm
汕头市荣泰包装设备有限公司,http://www.11467.com/shantou/co/130819.htm
杭州利郎广告有限公司,http://www.11467.com/hangzhou/co/312351.htm
武汉精创科技有限公司,http://www.11467.com/wuhan/co/89837.htm
滁州洁诺电子有限公司,http://www.11467.com/chuzhou/co/20630.htm
西安双灵印包材料有限公司,http://www.11467.com/xian/co/59305.htm
石家庄太行科工有限公司,http://www.11467.com/shijiazhuang/co/93523.htm
深圳市长龙江印刷器材有限公司,http://www.11467.com/shenzhen/co/149610.htm
珠海惠尔美打印耗材有限公司,http://www.11467.com/zhuhai/co/82661.htm
上海德克尔工贸有限公司,http://www.11467.com/shanghai/co/942840.htm
佛山市顺德区得源实业有限公司,http://www.11467.com/foshan/co/213010.htm
江苏淮安第一出版印刷物资有限公司,http://www.11467.com/huaian/co/21847.htm
广州蓝堡印刷器材有限公司,http://www.11467.com/guangzhou/co/457273.htm
东莞市博晟贸易有限公司,http://www.11467.com/dongguan/co/125721.htm
广州市印域商贸有限公司,http://www.11467.com/guangzhou/co/319694.htm
廊坊市佑通合成洗涤剂有限公司,http://www.11467.com/langfang/co/107006.htm
智垒电子科技（武汉）有限公司,http://www.11467.com/wuhan/co/149744.htm
肯特尔(厦门)新材料科技有限公司,http://www.11467.com/xiamen/co/94407.htm
郑州卫斯热熔胶有限公司,http://www.11467.com/zhengzhou/co/148719.htm
东莞市印联印刷器材有限公司,http://www.11467.com/dongguan/co/125728.htm
杭州聚康汽配科技有限公司,http://www.11467.com/hangzhou/co/374256.htm
东莞市利佳装订设备有限公司,http://www.11467.com/dongguan/co/123738.htm
东莞宝奕塑胶制品有限公司,http://www.11467.com/dongguan/co/497519.htm
广州康亦联纸业有限公司,http://www.11467.com/guangzhou/co/127145.htm
上海印丰印刷器材有限公司,http://www.11467.com/shanghai/co/898508.htm
杭州圣豪印刷器材有限公司,http://www.11467.com/hangzhou/co/112091.htm
广州美派印刷器材有限公司,http://www.11467.com/guangzhou/co/317078.htm
合肥市丛珊科技发展有限公司,http://www.11467.com/hefei/co/63251.htm
东莞市成泰印刷材料有限公司,http://www.11467.com/dongguan/co/255550.htm
东莞市多美印刷材料科技有限公司,http://www.11467.com/dongguan/co/196229.htm
深圳欣展电子有限公司,http://www.11467.com/shenzhen/co/149845.htm
厦门一可商贸有限公司,http://www.11467.com/xiamen/co/85792.htm
温州品硕印刷器材有限公司,http://www.11467.com/baoding/co/91444.htm
涿州瑞明电光源技术有限公司,http://www.11467.com/baoding/co/79275.htm
佛山市南灏机电设备有限公司机械油品分公司,http://www.11467.com/dongguan/co/133441.htm
深圳市联科创电子有限公司,http://www.11467.com/shenzhen/co/708055.htm
杭州威星机电设备有限公司,http://www.11467.com/hangzhou/co/206559.htm
惠州市惠华昌化工有限公司,http://www.11467.com/huizhou/co/6328.htm
广州市广森商务有限公司,http://www.11467.com/guangzhou/co/37700.htm
嘉迅智能（福州）软件有限公司,http://www.11467.com/fuzhou/co/69378.htm
深圳市彩韵机械设备有限公司,http://www.11467.com/shenzhen/co/726813.htm
珠海创美思洗涤科技有限公司,http://www.11467.com/zhuhai/co/80608.htm
厦门优力隆印刷器材有限公司,http://www.11467.com/xiamen/co/2700.htm
保定乐凯包装材料有限公司,http://www.11467.com/baoding/co/54827.htm
山东亚冠化工有限公司,http://www.11467.com/jinan/co/94620.htm
合肥俊祥精密机械有限公司,http://www.11467.com/hefei/co/79869.htm
北京市红星广厦化工建材有限责任公司,http://www.11467.com/beijing/co/213187.htm
深圳市鑫卡特智能卡有限公司,http://www.11467.com/shenzhen/co/150032.htm
深圳市日晟彩印设备开发有限公司,http://www.11467.com/shenzhen/co/809945.htm
昆山市宝腾印刷器材有限公司,http://www.11467.com/suzhou/co/356796.htm
嘉兴市方圆印刷物资设备有限公司,http://www.11467.com/jiaxing/co/79558.htm
深圳市雅利安电子有限公司,http://www.11467.com/shenzhen/co/71822.htm
深圳美能包装制品有限公司,http://www.11467.com/shenzhen/co/103374.htm
苏州茂合印刷器材有限公司,http://www.11467.com/suzhou/co/327210.htm
苏州市科卓信息技术有限公司,http://www.11467.com/suzhou/co/344411.htm
深圳市富利恒科技有限公司,http://www.11467.com/shenzhen/co/729151.htm
深圳市鸿大创丝印器材有限公司,http://www.11467.com/shenzhen/co/139626.htm
深圳市矽尊电子有限公司,http://www.11467.com/shenzhen/co/462784.htm
深圳市尚沃斯电子科技有限公司,http://www.11467.com/shenzhen/co/811240.htm
嘉兴豪鼎贸易有限公司,http://www.11467.com/jiaxing/co/82913.htm
深圳中昊航泰丝印器材有限公司,http://www.11467.com/shenzhen/co/770858.htm
深圳市星海龙电子有限公司,http://www.11467.com/shenzhen/co/723005.htm
温州金海岸化工有限公司,http://www.11467.com/wenzhou/co/3057.htm
苏州鼎茂塑胶电子有限公司,http://www.11467.com/suzhou/co/203654.htm
郑州世晟百科贸有限公司,http://www.11467.com/zhengzhou/co/63717.htm
广州嘉琦印刷器材有限公司,http://www.11467.com/guangzhou/co/457192.htm
合肥新鸿基印刷机械有限公司,http://www.11467.com/hefei/co/132626.htm
东莞市裕富塑胶贸易有限公司,http://www.11467.com/dongguan/co/556869.htm
深圳市盛和兴科技有限公司,http://www.11467.com/shenzhen/co/272070.htm
深圳市顺源彩印科技有限公司,http://www.11467.com/shenzhen/co/811502.htm
深圳市印材有限公司,http://www.11467.com/shenzhen/co/784034.htm
东莞市恒通印刷机械有限公司(销售部),http://www.11467.com/dongguan/co/498907.htm
东莞市润丽华实业有限公司,http://www.11467.com/dongguan/co/199886.htm
广州德聚数码科技有限公司,http://www.11467.com/guangzhou/co/457191.htm
广州飞胜高分子材料有限公司,http://www.11467.com/guangzhou/co/463940.htm
深圳市夏日冰海电子科技有限公司,http://www.11467.com/shenzhen/co/551329.htm
深圳市世力电子有限公司,http://www.11467.com/shenzhen/co/792614.htm
上海烨枫彩贸易有限公司,http://www.11467.com/pingliang/co/9235.htm
甘肃亨通商务有限公司,http://www.11467.com/qingyang/co/10320.htm
宁夏中卫英才科贸有限公司,http://www.11467.com/zhongwei/co/1757.htm
西安瑞博印刷包装有限公司,http://www.11467.com/xian/co/95507.htm
上海泛强贸易有限公司,http://www.11467.com/shanghai/co/1037132.htm
陕西臻志有限责任公司,http://www.11467.com/tongchuan/co/8306.htm
郑州汇通数码喷绘材料公司,http://www.11467.com/anyang/co/27311.htm
东莞市长安富泓办公识别系统设备公司,http://www.11467.com/dongguan/co/197936.htm
东莞市简明包装制品有限公司,http://www.11467.com/dongguan/co/412854.htm
佛山市南海威仕印刷材料有限公司,http://www.11467.com/dongguan/co/198004.htm
深圳市广莱集丝印器材有限公司,http://www.11467.com/dongguan/co/124619.htm
广东省东莞市长和兴印刷机械有限公司,http://www.11467.com/dongguan/co/490033.htm
东莞市宏鑫丝印器材有限公司,http://www.11467.com/dongguan/co/15004.htm
福建彩色印刷有限公司,http://www.11467.com/fuzhou/co/32439.htm
广州市爱堡贸易有限公司,http://www.11467.com/guangzhou/co/317777.htm
广州丝盈网纱有限公司,http://www.11467.com/guangzhou/co/319637.htm
广州正丰数码科技有限公司 市场部,http://www.11467.com/guangzhou/co/317321.htm
广州胜伦数码科技有限公司,http://www.11467.com/guangzhou/co/460642.htm
广州兴图计算机有限公司,http://www.11467.com/guangzhou/co/85967.htm
杭州宏盛工贸公司,http://www.11467.com/hangzhou/co/178501.htm
菏泽德信印刷物资有限公司,http://www.11467.com/heze/co/20895.htm
洁星印刷材料有限公司,http://www.11467.com/huzhou/co/67068.htm
江门市长达绿色印刷材料有限公司,http://www.11467.com/jiangmen/co/81276.htm
连云港万盛洗涤设备销售有限公司,http://www.11467.com/lianyungang/co/43766.htm
青岛华顿电子有限公司,http://www.11467.com/qingdao/co/154156.htm
长利达实业有限公司,http://www.11467.com/shenzhen/co/771722.htm
华印电子印刷材料有限公司,http://www.11467.com/shenzhen/co/776413.htm
深圳富进佳科技有限公司,http://www.11467.com/shenzhen/co/372285.htm
深圳东洋油墨有限公司,http://www.11467.com/shenzhen/co/762910.htm
深圳市大东行印刷设备材料有限公司,http://www.11467.com/shenzhen/co/90069.htm
深圳市彩富通电子有限公司,http://www.11467.com/shenzhen/co/766322.htm
深圳市和誉达科技有限公司,http://www.11467.com/shenzhen/co/771015.htm
深圳市美联兴油墨有限公司,http://www.11467.com/shenzhen/co/271912.htm
深圳市捷鸿科技有限公司,http://www.11467.com/shenzhen/co/586573.htm
深圳市力科世纪科技发展有限公司,http://www.11467.com/shenzhen/co/792615.htm
深圳市惠联九天科技有限公司-,http://www.11467.com/shenzhen/co/273029.htm
深圳市双明条码技术有限公司,http://www.11467.com/shenzhen/co/770113.htm
深圳市双乔贸易有限公司,http://www.11467.com/shenzhen/co/80419.htm
深圳市森国贸易有限公司,http://www.11467.com/shenzhen/co/277507.htm
深圳市智化电科技有限公司,http://www.11467.com/shenzhen/co/67894.htm
深圳市正求印刷耗材有限公司,http://www.11467.com/shenzhen/co/775739.htm
永联印刷耗材（深圳）有限公司,http://www.11467.com/shenzhen/co/586627.htm
石家庄蚂蚁印章有限责任公司,http://www.11467.com/shijiazhuang/co/138830.htm
潍坊华美印业科技有限公司,http://www.11467.com/weifang/co/82093.htm
厦门可利印印刷器材有限公司,http://www.11467.com/xiamen/co/24953.htm
厦门史曼德贸易有限公司,http://www.11467.com/xiamen/co/100928.htm
郑州顶立电子有限公司,http://www.11467.com/zhengzhou/co/177526.htm
中山市明盛印刷材料贸易有限公司,http://www.11467.com/zhongshan/co/141758.htm
中山市春秋花卉信息有限公司,http://www.11467.com/zhongshan/co/17594.htm
北京绿成长兴科技有限公司,http://www.11467.com/beijing/co/207509.htm
昆山台轩电子科技有限公司,http://www.11467.com/suzhou/co/360792.htm
内蒙古恒威实业公司,http://www.11467.com/baotou/co/25627.htm
滨州中为软件有限公司,http://www.11467.com/binzhou/co/21308.htm
河北东光广告装饰KT板公司,http://www.11467.com/cangzhou/co/61640.htm
天启办公设备发展有限公司,http://www.11467.com/cangzhou/co/42665.htm
长春市佳影科技有限公司,http://www.11467.com/changchun/co/76534.htm
长沙欧克（Okay）打印耗材公司,http://www.11467.com/changsha/co/78759.htm
长沙市艺雅居液体壁纸有限公司,http://www.11467.com/changsha/co/89685.htm
长沙市致高机械设备有限公司,http://www.11467.com/changsha/co/86011.htm
常州市特利特工具有限公司,http://www.11467.com/changzhou/co/108404.htm
常州市梅港淀粉有限公司,http://www.11467.com/changzhou/co/83366.htm
费氏商贸有限公司,http://www.11467.com/changzhou/co/96848.htm
潮安县瑞科印刷器材有限公司,http://www.11467.com/chaozhou/co/35093.htm
成都穗通防伪技术有限公司,http://www.11467.com/chengdu/co/114282.htm
成都英吉莱科技有限公司,http://www.11467.com/chengdu/co/81375.htm
四川海纳信息服务有限公司,http://www.11467.com/chengdu/co/114089.htm
四川成都北纬制卡有限公司,http://www.11467.com/chengdu/co/113983.htm
春知信咨询有限公司,http://www.11467.com/chengdu/co/81371.htm
伊梦佳人有限公司,http://www.11467.com/chengdu/co/114070.htm
雄震贸易有限公司,http://www.11467.com/shenzhen/co/766324.htm
石家庄飞天神韵印刷材料有限公司,http://www.11467.com/shijiazhuang/co/138649.htm
石家庄神州数码有限公司,http://www.11467.com/shijiazhuang/co/138829.htm
苏州网朋丝印器材有限公司,http://www.11467.com/suzhou/co/316215.htm
苏州鑫茂丝印器材有限公司,http://www.11467.com/suzhou/co/208535.htm
武汉华信数据系统有限公司,http://www.11467.com/wuhan/co/69360.htm
无锡市姐妹印刷材料有限公司,http://www.11467.com/wuxi/co/122580.htm
无锡昊成印务有限公司,http://www.11467.com/wuxi/co/173983.htm
无锡信益印刷物资有限公司,http://www.11467.com/wuxi/co/152479.htm
郑州同鑫纸塑制品有限公司业务部,http://www.11467.com/zhengzhou/co/124730.htm
中山市富日印刷材料有限公司,http://www.11467.com/zhongshan/co/23123.htm
珠海市永兴泰商贸有限公司,http://www.11467.com/zhuhai/co/70587.htm
珠海市金彩印刷有限公司,http://www.11467.com/zhuhai/co/71049.htm
北京联德通达科技有限公司,http://www.11467.com/beijing/co/418217.htm
天创商贸有限责任公司,http://www.11467.com/beijing/co/418406.htm
中科富华科技有限公司,http://www.11467.com/beijing/co/398232.htm
上海子鹏印刷材料有限公司,http://www.11467.com/shanghai/co/24126.htm
天津永和公司,http://www.11467.com/tianjin/co/201623.htm
湖南郴州市辉旺商贸公司,http://www.11467.com/chenzhou/co/19719.htm
北京亿源印刷物资公司,http://www.11467.com/chifeng/co/26505.htm
中彩映科数码科技(大连)有限公司,http://www.11467.com/dalian/co/73054.htm
艺博展示展览有限公司,http://www.11467.com/dalian/co/42052.htm
辽宁省边境贸易有限公司-国际贸易部,http://www.11467.com/dandong/co/47164.htm
大锦纸品印刷机械有限公司,http://www.11467.com/dongguan/co/197716.htm
晨威丝网器材（东莞）有限公司,http://www.11467.com/dongguan/co/332418.htm
诚森（木品、装饰）工程有限公司,http://www.11467.com/dongguan/co/333412.htm
东莞加贯印刷器材有限公司,http://www.11467.com/dongguan/co/412788.htm
东莞亮彩电脑耗材有限公司,http://www.11467.com/dongguan/co/149719.htm
东莞市伯硕贸易有限公司,http://www.11467.com/dongguan/co/258800.htm
东莞佳值贸易有限公司,http://www.11467.com/dongguan/co/506834.htm
东莞市晨天印刷器材有限公司,http://www.11467.com/dongguan/co/334080.htm
东莞恒晖彩印机械责任有限公司,http://www.11467.com/dongguan/co/124705.htm
东莞市君安办公设备有限公司,http://www.11467.com/dongguan/co/331829.htm
东莞高斯进精细化工有限公司,http://www.11467.com/dongguan/co/494623.htm
东莞佳惠科技贸易有限公司,http://www.11467.com/dongguan/co/505178.htm
诚信贸易有限公司(台湾科技有限公司),http://www.11467.com/dongguan/co/196626.htm
东莞市福强包装制品有限公司,http://www.11467.com/dongguan/co/199994.htm
东莞巨虹条码有限公司,http://www.11467.com/dongguan/co/196865.htm
东莞蓝海印刷材料有限公司,http://www.11467.com/dongguan/co/198434.htm
东莞市高宝印刷机械科技有限公司,http://www.11467.com/dongguan/co/124620.htm
东莞恒越条码有限公司,http://www.11467.com/dongguan/co/197947.htm
东莞市力富印刷机械设备有限公司,http://www.11467.com/dongguan/co/125384.htm
东莞市丽能达数码科技有限公司,http://www.11467.com/dongguan/co/332406.htm
东莞市量子印刷材料有限公司,http://www.11467.com/dongguan/co/145677.htm
东莞市艺超条码科技有限公司,http://www.11467.com/dongguan/co/122879.htm
东莞市胜昌盒纸品有限公司,http://www.11467.com/dongguan/co/477341.htm
东莞市汉科印刷材料有限公司,http://www.11467.com/dongguan/co/198031.htm
东莞塘厦凯辉丝印材料有限公司,http://www.11467.com/dongguan/co/331449.htm
广州市天宏印刷材料有限公司,http://www.11467.com/guangzhou/co/460151.htm
广州迅捷标识科技有限公司,http://www.11467.com/guangzhou/co/460118.htm
广州市美派印刷器材有限公司,http://www.11467.com/guangzhou/co/108065.htm
广州市智盈印刷器材有限公司,http://www.11467.com/guangzhou/co/317875.htm
广州市逸图打印耗材有限公司,http://www.11467.com/guangzhou/co/209054.htm
广州市银宇印刷材料有限公司,http://www.11467.com/guangzhou/co/47268.htm
广州智田企业策划有限公司,http://www.11467.com/guangzhou/co/317803.htm
广州中正科技有限公司,http://www.11467.com/guangzhou/co/209287.htm
广州真迹科技公司,http://www.11467.com/guangzhou/co/478701.htm
广州市三采商贸有限公司,http://www.11467.com/guangzhou/co/429162.htm
翰林阁书籍有限公司,http://www.11467.com/guangzhou/co/317725.htm
上海特力尔包装印刷材料有限公司,http://www.11467.com/guangzhou/co/317831.htm
恒日印刷材料有限公司,http://www.11467.com/guangzhou/co/318749.htm
广州市多彩印刷材料有限公司,http://www.11467.com/guangzhou/co/319267.htm
天惠贸易有限公司,http://www.11467.com/guangzhou/co/127338.htm
远飞来印业有限公司,http://www.11467.com/guangzhou/co/208078.htm
雅杰策划有限公司,http://www.11467.com/guangzhou/co/318203.htm
信立龙翔喷绘有限公司,http://www.11467.com/guangzhou/co/319379.htm
權華貿易有限公司,http://www.11467.com/guangzhou/co/209292.htm
广州市鑫橖胶粘制品有限公司,http://www.11467.com/guangzhou/co/464238.htm
中宇生物化工有限公司,http://www.11467.com/guangzhou/co/458127.htm
中华人民共和国广州市银宇印刷材料有限公司,http://www.11467.com/guangzhou/co/318641.htm
深圳市青春保护膜有限公司,http://www.11467.com/guangzhou/co/313687.htm
桂林市祥鑫印刷物资有限公司,http://www.11467.com/guilin/co/32058.htm
杭州爱而实业公司,http://www.11467.com/hangzhou/co/270731.htm
杭州伏龙文化传播有限公司,http://www.11467.com/hangzhou/co/149405.htm
杭州慧峰科技有限公司,http://www.11467.com/hangzhou/co/235822.htm
杭州安大印刷材料有限公司,http://www.11467.com/hangzhou/co/147520.htm
杭州湖滨印务有限公司,http://www.11467.com/hangzhou/co/270447.htm
杭州宝龙盛业数码科技有限公司,http://www.11467.com/hangzhou/co/173648.htm
杭州沪光印刷材料有限公司,http://www.11467.com/hangzhou/co/178326.htm
杭州晶绘有限公司,http://www.11467.com/hangzhou/co/372790.htm
杭州艾希捷思软件公司,http://www.11467.com/hangzhou/co/270636.htm
洁星印刷（湖州）材料有限公司,http://www.11467.com/hangzhou/co/310335.htm
浙江科华贸易有限公司,http://www.11467.com/hangzhou/co/270598.htm
杭州绿谷办公设备有限公司,http://www.11467.com/hangzhou/co/237180.htm
桑弧房地产咨询有限公司,http://www.11467.com/hangzhou/co/270681.htm
杭州市星源科技有限公司,http://www.11467.com/hangzhou/co/236399.htm
杭州至上电子有限公司,http://www.11467.com/hangzhou/co/48997.htm
安徽凤凰感光科技有限公司,http://www.11467.com/hefei/co/45006.htm
合肥全彩电子科技有限公司,http://www.11467.com/hefei/co/86822.htm
淮安明欣印刷物资公司,http://www.11467.com/huaian/co/38307.htm
南京永和贸易有限公司,http://www.11467.com/huizhou/co/74118.htm
南京永和贸易有限公司华南办事处,http://www.11467.com/huizhou/co/73966.htm
南京永和贸易有限公司惠州办事处,http://www.11467.com/huizhou/co/97950.htm
惠州科旺电子有限公司,http://www.11467.com/huizhou/co/73986.htm
惠州市惠阳区新天彩数码科技有限公司,http://www.11467.com/huizhou/co/97166.htm
浙江臣逸贸易有限公司,http://www.11467.com/huzhou/co/51687.htm
江门市蓬江区力腾立体光学技术有限公司,http://www.11467.com/jiangmen/co/87799.htm
江门市聚德隆实业有限公司,http://www.11467.com/jiangmen/co/89358.htm
嘉兴聚彩系列销售公司,http://www.11467.com/jiaxing/co/87279.htm
嘉善柒程包装材料有限公司,http://www.11467.com/jiaxing/co/122929.htm
平湖市古特贸易有限公司,http://www.11467.com/jiaxing/co/108515.htm
康比特电脑有限公司,http://www.11467.com/jieyang/co/25200.htm
济南天佳恒信科技有限公司,http://www.11467.com/jinan/co/76372.htm
伟业条码技术有限公司,http://www.11467.com/jinhua/co/77726.htm
济宁华越科技有限公司,http://www.11467.com/jining/co/48016.htm
云南自主择业实业集团甫锦商贸有限公司,http://www.11467.com/kunming/co/103779.htm
河北廊坊龙宇五金有限公司,http://www.11467.com/langfang/co/31025.htm
可奇隆科技发展有限公司,http://www.11467.com/langfang/co/29919.htm
兰州佳隆纸业有限责任公司,http://www.11467.com/lanzhou/co/65983.htm
柳州市高达网络服务有限责任公司,http://www.11467.com/liuzhou/co/39643.htm
柳州印特快数码科技有限责任公司,http://www.11467.com/liuzhou/co/39640.htm
眉山市楚天电子科技有限公司,http://www.11467.com/meishan/co/13513.htm
绵阳市捷报传媒服务有限责任公司,http://www.11467.com/mianyang/co/36160.htm
江西南昌亿扬办公设备有限公司,http://www.11467.com/nanchang/co/92413.htm
江西银润实业有限公司,http://www.11467.com/nanchang/co/87023.htm
老兵创为科技服务公司,http://www.11467.com/nanchang/co/87002.htm
前程数码科技有限公司,http://www.11467.com/nanchong/co/24804.htm
乐时投资有限公司,http://www.11467.com/nanjing/co/89448.htm
南京五牛科技实业有限公司,http://www.11467.com/nanjing/co/65883.htm
南京海略科技有限公司,http://www.11467.com/nanjing/co/55031.htm
南京虎驰印刷物资有限公司,http://www.11467.com/nanjing/co/50268.htm
金诺数码(深圳)有限公司,http://www.11467.com/nanjing/co/65996.htm
南京强盛印刷设备有限公司,http://www.11467.com/nanjing/co/50413.htm
南京东康光学材料有限公司,http://www.11467.com/nanjing/co/154895.htm
南京兴源科技有限公司,http://www.11467.com/nanjing/co/65897.htm
南京安利华印刷材料有限公司,http://www.11467.com/nanjing/co/66496.htm
南通博维印刷材料有限公司,http://www.11467.com/nantong/co/132414.htm
宁波圣瑞条码有限公司,http://www.11467.com/ningbo/co/120069.htm
深圳市明熙机械有限公司,http://www.11467.com/putian/co/34476.htm
富士山印刷材料（莆田）有限公司,http://www.11467.com/putian/co/30233.htm
青岛市金达昊工贸有限公司,http://www.11467.com/qingdao/co/102047.htm
青岛汇鑫源工贸有限公司（市场开发部）,http://www.11467.com/qingdao/co/101871.htm
青岛腾彩办公耗材有限公司,http://www.11467.com/qingdao/co/82133.htm
青岛合立金国际贸易有限公司,http://www.11467.com/qingdao/co/156797.htm
青岛修竹贸易有限公司,http://www.11467.com/qingdao/co/101947.htm
海龙印刷材料有限公司,http://www.11467.com/quanzhou/co/105370.htm
珠海市洁星洗涤科技有限公司泉州办事处,http://www.11467.com/quanzhou/co/99058.htm
汕头市龙湖区伟鹏印刷有限公司,http://www.11467.com/shantou/co/1268.htm
汕头市新潮流不干胶制品有限公司,http://www.11467.com/shantou/co/114038.htm
伟佳印刷有限公司,http://www.11467.com/shantou/co/130838.htm
绍兴东丸印刷材料有限公司,http://www.11467.com/shaoxing/co/77631.htm
沈阳市峰泰源化工材料有限公司,http://www.11467.com/shenyang/co/57771.htm
沈阳市毅中和商贸有限公司,http://www.11467.com/shenyang/co/68608.htm
锦州阳光贸易有限公司,http://www.11467.com/shenyang/co/52374.htm
辽宁省华育书刊发行有限公司华育书店,http://www.11467.com/shenyang/co/57759.htm
晨辉有机硅材料有限公司,http://www.11467.com/shenzhen/co/274999.htm
宝盛材料科技(深圳)有限公司,http://www.11467.com/shenzhen/co/777864.htm
东升丝印器材有限公司,http://www.11467.com/shenzhen/co/581890.htm
富士星光印刷器材（上海）有限公司深圳分公司,http://www.11467.com/shenzhen/co/149838.htm
昆润机电设备有限公司,http://www.11467.com/shenzhen/co/274275.htm
金顺丝印有限公司,http://www.11467.com/shenzhen/co/149905.htm
家美乐电器有限公司,http://www.11467.com/shenzhen/co/583491.htm
吉日升丝印器材有限公司,http://www.11467.com/shenzhen/co/272263.htm
德国三鑫代理公司,http://www.11467.com/shenzhen/co/585168.htm
广莱集丝印器材有限公司,http://www.11467.com/shenzhen/co/284286.htm
惠州园洲镇晨旭电子材料公司,http://www.11467.com/shenzhen/co/583395.htm
晨曦网纱有限公司,http://www.11467.com/shenzhen/co/272037.htm
上海金色丽数码科技有限公司,http://www.11467.com/shenzhen/co/274287.htm
广州鹭源电子（深圳）有限公司,http://www.11467.com/shenzhen/co/149041.htm
广运丝印印花材料有限公司,http://www.11467.com/shenzhen/co/274419.htm
村田金箔有限公司深圳办事处,http://www.11467.com/shenzhen/co/273815.htm
华瑞维科丝网有限公司,http://www.11467.com/shenzhen/co/274841.htm
深圳爱玛雅科技有限公司,http://www.11467.com/shenzhen/co/367180.htm
风视资讯设备有限公司,http://www.11467.com/shenzhen/co/586422.htm
宏兴（深圳）有限公司,http://www.11467.com/shenzhen/co/273664.htm
深圳村上贸易有限公司,http://www.11467.com/shenzhen/co/762894.htm
瑞岳电脑耗材有限公司深圳办事处,http://www.11467.com/shenzhen/co/274264.htm
广东深圳福鑫华科技有限公司,http://www.11467.com/shenzhen/co/161188.htm
广东深圳甘井高新材料有限公司,http://www.11467.com/shenzhen/co/776412.htm
广东南方都市经营有限公司,http://www.11467.com/shenzhen/co/272461.htm
深圳金兴科技有限公司,http://www.11467.com/shenzhen/co/274333.htm
深圳光普源科技有限公司,http://www.11467.com/shenzhen/co/273012.htm
深圳光阳印刷器材有限公司,http://www.11467.com/shenzhen/co/271923.htm
鸿彩印刷设备维修公司,http://www.11467.com/shenzhen/co/794959.htm
深圳市超时空实业有限公司,http://www.11467.com/shenzhen/co/272190.htm
深圳市三兴丝印移印设备有限公司,http://www.11467.com/shenzhen/co/581536.htm
深圳市华硕印材有限公司,http://www.11467.com/shenzhen/co/149837.htm
深圳市新创艺丝印移印有限公司,http://www.11467.com/shenzhen/co/584827.htm
深圳市鑫源通包装制品有限公司,http://www.11467.com/shenzhen/co/729150.htm
深圳市南科三维科技有限公司,http://www.11467.com/shenzhen/co/770789.htm
深圳市朋至丝印器材有限公司,http://www.11467.com/shenzhen/co/586712.htm
深圳市富鑫盛贸易有限公司,http://www.11467.com/shenzhen/co/582128.htm
深圳市伟杰电子科技有限公司,http://www.11467.com/shenzhen/co/524060.htm
深圳市伟能达纸品有限公司销售部,http://www.11467.com/shenzhen/co/273372.htm
深圳市润东胶辊机械有限公司,http://www.11467.com/shenzhen/co/586651.htm
深圳市伊诺伟科技有限公司,http://www.11467.com/shenzhen/co/586605.htm
深圳市思源印刷器材有限责任公司,http://www.11467.com/shenzhen/co/582154.htm
深圳市仁为美科技有限公司,http://www.11467.com/shenzhen/co/765660.htm
深圳市日晟昌电子有限公司,http://www.11467.com/shenzhen/co/583899.htm
深圳市银狐贸易有限公司,http://www.11467.com/shenzhen/co/586045.htm
深圳市文华塑胶薄膜有限公司,http://www.11467.com/shenzhen/co/787229.htm
深圳市新亚鑫达科技有限公司,http://www.11467.com/shenzhen/co/272731.htm
深圳市远宸逸科技有限公司,http://www.11467.com/shenzhen/co/776414.htm
深圳市锐意包装材料有限公司,http://www.11467.com/shenzhen/co/282888.htm
深圳市合利达印刷材料有限公司,http://www.11467.com/shenzhen/co/274265.htm
深圳市瑞仓华盛科技有限公司(综合部),http://www.11467.com/shenzhen/co/582383.htm
深圳市展日馨晟印刷材料有限公司,http://www.11467.com/shenzhen/co/104343.htm
深圳市优品优印科技有限公司,http://www.11467.com/shenzhen/co/271943.htm
深圳市艺飞丝印器材有限公司,http://www.11467.com/shenzhen/co/105224.htm
深圳市鑫永发丝印器材有限公司,http://www.11467.com/shenzhen/co/770869.htm
深圳市越上丝印器材有限公司,http://www.11467.com/shenzhen/co/586152.htm
深圳市振兴达丝印器材有限公司,http://www.11467.com/shenzhen/co/724828.htm
深圳市名利得科技有限公司,http://www.11467.com/shenzhen/co/584315.htm
深圳缘中缘电子科技有限公司,http://www.11467.com/shenzhen/co/273465.htm
深圳中安信业财务顾问有限责任公司国贸分公司,http://www.11467.com/shenzhen/co/799238.htm
深圳市印都印刷器材有限公司,http://www.11467.com/shenzhen/co/107511.htm
深圳市依尔福特感光化学品有限公司,http://www.11467.com/shenzhen/co/31121.htm
深圳鑫影像数码科技有限公司（销售部）,http://www.11467.com/shenzhen/co/272605.htm
索引龙实业香港有限公司深圳代表处,http://www.11467.com/shenzhen/co/526718.htm
网联国际印刷材料有限公司,http://www.11467.com/shenzhen/co/584028.htm
深圳市英特佳数码科技有限公司,http://www.11467.com/shenzhen/co/583517.htm
四鼎科技有限公司,http://www.11467.com/shenzhen/co/768193.htm
有成日商科技香港有限公司,http://www.11467.com/shenzhen/co/583376.htm
远景新科技发展有限公司深圳总公司,http://www.11467.com/shenzhen/co/586131.htm
贞熙PCB设备耗材公司,http://www.11467.com/shenzhen/co/111958.htm
深圳市曙天科技有限公司,http://www.11467.com/shenzhen/co/586669.htm
深圳市双双商贸有限公司,http://www.11467.com/shenzhen/co/273557.htm
深圳市雍元条码技术有限公司,http://www.11467.com/shenzhen/co/273643.htm
圳邦印花材料批发有限公司,http://www.11467.com/shenzhen/co/581804.htm
鑫影像数码科技有限公司G,http://www.11467.com/shenzhen/co/583692.htm
宇虹硅胶制品有限公司,http://www.11467.com/shenzhen/co/583298.htm
深圳市东盈化工有限公司,http://www.11467.com/shenzhen/co/272990.htm
友景科技有限公司（業務部）,http://www.11467.com/shenzhen/co/275114.htm
深圳市中惠印刷器材有限公司,http://www.11467.com/shenzhen/co/770868.htm
深圳市苏晖电子科技有限公司,http://www.11467.com/shenzhen/co/584398.htm
珠海市洁星洗涤科技有限公司深圳办事处,http://www.11467.com/shenzhen/co/274981.htm
阳辰复合材料有限公司,http://www.11467.com/shenzhen/co/775720.htm
香港朗迪国际控股有限公司销售部,http://www.11467.com/shenzhen/co/274048.htm
深圳西海岸科技发展有限公司,http://www.11467.com/shenzhen/co/582798.htm
新希望贸易有限公司,http://www.11467.com/shenzhen/co/585744.htm
南京英龙影视文化传播有限公司深圳分公司,http://www.11467.com/shenzhen/co/97267.htm
深圳顺天不干胶材料有限公司,http://www.11467.com/shenzhen/co/271944.htm
石家庄沃利电子科技有限公司,http://www.11467.com/shijiazhuang/co/136156.htm
帝依美数码建材贸易有限公司,http://www.11467.com/suzhou/co/209106.htm
昆山景泽包装制品有限公司,http://www.11467.com/suzhou/co/320347.htm
苏州精诚印刷器材有限公司,http://www.11467.com/suzhou/co/321090.htm
东莞市三联实业有限公司（苏州分公司）,http://www.11467.com/suzhou/co/249409.htm
东莞市三联科技实业(松村贸易)有限公司,http://www.11467.com/suzhou/co/318300.htm
苏州美精微光电有限公司AGFA业务部,http://www.11467.com/suzhou/co/219564.htm
苏州市科创印刷器材有限公司,http://www.11467.com/suzhou/co/249266.htm
苏州新大丝网印刷耗材有限公司,http://www.11467.com/suzhou/co/249534.htm
苏州杰恩斯标码技术有限公司,http://www.11467.com/suzhou/co/249542.htm
苏州天记木制品有限公司,http://www.11467.com/suzhou/co/270126.htm
苏州亭宇塑胶五金有限公司,http://www.11467.com/suzhou/co/219453.htm
山西金凯达实业有限公司,http://www.11467.com/taiyuan/co/87401.htm
山西博文旅游书店(有限公司),http://www.11467.com/taiyuan/co/7144.htm
乐清市芳慧电气营销公司,http://www.11467.com/wenzhou/co/220470.htm
温州联众中外品牌推广有限公司,http://www.11467.com/wenzhou/co/84970.htm
三和国际温州分公司,http://www.11467.com/wenzhou/co/135737.htm
武汉冠华科技有限公司,http://www.11467.com/wuhan/co/52756.htm
深圳华瑞三和集团有限公司武汉分公司,http://www.11467.com/wuhan/co/90082.htm
武汉五洲教育资源开发有限公司,http://www.11467.com/wuhan/co/57334.htm
乌鲁木齐市中泽伟业有限公司,http://www.11467.com/wulumuqi/co/94531.htm
江苏无锡嘉讯条码信息科技公司,http://www.11467.com/wuxi/co/202657.htm
上海贝慈科技发展（无锡）有限公司,http://www.11467.com/wuxi/co/202561.htm
无锡金玉达科技有限公司,http://www.11467.com/wuxi/co/246538.htm
无锡美诺特殊印刷器材有限公司,http://www.11467.com/wuxi/co/37702.htm
无锡三顺电子科技有限公司,http://www.11467.com/wuxi/co/183241.htm
无锡市三恒印刷机械有限公司,http://www.11467.com/wuxi/co/173982.htm
无锡市丹尼尔工贸有限公司,http://www.11467.com/wuxi/co/202699.htm
无锡市嘉泽印刷物资有限公司,http://www.11467.com/wuxi/co/121853.htm
金泰喷码科技(廈門)有限公司,http://www.11467.com/xiamen/co/96103.htm
宝隆(厦门)彩印有限公司,http://www.11467.com/xiamen/co/41720.htm
厦门市天意诚公贸有限公司,http://www.11467.com/xiamen/co/61555.htm
厦门中翔实业集团有限公司,http://www.11467.com/xiamen/co/40278.htm
厦门品尚贸易有限公司,http://www.11467.com/xiamen/co/61529.htm
厦门全景图书有限公司,http://www.11467.com/xiamen/co/61372.htm
厦门佩胜贸易有限公司,http://www.11467.com/xiamen/co/61419.htm
陕西海晟化工科技有限公司,http://www.11467.com/xian/co/63944.htm
西安浩悦电子有限公司,http://www.11467.com/xian/co/75329.htm
朝晖数码科技公司,http://www.11467.com/xian/co/75211.htm
陕西西安盈俊科技发展有限公司,http://www.11467.com/xian/co/74379.htm
鸿憬科技有限公司,http://www.11467.com/xian/co/51026.htm
西安鸿博数码科技发展公司,http://www.11467.com/xian/co/75330.htm
西安威克瑞杭华印刷耗材有限公司,http://www.11467.com/xian/co/75338.htm
西安天意图书发行有限公司,http://www.11467.com/xian/co/75279.htm
西安智伟印刷科技有限公司,http://www.11467.com/xian/co/124617.htm
孝感市迅普办公设备有限公司,http://www.11467.com/xiaogan/co/17809.htm
徐州丰泽电子有限公司(工厂）,http://www.11467.com/xuzhou/co/58252.htm
广西桂平市文中宝办公设备有限公司,http://www.11467.com/yulin/co/17976.htm
漳州泰龙经贸发展有限公司,http://www.11467.com/zhangzhou/co/23876.htm
吉峰塑胶制品(昆山)有限公司福建办事处,http://www.11467.com/zhengzhou/co/93425.htm
博众传媒有限公司,http://www.11467.com/zhengzhou/co/124617.htm
河南宏博计算机有限公司,http://www.11467.com/zhengzhou/co/35163.htm
郑州利斌耗材有限公司,http://www.11467.com/zhengzhou/co/107261.htm
郑州卫斯化工技术有限公司,http://www.11467.com/zhengzhou/co/176229.htm
郑州市景皓科技有限公司,http://www.11467.com/zhengzhou/co/124483.htm
郑州仰止贸易有限公司,http://www.11467.com/zhengzhou/co/58474.htm
中山市金顺达印刷材料有限公司,http://www.11467.com/zhongshan/co/99959.htm
中山宝利洁洗涤科技有限公司,http://www.11467.com/zhongshan/co/100272.htm
中山市永盛丝印器材公司,http://www.11467.com/zhongshan/co/60989.htm
中山市铠盾安防科技有限公司,http://www.11467.com/zhongshan/co/118537.htm
段氏永信地产有限公司金桦分部,http://www.11467.com/zhuhai/co/70590.htm
珠海市华建化工科技有限公司,http://www.11467.com/zhuhai/co/99561.htm
珠海爱君打印耗材有限公司市场部,http://www.11467.com/zhuhai/co/80531.htm
珠海诚创科技有限公司海外开发部,http://www.11467.com/zhuhai/co/70625.htm
珠海联益(盛邦)洗涤科技有限公司(销售部),http://www.11467.com/zhuhai/co/70692.htm
珠海卓创科技有限公司销售部,http://www.11467.com/zhuhai/co/70660.htm
珠海盛世文化传播有限公司,http://www.11467.com/zhuhai/co/80459.htm
珠海市昊天商贸有限公司,http://www.11467.com/zhuhai/co/29329.htm
珠海市新西打印耗材有限公司,http://www.11467.com/zhuhai/co/80407.htm
珠海飞龙办公室设备有限公司,http://www.11467.com/zhuhai/co/80428.htm
珠海卓殷信息科技有限公司,http://www.11467.com/zhuhai/co/70669.htm
珠海西通电子有限公司生产部,http://www.11467.com/zhuhai/co/66423.htm
珠海市宝恒星科技有限公司汇普通门市店,http://www.11467.com/zhuhai/co/80461.htm
淄博金星文化传播公司,http://www.11467.com/zibo/co/80552.htm
北京飞凡网印有限公司,http://www.11467.com/beijing/co/706086.htm
北京经典百纳文化发展有限公司,http://www.11467.com/beijing/co/115938.htm
北京金创诚联科技发展有限公司,http://www.11467.com/beijing/co/692190.htm
北京鸿盛福久文化科技发展有限公司拓展部,http://www.11467.com/beijing/co/213192.htm
北京爱德蓝科技发展有限公司,http://www.11467.com/beijing/co/398113.htm
北京大陆财富图书有限公司,http://www.11467.com/beijing/co/115744.htm
北京君安文化传播有限公司,http://www.11467.com/beijing/co/96587.htm
北京蒙诺科技有限公司,http://www.11467.com/beijing/co/418266.htm
北京慧阳伟业科技发展有限公司,http://www.11467.com/beijing/co/418183.htm
北京华创凌云科技有限公司,http://www.11467.com/beijing/co/709538.htm
北京辉润源科技公司,http://www.11467.com/beijing/co/418040.htm
北京敏用数码新技术有限责任公司 （渠道部）,http://www.11467.com/beijing/co/96851.htm
北京馨占峰科技信息咨询有限公司,http://www.11467.com/beijing/co/398171.htm
北京希恩艾数码科技有限公司,http://www.11467.com/beijing/co/115711.htm
格威墨水有限公司（北京分公司）,http://www.11467.com/beijing/co/398152.htm
北京信德鑫印刷器材有限公司,http://www.11467.com/beijing/co/116135.htm
东文昊鼎数码科技（北京）有限公司,http://www.11467.com/beijing/co/418459.htm
亿源印刷物资公司,http://www.11467.com/beijing/co/695250.htm
北京世纪雷阳科技有限公司,http://www.11467.com/beijing/co/418385.htm
北京科达印刷机械有限公司,http://www.11467.com/beijing/co/695251.htm
上海策卡电子科技有限公司,http://www.11467.com/shanghai/co/162131.htm
上海策卡科技电子公司,http://www.11467.com/shanghai/co/162138.htm
上海得畅商贸发展有限公司,http://www.11467.com/shanghai/co/513827.htm
上海典点喷印材料有限公司,http://www.11467.com/shanghai/co/86908.htm
三宝企业发展（上海）有限公司,http://www.11467.com/shanghai/co/942674.htm
上海成一机电物资有限公司,http://www.11467.com/shanghai/co/377507.htm
库尔兹压烫科技有限公司上海分公司,http://www.11467.com/shanghai/co/1055956.htm
上海惠和数码科技有限公司,http://www.11467.com/shanghai/co/942672.htm
上海全宣国际贸易有限公司,http://www.11467.com/shanghai/co/377537.htm
上海锦弋华国际贸易有限公司,http://www.11467.com/shanghai/co/639141.htm
上海市富贸国际有限公司,http://www.11467.com/shanghai/co/376490.htm
上海携达信息技术有限公司电子商务部,http://www.11467.com/shanghai/co/1013212.htm
上海为新材料科技有限公司,http://www.11467.com/shanghai/co/166357.htm
上海淘金文化传播有限公司,http://www.11467.com/shanghai/co/37691.htm
上海鑫盛数码科技有限公司─（销售部）,http://www.11467.com/shanghai/co/741933.htm
上海勤楠信息科技有限公司,http://www.11467.com/shanghai/co/1037133.htm
保山新达电脑有限公司,http://www.11467.com/baoshan/co/2604.htm
包头市兴唐商务有限公司,http://www.11467.com/baotou/co/25625.htm
金信凯电子商贸有限公司,http://www.11467.com/bayannaoer/co/4449.htm
易安电脑公司,http://www.11467.com/beihai/co/14437.htm
安徽省怀远县博文广告公司,http://www.11467.com/bengbu/co/35817.htm
邹平华洋广告有限责任公司,http://www.11467.com/binzhou/co/34721.htm
稔丰创业责任有限公司,http://www.11467.com/changsha/co/89640.htm
知本家文化发展有限公司,http://www.11467.com/changsha/co/78717.htm
北京卡莫科技公司,http://www.11467.com/chengdu/co/114114.htm
东九时区文化传播有限公司,http://www.11467.com/chengdu/co/114204.htm
成都恒顺隆科技有限公司,http://www.11467.com/chengdu/co/94231.htm
成都惟尊文化传播有限公司,http://www.11467.com/chengdu/co/114263.htm
卡莫科技有限公司,http://www.11467.com/chengdu/co/114126.htm
成都市冠苑实业发展有限公司,http://www.11467.com/chengdu/co/215463.htm
内蒙古宁城县沧浪之水广告有限责任公司,http://www.11467.com/chifeng/co/26539.htm
大连利百佳科技开发有限公司,http://www.11467.com/dalian/co/52341.htm
东莞海韵印刷器材有限公司,http://www.11467.com/dongguan/co/332321.htm
东莞市奥添印刷材料有限公司,http://www.11467.com/dongguan/co/196231.htm
东莞海辰商贸有限公司,http://www.11467.com/dongguan/co/333801.htm
东莞市东峰印刷材料销售公司,http://www.11467.com/dongguan/co/331527.htm
东莞市创博化工科技有限公司,http://www.11467.com/dongguan/co/331273.htm
迪高油墨东莞塘厦星城丝印移印器材公司,http://www.11467.com/dongguan/co/197286.htm
东莞凯旋柯式印刷有限公司,http://www.11467.com/dongguan/co/11789.htm
东莞市合晟条码设备有限公司,http://www.11467.com/dongguan/co/500569.htm
东莞鸿峰贸易有限公司,http://www.11467.com/dongguan/co/332252.htm
上海纱联工贸发展有限公司业务部,http://www.11467.com/shanghai/co/891530.htm
上海文考贸易发展有限公司,http://www.11467.com/shanghai/co/216994.htm
上海颂熙贸易有限公司业务部,http://www.11467.com/shanghai/co/942781.htm
上海装益印刷器材有限公司,http://www.11467.com/shanghai/co/663917.htm
上海子义网络科技有限公司,http://www.11467.com/shanghai/co/663924.htm
上海足步化工有限公司,http://www.11467.com/shanghai/co/891622.htm
深圳市麦力颉科技有限公司上海办事处,http://www.11467.com/shanghai/co/84159.htm
上海鹰品商贸发展有限公司,http://www.11467.com/shanghai/co/1008852.htm
天津天艺名成印刷器材有限公司,http://www.11467.com/tianjin/co/15698.htm
重庆市茂汇机电设备有限公司,http://www.11467.com/chongqing/co/77555.htm
天津市凌硕焊锡材料销售有限公司,http://www.11467.com/tianjin/co/301861.htm
日月星润印刷科技(天津)有限公司,http://www.11467.com/tianjin/co/302174.htm
东莞市谦领印刷器材有限公司,http://www.11467.com/dongguan/co/568463.htm
成都鑫横盛科技有限公司,http://www.11467.com/chengdu/co/283903.htm
深圳力元广科技有限公司,http://www.11467.com/shenzhen/co/1123318.htm
东莞市台新电子有限公司,http://www.11467.com/dongguan/co/197076.htm
利雅贸易有限公司,http://www.11467.com/dongguan/co/197131.htm
润丰化工实业有限公司,http://www.11467.com/dongguan/co/332615.htm
东莞莞城巨虹条码公司,http://www.11467.com/dongguan/co/331745.htm
腾飞配件贸易公司,http://www.11467.com/dongguan/co/197482.htm
广州市三采商贸有限公司,http://www.11467.com/dongguan/co/199691.htm
思维条码公司,http://www.11467.com/dongguan/co/196423.htm
合达条码技术有限公司,http://www.11467.com/dongguan/co/197849.htm
珀荣国际贸（上海）有限公司,http://www.11467.com/dongguan/co/331529.htm
协旭印刷器材有限公司,http://www.11467.com/dongguan/co/125232.htm
东莞市优艺贸易有限公司,http://www.11467.com/dongguan/co/333240.htm
天齐打印公司,http://www.11467.com/dongguan/co/197696.htm
广东省东莞市宏山自动识别技术有限公司,http://www.11467.com/dongguan/co/198180.htm
东莞市恒雅化工有限公司,http://www.11467.com/dongguan/co/333868.htm
米兰朵印花材料有限公司,http://www.11467.com/dongguan/co/197633.htm
上海市思源科技有限公司(东莞办事处),http://www.11467.com/dongguan/co/331566.htm
佛山市生机印刷材料有限公司,http://www.11467.com/foshan/co/213335.htm
佛山市南海万凯印刷器材有限公司,http://www.11467.com/foshan/co/66049.htm
恒信丝印原料公司,http://www.11467.com/foshan/co/189528.htm
林典贸易有限公司,http://www.11467.com/foshan/co/260939.htm
广州创美科技有限公司,http://www.11467.com/foshan/co/261306.htm
佛山市日星办公设备有限公司批发部,http://www.11467.com/foshan/co/260745.htm
紫艺打印器材有限公司,http://www.11467.com/foshan/co/213021.htm
深圳市尚元朝实业有限公司(顺德店),http://www.11467.com/foshan/co/261179.htm
福建(康远)电子设备有限公司,http://www.11467.com/fuzhou/co/133471.htm
福州盈众光电科技有限公司,http://www.11467.com/fuzhou/co/181801.htm
四大才子贸易有限公司,http://www.11467.com/fuzhou/co/140100.htm
大连鸿运达贸易有限公司广州分公司,http://www.11467.com/guangzhou/co/208917.htm
广东韩江扩印有限公司(设备部),http://www.11467.com/guangzhou/co/317227.htm
广东联合金科信息系统有限公司(防伪部),http://www.11467.com/guangzhou/co/319181.htm
广州港仕益丝印材料有限公司,http://www.11467.com/guangzhou/co/463309.htm
广州加汇贸易有限公司,http://www.11467.com/guangzhou/co/319196.htm
广州普莱斯印刷材料有限公司,http://www.11467.com/guangzhou/co/317560.htm
广州市百行贸易有限公司,http://www.11467.com/guangzhou/co/209432.htm
创豫贸易有限公司(广州销售部),http://www.11467.com/guangzhou/co/319186.htm
广州市博丽科技有限公司,http://www.11467.com/guangzhou/co/127187.htm
广州皓晟商贸有限公司,http://www.11467.com/guangzhou/co/209468.htm
广州东研科技有限公司,http://www.11467.com/guangzhou/co/317066.htm
广州冠于印刷包装有限公司,http://www.11467.com/guangzhou/co/311767.htm
广州飞世科技有限公司,http://www.11467.com/guangzhou/co/481144.htm
朝扬图书有限公司,http://www.11467.com/guangzhou/co/318407.htm
广州汇彩数码科技有限公司,http://www.11467.com/guangzhou/co/467141.htm
广州凌高科贸有限公司-办公室,http://www.11467.com/guangzhou/co/319189.htm
广州瑞丰科技有限公司(销售部),http://www.11467.com/guangzhou/co/319140.htm
广州彩源印刷有限公司(业务部),http://www.11467.com/guangzhou/co/317709.htm
广州力克机电设备贸易有限公司,http://www.11467.com/guangzhou/co/477375.htm
广州拜能贸易有限责任公司,http://www.11467.com/guangzhou/co/316902.htm
广州市丰藤印刷材料有限公司（销售部）,http://www.11467.com/guangzhou/co/317283.htm
广州市丰藤印刷材料有限公司,http://www.11467.com/guangzhou/co/13291.htm
广州市丰藤印刷材料有限公司FengTeng,http://www.11467.com/guangzhou/co/318127.htm
广州莱丽电子科技有限公司技术部,http://www.11467.com/guangzhou/co/319433.htm
广州市办公影像科技有限公司业务部,http://www.11467.com/guangzhou/co/317176.htm
广州市昌和办公设备有限公司,http://www.11467.com/guangzhou/co/207927.htm
广州汇通贸易有限公司,http://www.11467.com/guangzhou/co/205646.htm
广州金叶日昌电脑科技有限公司,http://www.11467.com/guangzhou/co/319126.htm
广州千圣贸易公司,http://www.11467.com/guangzhou/co/127155.htm
广州全一文化发展有限公司,http://www.11467.com/guangzhou/co/108502.htm
广州加汇贸易有限公司业务部,http://www.11467.com/guangzhou/co/208673.htm
广州博志信息科技有限公司-商务部,http://www.11467.com/guangzhou/co/319303.htm
广州市龙竹信息科技有限公司,http://www.11467.com/guangzhou/co/317535.htm
广州市宝勒印刷器材有限公司,http://www.11467.com/guangzhou/co/209288.htm
广州市图业贸易有限公司,http://www.11467.com/guangzhou/co/240271.htm
广州市强盛智能卡设备有限公司,http://www.11467.com/guangzhou/co/307676.htm
广州市比思特办公设备有限公司市场部,http://www.11467.com/guangzhou/co/319383.htm
广州市荔雅贸易有限公司,http://www.11467.com/guangzhou/co/90713.htm
广州选正贸易有限公司,http://www.11467.com/guangzhou/co/207666.htm
广州市拓晟贸易有限公司,http://www.11467.com/guangzhou/co/208350.htm
广州市南大丝印器材有限公司业务部,http://www.11467.com/guangzhou/co/208766.htm
广州市智浩贸易有限公司智富分公司,http://www.11467.com/guangzhou/co/317696.htm
广州京涛电子科技有限公司,http://www.11467.com/guangzhou/co/460648.htm
广州市越秀区天峰印刷器材（公司）商行,http://www.11467.com/guangzhou/co/317587.htm
广州智龙喷绘耗材公司,http://www.11467.com/guangzhou/co/317521.htm
广州智龙经贸有限公司,http://www.11467.com/guangzhou/co/208788.htm
广州亚芯智能卡系统有限公司,http://www.11467.com/guangzhou/co/218853.htm
广州正丰数码科技有限公司销售部,http://www.11467.com/guangzhou/co/208941.htm
广州市益数电子科技有限公司,http://www.11467.com/guangzhou/co/136460.htm
广州市南大丝印器材有限公司（销售部）,http://www.11467.com/guangzhou/co/317999.htm
广州市越迦电子科技发展有限公司,http://www.11467.com/guangzhou/co/307276.htm
利源科技公司,http://www.11467.com/guangzhou/co/208650.htm
银河系科技有限公司,http://www.11467.com/guangzhou/co/318911.htm
萍乡华欣数码科技有限公司,http://www.11467.com/guangzhou/co/317890.htm
一兆国际有限公司,http://www.11467.com/guangzhou/co/208140.htm
广州和众科技有限公司,http://www.11467.com/guangzhou/co/209484.htm
广州市天峰印刷器材公司,http://www.11467.com/guangzhou/co/317131.htm
广州新佳公司,http://www.11467.com/guangzhou/co/317041.htm
广州市永昌办公设备有限公司,http://www.11467.com/guangzhou/co/317599.htm
深圳斯迈尔电子有限公司,http://www.11467.com/guangzhou/co/318706.htm
香港创峰工业有限公司广州分公司查高贸易商行,http://www.11467.com/guangzhou/co/317209.htm
肯尼林贸易有限公司,http://www.11467.com/guangzhou/co/318152.htm
成都国宁科技发展有限公司(贵阳分公司),http://www.11467.com/guiyang/co/73227.htm
贵阳高新海能技术有限公司-营业部,http://www.11467.com/guiyang/co/73222.htm
贵州省东讯科技有限公司,http://www.11467.com/guiyang/co/70327.htm
哈尔滨恒飞办公设备有限公司,http://www.11467.com/haerbin/co/46358.htm
丰利恒科技有限公司,http://www.11467.com/hangzhou/co/213664.htm
杭州冠宇印刷器材有限公司,http://www.11467.com/hangzhou/co/270817.htm
杭州博乐文化传播有限公司,http://www.11467.com/hangzhou/co/174690.htm
杭州数码印印港个性印刷公司,http://www.11467.com/hangzhou/co/236398.htm
杭州億德贸易有限公司,http://www.11467.com/hangzhou/co/168198.htm
杭州现代经济文化发展有限公司,http://www.11467.com/hangzhou/co/47145.htm
杭州众和包装材料有限公司,http://www.11467.com/hangzhou/co/270915.htm
平平杂货有限公司,http://www.11467.com/hangzhou/co/270574.htm
杭州仲远贸易有限公司纺织助剂部,http://www.11467.com/hangzhou/co/236439.htm
杭州众乐经济信息咨询有限公司,http://www.11467.com/hangzhou/co/270768.htm
杭州知君写作事务有限公司,http://www.11467.com/hangzhou/co/164502.htm
河南省卓特立体科技有限公司 业务部,http://www.11467.com/hebi/co/8454.htm
合肥东杰办公设备有限责任公司,http://www.11467.com/hefei/co/51826.htm
合肥金百合商贸有限公司,http://www.11467.com/hefei/co/60273.htm
合肥宇润喷码科技公司,http://www.11467.com/hefei/co/86867.htm
合肥复新印刷材料有限公司销售部,http://www.11467.com/hefei/co/94355.htm
合肥视红知识产权代理有限公司,http://www.11467.com/hefei/co/141152.htm
广东省飞跃技术有限公司,http://www.11467.com/heyuan/co/13444.htm
淮安展德光电科技有限公司（销售部）,http://www.11467.com/huaian/co/38314.htm
湖南怀化宏远商贸有限公司,http://www.11467.com/huaihua/co/18533.htm
惠州市维涛印刷器材有限公司,http://www.11467.com/huizhou/co/58942.htm
尚元朝实业(惠州陈江)公司,http://www.11467.com/huizhou/co/96938.htm
正源丝印器材有限公司,http://www.11467.com/huizhou/co/69035.htm
惠州市车和田化工有限公司贸易部,http://www.11467.com/huizhou/co/63377.htm
红星实业有限责任公司,http://www.11467.com/huizhou/co/73962.htm
惠州天地人和有限公司,http://www.11467.com/huizhou/co/73923.htm
葫芦岛天石科技有限责任公司（原）,http://www.11467.com/huludao/co/43394.htm
浙江好运来金属科技有限公司,http://www.11467.com/huzhou/co/49398.htm
佳博网布业有限公司,http://www.11467.com/jiangmen/co/82635.htm
江门市丰年印刷材料有限公司,http://www.11467.com/jiangmen/co/95428.htm
永易综合贸易公司,http://www.11467.com/jieyang/co/22936.htm
吉林市博苑科技有限公司,http://www.11467.com/jilinshi/co/79723.htm
济南华夏文脉图书有限公司,http://www.11467.com/jinan/co/94416.htm
济南亚欣科技发展有限公司,http://www.11467.com/jinan/co/94592.htm
济南中创华业科技公司,http://www.11467.com/jinan/co/94374.htm
济南广联飞翔信息技术有限公司,http://www.11467.com/jinan/co/76230.htm
山东同正实业有限公司,http://www.11467.com/jinan/co/76253.htm
浙江浩方化工用品有限公司,http://www.11467.com/jinhua/co/71955.htm
硕博企业管理咨询有限公司,http://www.11467.com/jinhua/co/126791.htm
山东古歌商贸有限公司,http://www.11467.com/jining/co/51226.htm
昆明恩辉电子电气有限公司销售部,http://www.11467.com/kunming/co/103819.htm
昆明劲驰传媒科技有限公司,http://www.11467.com/kunming/co/109543.htm
青岛正德立进出口有限公司,http://www.11467.com/liaocheng/co/30326.htm
聊城汶鑫电脑科技有限公司,http://www.11467.com/liaocheng/co/27990.htm
奥美光电有限公司,http://www.11467.com/linyi/co/55330.htm
山东奎文图书有限公司,http://www.11467.com/linyi/co/58898.htm
广西柳州商之圈企业营销策划有限公司,http://www.11467.com/liuzhou/co/41718.htm
柳州市明星印务有限公司,http://www.11467.com/liuzhou/co/41717.htm
浙江绍兴华远电脑制版有限公司,http://www.11467.com/lvliang/co/25338.htm
江西洪城润滑油有限公司,http://www.11467.com/nanchang/co/92392.htm
南昌飘雨营销有限公司,http://www.11467.com/nanchang/co/92366.htm
江苏惠宏科技有限公司,http://www.11467.com/nanjing/co/89492.htm
南京迪隆智能卡开发制作有限公司,http://www.11467.com/nanjing/co/89491.htm
南京市迪池机电公司,http://www.11467.com/nanjing/co/65985.htm
南京圣瑞商贸公司,http://www.11467.com/nanjing/co/65957.htm
南京牧星信息集成有限公司,http://www.11467.com/nanjing/co/89359.htm
南京东康贸易有限责任公司（总部）,http://www.11467.com/nanjing/co/66089.htm
南京曼联贸易有限公司,http://www.11467.com/nanjing/co/66016.htm
南宁市质保办公耗材有限公司,http://www.11467.com/nanning/co/63225.htm
南通和舟财税咨询有限公司,http://www.11467.com/nantong/co/108378.htm
力佳(宁波)印刷器材有限公司,http://www.11467.com/ningbo/co/196609.htm
宁波市华威钢材有限公司,http://www.11467.com/ningbo/co/83744.htm
宁波维科丝网有限公司销售部,http://www.11467.com/ningbo/co/119950.htm
宁波金驼铃商贸有限公司,http://www.11467.com/ningbo/co/119859.htm
青岛市明瑶办公用品有限公司,http://www.11467.com/qingdao/co/82131.htm
青岛涂王工贸有限公司,http://www.11467.com/qingdao/co/156177.htm
青岛民荣贸易有限公司,http://www.11467.com/qingdao/co/101830.htm
青岛金煜晔纸业有限公司,http://www.11467.com/qingdao/co/5181.htm
天利数码快印有限公司,http://www.11467.com/quanzhou/co/130800.htm
河南省崇磊商贸有限公司,http://www.11467.com/shangqiu/co/16468.htm
广东中科银实业有限公司,http://www.11467.com/shantou/co/130839.htm
洁霸洗涤科技有限公司,http://www.11467.com/shantou/co/130952.htm
绍兴市汇能高科电脑有限公司,http://www.11467.com/shaoxing/co/97610.htm
欧森数码科技有限公司,http://www.11467.com/shenyang/co/68574.htm
沈阳希普曼商贸有限公司,http://www.11467.com/shenyang/co/68620.htm
沈阳市云星印刷物资有限公司,http://www.11467.com/shenyang/co/43145.htm
沈阳格瑞特科技发展有限公司,http://www.11467.com/shenyang/co/57765.htm
晨浪贸易(深圳)有限公司,http://www.11467.com/shenzhen/co/784033.htm
杜登国际(中国)有限公司(采购部),http://www.11467.com/shenzhen/co/530782.htm
发达科技股份有限公司,http://www.11467.com/shenzhen/co/272308.htm
诚丰丝印制版公司,http://www.11467.com/shenzhen/co/765542.htm
大展电子材料有限公司,http://www.11467.com/shenzhen/co/582038.htm
广东省深圳市天星电子科技有限公司,http://www.11467.com/shenzhen/co/272474.htm
福鑫德深圳公司,http://www.11467.com/shenzhen/co/582140.htm
丰盛行丝印移印材料设备公司,http://www.11467.com/shenzhen/co/766323.htm
佳利特种印刷器材（深圳）有限公司,http://www.11467.com/shenzhen/co/583425.htm
金凯利丝印器材有限公司,http://www.11467.com/shenzhen/co/584740.htm
豪渝材料公司,http://www.11467.com/shenzhen/co/274670.htm
广州锦兴贸易公司,http://www.11467.com/shenzhen/co/581882.htm
庚霖国际贸易有限公司深圳分公司,http://www.11467.com/shenzhen/co/583322.htm
大成文化公司,http://www.11467.com/shenzhen/co/274332.htm
百恩实业（深圳）有限公司,http://www.11467.com/shenzhen/co/108064.htm
凯德诚打印耗材有限公司(华彩墨盒),http://www.11467.com/shenzhen/co/771723.htm
宏远杨丝印移印设备器材有限公司,http://www.11467.com/shenzhen/co/582942.htm
深圳靓彩实业有限公司,http://www.11467.com/shenzhen/co/273254.htm
好阿姨家政服务有限公司,http://www.11467.com/shenzhen/co/273004.htm
联合信达电子有限公司,http://www.11467.com/shenzhen/co/584092.htm
深圳澳兰科技有限公司,http://www.11467.com/shenzhen/co/102355.htm
美联兴UV油墨有限公司,http://www.11467.com/shenzhen/co/272352.htm
北京中领域船务信息技术有限公司,http://www.11467.com/shenzhen/co/273532.htm
爱德乐实业有限公司,http://www.11467.com/shenzhen/co/582876.htm
北京快捷诚讯科贸有限公司,http://www.11467.com/shenzhen/co/384084.htm
深圳格列贸易有限公司,http://www.11467.com/shenzhen/co/583605.htm
富丽丝印移印器材有限公司,http://www.11467.com/shenzhen/co/582109.htm
高宝环球印刷器材公司,http://www.11467.com/shenzhen/co/582184.htm
深圳百度西数码耗材有限公司,http://www.11467.com/shenzhen/co/799237.htm
深圳宝安区新金城菲林输出公司,http://www.11467.com/shenzhen/co/583155.htm
深圳佩雷特印刷材料有限公司,http://www.11467.com/shenzhen/co/273697.htm
深圳市大晶彩科技发展有限公司 3 Ink technolog,http://www.11467.com/shenzhen/co/585183.htm
深圳海兆移印设备有限公司,http://www.11467.com/shenzhen/co/585673.htm
日本光阳化学株式会社（深圳分公司）,http://www.11467.com/shenzhen/co/585189.htm
深圳市共友电子材料有限公司,http://www.11467.com/shenzhen/co/458839.htm
深圳市彩图印刷包装制品有限公司,http://www.11467.com/shenzhen/co/275191.htm
深圳宝骏电子科技有限公司,http://www.11467.com/shenzhen/co/585868.htm
深圳宝威明贸易有限公司,http://www.11467.com/shenzhen/co/582448.htm
猎人科技发展有限公司,http://www.11467.com/shenzhen/co/582628.htm
深圳市晨曦科技销售有限公司,http://www.11467.com/shenzhen/co/583521.htm
深圳市宏兴达贸易有限公司,http://www.11467.com/shenzhen/co/273067.htm
深圳市富源转印文化传播有限公司,http://www.11467.com/shenzhen/co/801139.htm
深圳市汇邦进出口有限公司,http://www.11467.com/shenzhen/co/363268.htm
深圳市汇景数码科技有限公司销售部,http://www.11467.com/shenzhen/co/584665.htm
深圳市汇景数码科技有限公司,http://www.11467.com/shenzhen/co/28530.htm
深圳市九恒印刷设备器材有限公司,http://www.11467.com/shenzhen/co/18362.htm
深圳市创高雅贸易有限公司,http://www.11467.com/shenzhen/co/584557.htm
深圳市凯锐电子有限公司,http://www.11467.com/shenzhen/co/274241.htm
深圳市美洁化工有限公司,http://www.11467.com/shenzhen/co/273865.htm
深圳市金穗印刷科技有限公司业务部,http://www.11467.com/shenzhen/co/584763.htm
深圳市六富电路板油墨有限公司,http://www.11467.com/shenzhen/co/801138.htm
深圳市好阿优电子科技有限公司,http://www.11467.com/shenzhen/co/582386.htm
深圳市鹏乔光电科技有限公司,http://www.11467.com/shenzhen/co/273337.htm
深圳市美亿科技有限公司,http://www.11467.com/shenzhen/co/583649.htm
深圳市奇彩科技有限公司,http://www.11467.com/shenzhen/co/23674.htm
深圳市启飞印刷器材有限公司,http://www.11467.com/shenzhen/co/768196.htm
深圳市明利印刷材料有限公司,http://www.11467.com/shenzhen/co/585935.htm
深圳市沙井日而得工业有限公司,http://www.11467.com/shenzhen/co/149789.htm
深圳市深教精雅印刷有限公司,http://www.11467.com/shenzhen/co/16837.htm
深圳市鑫影像数码科技有限公司网上商务部,http://www.11467.com/shenzhen/co/107257.htm
深圳市三汇电子有限公司,http://www.11467.com/shenzhen/co/792613.htm
深圳市泰杰实业有限公司,http://www.11467.com/shenzhen/co/33925.htm
深圳市鑫华利实业发展有限公司.,http://www.11467.com/shenzhen/co/582072.htm
深圳市永辉化工有限公司业务部,http://www.11467.com/shenzhen/co/582037.htm
深圳市浩瀚企业管理顾问有限公司营运中心,http://www.11467.com/shenzhen/co/274253.htm
深圳市韵之春彩色包装（印刷）有限公司,http://www.11467.com/shenzhen/co/586180.htm
深圳市振腾文具有限公司,http://www.11467.com/shenzhen/co/584448.htm
深圳市正业网印科技有限公司,http://www.11467.com/shenzhen/co/274987.htm
深圳市大新丝印器材有限公司,http://www.11467.com/shenzhen/co/273464.htm
深圳炫奇特科技有限公司,http://www.11467.com/shenzhen/co/582986.htm
深圳市丹尼科技有限公司业务部,http://www.11467.com/shenzhen/co/584369.htm
深圳印刷器材有限公司,http://www.11467.com/shenzhen/co/787230.htm
深圳市雅明达实业有限公司,http://www.11467.com/shenzhen/co/273108.htm
深圳市先奇数码科技有限公司,http://www.11467.com/shenzhen/co/584660.htm
深圳市森利佳科技有限公司,http://www.11467.com/shenzhen/co/272944.htm
深圳市硕克网版科技有限公司,http://www.11467.com/shenzhen/co/105218.htm
添星办公自动化设备有限公司,http://www.11467.com/shenzhen/co/794957.htm
威豪丝印器材（深圳）有限公司,http://www.11467.com/shenzhen/co/582725.htm
深圳市盈博达科技发展有限公司销售部,http://www.11467.com/shenzhen/co/585952.htm
四海国际咨询有限公司,http://www.11467.com/shenzhen/co/584535.htm
蜀昌不干胶制品有限公司,http://www.11467.com/shenzhen/co/273373.htm
威豪丝印器材有限公司,http://www.11467.com/shenzhen/co/274349.htm
深圳市世旺丝印器材有限公司业务部,http://www.11467.com/shenzhen/co/272792.htm
深圳市新桥印刷器材有限公司,http://www.11467.com/shenzhen/co/15912.htm
天成科技（深圳）有限公司,http://www.11467.com/shenzhen/co/583069.htm
雅丰数码科技有限公司,http://www.11467.com/shenzhen/co/585894.htm
深圳盈博达科技发展有限公司,http://www.11467.com/shenzhen/co/760888.htm
宁波维科丝网有限公司(广东省办事处),http://www.11467.com/shenzhen/co/583114.htm
展日印刷材料有限公司,http://www.11467.com/shenzhen/co/586232.htm
深圳市智生条码设备有限公司,http://www.11467.com/shenzhen/co/102378.htm
鑫一百实业有限公司,http://www.11467.com/shenzhen/co/272346.htm
炫奇科技有限公司(业务 采购部),http://www.11467.com/shenzhen/co/584130.htm
深圳市爱宝龙贸易有限公司,http://www.11467.com/shenzhen/co/149859.htm
河北交安咨询服务有限公司,http://www.11467.com/shijiazhuang/co/142021.htm
北京宏印伟业科贸有限公司,http://www.11467.com/suzhou/co/249339.htm
盛世吴侬文化传播有限公司,http://www.11467.com/suzhou/co/249158.htm
创之杰数码科技有限公司,http://www.11467.com/suzhou/co/219699.htm
昆山金佰信材料公司,http://www.11467.com/suzhou/co/322605.htm
苏州柏瑞电子有限公司,http://www.11467.com/suzhou/co/136617.htm
苏州悦盛信息技术有限公司,http://www.11467.com/suzhou/co/249256.htm
四川达盛科技实业有限公司,http://www.11467.com/suzhou/co/219523.htm
苏州斯康自动识别技术有限公司2部,http://www.11467.com/suzhou/co/316407.htm
馨夷工业器材(苏州)有限公司,http://www.11467.com/suzhou/co/209097.htm
东平高盛塑料有限公司,http://www.11467.com/taian/co/43182.htm
书海图书批发有限公司,http://www.11467.com/taiyuan/co/94812.htm
太原商贸总汇有限公司,http://www.11467.com/taiyuan/co/99543.htm
铜陵羽易商贸有限公司,http://www.11467.com/tongling/co/15397.htm
威海市华尔美服装印花有限公司,http://www.11467.com/weihai/co/47567.htm
大宇国际贸易有限公司,http://www.11467.com/wenzhou/co/135714.htm
温州文凯科技有限公司,http://www.11467.com/wenzhou/co/157342.htm
武汉新美科技有限公司,http://www.11467.com/wuhan/co/69326.htm
武汉大恒有限公司,http://www.11467.com/wuhan/co/142398.htm
武汉恒通科技有限责任公司,http://www.11467.com/wuhan/co/89957.htm
武汉盛唐世纪商贸有限公司,http://www.11467.com/wuhan/co/90090.htm
武汉飞鸿文化发展有限公司,http://www.11467.com/wuhan/co/69461.htm
芜湖西山工贸有限公司,http://www.11467.com/wuhu/co/21602.htm
金燕子商贸有限公司,http://www.11467.com/wuxi/co/202633.htm
无锡金茂商标代理服务有限公司,http://www.11467.com/wuxi/co/202728.htm
佳佰实业有限公司,http://www.11467.com/xiamen/co/40225.htm
厦门翔永盛工贸有限公司,http://www.11467.com/xiamen/co/24961.htm
胜特(厦门)丝印器材有限公司,http://www.11467.com/xiamen/co/13519.htm
厦门隆旺商贸有限公司,http://www.11467.com/xiamen/co/61506.htm
陕西汉威鑫盛电子有限公司,http://www.11467.com/xian/co/59338.htm
陕西三佳诚业电子有限公司,http://www.11467.com/xian/co/75311.htm
西安中德化工科技限责任公司,http://www.11467.com/xian/co/59440.htm
宣城市天鹰印刷机械工贸公司,http://www.11467.com/xuancheng/co/20239.htm
阳江市伟宏图文彩印公司,http://www.11467.com/yangjiang/co/23367.htm
海洋油墨有限公司,http://www.11467.com/yangzhou/co/84084.htm
湖南岳阳市小平科技贸易有限公司,http://www.11467.com/yueyang/co/37112.htm
深圳市久和丝印器材有限公司,http://www.11467.com/yunfu/co/21119.htm
漳州市富临商标代理有限公司,http://www.11467.com/zhangzhou/co/39300.htm
多美彩湛江分公司,http://www.11467.com/zhanjiang/co/42604.htm
卫斯热熔胶(郑州)有限公司,http://www.11467.com/zhengzhou/co/177961.htm
同鑫办公有限公司,http://www.11467.com/zhengzhou/co/107288.htm
郑州市海润达印刷应用材料有限公司,http://www.11467.com/zhengzhou/co/124532.htm
郑州祥宇科技有限公司,http://www.11467.com/zhengzhou/co/107303.htm
郑州万利印材公司,http://www.11467.com/zhengzhou/co/107330.htm
河南众恒科技有限公司 耗材部,http://www.11467.com/zhengzhou/co/124666.htm
郑州翔宇网印材料公司,http://www.11467.com/zhengzhou/co/124681.htm
中山市富日印刷材料有限公司－业务部,http://www.11467.com/zhongshan/co/100105.htm
富钜印刷器材有限公司,http://www.11467.com/zhongshan/co/61256.htm
中山金卓威印刷器材有限公司,http://www.11467.com/zhongshan/co/118528.htm
協諾科技〈深圳〉有限公司,http://www.11467.com/zhongshan/co/99967.htm
中山市迅维办公用品用限公司,http://www.11467.com/zhongshan/co/100142.htm
珠海市洁星洗涤科技有限公司中山办事处,http://www.11467.com/zhongshan/co/99824.htm
裕丰兆业打印耗材有限公司,http://www.11467.com/zhuhai/co/99785.htm
飞特威科技有限公司,http://www.11467.com/zhuhai/co/70699.htm
珠海洁星洗涤科技有限公司客服部,http://www.11467.com/zhuhai/co/80401.htm
珠海市木托亚电机化工有限公司,http://www.11467.com/zhuhai/co/9395.htm
珠海天印耗材有限公司采购部,http://www.11467.com/zhuhai/co/80478.htm
珠海上大邮通国际物流有限公司,http://www.11467.com/zhuhai/co/98700.htm
珠海市腾龙打印耗材公司,http://www.11467.com/zhuhai/co/70701.htm
珠海中梁文化传播有限公司,http://www.11467.com/zhuhai/co/70581.htm
珠海市诚君伟业咨询有限公司,http://www.11467.com/zhuhai/co/70598.htm
今松科技有限公司,http://www.11467.com/zhuhai/co/70613.htm
北京硅新斯博科技有限公司,http://www.11467.com/beijing/co/116214.htm
北京非凡丽音文化发展有限公司,http://www.11467.com/beijing/co/85085.htm
北京科美达网印器材有限公司,http://www.11467.com/beijing/co/623056.htm
北京卡莫科技有限责任公司,http://www.11467.com/beijing/co/220970.htm
北京奥弘科商贸有限公司,http://www.11467.com/beijing/co/115924.htm
北京凯利达文仪商贸有限公司,http://www.11467.com/beijing/co/115865.htm
北京前程无忧教育图书有限公司,http://www.11467.com/beijing/co/62873.htm
北京市北方天一科技有限公司,http://www.11467.com/beijing/co/418325.htm
北京仁和盛达数码科技有限公司,http://www.11467.com/beijing/co/398052.htm
北京亿海嘉业科技发展有限公司,http://www.11467.com/beijing/co/398265.htm
北京艺鸿天成科技有限公司,http://www.11467.com/beijing/co/116057.htm
北青大恒网际科技（北京）有限公司,http://www.11467.com/beijing/co/418409.htm
紫金专利与知识产权服务公司,http://www.11467.com/beijing/co/708441.htm
盛金都商贸有限公司,http://www.11467.com/beijing/co/418079.htm
北京幸福科贸有限公司,http://www.11467.com/beijing/co/96854.htm
云龙印刷物资公司,http://www.11467.com/beijing/co/398069.htm
视觉传达广告(北京)有限公司,http://www.11467.com/beijing/co/711455.htm
上海常保信息有限公司,http://www.11467.com/shanghai/co/527801.htm
名扬印刷材料有限公司,http://www.11467.com/shanghai/co/975975.htm
上海恒邦印刷器材有限公司,http://www.11467.com/shanghai/co/654317.htm
上海鼎琛印务有限公司,http://www.11467.com/shanghai/co/891624.htm
上海利瑞贸易有限公司,http://www.11467.com/shanghai/co/249917.htm
上海鸿池贸易有限公司,http://www.11467.com/shanghai/co/527807.htm
上海爱康凯国际贸易有限公司,http://www.11467.com/shanghai/co/942707.htm
上海磊达数码科技有限公司,http://www.11467.com/shanghai/co/258595.htm
上海锦致印刷器材有限公司,http://www.11467.com/shanghai/co/663936.htm
上海杰屹森企业发展有限公司,http://www.11467.com/shanghai/co/1055957.htm
成都日昌电脑科技有限责任公司,http://www.11467.com/chengdu/co/94221.htm
广州市爱彩印刷器材有限公司,http://www.11467.com/guangzhou/co/13062.htm
广州市广盟利印刷器材有限公司,http://www.11467.com/guangzhou/co/97745.htm
山东同兴印刷科技有限公司,http://www.11467.com/laiwu/co/7546.htm
青岛艾西义商贸有限公司,http://www.11467.com/qingdao/co/101847.htm
汕头市金元印刷材料有限公司,http://www.11467.com/shantou/co/15512.htm
深圳市六富安电子科技有限公司,http://www.11467.com/shenzhen/co/274094.htm
深圳市金诺林包装制品有限公司,http://www.11467.com/shenzhen/co/45308.htm
深圳市印通总商贸有限公司,http://www.11467.com/shenzhen/co/586204.htm
珠海市东丸实业有限公司,http://www.11467.com/zhuhai/co/45218.htm
北京影迪科技发展有限公司,http://www.11467.com/beijing/co/418215.htm
流年工贸有限公司,http://www.11467.com/shanghai/co/942692.htm
上海宏美印刷科技有限公司,http://www.11467.com/shanghai/co/86974.htm
上海宏美精密印刷器材有限公司,http://www.11467.com/shanghai/co/86903.htm
上海材料有限公司,http://www.11467.com/shanghai/co/527727.htm
上海欣优联科技有限公司,http://www.11467.com/shanghai/co/741992.htm
上海耀材印刷器材有限公司,http://www.11467.com/shanghai/co/882183.htm
上海耀彩印刷器材有限公司(业务部),http://www.11467.com/shanghai/co/891570.htm
上海至达贸易有限公司,http://www.11467.com/shanghai/co/527850.htm
上海俊军贴标机械有限公司,http://www.11467.com/shanghai/co/765928.htm
郑州友佳包装科技有限公司上海销售公司,http://www.11467.com/shanghai/co/679097.htm
上海有智信息科技有限公司(上海分公司),http://www.11467.com/shanghai/co/513795.htm
天津力拓商贸有限责任公司,http://www.11467.com/tianjin/co/62044.htm
成顺和喷码机技术有限公司-天津销售中心,http://www.11467.com/tianjin/co/144387.htm
天津何夫人国际贸易有限公司.,http://www.11467.com/tianjin/co/144345.htm
天津市永鑫科技有限公司,http://www.11467.com/tianjin/co/199738.htm
重庆凯宝科技有限公司,http://www.11467.com/chongqing/co/99711.htm
天津怡祥科技有限公司,http://www.11467.com/tianjin/co/302225.htm
佛山市伟燕丝印有限公司,http://www.11467.com/foshan/co/479014.htm
