成都浩建康体设备有限公司,http://www.11467.com/chengdu/co/104109.htm
上海华上体育设施工程有限公司,http://www.11467.com/shanghai/co/1066501.htm
福侨(厦门)运动器材有限公司,http://www.11467.com/tianjin/co/196774.htm
北京瑞康乐体育设备有限公司,http://www.11467.com/beijing/co/694243.htm
深圳维尔胜体育用品有限公司,http://www.11467.com/anqing/co/35628.htm
北京兰格雅体育用品有限公司,http://www.11467.com/anqing/co/35541.htm
北京牵珑体育用品公司,http://www.11467.com/anqing/co/35543.htm
常州世都网业有限公司销售部,http://www.11467.com/changzhou/co/119556.htm
常州市精联体育设施有限公司,http://www.11467.com/changzhou/co/96208.htm
体育用品有限公司大连办事处,http://www.11467.com/dalian/co/41245.htm
春登棒垒球运动器材有限公司,http://www.11467.com/dongguan/co/491930.htm
东莞一路发球行有限公司,http://www.11467.com/dongguan/co/363544.htm
虎门赤岗斯波阿斯体育用品有限公司,http://www.11467.com/dongguan/co/491929.htm
瑞国运动器材有限公司,http://www.11467.com/dongguan/co/365041.htm
广东星爵体育用品有限公司,http://www.11467.com/dongguan/co/365104.htm
抚顺合鼎电子有限公司济南办事处,http://www.11467.com/fushun/co/30073.htm
福建省福州市涡轮新动力体育用品有限公司,http://www.11467.com/fuzhou/co/138434.htm
富阳三江文体用品有限公司,http://www.11467.com/ganzi/co/4715.htm
广州多向展览有限公司业务部,http://www.11467.com/guangzhou/co/370194.htm
广州市奥运体育设施有限公司,http://www.11467.com/guangzhou/co/373686.htm
广州市奥力生体育设施有限公司(业务部),http://www.11467.com/guangzhou/co/372887.htm
广州市泓体商贸有限公司,http://www.11467.com/guangzhou/co/372171.htm
广州晟原康体设备有限公司-业务部,http://www.11467.com/guangzhou/co/370166.htm
广州市康建休闲设备有限公司,http://www.11467.com/guangzhou/co/466519.htm
广州天骄体育运动设备有限公司(东莞办事处）,http://www.11467.com/guangzhou/co/369072.htm
合成电子娛樂設備有限公司,http://www.11467.com/guangzhou/co/370759.htm
桂林市新人类体育设备有限公司,http://www.11467.com/guilin/co/45802.htm
明鑫运动器材有限公司,http://www.11467.com/huizhou/co/77357.htm
上海绿帆进出口公司,http://www.11467.com/maanshan/co/27852.htm
江苏省五台山体育用品有限公司,http://www.11467.com/nanjing/co/8628.htm
石狮市格雷德运动用品有限公司,http://www.11467.com/quanzhou/co/133025.htm
上海康体休闲设备有限公司,http://www.11467.com/shenzhen/co/775415.htm
上海肯尼士体育用品有限公司,http://www.11467.com/shenzhen/co/658845.htm
深圳市中健体育公司,http://www.11467.com/shenzhen/co/658117.htm
厦门复材科技有限公司,http://www.11467.com/xiamen/co/69369.htm
厦门新乔复才科技有限公司,http://www.11467.com/xiamen/co/68886.htm
厦门伟士体育用品有限公司,http://www.11467.com/xiamen/co/69586.htm
恒泰华水上游乐设备有限公司,http://www.11467.com/zhumadian/co/23051.htm
北京体育设施有限公司,http://www.11467.com/beijing/co/694241.htm
上海厚文康体设备工程有限公司销售部,http://www.11467.com/shanghai/co/977157.htm
艾思特体育用品有限公司,http://www.11467.com/tianjin/co/198769.htm
东莞我爱体育球行有限公司,http://www.11467.com/dongguan/co/363512.htm
四川桑拿泳池设备有限公司,http://www.11467.com/dongguan/co/491931.htm
马来西亚丰盈集团有限公司宁波代表处,http://www.11467.com/guangan/co/16109.htm
深圳市创生有限公司,http://www.11467.com/guangan/co/16107.htm
广州柏力康体设备有限公司,http://www.11467.com/guangzhou/co/370140.htm
广州市冠全康体设备有限公司,http://www.11467.com/guangzhou/co/183165.htm
广州乐点贸易有限公司,http://www.11467.com/guangzhou/co/94440.htm
广州市新理想桑拿泳池设备有限公司,http://www.11467.com/guangzhou/co/370564.htm
广州伟派健体设备有限公司,http://www.11467.com/guangzhou/co/370538.htm
广州市英诚康体设备有限公司,http://www.11467.com/guangzhou/co/26771.htm
亚至达体育用品有限公司,http://www.11467.com/guangzhou/co/369198.htm
欧凯体育用品有限公司,http://www.11467.com/guangzhou/co/372839.htm
三优外贸有限公司,http://www.11467.com/guangzhou/co/371291.htm
杭州楹联贸易有限公司,http://www.11467.com/hangzhou/co/284823.htm
浙江杭州吉木塑工有限公司,http://www.11467.com/hangzhou/co/272169.htm
三木文化体育用品公司,http://www.11467.com/lanzhou/co/65116.htm
番禺精英运动用品有限公司,http://www.11467.com/liuan/co/23133.htm
广州市网球运动有限公司,http://www.11467.com/liuan/co/23152.htm
奥立弗体育用品实业有限公司公司,http://www.11467.com/liuan/co/23153.htm
福建省莆田市凌腾鞋业有限公司,http://www.11467.com/maanshan/co/27806.htm
华维(上海)体育用品有限公司,http://www.11467.com/maanshan/co/27854.htm
锐思体育文化有限公司,http://www.11467.com/maanshan/co/27805.htm
VS壁球专利技术投资公司,http://www.11467.com/ningbo/co/194325.htm
宁海县恒晟金属有限公司,http://www.11467.com/ningbo/co/194324.htm
辽宁沈阳荣源皮革工艺品有限公司,http://www.11467.com/shenyang/co/72387.htm
长沙远道文化传播有限公司-体育用品事业部,http://www.11467.com/shenzhen/co/598525.htm
广西荣纳金体育设施有限公司,http://www.11467.com/shenzhen/co/765203.htm
深圳市顺兴体育器材有限公司,http://www.11467.com/shenzhen/co/656433.htm
深圳市宇速达轻纺有限公司,http://www.11467.com/shenzhen/co/783260.htm
永盛进出口公司,http://www.11467.com/shenzhen/co/783261.htm
深圳市中健体育用品有限公司,http://www.11467.com/shenzhen/co/770603.htm
天津宏泽贸易公司,http://www.11467.com/suzhoushi/co/25027.htm
扬州飞龙文体用品有限公司,http://www.11467.com/weihai/co/47336.htm
宿迁吉安企业技术服务中心有限公司,http://www.11467.com/wuhu/co/32816.htm
北京牵珑体育用品有限责任公司,http://www.11467.com/wuxi/co/179601.htm
厦门卓威体育用品有限公司,http://www.11467.com/xiamen/co/68737.htm
欣林田体育用品有限公司,http://www.11467.com/xiamen/co/41980.htm
陕西康健文化体育用品有限公司,http://www.11467.com/xian/co/81568.htm
兆宝灯饰工艺有限公司,http://www.11467.com/zhuhai/co/79058.htm
常州弘业凯荣贸易有限公司,http://www.11467.com/zibo/co/98664.htm
泉州市康培体育用品有限公司,http://www.11467.com/quanzhou/co/49581.htm
北京和浦兴业信息咨询有限责任公司,http://www.11467.com/beijing/co/699251.htm
北京适普益康健身器材有限公司,http://www.11467.com/beijing/co/694242.htm
上海泔炫进出口贸易有限公司,http://www.11467.com/shanghai/co/1048085.htm
上海康天休闲设备有限公司,http://www.11467.com/shanghai/co/1014649.htm
鸿兴文体器材有限公司,http://www.11467.com/tianjin/co/199285.htm
