洛阳花都家具集团有限公司,http://www.11467.com/luoyang/co/60238.htm
东莞市乐居五金有限公司,http://www.11467.com/dongguan/co/602828.htm
广州九川货架有限公司,http://www.11467.com/guangzhou/co/735634.htm
东莞市康骏斯五金有限公司,http://www.11467.com/dongguan/co/614869.htm
太原奥斯特工具有限公司,http://www.11467.com/taiyuan/co/95939.htm
临沂金梅金属制品有限公司,http://www.11467.com/linyi/co/64191.htm
广州市展雅家具有限公司,http://www.11467.com/guangzhou/co/146928.htm
哈尔滨腾展木业有限公司,http://www.11467.com/haerbin/co/50226.htm
阳江华雅日用品有限公司,http://www.11467.com/yangjiang/co/15678.htm
上海湘平不锈钢制品有限公司,http://www.11467.com/shanghai/co/807239.htm
哈尔滨鼎力佳商贸有限公司,http://www.11467.com/haerbin/co/57816.htm
深圳市新洲工艺制品有限公司,http://www.11467.com/shenzhen/co/513035.htm
许昌正特门控科技有限公司,http://www.11467.com/xuchang/co/41432.htm
佛山市南海雄企模具五金制品有限公司,http://www.11467.com/foshan/co/306822.htm
浙江衢州富尔康家具有限公司,http://www.11467.com/quzhou/co/22390.htm
东莞市帆天五金制品有限公司,http://www.11467.com/dongguan/co/303812.htm
深圳市蓝宝实业有限公司,http://www.11467.com/shenzhen/co/262869.htm
广州亨取金属制品有限公司,http://www.11467.com/guangzhou/co/495635.htm
佛山市森木阳光铜制品有限公司,http://www.11467.com/foshan/co/444908.htm
广州威拓力邦商贸有限责任公司,http://www.11467.com/guangzhou/co/257796.htm
东莞市红苹果家具五金有限公司,http://www.11467.com/dongguan/co/61377.htm
无锡博尔钢格板有限公司,http://www.11467.com/wuxi/co/245552.htm
阳江市金彪马实业有限公司,http://www.11467.com/yangjiang/co/23596.htm
太仓博格曼机械设备有限公司,http://www.11467.com/suzhou/co/356969.htm
东莞市更升木业有限公司,http://www.11467.com/dongguan/co/353447.htm
东莞市泰锋五金有限公司,http://www.11467.com/dongguan/co/289776.htm
北京睿派创意科技有限公司,http://www.11467.com/beijing/co/226869.htm
邯郸市丛台晟通紧固件有限公司,http://www.11467.com/handan/co/68699.htm
日照市鸿泰机电有限公司,http://www.11467.com/rizhao/co/13194.htm
东莞市荣庆五金制品有限公司,http://www.11467.com/dongguan/co/489962.htm
东莞市俊凌机电设备有限公司,http://www.11467.com/dongguan/co/556188.htm
淄博恒富金属制品有限公司,http://www.11467.com/zibo/co/78443.htm
东莞泓一五金制品有限公司,http://www.11467.com/dongguan/co/143147.htm
沧州瑞恒五金制品有限公司,http://www.11467.com/cangzhou/co/46063.htm
天津市义云吊索具有限公司,http://www.11467.com/tianjin/co/119670.htm
武义金亿达不锈钢制品有限公司,http://www.11467.com/hangzhou/co/262045.htm
上海秀影实业有限公司,http://www.11467.com/shanghai/co/693371.htm
常州瑶烨机电有限公司,http://www.11467.com/changzhou/co/152337.htm
佛山市南海恒全五金制品有限公司,http://www.11467.com/foshan/co/355844.htm
东莞市联屹金属制品有限公司,http://www.11467.com/dongguan/co/296607.htm
佛山伟顺铝业有限公司,http://www.11467.com/foshan/co/307284.htm
南京伟鹏金属制品有限公司,http://www.11467.com/nanjing/co/115056.htm
深圳星光耀五金铜器有限公司,http://www.11467.com/shenzhen/co/721731.htm
江门市新会区迪隆金属洗涤剂有限公司,http://www.11467.com/jiangmen/co/92044.htm
海宁金盛五金有限公司,http://www.11467.com/jiaxing/co/86008.htm
惠州市兴贤压铸五金有限公司,http://www.11467.com/huizhou/co/71236.htm
江门市江海区金海洋五金制品有限公司,http://www.11467.com/jiangmen/co/92892.htm
江门市精攻五金有限公司,http://www.11467.com/jiangmen/co/91778.htm
揭阳市生达五金制品有限公司,http://www.11467.com/jieyang/co/23756.htm
昆山详熹家具配件有限公司,http://www.11467.com/kunshan/co/25432.htm
上海益家橱柜五金配件有限公司,http://www.11467.com/linyi/co/64177.htm
青岛利德达五金工具有限公司,http://www.11467.com/qingdao/co/97259.htm
泉州市博思达食品机械制造有限公司,http://www.11467.com/quanzhou/co/92697.htm
济南鹏利飞装饰材料有限公司,http://www.11467.com/jinan/co/89995.htm
江门市蓬江区潮连富盛实业有限公司,http://www.11467.com/jiangmen/co/3788.htm
佛山市南海连冠金属塑料制品有限公司,http://www.11467.com/foshan/co/240189.htm
揭阳市双德金属制品有限公司,http://www.11467.com/jieyang/co/32002.htm
佛山市三水骏华塑胶实业有限公司,http://www.11467.com/foshan/co/209069.htm
广州市宝艺装饰有限公司,http://www.11467.com/guangzhou/co/496350.htm
嘉兴市汇诺通五金制品有限公司,http://www.11467.com/jiaxing/co/122994.htm
佛山市亿效家居五金有限公司,http://www.11467.com/foshan/co/374304.htm
无锡百特气动五金制造有限公司,http://www.11467.com/wuxi/co/197278.htm
佛山市润徽金属制品有限公司,http://www.11467.com/foshan/co/381047.htm
深圳市联合日升电子有限公司,http://www.11467.com/shenzhen/co/789149.htm
佛山市南海添联金属制品有限公司,http://www.11467.com/foshan/co/405522.htm
阳江市金朗达五金塑料制品有限公司,http://www.11467.com/yangjiang/co/377.htm
厦门万晟五金制品有限公司,http://www.11467.com/xiamen/co/2416.htm
阳江市越洋贸易有限公司,http://www.11467.com/yangjiang/co/15637.htm
北京泉顺发商贸有限公司,http://www.11467.com/beijing/co/584668.htm
北京康宝美佳装饰材料有限公司,http://www.11467.com/beijing/co/312029.htm
上海嘉壹家具制造有限公司,http://www.11467.com/shanghai/co/155813.htm
上海勤瑾贸易有限公司销售部,http://www.11467.com/shanghai/co/524649.htm
上海祥伟五金有限公司,http://www.11467.com/shanghai/co/740552.htm
苏州欧泰五金机电有限公司,http://www.11467.com/suzhou/co/243159.htm
泰安聚能太阳能科技有限公司,http://www.11467.com/taian/co/37524.htm
绍兴市钱江钉业有限公司,http://www.11467.com/shaoxing/co/60102.htm
临沂亚美铰链有限公司,http://www.11467.com/linyi/co/112036.htm
北京浩凡科技有限公司,http://www.11467.com/beijing/co/413178.htm
深圳市永恒力五金有限公司,http://www.11467.com/shenzhen/co/493211.htm
广州拉顺奴贸易有限公司,http://www.11467.com/guangzhou/co/651027.htm
汕头潮南钢焊货架有限公司,http://www.11467.com/shantou/co/168472.htm
深圳市深华亚科技有限公司,http://www.11467.com/shenzhen/co/893693.htm
沈阳市盛申昌电器有限公司,http://www.11467.com/shenyang/co/53166.htm
深圳市宇骏五金机械有限公司,http://www.11467.com/shenzhen/co/811892.htm
泰州博天德五金制品有限公司,http://www.11467.com/taizhoushi/co/50324.htm
中山市傲扬塑胶五金有限公司,http://www.11467.com/zhongshan/co/152827.htm
康宁(天津)金属制品有限公司,http://www.11467.com/tianjin/co/211691.htm
深圳市盛世名辉五金制品有限公司,http://www.11467.com/shenzhen/co/475109.htm
深圳市大手造型艺术有限公司,http://www.11467.com/shenzhen/co/810162.htm
深圳市宏达家具五金配件有限公司,http://www.11467.com/shenzhen/co/766892.htm
苏州汇众有限公司,http://www.11467.com/suzhou/co/357577.htm
佛山市顺德区乐从群艺五金家具制品有限公司,http://www.11467.com/foshan/co/397688.htm
中山市新思路卫厨制品有限公司,http://www.11467.com/zhongshan/co/155063.htm
江门市盛美工贸发展有限公司,http://www.11467.com/jiangmen/co/85651.htm
上海永翔建筑装饰有限公司,http://www.11467.com/shanghai/co/974827.htm
嘉兴市金茂铝业有限公司,http://www.11467.com/jiaxing/co/84656.htm
揭阳市恩信五金塑胶有限公司,http://www.11467.com/jieyang/co/22310.htm
安帝斯智能家具组件有限公司,http://www.11467.com/foshan/co/435534.htm
佛山市永桦锠胜家居用有限公司,http://www.11467.com/foshan/co/472997.htm
佛山市联亚五金有限公司,http://www.11467.com/foshan/co/445336.htm
济南天成机械设备有限公司,http://www.11467.com/jinan/co/65028.htm
中山市艺一代五金制品有限公司,http://www.11467.com/zhongshan/co/42457.htm
上海得水实业有限公司,http://www.11467.com/shanghai/co/938125.htm
武义新塘日用制品有限公司,http://www.11467.com/jinzhou/co/51159.htm
杭州恩翔五金有限公司,http://www.11467.com/hangzhou/co/391058.htm
杭州耀兴金属制品有限公司,http://www.11467.com/hangzhou/co/251817.htm
杭州萧山佳云机电有限公司,http://www.11467.com/hangzhou/co/251228.htm
佛山市南海丽虹展示制品有限公司,http://www.11467.com/foshan/co/260792.htm
东莞市优创五金制品有限公司,http://www.11467.com/dongguan/co/464934.htm
昆山高润千电子机械有限公司,http://www.11467.com/suzhou/co/351332.htm
苏州九萃风物流设备有限公司,http://www.11467.com/suzhou/co/326993.htm
广州巿卓明建材有限公司,http://www.11467.com/guangzhou/co/660533.htm
平遥县昱俊商贸有限责任公司,http://www.11467.com/jinzhong/co/29714.htm
佛山创合金属有限公司,http://www.11467.com/foshan/co/341411.htm
青岛豪江电器有限公司,http://www.11467.com/qingdao/co/15584.htm
合肥优固仓储设备有限公司,http://www.11467.com/hefei/co/145789.htm
佛山市峥嵘晖五金制品有限公司,http://www.11467.com/qiye/93150866.htm
佛山市沃港家具五金配件有限公司,http://www.11467.com/foshan/co/449424.htm
南皮县佳慧五金制品有限公司,http://www.11467.com/cangzhou/co/62116.htm
四川美珠实业有限公司,http://www.11467.com/chengdu/co/108660.htm
东方制漆有限公司(业务部),http://www.11467.com/dongguan/co/222880.htm
东莞市奥奇五金家具有限公司,http://www.11467.com/dongguan/co/143146.htm
东莞市富森机电设备有限公司研磨部,http://www.11467.com/dongguan/co/223153.htm
东莞明昌家俱有限公司,http://www.11467.com/dongguan/co/299024.htm
东莞市妙达电动工具制造有限公司,http://www.11467.com/dongguan/co/194048.htm
东莞市铭佳五金有限公司,http://www.11467.com/dongguan/co/297013.htm
东莞市欧科家具配件科技有限公司,http://www.11467.com/dongguan/co/499265.htm
东莞市力天家具制造有限公司,http://www.11467.com/dongguan/co/301449.htm
东莞市康彩五金有限公司,http://www.11467.com/dongguan/co/504128.htm
东莞市康捷鸿五金塑胶制品有限公司商务部,http://www.11467.com/dongguan/co/305913.htm
东莞市裕顺五金制品有限公司,http://www.11467.com/dongguan/co/295902.htm
东莞市荣鑫家具配件有限公司,http://www.11467.com/dongguan/co/305320.htm
东莞市景昊工艺礼品有限公司,http://www.11467.com/dongguan/co/251047.htm
广州华艺有机玻璃工艺有限公司,http://www.11467.com/foshan/co/249073.htm
福州明政贸易有限公司,http://www.11467.com/fuzhou/co/67080.htm
哈尔滨鲍氏家居五金饰材有限公司,http://www.11467.com/haerbin/co/27230.htm
杭州和源精密工具有限公司,http://www.11467.com/hangzhou/co/258432.htm
浙江中义家具有限公司,http://www.11467.com/huzhou/co/67387.htm
隆达（深圳）家具仿古五金有限公司,http://www.11467.com/shenzhen/co/344266.htm
深圳市吉瑞精密五金有限公司,http://www.11467.com/shenzhen/co/504439.htm
黑龙江艺诺世家整体橱柜有限公司,http://www.11467.com/suihua/co/14337.htm
厦门盈力贸易有限公司,http://www.11467.com/xiamen/co/8553.htm
上海悦达钉业五金制品有限公司,http://www.11467.com/shanghai/co/852002.htm
上海空间贸易有限公司,http://www.11467.com/shanghai/co/1006536.htm
瑞安美德塑胶五金制品有限公司,http://www.11467.com/shenzhen/co/729467.htm
瑞安美德塑胶五金制品有限公司,http://www.11467.com/shenzhen/co/729467.htm
永富谷国际有限公司,http://www.11467.com/guangzhou/co/433592.htm
东莞家具公司,http://www.11467.com/dongguan/co/299014.htm
荣业家具有限公司,http://www.11467.com/hangzhou/co/260785.htm
广西鑫翔玻璃钢有限公司,http://www.11467.com/nanning/co/67148.htm
北京桑拿锁有限公司,http://www.11467.com/beijing/co/691770.htm
温州合盛电子有限公司,http://www.11467.com/wenzhou/co/216133.htm
温州市盟宇五金制品有限公司,http://www.11467.com/wenzhou/co/220841.htm
青岛金钻五金有限公司,http://www.11467.com/qingdao/co/22831.htm
宏达橡胶五金制品有限公司,http://www.11467.com/shenzhen/co/513163.htm
深圳六洋科技有限公司,http://www.11467.com/shenzhen/co/510817.htm
深圳市金鸿信五金塑胶有限公司,http://www.11467.com/shenzhen/co/509561.htm
深圳市普铭金属制品有限公司,http://www.11467.com/shenzhen/co/755505.htm
深圳市好得利家具配件有限公司,http://www.11467.com/shenzhen/co/515410.htm
深圳特科合家具配件有限公司-销售部,http://www.11467.com/shenzhen/co/510709.htm
鑫业科技（深圳）有限公司,http://www.11467.com/shenzhen/co/142871.htm
达耐尔金属制品有限公司,http://www.11467.com/shijiazhuang/co/138449.htm
上海暨亿塑胶(五金)制品有限公司武汉分公司,http://www.11467.com/wuhan/co/84732.htm
新雄建材五金有限公司,http://www.11467.com/wuhan/co/84940.htm
厦门鑫港鸿五金工业有限公司,http://www.11467.com/xiamen/co/45706.htm
中山市安百路金属制品有限公司,http://www.11467.com/zhongshan/co/87060.htm
中山市进展五金有限公司,http://www.11467.com/zhongshan/co/86920.htm
中山市幸运家具有限公司,http://www.11467.com/zhongshan/co/86510.htm
珠海日扬金属制品有限公司,http://www.11467.com/zhuhai/co/29459.htm
北京键兴泰家具有限公司,http://www.11467.com/beijing/co/44779.htm
犀比奥(上海)金属制品有限公司,http://www.11467.com/beijing/co/110289.htm
上海恒域电器设备有限公司,http://www.11467.com/shanghai/co/318534.htm
上海协荣家具有限公司,http://www.11467.com/shanghai/co/281926.htm
上海品尼五金橱饰有限公司,http://www.11467.com/shanghai/co/889388.htm
海南安新工程有限公司,http://www.11467.com/tianjin/co/189112.htm
天津永昌金属制品有限公司,http://www.11467.com/tianjin/co/26275.htm
天长市华海电子科技有限公司,http://www.11467.com/chuzhou/co/30724.htm
爱佳家具公司,http://www.11467.com/dalian/co/47626.htm
大连德圣金属网制造有限公司,http://www.11467.com/dalian/co/50125.htm
大连易库信息咨询服务有限公司,http://www.11467.com/dalian/co/49717.htm
大连现代阿罗玛建材有限责任公司,http://www.11467.com/dalian/co/49972.htm
伯立时家具公司,http://www.11467.com/dongguan/co/299849.htm
达艺五金制品有限公司,http://www.11467.com/dongguan/co/306401.htm
东莞大朗久隆金属材料公司,http://www.11467.com/dongguan/co/222530.htm
艾谷家具国际有限公司,http://www.11467.com/dongguan/co/300776.htm
博雅家具五金有限公司,http://www.11467.com/dongguan/co/142853.htm
百顺脚轮有限公司,http://www.11467.com/dongguan/co/271463.htm
东莞创域实业有限公司,http://www.11467.com/dongguan/co/142847.htm
大晟五金塑胶制品有限公司,http://www.11467.com/dongguan/co/298965.htm
东莞冠盛家私有限公司,http://www.11467.com/dongguan/co/302930.htm
东莞安棋家具五金有限公司,http://www.11467.com/dongguan/co/300810.htm
东莞市爱迪灯饰有限公司（五金部）,http://www.11467.com/dongguan/co/301438.htm
东莞合盛金属制品有限公司业务部,http://www.11467.com/dongguan/co/302834.htm
东莞时裕工贸有限公司,http://www.11467.com/dongguan/co/300847.htm
东莞利昌五金制品有限公司,http://www.11467.com/dongguan/co/299016.htm
东莞敦越（北玛）五金家具有限公司,http://www.11467.com/dongguan/co/302726.htm
东莞世佳家具五金制品有限公司,http://www.11467.com/dongguan/co/222469.htm
东莞昊辉五金制品有限公司,http://www.11467.com/dongguan/co/299848.htm
东和五金塑胶制品有限公司,http://www.11467.com/dongguan/co/222470.htm
东莞市达通五金制品有限公司,http://www.11467.com/dongguan/co/289780.htm
东莞傲斯德环保技术工裎有限公司,http://www.11467.com/dongguan/co/302946.htm
东莞美尔贸易有限公司,http://www.11467.com/dongguan/co/222531.htm
东莞桥头宏粤家私五金有限公司,http://www.11467.com/dongguan/co/222878.htm
东莞惠凯五金有限公司,http://www.11467.com/dongguan/co/271475.htm
东莞明昌家具有限公司,http://www.11467.com/dongguan/co/305337.htm
东莞久茂五金塑胶有限公司,http://www.11467.com/dongguan/co/250071.htm
东莞市道普实业投资有限公司,http://www.11467.com/dongguan/co/434580.htm
东莞俊星五金制品有限公司,http://www.11467.com/dongguan/co/306424.htm
东莞市德利家具配件有限公司,http://www.11467.com/dongguan/co/287533.htm
东莞浩顺五金家具有限公司,http://www.11467.com/dongguan/co/302696.htm
电子五金批发有限公司,http://www.11467.com/dongguan/co/223149.htm
东莞市朝兴五金制品有限公司,http://www.11467.com/dongguan/co/304236.htm
东莞勤业实业有限公司,http://www.11467.com/dongguan/co/301472.htm
东莞市得尔塑胶五金有限公司,http://www.11467.com/dongguan/co/303910.htm
顶森五金(东莞)有限公司,http://www.11467.com/dongguan/co/492800.htm
东莞市利昌五金塑胶有限公司,http://www.11467.com/dongguan/co/304716.htm
东莞市联匠家具配件有限公司市场部,http://www.11467.com/dongguan/co/302693.htm
东莞盛世家具五金有限公司,http://www.11467.com/dongguan/co/304299.htm
东莞市俊诚五金塑胶制品有限公司亚克力部,http://www.11467.com/dongguan/co/298962.htm
东莞市利铧五金制品有限公司,http://www.11467.com/dongguan/co/24202.htm
川熊磁材有限公司,http://www.11467.com/dongguan/co/271501.htm
东莞市厚街瑞华实业有限公司,http://www.11467.com/dongguan/co/301477.htm
东莞市佰利实业投资有限公司,http://www.11467.com/dongguan/co/65165.htm
东莞市浩邦五金制品有限公司,http://www.11467.com/dongguan/co/295783.htm
东莞市昊晟实业有限公司,http://www.11467.com/dongguan/co/298966.htm
诚诚切削工具有限公司,http://www.11467.com/dongguan/co/301432.htm
东莞市冠辉五金有限公司,http://www.11467.com/dongguan/co/300807.htm
东莞大卫展示家具有限公司,http://www.11467.com/dongguan/co/299010.htm
东莞市佳艺空间家具五金有限公司,http://www.11467.com/dongguan/co/271488.htm
东莞市清溪奥曼斯服装有限公司,http://www.11467.com/dongguan/co/299034.htm
东莞市嘉斯达实业有限公司,http://www.11467.com/dongguan/co/74081.htm
东莞市坤玲贸易有限公司,http://www.11467.com/dongguan/co/303888.htm
东莞市迈斯五金有限公司,http://www.11467.com/dongguan/co/300253.htm
东莞市捷达五金家具有限公司,http://www.11467.com/dongguan/co/302713.htm
东莞市铭亿实业有限公司,http://www.11467.com/dongguan/co/299053.htm
东莞市汇杰木业有限公司,http://www.11467.com/dongguan/co/306414.htm
东莞市美嘉美塑胶五金制品有限公司,http://www.11467.com/dongguan/co/302944.htm
东莞市尚好家具配件有限公司,http://www.11467.com/dongguan/co/299856.htm
东莞市升峰五金有限公司(业务部）,http://www.11467.com/dongguan/co/305330.htm
东莞市盛世家具五金公司,http://www.11467.com/dongguan/co/302716.htm
东莞市铭航五金制品有限公司,http://www.11467.com/dongguan/co/454279.htm
东莞市纳米金属制品有限公司,http://www.11467.com/dongguan/co/301452.htm
东莞市振华实业有限公司,http://www.11467.com/dongguan/co/79008.htm
东莞市泉河塑胶五金制品有限公司,http://www.11467.com/dongguan/co/300794.htm
东莞市曙渤五金制品有限公司,http://www.11467.com/dongguan/co/256066.htm
东莞市思培装饰材料有限公司 业务部,http://www.11467.com/dongguan/co/302735.htm
东莞市华盛五金机电有限公司,http://www.11467.com/dongguan/co/300808.htm
东莞市夏洛特金属制品有限公司,http://www.11467.com/dongguan/co/502281.htm
东莞市华鑫钢材（有限）公司,http://www.11467.com/dongguan/co/305908.htm
东莞市裕聚五金有限公司,http://www.11467.com/dongguan/co/302931.htm
东莞市港鑫家具五金有限公司,http://www.11467.com/dongguan/co/300803.htm
东莞市宏正五金制品有限公司,http://www.11467.com/dongguan/co/304253.htm
东莞钛涂实业有限公司业务部,http://www.11467.com/dongguan/co/303836.htm
东莞市周易电子有限公司,http://www.11467.com/dongguan/co/304241.htm
东莞伟盛五金有限公司,http://www.11467.com/dongguan/co/299843.htm
華駿貿易公司,http://www.11467.com/dongguan/co/299045.htm
东莞市尧尧五金饰品有限公司,http://www.11467.com/dongguan/co/499997.htm
东莞市亿铭五金制品有限公司,http://www.11467.com/dongguan/co/508354.htm
吉美五金实业有限公司,http://www.11467.com/dongguan/co/302712.htm
辉达工艺品有限公司,http://www.11467.com/dongguan/co/301479.htm
东莞市京粤货架有限公司,http://www.11467.com/dongguan/co/73229.htm
釜丰貿易有限公司,http://www.11467.com/dongguan/co/298971.htm
东莞喜圣家具有限公司,http://www.11467.com/dongguan/co/302705.htm
东莞雄昌贸易有限公司,http://www.11467.com/dongguan/co/271479.htm
龙臣家具五金有限公司,http://www.11467.com/dongguan/co/299008.htm
豐錥五金有限公司 JOY HARDWARE INDUSTRI,http://www.11467.com/dongguan/co/271467.htm
江铃五金东莞新力健康产品有限公司,http://www.11467.com/dongguan/co/299850.htm
杰隆五金制品有限公司,http://www.11467.com/dongguan/co/304720.htm
荣升五金家具有限公司,http://www.11467.com/dongguan/co/299013.htm
沙丽家具五金有限公司,http://www.11467.com/dongguan/co/303811.htm
劲丰电子公司,http://www.11467.com/dongguan/co/299022.htm
京典家具五金制品有限公司,http://www.11467.com/dongguan/co/298969.htm
明发实业发展有限公司,http://www.11467.com/dongguan/co/302828.htm
明豪轩家具五金制品有限公司,http://www.11467.com/dongguan/co/299840.htm
明轩实业有限公司（业务部）,http://www.11467.com/dongguan/co/305907.htm
明轩制造有限公司,http://www.11467.com/dongguan/co/223150.htm
欧科光电科技有限公司,http://www.11467.com/dongguan/co/305318.htm
三羊五金有限公司,http://www.11467.com/dongguan/co/271487.htm
榮興五金制品有限公司,http://www.11467.com/dongguan/co/271486.htm
森凌家具配件有限公司,http://www.11467.com/dongguan/co/299837.htm
東莞久茂五金塑膠有限公司,http://www.11467.com/dongguan/co/300809.htm
多益家具有限公司,http://www.11467.com/dongguan/co/303856.htm
東莞市泓一五金制品有限公司,http://www.11467.com/dongguan/co/304710.htm
东莞市鸿春发五金制品有限公司,http://www.11467.com/dongguan/co/222816.htm
万联五金塑胶制品有限公司,http://www.11467.com/dongguan/co/304714.htm
旺邦五金制品有限公司,http://www.11467.com/dongguan/co/271476.htm
旺达五金制品有限公司（业务部）,http://www.11467.com/dongguan/co/301456.htm
旺盛家具有限公司,http://www.11467.com/dongguan/co/271474.htm
威克特五金有限公司,http://www.11467.com/dongguan/co/301465.htm
惟可五金塑胶制品有限公司,http://www.11467.com/dongguan/co/300845.htm
东莞市宇创五金制品有限公司(业务部,http://www.11467.com/dongguan/co/222835.htm
恒达国际实业有限公司,http://www.11467.com/dongguan/co/301464.htm
鸿泰五金制品有限公司业务部,http://www.11467.com/dongguan/co/299009.htm
东莞市洪兴家具配件有限公司,http://www.11467.com/dongguan/co/492825.htm
东莞市鸿大五金制品有限公司,http://www.11467.com/dongguan/co/25857.htm
中良电子塑胶制品有限公司(营销部）,http://www.11467.com/dongguan/co/302886.htm
东莞市九宏五金制品有限公司,http://www.11467.com/dongguan/co/305338.htm
联泰五金制品有限公司,http://www.11467.com/dongguan/co/301451.htm
东莞市奇奇电子科技有限公司,http://www.11467.com/dongguan/co/286473.htm
联达家具有限公司市场部,http://www.11467.com/dongguan/co/271503.htm
东莞市其旻五金制品有限公司,http://www.11467.com/dongguan/co/296639.htm
林欣家具五金有限公司,http://www.11467.com/dongguan/co/305327.htm
利泰纸业有限公司,http://www.11467.com/dongguan/co/302706.htm
东莞市普林生活成人用品有限公司,http://www.11467.com/dongguan/co/302932.htm
易度五金服务公司,http://www.11467.com/dongguan/co/303854.htm
武汉321抽屉滑道有限公司,http://www.11467.com/ezhou/co/11498.htm
安泰五金家具有限公司,http://www.11467.com/foshan/co/188150.htm
佛山南海力帆铝业有限公司(出口部),http://www.11467.com/foshan/co/246776.htm
邦域五金家具有限公司,http://www.11467.com/foshan/co/250621.htm
博納五金出口貿易有限公司,http://www.11467.com/foshan/co/251088.htm
爱好家金属制品有限公司,http://www.11467.com/foshan/co/248338.htm
佛山烈焰五金家具有限公司,http://www.11467.com/foshan/co/245214.htm
佛山南海春威家具制造有限公司,http://www.11467.com/foshan/co/246019.htm
佛山市钜仕泰有限公司,http://www.11467.com/foshan/co/223305.htm
东固金属制品有限公司,http://www.11467.com/foshan/co/245999.htm
尔丰家具五金公司,http://www.11467.com/foshan/co/246750.htm
佛山德盈铝业有限公司（市场部）,http://www.11467.com/foshan/co/245140.htm
佛山市富时家具贸易有限公司,http://www.11467.com/foshan/co/250982.htm
东粤金属制品有限公司,http://www.11467.com/foshan/co/222871.htm
佛山市川烨五金制品有限公司,http://www.11467.com/foshan/co/246217.htm
德承五金家具有限公司,http://www.11467.com/foshan/co/248198.htm
成浩五金制品有限公司,http://www.11467.com/foshan/co/188111.htm
佛山禅亮金属有限公司市场部,http://www.11467.com/foshan/co/223054.htm
达源金属材料公司,http://www.11467.com/foshan/co/251096.htm
法拉利五金股份有限公司,http://www.11467.com/foshan/co/223313.htm
佛山丰利达铝业有限公司业务部,http://www.11467.com/foshan/co/249691.htm
佛山市金帛不锈钢有限公司销售部,http://www.11467.com/foshan/co/245203.htm
佛山乐从漫高五金贸易有限公司,http://www.11467.com/foshan/co/245152.htm
佛山市百雄办公用品有限公司,http://www.11467.com/foshan/co/199300.htm
佛山力帆铝业有限公司,http://www.11467.com/foshan/co/223090.htm
佛山市品冠金属制品有限公司,http://www.11467.com/foshan/co/246025.htm
佛山市顺德区长濠五金制品有限公司,http://www.11467.com/foshan/co/246760.htm
佛山市顺德区陈村镇捷华金属塑料制品有限公司,http://www.11467.com/foshan/co/246464.htm
佛山市大家美家具配件有限公司,http://www.11467.com/foshan/co/248187.htm
佛山市华捷五金制品有限公司,http://www.11467.com/foshan/co/247138.htm
佛山市凌致木业有限公司,http://www.11467.com/foshan/co/188290.htm
佛山市顺事宝洁五金工艺有限公司注塑分公司,http://www.11467.com/foshan/co/222868.htm
佛宝家具五金配件有限公司,http://www.11467.com/foshan/co/188348.htm
佛山市美顿五金制品有限公司,http://www.11467.com/foshan/co/236342.htm
佛山三水金达五金制品有限公司,http://www.11467.com/foshan/co/245178.htm
宏博金属制品有限公司,http://www.11467.com/foshan/co/248185.htm
宏爵家具有限公司宏爵五金家具,http://www.11467.com/foshan/co/188054.htm
佛山市顺德区美而坚五金制品有限公司,http://www.11467.com/foshan/co/246769.htm
佛山市美尔佳家居饰品有限公司,http://www.11467.com/foshan/co/246007.htm
佛山市顺德区铭顺兴厨卫制品实业有限公司,http://www.11467.com/foshan/co/66705.htm
佛山市柏正经贸有限公司,http://www.11467.com/foshan/co/248292.htm
广东爱立家五金塑料制品有限公司,http://www.11467.com/foshan/co/249677.htm
佛山市禅城区金喜卓越门业有限公司,http://www.11467.com/foshan/co/222954.htm
马士通实业有限公司,http://www.11467.com/foshan/co/248223.htm
佛山市南海尚丽金属制品有限公司,http://www.11467.com/foshan/co/248851.htm
佛山市南海区松岗浩能五金塑料有限公司,http://www.11467.com/foshan/co/249670.htm
佛山市南海区钦天燊五金制品厂公司,http://www.11467.com/foshan/co/248183.htm
鸿基家具有限公司,http://www.11467.com/foshan/co/248312.htm
佛山市乔雅装饰五金有限公司,http://www.11467.com/foshan/co/249685.htm
宏兴公共家具制造有限公司,http://www.11467.com/foshan/co/245992.htm
佛山市顺德区渲美化工有限公司,http://www.11467.com/foshan/co/246679.htm
佛山市顺德区海木金属塑料制品有限公司,http://www.11467.com/foshan/co/245220.htm
佛山市顺德区东荣金属制品有限公司营销部,http://www.11467.com/foshan/co/246012.htm
佛山市南海区洁博塑胶五金电器制造有限公司,http://www.11467.com/foshan/co/222806.htm
佛山市顺德区泰明金属制品厂有限公司,http://www.11467.com/foshan/co/245681.htm
佛山市顺德区友丰家具有限公司,http://www.11467.com/foshan/co/249704.htm
常佳五金家具配件有限公司,http://www.11467.com/foshan/co/245138.htm
佛山容桂域堡装饰五金有限公司,http://www.11467.com/foshan/co/223062.htm
佛山鑫蜀工艺公司,http://www.11467.com/foshan/co/246006.htm
佛山市雅普铝业有限公司,http://www.11467.com/foshan/co/245141.htm
佛山市顺德区通徽五金有限公司,http://www.11467.com/foshan/co/245253.htm
富诚建筑有限公司,http://www.11467.com/foshan/co/249084.htm
佛山市顺德区凯德旺金属制品有限公司,http://www.11467.com/foshan/co/236390.htm
佛上市顺德区安蒂斯金属制品有限公司营销部,http://www.11467.com/foshan/co/188055.htm
富沃德家私有限公司,http://www.11467.com/foshan/co/248177.htm
佛山川宇户外休闲椅业有限公司,http://www.11467.com/foshan/co/236346.htm
广东省佛山市力帆铝业有限公司,http://www.11467.com/foshan/co/248334.htm
广东省佛山市顺德区勒流镇东粤金属制品有限公司,http://www.11467.com/foshan/co/248196.htm
广东省佛山市康益家具有限公司,http://www.11467.com/foshan/co/247118.htm
佛山特科合家具五金配件公司,http://www.11467.com/foshan/co/249120.htm
佛山炜桥金属制品有限公司,http://www.11467.com/foshan/co/250617.htm
成辉金属制品有限公司,http://www.11467.com/foshan/co/249297.htm
广东省南海区沙头南洋制造公司,http://www.11467.com/foshan/co/247122.htm
广东省红亮家具有限公司,http://www.11467.com/foshan/co/250193.htm
广东顺德区爱好家金属制品有限公司,http://www.11467.com/foshan/co/251093.htm
佛山市顺德诚域五金制品有限公司,http://www.11467.com/foshan/co/246790.htm
光耀家具有限公司,http://www.11467.com/foshan/co/250613.htm
广东佛山翔御五金制品有限公司,http://www.11467.com/foshan/co/246801.htm
新易通办公家具有限公司,http://www.11467.com/foshan/co/248201.htm
盈超装饰有限公司,http://www.11467.com/foshan/co/247132.htm
源生五金采购公司,http://www.11467.com/foshan/co/246697.htm
源氏集团有限公司,http://www.11467.com/foshan/co/246740.htm
佛山市南海明镀金属制品有限公司,http://www.11467.com/foshan/co/248176.htm
佛山市顺德区顺鹏家具有限公司,http://www.11467.com/foshan/co/246721.htm
佛山市顺德区施欧得电器实业有限公司,http://www.11467.com/foshan/co/255404.htm
儒豪偕办公家具配件有限公司,http://www.11467.com/foshan/co/250990.htm
佛山市顺德区龙江镇金民家具五金有限公司,http://www.11467.com/foshan/co/188252.htm
锐高五金家具有限责任公司,http://www.11467.com/foshan/co/188250.htm
龙门县金源昊家具配件制造有限公司,http://www.11467.com/foshan/co/247092.htm
上海菱翔五金有限公司佛山办事处,http://www.11467.com/foshan/co/236350.htm
佛山市顺德区栢维尔五金配件有限公司,http://www.11467.com/foshan/co/246706.htm
东莞千顺五金有限公司,http://www.11467.com/guangzhou/co/288036.htm
广州市顺发五金家具有限公司,http://www.11467.com/guangzhou/co/241765.htm
广州市斯亿阻尼设备有限公司-销售部,http://www.11467.com/guangzhou/co/123671.htm
广州市威力酒店玻璃工艺有限公司,http://www.11467.com/guangzhou/co/287616.htm
广州斯亿达装饰材料有限公司,http://www.11467.com/guangzhou/co/282293.htm
广州市雅联贸易有限公司,http://www.11467.com/guangzhou/co/285290.htm
广州市强鸿五金制品有限公司,http://www.11467.com/guangzhou/co/282346.htm
广州市琦玮五金实业有限公司,http://www.11467.com/guangzhou/co/287615.htm
广州市人众贸易有限公司,http://www.11467.com/guangzhou/co/241585.htm
广州市鑫宇家具配件公司,http://www.11467.com/guangzhou/co/241588.htm
广州颐森贸易有限公司,http://www.11467.com/guangzhou/co/285374.htm
广州市番禺区恒业办公家具制品有限公司,http://www.11467.com/guangzhou/co/287619.htm
广州市新组合五金有限公司— 营销部,http://www.11467.com/guangzhou/co/283002.htm
联盟科技产品有限公司,http://www.11467.com/guangzhou/co/123813.htm
广州市精磬五金制造有限责任公司,http://www.11467.com/guangzhou/co/283004.htm
广州市臻庆家具五金有限公司,http://www.11467.com/guangzhou/co/287172.htm
广州市沃盛办公家具有限公司,http://www.11467.com/guangzhou/co/282303.htm
通盈金属制品有限公司,http://www.11467.com/guangzhou/co/283758.htm
广州市镪晟金属塑胶制品有限公司,http://www.11467.com/guangzhou/co/282292.htm
广州市铭鑫家具制造有限公司,http://www.11467.com/guangzhou/co/282335.htm
广州维纳斯家居用品有限公司,http://www.11467.com/guangzhou/co/459062.htm
广州市源梦之旅商务咨询有限公司,http://www.11467.com/guangzhou/co/282359.htm
恒星五金有限公司（销售部）,http://www.11467.com/guangzhou/co/285362.htm
银海实业有限公司,http://www.11467.com/guangzhou/co/286709.htm
洲达国际五金贸易有限公司,http://www.11467.com/guangzhou/co/286713.htm
腾栩五金有限公司,http://www.11467.com/guangzhou/co/283748.htm
广州市康德建材有限公司,http://www.11467.com/guangzhou/co/285375.htm
佳盟国际有限公司,http://www.11467.com/guangzhou/co/241349.htm
维尔思整体衣柜有限公司,http://www.11467.com/guangzhou/co/283756.htm
嘉發國際集團有限公司RICHTIME INTERNATION,http://www.11467.com/guangzhou/co/284137.htm
诺米五金塑料有限公司销售部,http://www.11467.com/guangzhou/co/241350.htm
欧派企业有限公司,http://www.11467.com/guangzhou/co/282353.htm
深圳英科尔实业有限公司（广州销售部）,http://www.11467.com/guangzhou/co/282342.htm
胜壹科技有限公司,http://www.11467.com/guangzhou/co/286367.htm
信达鞋业公司,http://www.11467.com/guangzhou/co/285373.htm
西班牙博尔玛集团广州法姬娜分公司,http://www.11467.com/guangzhou/co/286069.htm
康柏斯有限公司,http://www.11467.com/guangzhou/co/286325.htm
中原加工公司,http://www.11467.com/guangzhou/co/242034.htm
陆丰市瀛达家具配件有限公司,http://www.11467.com/guangzhou/co/278000.htm
广州市杰德五金有限公司,http://www.11467.com/guangzhou/co/285360.htm
美国家具五金配件公司中国办事处,http://www.11467.com/guangzhou/co/123815.htm
尧淼家具拆装公司,http://www.11467.com/haerbin/co/50553.htm
黑龙江省海林市林海商贸公司,http://www.11467.com/haerbin/co/47883.htm
杭州福特佳厨饰有限公司,http://www.11467.com/hangzhou/co/260170.htm
杭州力鑫展示制品有限公司业务部,http://www.11467.com/hangzhou/co/261476.htm
杭州和达塑料有限公司,http://www.11467.com/hangzhou/co/60402.htm
杭州超霸动力设备有限公司销售部,http://www.11467.com/hangzhou/co/251558.htm
杭州骏捷暖通设备有限公司(营销部）,http://www.11467.com/hangzhou/co/262235.htm
杭州林锋五金构件有限公司生产部,http://www.11467.com/hangzhou/co/261441.htm
杭州前程机电设备有限公司家配部,http://www.11467.com/hangzhou/co/261442.htm
沈阳吉泰达气雾剂有限公司浙江办事处,http://www.11467.com/hangzhou/co/262044.htm
诺邦快递服务有限公司,http://www.11467.com/hangzhou/co/261865.htm
温州智远建设发展有限公司,http://www.11467.com/hangzhou/co/260154.htm
浙江品冠家具制造有限公司,http://www.11467.com/hangzhou/co/218593.htm
杭州路驰万向轮有限公司,http://www.11467.com/hangzhou/co/260518.htm
永康市施诺商贸有限公司,http://www.11467.com/hangzhou/co/261340.htm
恒肃五金（杭州）机电有限公司,http://www.11467.com/hangzhou/co/261790.htm
合肥市元丰家居用品有限公司采购部,http://www.11467.com/hefei/co/92380.htm
华炜五金塑胶有限公司,http://www.11467.com/hefei/co/92381.htm
合肥嘉和公司,http://www.11467.com/hefei/co/92321.htm
广州长东实业有限责任公司,http://www.11467.com/huhehaote/co/26133.htm
惠州市蓝海五金有限公司,http://www.11467.com/huizhou/co/71106.htm
西华休闲用品有限公司,http://www.11467.com/huizhou/co/71575.htm
畅兴贸易(惠阳）有限公司,http://www.11467.com/huizhou/co/58686.htm
惠州市恩华船舶制品有限公司,http://www.11467.com/huizhou/co/71267.htm
惠州市惠阳新镒五金有限公司,http://www.11467.com/huizhou/co/71415.htm
利行五金塑胶制品有限公司,http://www.11467.com/huizhou/co/71237.htm
百灵实业有限公司惠州办事处,http://www.11467.com/huizhou/co/71535.htm
安吉利得家具有限公司,http://www.11467.com/huzhou/co/27325.htm
常有制刷有限公司,http://www.11467.com/jiangmen/co/92779.htm
江门宏强五金制品有限公司,http://www.11467.com/jiangmen/co/92634.htm
江门市辉捷塑胶五金制造有限公司,http://www.11467.com/jiangmen/co/92997.htm
江门瑞胜不锈钢制品有限公司,http://www.11467.com/jiangmen/co/92995.htm
江门市明洋贸易公司,http://www.11467.com/jiangmen/co/93170.htm
新一派家具五金有限公司,http://www.11467.com/jiangmen/co/92890.htm
益锋不锈钢制品有限公司,http://www.11467.com/jiangmen/co/93071.htm
申华五金公司,http://www.11467.com/jiangmen/co/93072.htm
腾越五金有限公司,http://www.11467.com/jiangmen/co/92048.htm
科腾不锈钢品有限公司,http://www.11467.com/jiangmen/co/92034.htm
嘉兴合盛五金有限责任公司,http://www.11467.com/jiaxing/co/86102.htm
嘉兴市金贝贝工贸有限公司,http://www.11467.com/jiaxing/co/74309.htm
嘉兴市金斯达工贸有限公司,http://www.11467.com/jiaxing/co/74413.htm
海盐县佳诚塑料五金制品有限公司,http://www.11467.com/jiaxing/co/56068.htm
中伟有限公司,http://www.11467.com/jiaxing/co/84980.htm
广东星鹏实业有限公司业务3部,http://www.11467.com/jieyang/co/24536.htm
揭阳市凯士利五金有限公司外贸部,http://www.11467.com/jieyang/co/21275.htm
揭阳市晓得利五金塑料有限公司,http://www.11467.com/jieyang/co/30247.htm
揭阳市春达五金制品有限公司,http://www.11467.com/jieyang/co/24774.htm
揭阳市华磊五金搪瓷制品有限公司（业务部）,http://www.11467.com/jieyang/co/23333.htm
广东省揭阳市旗旺五金有限公司,http://www.11467.com/jieyang/co/24320.htm
揭阳市亿佳鞋业有限公司,http://www.11467.com/jieyang/co/24554.htm
揭阳市帝固五金实业有限公司,http://www.11467.com/jieyang/co/23815.htm
余姚市晟凯五金工具有限公司,http://www.11467.com/ningbo/co/91993.htm
宁波旋龙五金有限公司,http://www.11467.com/ningbo/co/111166.htm
张氏电子公司,http://www.11467.com/putian/co/29208.htm
青岛市凯森木业有限公司,http://www.11467.com/qingdao/co/80030.htm
深圳市成飞实业有限公司山东办事处,http://www.11467.com/qingdao/co/96502.htm
明达工贸有限公司,http://www.11467.com/qingdao/co/96617.htm
青岛家具贸易有限公司,http://www.11467.com/qingdao/co/97041.htm
青岛景泰贸易有限公司,http://www.11467.com/qingdao/co/88142.htm
青岛铭尚国际贸易有限公司,http://www.11467.com/qingdao/co/88144.htm
青岛奇奇家具制造有限公司,http://www.11467.com/qingdao/co/97043.htm
龙润实贸有限公司,http://www.11467.com/qinhuangdao/co/35765.htm
国才家具装潢公司,http://www.11467.com/qinhuangdao/co/35828.htm
泉州市松源钢铁制品有限公司,http://www.11467.com/quanzhou/co/61809.htm
泉州市奇皇星五金制品有限公司,http://www.11467.com/quanzhou/co/51833.htm
金汇五金钉业有限公司,http://www.11467.com/quzhou/co/22421.htm
美尔斯实业发展公司,http://www.11467.com/quzhou/co/22448.htm
润丰家具五金有限公司,http://www.11467.com/rizhao/co/13253.htm
汕头市景泰钢结构有限公司,http://www.11467.com/shantou/co/40948.htm
汕头市大邦塑胶制品有限公司销售部门,http://www.11467.com/shantou/co/127618.htm
敏莉贸易公司,http://www.11467.com/shantou/co/128602.htm
汕头新雅铭家具有限公司,http://www.11467.com/shantou/co/128487.htm
晶美五金有限公司,http://www.11467.com/shaoyang/co/23649.htm
沈阳奇朗数码科技有限公司,http://www.11467.com/shenyang/co/65970.htm
艾格美家居有限公司,http://www.11467.com/shenzhen/co/516167.htm
白桦家具（深圳）有限公司,http://www.11467.com/shenzhen/co/18610.htm
包豪斯家具有限公司,http://www.11467.com/shenzhen/co/511448.htm
宝康塑胶有限公司,http://www.11467.com/shenzhen/co/508543.htm
瀚方磁电制品公司,http://www.11467.com/shenzhen/co/513086.htm
海发塑胶五金有限公司,http://www.11467.com/shenzhen/co/517422.htm
金薇（１＋１）电子有限公司,http://www.11467.com/shenzhen/co/510743.htm
杰科斯家私（深圳）有限公司采购部,http://www.11467.com/shenzhen/co/510811.htm
华韻（香港）发展有限公司,http://www.11467.com/shenzhen/co/513232.htm
佳景股份有限公司,http://www.11467.com/shenzhen/co/510820.htm
洪星华家具五金制品有限公司,http://www.11467.com/shenzhen/co/517424.htm
鸿辉五金制品有限公司,http://www.11467.com/shenzhen/co/508538.htm
鼎翔科技有限公司,http://www.11467.com/shenzhen/co/511451.htm
深圳东佳利五金公司,http://www.11467.com/shenzhen/co/517407.htm
创鑫佳五金塑胶有限公司,http://www.11467.com/shenzhen/co/516887.htm
富达五金制品有限公司,http://www.11467.com/shenzhen/co/513043.htm
宏昌家具五金配件有限公司,http://www.11467.com/shenzhen/co/515422.htm
枫裕国际企业有限公司,http://www.11467.com/shenzhen/co/516162.htm
恒辉五金有限责任公司,http://www.11467.com/shenzhen/co/511443.htm
罗兰怡家俱有限公司,http://www.11467.com/shenzhen/co/513223.htm
明兴五金塑胶(深圳)有限公司,http://www.11467.com/shenzhen/co/508562.htm
广州市纯信金属制品有限公司（市场部）,http://www.11467.com/shenzhen/co/142869.htm
高利五金配件有限公司,http://www.11467.com/shenzhen/co/510757.htm
深圳盛达丰五金制品有限公司,http://www.11467.com/shenzhen/co/515411.htm
长益(财盛)五金塑膠製品有限公司,http://www.11467.com/shenzhen/co/510847.htm
米氏实业有限公司,http://www.11467.com/shenzhen/co/514437.htm
深圳金豪盛家具制造有限公司,http://www.11467.com/shenzhen/co/514388.htm
深圳冠宇五金塑胶制品有限公司,http://www.11467.com/shenzhen/co/142643.htm
深圳鸿彩五金有限公司,http://www.11467.com/shenzhen/co/510788.htm
深圳鸿昌五金制品有限公司,http://www.11467.com/shenzhen/co/511457.htm
力盟家具五金有限公司,http://www.11467.com/shenzhen/co/511438.htm
深圳明邦机电有限公司,http://www.11467.com/shenzhen/co/508540.htm
深圳市长盈五金塑胶制品有限公司,http://www.11467.com/shenzhen/co/93363.htm
深圳普晟贸易有限公司,http://www.11467.com/shenzhen/co/508552.htm
深圳市德坤五金塑胶有限公司,http://www.11467.com/shenzhen/co/508591.htm
华通废品回收公司,http://www.11467.com/shenzhen/co/508561.htm
深圳海福乐五金制品有限公司,http://www.11467.com/shenzhen/co/516166.htm
深圳市东方视听设备有限公司 销售部,http://www.11467.com/shenzhen/co/513233.htm
深圳市东大兴事业有限公司,http://www.11467.com/shenzhen/co/343054.htm
深圳市鼎盛压铸有限公司,http://www.11467.com/shenzhen/co/476700.htm
深圳成飞实业有限公司,http://www.11467.com/shenzhen/co/142642.htm
深圳长益五金有限公司,http://www.11467.com/shenzhen/co/510778.htm
深圳市博和精密五金制品有限公司.,http://www.11467.com/shenzhen/co/514389.htm
深圳市宏昌新五金制品有限公司,http://www.11467.com/shenzhen/co/475200.htm
深圳市诚美合五金有限公司,http://www.11467.com/shenzhen/co/424382.htm
深圳市宏伟源礼品制造有限公司,http://www.11467.com/shenzhen/co/513237.htm
深圳市鸿顺兴塑胶制品有限公司,http://www.11467.com/shenzhen/co/763088.htm
深圳市恩赐家私材料有限公司,http://www.11467.com/shenzhen/co/517412.htm
深圳市嘉信科贸有限公司,http://www.11467.com/shenzhen/co/511450.htm
深圳市经纬达拉链有限公司,http://www.11467.com/shenzhen/co/343833.htm
深圳市佳能富购销有限公司,http://www.11467.com/shenzhen/co/476728.htm
深圳市龙岗区坪地镇六联老围路联丰公司,http://www.11467.com/shenzhen/co/476730.htm
深圳市精诚家具维护有限公司,http://www.11467.com/shenzhen/co/343824.htm
深圳市岚威电子有限公司(营销部),http://www.11467.com/shenzhen/co/338840.htm
深圳力盟家具五金限公司,http://www.11467.com/shenzhen/co/515412.htm
深圳市凯泽家具有限公司,http://www.11467.com/shenzhen/co/513251.htm
深圳市金天祥五金塑胶有限公司,http://www.11467.com/shenzhen/co/343291.htm
深圳市峰盛五金机械有限公司,http://www.11467.com/shenzhen/co/40330.htm
深圳市欧友伟邦家居用品有限公司玻璃制品部,http://www.11467.com/shenzhen/co/516164.htm
深圳市鹏裕辉实业有限公司杨枫,http://www.11467.com/shenzhen/co/476716.htm
深圳市同兴发五金有限公司业务部,http://www.11467.com/shenzhen/co/142940.htm
深圳市拓荣金属制品有限公司,http://www.11467.com/shenzhen/co/508480.htm
深圳市明鸿五金制品有限公司,http://www.11467.com/shenzhen/co/43094.htm
深圳市网易得商贸有限公司,http://www.11467.com/shenzhen/co/508488.htm
深圳市盛世名辉五金有限公司,http://www.11467.com/shenzhen/co/806090.htm
深圳市深恒五金制品有限公司,http://www.11467.com/shenzhen/co/513040.htm
深圳市铭跃家具材料有限公司,http://www.11467.com/shenzhen/co/509552.htm
深圳市兴伟木制品有限公司,http://www.11467.com/shenzhen/co/514381.htm
深圳市润昌泰安实业有限公司,http://www.11467.com/shenzhen/co/41792.htm
深圳市特科合家具五金配件有限公司,http://www.11467.com/shenzhen/co/514443.htm
深圳市威明五金制品有限公司,http://www.11467.com/shenzhen/co/514386.htm
深圳市鑫铭建五金材料有限公司（中国）,http://www.11467.com/shenzhen/co/343837.htm
深圳市鑫沃得家具五金有限公司,http://www.11467.com/shenzhen/co/517411.htm
深圳市龙岗区普邦塑胶五金制品有限公司,http://www.11467.com/shenzhen/co/142770.htm
深圳市镒铧兴五金塑胶制品有限公司,http://www.11467.com/shenzhen/co/517410.htm
世凯家具五金配件有限公司,http://www.11467.com/shenzhen/co/514454.htm
深圳天盈达五金电器有限公司浙江办事处,http://www.11467.com/shenzhen/co/517642.htm
深圳通通厨具有限公司,http://www.11467.com/shenzhen/co/508528.htm
盛大家具家私有限公司,http://www.11467.com/shenzhen/co/510753.htm
深圳市喜三洋五金塑胶制品有限公司,http://www.11467.com/shenzhen/co/253638.htm
天盈达家具五金有限公司,http://www.11467.com/shenzhen/co/508542.htm
深圳市唯宏精密五金制品有限公司,http://www.11467.com/shenzhen/co/516160.htm
深圳市韦峻业五金有限公司,http://www.11467.com/shenzhen/co/510756.htm
顺耀精密五金工具有限公司业务部,http://www.11467.com/shenzhen/co/510759.htm
哲启五金贸易有限公司,http://www.11467.com/shenzhen/co/514846.htm
為格林實業有限公司,http://www.11467.com/shenzhen/co/513034.htm
伟创易五金硅橡胶制品有限公司,http://www.11467.com/shenzhen/co/476729.htm
盈润佳实业（香港）有限公司,http://www.11467.com/shenzhen/co/510769.htm
深圳市永丰不锈钢制品有限公司,http://www.11467.com/shenzhen/co/178557.htm
振兴五金有限公司业务部,http://www.11467.com/shenzhen/co/514858.htm
正鑫家具五金有限公司,http://www.11467.com/shenzhen/co/510761.htm
正榕家具贸易有限公司,http://www.11467.com/shenzhen/co/513158.htm
正宏塑胶深圳有限公司,http://www.11467.com/shenzhen/co/508483.htm
深圳市祥龙有限公司,http://www.11467.com/shenzhen/co/514382.htm
至尊工业园贸易有限公司,http://www.11467.com/shenzhen/co/343264.htm
兴浚保健用品(深圳)有限公司,http://www.11467.com/shenzhen/co/508489.htm
信鑫五金（外贸）有限公司（销售部）,http://www.11467.com/shenzhen/co/344271.htm
深圳市东鹏实业有限公司,http://www.11467.com/shenzhen/co/515424.htm
源达盛五金制品有限公司,http://www.11467.com/shenzhen/co/515419.htm
拓荣家具有限公司,http://www.11467.com/shenzhen/co/508553.htm
杨欣五金制品有限公司,http://www.11467.com/shenzhen/co/510818.htm
索普乐有限公司,http://www.11467.com/shenzhen/co/510748.htm
特科合五金配件有限公司,http://www.11467.com/shenzhen/co/510810.htm
深圳市鑫柏登五金制品有限公司,http://www.11467.com/shenzhen/co/517414.htm
怡美塑胶制品有限公司,http://www.11467.com/shenzhen/co/513037.htm
怡广五金制品有限公司,http://www.11467.com/shenzhen/co/516885.htm
深圳市同兴发五金有限公司,http://www.11467.com/shenzhen/co/475241.htm
欣宝达拉链模具有限公司,http://www.11467.com/shenzhen/co/508569.htm
深圳市兴隆祥科技有限公司,http://www.11467.com/shenzhen/co/514442.htm
永龍五金公司,http://www.11467.com/shenzhen/co/514379.htm
深圳市嘉洛五金制品有限公司,http://www.11467.com/shenzhen/co/343428.htm
深圳永和达实业有限公司（业务部）,http://www.11467.com/shenzhen/co/517418.htm
祥鸿嘉五金制品有限公司,http://www.11467.com/shenzhen/co/515417.htm
翔风国际贸易有限公司,http://www.11467.com/shenzhen/co/476701.htm
江苏宏飞工具制造有限公司宿迁分公司,http://www.11467.com/suqian/co/11589.htm
苏州科尔沁金属制品有限公司,http://www.11467.com/suzhou/co/269768.htm
太仓安旗金属制品有限公司,http://www.11467.com/suzhou/co/285649.htm
镇江生溢物资有限公司苏州办事处,http://www.11467.com/suzhou/co/243744.htm
山西标美装饰设计工程有限公司,http://www.11467.com/taiyuan/co/18204.htm
山西阿凯有限公司,http://www.11467.com/taiyuan/co/95961.htm
潍坊市阳天五金制造有限公司,http://www.11467.com/weifang/co/83087.htm
温州丰和五金公司,http://www.11467.com/wenzhou/co/151959.htm
上海爱采服饰有限公司,http://www.11467.com/wenzhou/co/153374.htm
钧翼五金有限公司,http://www.11467.com/wenzhou/co/152496.htm
温州市金鸟王五金制品有限公司澄沙桥分公司,http://www.11467.com/wenzhou/co/126539.htm
春城控股集团有限公司销售部,http://www.11467.com/wenzhou/co/151964.htm
温州市高利锁业有限公司销售部门,http://www.11467.com/wenzhou/co/139755.htm
温州市前亮塑胶制品有限公司,http://www.11467.com/wenzhou/co/152722.htm
中国春城控股集团有限公司,http://www.11467.com/wenzhou/co/139804.htm
浙江贤秉实业有限公司,http://www.11467.com/wenzhou/co/150517.htm
永煦贸易有限公司,http://www.11467.com/wenzhou/co/153406.htm
香港欧莱股份有限公司,http://www.11467.com/wenzhou/co/139683.htm
新聚鼎实业开发有限公司,http://www.11467.com/wenzhou/co/220623.htm
温州同乐装饰材料有限公司,http://www.11467.com/wenzhou/co/153372.htm
永嘉县家得乐五金有限公司,http://www.11467.com/wenzhou/co/153187.htm
浙江大唐五金有限公司内销部1,http://www.11467.com/wenzhou/co/150919.htm
武汉承坤脚轮有限公司,http://www.11467.com/wuhan/co/84636.htm
深圳市晖发实业有限公司,http://www.11467.com/wuhan/co/84733.htm
新疆平安商贸有限公司,http://www.11467.com/wulumuqi/co/93532.htm
阿布都拉公司,http://www.11467.com/wulumuqi/co/93603.htm
澳星五金制品有限公司销售部,http://www.11467.com/wuxi/co/178143.htm
江阴市飞凌塑业有限公司,http://www.11467.com/wuxi/co/231088.htm
无锡市羊尖迪达锁业有限公司销售部,http://www.11467.com/wuxi/co/198359.htm
无锡腾力五金制品有限公司,http://www.11467.com/wuxi/co/187608.htm
厦门市七星通贸易有限公司,http://www.11467.com/xiamen/co/39944.htm
厦门市利盛德工贸有限公司,http://www.11467.com/xiamen/co/22713.htm
厦门可捷工贸有限公司,http://www.11467.com/xiamen/co/56454.htm
台本金属制品（厦门）有限公司,http://www.11467.com/xiamen/co/24138.htm
新概念家具有限公司,http://www.11467.com/xiamen/co/45814.htm
厦门民胜工贸有限公司,http://www.11467.com/xiamen/co/55927.htm
厦门永荣辉金属制造有限公司,http://www.11467.com/xiamen/co/55931.htm
厦门海丽明电子有限公司,http://www.11467.com/xiamen/co/55871.htm
厦门泰普工艺品有限公司,http://www.11467.com/xiamen/co/55928.htm
陕西世豪商贸有限公司,http://www.11467.com/xian/co/70945.htm
广东惠凯五金有限公司华北事业部,http://www.11467.com/xintai/co/36187.htm
徐州大象门业有限公司,http://www.11467.com/xuzhou/co/54967.htm
盐城市盛世汽车零部件有限公司,http://www.11467.com/yancheng/co/55197.htm
阳江市五金刀具公司,http://www.11467.com/yangjiang/co/16730.htm
阳江市伟图五金制品有限公司(业务部）,http://www.11467.com/yangjiang/co/16516.htm
阳江迅怡公司,http://www.11467.com/yangjiang/co/15783.htm
三王电视挂架线材有限公司,http://www.11467.com/yangjiang/co/14534.htm
阳江市金峰实业有限公司外贸部,http://www.11467.com/yangjiang/co/16621.htm
阳江市健泓工贸有限公司业务部,http://www.11467.com/yangjiang/co/15782.htm
王研五金批发有限公司,http://www.11467.com/yantai/co/123479.htm
山东烟台永恩绿色新材料有限公司,http://www.11467.com/yantai/co/119902.htm
烟台永美制钉有限公司,http://www.11467.com/yantai/co/106043.htm
合诚建材加工公司,http://www.11467.com/yueyang/co/32792.htm
红河贸易公司,http://www.11467.com/yunfu/co/23083.htm
中国广东省天河区天平架安和装饰五金有限公司,http://www.11467.com/yunfu/co/22949.htm
深圳市龙岗区瑞丰家具有限公司,http://www.11467.com/yunfu/co/23056.htm
漳州市工业安装公司劳动服务公司业务部,http://www.11467.com/zhangzhou/co/38845.htm
四会市盈创金属制品有限公司,http://www.11467.com/zhaoqing/co/38861.htm
河南尼美雅商贸有限公司,http://www.11467.com/zhengzhou/co/120299.htm
上海陆港电工科技有限公司郑州分公司,http://www.11467.com/zhengzhou/co/120043.htm
郑州雷迪科技有限公司销售部,http://www.11467.com/zhengzhou/co/111631.htm
郑州百通科技有限公司,http://www.11467.com/zhengzhou/co/120041.htm
郑州法贝厨卫有限公司,http://www.11467.com/zhengzhou/co/119326.htm
昌源贸易有限公司,http://www.11467.com/zhongshan/co/85295.htm
中山东方家私有限公司,http://www.11467.com/zhongshan/co/86544.htm
加力士五金公司,http://www.11467.com/zhongshan/co/85934.htm
新風節能科技有限公司,http://www.11467.com/zhongshan/co/86821.htm
中山龙盛金属有限公司,http://www.11467.com/zhongshan/co/85931.htm
中山市爱美家五金家具配件有限公司,http://www.11467.com/zhongshan/co/147499.htm
中山市三寰金属有限公司业务部,http://www.11467.com/zhongshan/co/85935.htm
广东省中山丰茂贸易有限公司,http://www.11467.com/zhongshan/co/86539.htm
惠良塑胶五金制品有限公司,http://www.11467.com/zhongshan/co/81093.htm
汉森化工有限公司,http://www.11467.com/zhongshan/co/71838.htm
中山市日进工业品有限公司,http://www.11467.com/zhongshan/co/80976.htm
中山市平安电器制品有限公司业务部,http://www.11467.com/zhongshan/co/46978.htm
中山市百胜灯饰配件有限公司,http://www.11467.com/zhongshan/co/86063.htm
中山市中美金属制品有限公司,http://www.11467.com/zhongshan/co/49715.htm
中山市世德灯饰有限公司,http://www.11467.com/zhongshan/co/145430.htm
中山市九牛五金制锁有限公司,http://www.11467.com/zhongshan/co/148020.htm
中山市宝隆压铸模具有限公司,http://www.11467.com/zhongshan/co/82719.htm
新昊玮五金制品有限公司 业务部,http://www.11467.com/zhongshan/co/85301.htm
中山市维美适金属制品有限公司,http://www.11467.com/zhongshan/co/72006.htm
中山市国泰家具有限公司,http://www.11467.com/zhongshan/co/23297.htm
中山市千家福电器有限公司,http://www.11467.com/zhongshan/co/87062.htm
中山市永就金属塑料制品有限公司,http://www.11467.com/zhongshan/co/27060.htm
中山市鸿派五金电器有限公司业务10部,http://www.11467.com/zhongshan/co/81095.htm
鑫镱企业有限公司,http://www.11467.com/zhongshan/co/47002.htm
中上市康柏五金有限公司,http://www.11467.com/zhongshan/co/81097.htm
中山市昌业五金有限公司（压铸部）,http://www.11467.com/zhongshan/co/85928.htm
中山市力同五金塑料制品有限公司,http://www.11467.com/zhongshan/co/87059.htm
中山市祥绍家具有限公司,http://www.11467.com/zhongshan/co/87233.htm
中山市裕日五金塑料制品有限公司,http://www.11467.com/zhongshan/co/86921.htm
中山创耀五金公司,http://www.11467.com/zhongshan/co/46975.htm
中山新思路五金贸易有限公司,http://www.11467.com/zhongshan/co/86066.htm
东好五金贸易公司,http://www.11467.com/zhuhai/co/77971.htm
海蒂诗家俱五金配件珠海有限公司,http://www.11467.com/zhuhai/co/77845.htm
海蒂诗家俱五金有限公司,http://www.11467.com/zhuhai/co/78156.htm
淄博美联装饰工程公司,http://www.11467.com/zibo/co/67530.htm
深圳汇鑫五金有限公司山东办事处,http://www.11467.com/zibo/co/78913.htm
淄博红太阳工贸有限公司,http://www.11467.com/zibo/co/60136.htm
巨鑫家具公司,http://www.11467.com/zibo/co/78630.htm
北京八达商贸有限公司,http://www.11467.com/beijing/co/110706.htm
北京博宇易通网络科技有限公司,http://www.11467.com/beijing/co/303168.htm
北京德福特科技发展有限公司销售部,http://www.11467.com/beijing/co/412915.htm
北京福瑞科林环保科技有限责任公司,http://www.11467.com/beijing/co/311994.htm
北京纳科美贸易有限公司,http://www.11467.com/beijing/co/84478.htm
北京凯伟金属制品有限公司（私营独资企业）,http://www.11467.com/beijing/co/219631.htm
北京三羊家具五金有限公司,http://www.11467.com/beijing/co/110290.htm
上海永成展示道具制作有限公司,http://www.11467.com/shanghai/co/285324.htm
上海时运工贸有限公司,http://www.11467.com/shanghai/co/941082.htm
上海世豪装饰材料有限公司,http://www.11467.com/shanghai/co/43700.htm
上海世塑科贸有限公司,http://www.11467.com/shanghai/co/731957.htm
上海飘煦有限公司,http://www.11467.com/shanghai/co/807011.htm
上海升雨柏伦传动有限公司,http://www.11467.com/shanghai/co/84915.htm
上海蕴泽涂装防腐工程有限公司,http://www.11467.com/shanghai/co/807143.htm
伯瑞纳顾问咨询有限公司（个体经营）,http://www.11467.com/shanghai/co/941261.htm
苏州沪江工艺品有限公司,http://www.11467.com/shanghai/co/889708.htm
上海新星建材有限公司,http://www.11467.com/shanghai/co/740428.htm
上海四浪家具零配件有限公司采购部门,http://www.11467.com/shanghai/co/517562.htm
上海骏铝铝制品有限公司,http://www.11467.com/shanghai/co/675589.htm
上海瑞光贸易有限公司,http://www.11467.com/shanghai/co/213436.htm
上海云聚装饰材料有限公司,http://www.11467.com/shanghai/co/1055118.htm
小达五金贸易有限公司,http://www.11467.com/shanghai/co/524646.htm
正兴五金有限公司,http://www.11467.com/shanghai/co/1006543.htm
上海统耀贸易有限公司,http://www.11467.com/shanghai/co/507806.htm
上海玉邑五金配件有限公司,http://www.11467.com/shanghai/co/1047969.htm
上海逸亮宣工贸有限公司,http://www.11467.com/shanghai/co/322698.htm
上海合创金属制品有限公司,http://www.11467.com/shanghai/co/941168.htm
东莞市泓一五金有限公司（天津）分公司,http://www.11467.com/tianjin/co/99240.htm
山东樱花集团天津分公司,http://www.11467.com/tianjin/co/88730.htm
泓一五金有限公司,http://www.11467.com/tianjin/co/16728.htm
天津市汇德宝金属制品有限公司,http://www.11467.com/tianjin/co/196264.htm
普林斯顿家具公司,http://www.11467.com/tianjin/co/62616.htm
天津市正泰鑫家具配件有限公司,http://www.11467.com/tianjin/co/189190.htm
正昌合页有限公司,http://www.11467.com/chongqing/co/52997.htm
重庆李尔长安汽车内饰件有限责任公司,http://www.11467.com/chongqing/co/43807.htm
重庆海天家具五金有限公司,http://www.11467.com/chongqing/co/99430.htm
重庆卓能工贸有限公司,http://www.11467.com/chongqing/co/78492.htm
上海陆辉实业有限公司,http://www.11467.com/shanghai/co/1066048.htm
仙游县欧雅铜饰有限公司,http://www.11467.com/putian/co/46690.htm
天津品晶商贸有限公司,http://www.11467.com/tianjin/co/301101.htm
佛山奥利卡电器有限公司,http://www.11467.com/zhaoqing/co/43249.htm
上海真城五金机械有限公司,http://www.11467.com/shnanhui/co/36222.htm
佛山市顺德区合谦金属制品有限公司,http://www.11467.com/foshan/co/397675.htm
世通仪器校准服务有限公司,http://www.11467.com/suzhou/co/377732.htm
东莞贝诗特五金制品实业有限公司,http://www.11467.com/dongguan/co/616480.htm
蚌埠新源贸易有限公司/上海同祯国际货运公司,http://www.11467.com/bengbu/co/27751.htm
长春高新信息管线建设有限公司,http://www.11467.com/changchun/co/931.htm
常州市三山五金制品有限公司,http://www.11467.com/changzhou/co/13320.htm
常州浩特五金有限公司,http://www.11467.com/changzhou/co/111287.htm
凌峰商贸有限公司,http://www.11467.com/changzhou/co/111930.htm
顺森家具制造有限公司,http://www.11467.com/changzhou/co/100716.htm
成都宸科塑料制品制造有限公司,http://www.11467.com/chengdu/co/109110.htm
成都华辉塑料制品制造有限公司,http://www.11467.com/chengdu/co/108654.htm
四川省嘉禾家具有限公司独资企业,http://www.11467.com/chengdu/co/108661.htm
海蒂斯实业有限公司,http://www.11467.com/chengdu/co/108704.htm
原道五金有限公司,http://www.11467.com/chengdu/co/99477.htm
大连意美佳厨柜制造有限公司,http://www.11467.com/dalian/co/50035.htm
大连汉邦装修工程有限公司,http://www.11467.com/dalian/co/26478.htm
大连中江五金有限公司,http://www.11467.com/dalian/co/49877.htm
丹佛尔家具有限公司,http://www.11467.com/dongguan/co/299021.htm
稻和穗五金制品有限公司,http://www.11467.com/dongguan/co/302718.htm
长安吉正气动工具有限公司,http://www.11467.com/dongguan/co/304353.htm
碧丰实业有限公司,http://www.11467.com/dongguan/co/302730.htm
倍思佳實業有限公司,http://www.11467.com/dongguan/co/300782.htm
河南腾晟橱柜配套塑胶制品有限公司,http://www.11467.com/zhengzhou/co/216217.htm
山东鑫润制钉有限公司,http://www.11467.com/linyi/co/119967.htm
深圳市荣竣铁床有限公司,http://www.11467.com/shenzhen/co/1104028.htm
广东画宇安防技术咨询有限公司,http://www.11467.com/guangzhou/co/753042.htm
东莞市盈进塑胶五金制品有限公司,http://www.11467.com/qiye/93146999.htm
