大连好月嫂家庭服务有限公司春柳店,http://www.11467.com/dalian/co/26382.htm
大庆石油管理局房产公司教育中心怡园第五托儿所,http://www.11467.com/daqing/co/13904.htm
大庆石油管理局房产公司龙南托儿所,http://www.11467.com/daqing/co/13897.htm
大庆石油管理局房产公司教育中心景园第三托儿所,http://www.11467.com/daqing/co/13903.htm
大庆石油管理局房产公司教育中心怡园第四托儿所,http://www.11467.com/daqing/co/13894.htm
大庆石油管理局房产公司教育中心景园第一托儿所,http://www.11467.com/daqing/co/13905.htm
大庆石油管理局房产公司教育中心怡园第一托儿所,http://www.11467.com/daqing/co/13941.htm
大庆石油管理局房产公司景园第六托儿所,http://www.11467.com/daqing/co/13943.htm
大庆石油管理局房产公司教育中心怡园第二托儿所,http://www.11467.com/daqing/co/13899.htm
大庆石油管理局房产公司教育中心景园第五托儿所,http://www.11467.com/daqing/co/13916.htm
大庆第一采油厂作业公司托儿所,http://www.11467.com/daqing/co/6360.htm
浙江省海盐县百货公司托儿所,http://www.11467.com/jiaxing/co/24407.htm
中共吉林市委党校校办工业公司托儿所,http://www.11467.com/jilinshi/co/23894.htm
平朔煤炭工业公司托儿所玉锦商店,http://www.11467.com/shuozhou/co/643.htm
昆山贝比儿童用品有限公司,http://www.11467.com/suzhou/co/153824.htm
乌苏市永达工贸股份合作公司爱心托儿所,http://www.11467.com/tacheng/co/1198.htm
乌鲁木齐市沙依巴克区社会综合服务公司,http://www.11467.com/wulumuqi/co/82701.htm
新疆圣富源工贸有限公司,http://www.11467.com/wulumuqi/co/47703.htm
宁波北仑来托吧托儿所有限公司,http://www.11467.com/qiye/93138839.htm
淮安新爱婴托儿所服务有限公司,http://www.11467.com/qiye/93138857.htm
淮安金童托儿所服务有限公司,http://www.11467.com/qiye/93138864.htm
新疆阿克苏地区库车县农机公司托儿所,http://www.11467.com/akesu/co/3742.htm
鞍山市百大装饰装潢工程公司美术服务部,http://www.11467.com/anshan/co/68058.htm
宝鸡市新概念信息咨询有限公司,http://www.11467.com/baoji/co/21212.htm
新疆库尔勒农垦商业总公司托儿所,http://www.11467.com/bayinguoleng/co/3219.htm
台州市瑞贝卡托儿所服务有限公司,http://www.11467.com/taizhou/co/195441.htm
大连好月嫂家庭服务有限公司春柳店,http://www.11467.com/dalian/co/26382.htm
大庆石油管理局房产公司教育中心怡园第五托儿所,http://www.11467.com/daqing/co/13904.htm
大庆石油管理局房产公司龙南托儿所,http://www.11467.com/daqing/co/13897.htm
大庆石油管理局房产公司教育中心景园第三托儿所,http://www.11467.com/daqing/co/13903.htm
大庆石油管理局房产公司教育中心怡园第四托儿所,http://www.11467.com/daqing/co/13894.htm
大庆石油管理局房产公司教育中心景园第一托儿所,http://www.11467.com/daqing/co/13905.htm
大庆石油管理局房产公司教育中心怡园第一托儿所,http://www.11467.com/daqing/co/13941.htm
大庆石油管理局房产公司景园第六托儿所,http://www.11467.com/daqing/co/13943.htm
大庆石油管理局房产公司教育中心怡园第二托儿所,http://www.11467.com/daqing/co/13899.htm
大庆石油管理局房产公司教育中心景园第五托儿所,http://www.11467.com/daqing/co/13916.htm
大庆第一采油厂作业公司托儿所,http://www.11467.com/daqing/co/6360.htm
福建商海咨询服务公司,http://www.11467.com/fuzhou/co/87061.htm
福州世纪影艺苑有限公司黎明分店,http://www.11467.com/fuzhou/co/126050.htm
南京红玫瑰艺彩有限公司合肥摄影分店,http://www.11467.com/hefei/co/79380.htm
浙江省海盐县百货公司托儿所,http://www.11467.com/jiaxing/co/24407.htm
中共吉林市委党校校办工业公司托儿所,http://www.11467.com/jilinshi/co/23894.htm
昆明佳园幼儿教育有限责任公司,http://www.11467.com/kunming/co/96186.htm
平朔煤炭工业公司托儿所玉锦商店,http://www.11467.com/shuozhou/co/643.htm
昆山贝比儿童用品有限公司,http://www.11467.com/suzhou/co/153824.htm
乌苏市永达工贸股份合作公司爱心托儿所,http://www.11467.com/tacheng/co/1198.htm
乌鲁木齐市沙依巴克区社会综合服务公司,http://www.11467.com/wulumuqi/co/82701.htm
新疆圣富源工贸有限公司,http://www.11467.com/wulumuqi/co/47703.htm
肇庆市繁盛服务有限公司,http://www.11467.com/zhaoqing/co/25733.htm
郑州碧隆园林工程有限公司,http://www.11467.com/zhengzhou/co/73875.htm
北京市门头沟区百货公司托儿所,http://www.11467.com/beijing/co/496002.htm
上海鑫霸储运有限公司,http://www.11467.com/shanghai/co/968044.htm
宁波北仑来托吧托儿所有限公司,http://www.11467.com/qiye/93138839.htm
淮安新爱婴托儿所服务有限公司,http://www.11467.com/qiye/93138857.htm
淮安金童托儿所服务有限公司,http://www.11467.com/qiye/93138864.htm
宁波北仑来托吧托儿所有限公司,http://www.11467.com/qiye/93138839.htm
淮安新爱婴托儿所服务有限公司,http://www.11467.com/qiye/93138857.htm
淮安金童托儿所服务有限公司,http://www.11467.com/qiye/93138864.htm
