北京市京师瀚学教育文化图书有限公司,http://www.11467.com/beijing/co/62978.htm
北京天创源图书有限公司,http://www.11467.com/beijing/co/600240.htm
北京同文世纪图书有限责任公司,http://www.11467.com/beijing/co/496359.htm
北京祥鑫文化图书有限公司,http://www.11467.com/beijing/co/694517.htm
北京中少金开明书刊发行有限公司,http://www.11467.com/beijing/co/243095.htm
北京中易汇海图书有限公司,http://www.11467.com/beijing/co/496408.htm
北京小红帽报刊发行服务有限责任公司,http://www.11467.com/beijing/co/642328.htm
上海翠绿坊商贸有限公司,http://www.11467.com/shanghai/co/73319.htm
上海大可堂文化有限公司,http://www.11467.com/shanghai/co/924205.htm
上海德好贸易有限公司,http://www.11467.com/shanghai/co/147752.htm
上海报闻经贸有限公司,http://www.11467.com/shanghai/co/1000567.htm
上海季风图书有限公司季风陕西书屋,http://www.11467.com/shanghai/co/464367.htm
上海博艺文化用品有限公司,http://www.11467.com/shanghai/co/238737.htm
上海福远园林景观有限公司,http://www.11467.com/shanghai/co/794479.htm
上海汇德利文化用品有限公司上海复写纸厂,http://www.11467.com/shanghai/co/464236.htm
欧浦登（福建）光学有限公司上海分公司,http://www.11467.com/shanghai/co/634439.htm
上海凯悦文化用品有限公司,http://www.11467.com/shanghai/co/24628.htm
上海蝶恋花商贸有限公司,http://www.11467.com/shanghai/co/794772.htm
上海汇德利文化用品有限公司,http://www.11467.com/shanghai/co/296640.htm
上海联峰文化用品有限公司,http://www.11467.com/shanghai/co/491093.htm
上海龙凤金银珠宝有限公司,http://www.11467.com/shanghai/co/464398.htm
上海普捷企业发展有限公司,http://www.11467.com/shanghai/co/371109.htm
上海吉鸟贸易有限公司,http://www.11467.com/shanghai/co/792831.htm
上海农房工贸有限公司,http://www.11467.com/shanghai/co/24045.htm
上海嘉庞商贸有限公司,http://www.11467.com/shanghai/co/794489.htm
上海师联图书有限公司,http://www.11467.com/shanghai/co/1000984.htm
上海盛名文化用品有限公司,http://www.11467.com/shanghai/co/74148.htm
上海罗帕贸易有限公司,http://www.11467.com/shanghai/co/296700.htm
上海瑞珠珠宝饰品有限公司,http://www.11467.com/shanghai/co/148881.htm
上海凡源办公用品有限公司,http://www.11467.com/shanghai/co/403034.htm
上海三联文化用品有限公司,http://www.11467.com/shanghai/co/793852.htm
上海帕弗洛文化用品有限公司,http://www.11467.com/shanghai/co/149463.htm
上海新格音像制品有限公司,http://www.11467.com/shanghai/co/149333.htm
上海斯博汀贸易有限公司,http://www.11467.com/shanghai/co/634771.htm
上海文盛文化用品有限公司,http://www.11467.com/shanghai/co/147854.htm
特玛苏国际贸易（上海）有限公司,http://www.11467.com/shanghai/co/634729.htm
上海卓生办公用品有限公司,http://www.11467.com/shanghai/co/1000501.htm
上海随阳贸易有限公司,http://www.11467.com/shanghai/co/871382.htm
上海文亿行商贸发展有限公司,http://www.11467.com/shanghai/co/873570.htm
上海圣悦办公用品有限公司,http://www.11467.com/shanghai/co/296769.htm
上海同绘物资有限公司,http://www.11467.com/shanghai/co/293826.htm
上海外教社图书发行有限公司,http://www.11467.com/shanghai/co/201993.htm
上海臻炀商贸有限公司,http://www.11467.com/shanghai/co/201328.htm
天津市滚石电子音像有限公司,http://www.11467.com/tianjin/co/42982.htm
天津市天罡图书发行有限公司,http://www.11467.com/tianjin/co/125829.htm
天津市新中国现代文化用品有限责任公司,http://www.11467.com/tianjin/co/70222.htm
湖南亿金收藏品有限公司,http://www.11467.com/changsha/co/138367.htm
阿拉善左旗晓虹印业办公用品有限公司,http://www.11467.com/alashan/co/842.htm
鞍山市圣莎文化用品有限公司,http://www.11467.com/anshan/co/8159.htm
鞍山市富华办公用品有限公司,http://www.11467.com/anshan/co/8092.htm
鞍山市同鑫文化用品有限公司,http://www.11467.com/anshan/co/8155.htm
鞍山市大龙办公用品有限公司,http://www.11467.com/anshan/co/13939.htm
安阳市英才教育音像有限责任公司,http://www.11467.com/anyang/co/3165.htm
安阳市鑫鑫音像有限责任公司,http://www.11467.com/anyang/co/1069.htm
广西百色市正大文化办公用品有限公司,http://www.11467.com/baise/co/2589.htm
白山市美佳办公用品有限责任公司,http://www.11467.com/baishan/co/2389.htm
保定市音像公司红星音像制品经销部,http://www.11467.com/baoding/co/8124.htm
保定市懿欣音像制品有限公司,http://www.11467.com/baoding/co/8408.htm
保定市新缘音像有限责任公司,http://www.11467.com/baoding/co/199.htm
保定市中天办公用品有限公司,http://www.11467.com/baoding/co/210.htm
保定市长升办公用品有限公司,http://www.11467.com/baoding/co/200.htm
定州市鸿运音像制品有限公司,http://www.11467.com/baoding/co/41490.htm
保定市保龙昌文化用品有限责任公司,http://www.11467.com/baoding/co/206.htm
东莞智富图书有限公司,http://www.11467.com/dongguan/co/559086.htm
重庆童联孩子王儿童用品有限公司,http://www.11467.com/qiye/21732559.htm
北京宏农文化发展有限公司,http://www.11467.com/beijing/co/761298.htm
南宁市壹帆天教育图书销售有限公司,http://www.11467.com/nanning/co/98443.htm
安徽童联孩子王儿童用品有限公司淮南朝阳中路店,http://www.11467.com/qiye/29361230.htm
安庆优宝贝儿童用品有限公司,http://www.11467.com/qiye/29430582.htm
舒城县亮贝贝儿童用品有限公司,http://www.11467.com/qiye/29481420.htm
北京学乐图书有限公司,http://www.11467.com/qiye/29487419.htm
安徽帅旺儿童用品有限责任公司,http://www.11467.com/qiye/29543307.htm
北京刊之宝图书销售有限公司,http://www.11467.com/qiye/29575326.htm
合肥市安财图书发行有限公司,http://www.11467.com/qiye/29655294.htm
安徽童联孩子王儿童用品有限公司合肥欢乐颂店,http://www.11467.com/qiye/29660504.htm
北京步云安泰图书有限公司,http://www.11467.com/qiye/29679539.htm
北京欣盛建达图书有限公司,http://www.11467.com/qiye/29681598.htm
北京万策图书有限公司,http://www.11467.com/qiye/29837666.htm
合肥融盛儿童用品有限公司,http://www.11467.com/qiye/29950641.htm
上海金太阳儿童用品有限公司,http://www.11467.com/qiye/80091405.htm
常州铭婴儿童用品有限公司,http://www.11467.com/qiye/90182386.htm
东莞市田丰包装材料商贸有限公司,http://www.11467.com/qiye/93168834.htm
昆明天地创美图书有限公司,http://www.11467.com/qiye/93234162.htm
云南宸兴宇图书有限公司,http://www.11467.com/qiye/93243786.htm
保定市星兆办公用品有限公司,http://www.11467.com/baoding/co/4825.htm
保定市建鑫办公用品有限公司第一分公司,http://www.11467.com/baoding/co/8139.htm
保定市佳信文化用品有限公司,http://www.11467.com/baoding/co/8429.htm
保定三文文化用品有限公司,http://www.11467.com/baoding/co/8185.htm
保定市阶梯文化用品有限公司,http://www.11467.com/baoding/co/8159.htm
保定市德汇文化办公用品有限公司,http://www.11467.com/baoding/co/4818.htm
保定市明大文汇办公用品有限公司,http://www.11467.com/baoding/co/207.htm
保定市力天伟业办公用品有限公司,http://www.11467.com/baoding/co/196.htm
保定市建鑫文化用品有限公司,http://www.11467.com/baoding/co/8125.htm
保定市德文盛办公用品有限公司,http://www.11467.com/baoding/co/8175.htm
保定市捷成电脑办公用品有限公司,http://www.11467.com/baoding/co/4831.htm
保定市佳信文化用品有限公司经营部,http://www.11467.com/baoding/co/8173.htm
保定市齐心文化办公用品有限公司,http://www.11467.com/baoding/co/14.htm
保定市文昌泰文化办公用品有限责任公司,http://www.11467.com/baoding/co/4824.htm
保定市文利达办公用品有限公司,http://www.11467.com/baoding/co/203.htm
保定市宏事达纸张销售有限公司,http://www.11467.com/baoding/co/8169.htm
保定市佳信文化用品有限公司销售中心,http://www.11467.com/baoding/co/8171.htm
保定市金汇文化用品有限公司,http://www.11467.com/baoding/co/8187.htm
保定市半边天文化用品有限公司,http://www.11467.com/baoding/co/198.htm
保定市金汇文化用品有限公司汇文文化用品专卖店,http://www.11467.com/baoding/co/4820.htm
河北新华实业公司书刊发行部,http://www.11467.com/baoding/co/4788.htm
宝鸡市博通文化用品有限责任公司,http://www.11467.com/baoji/co/1621.htm
腾冲天韵文化艺术品有限公司,http://www.11467.com/baoshan/co/4687.htm
包头市科源图书有限责任公司,http://www.11467.com/baotou/co/17226.htm
包头市纵横现代办公用品有限责任公司,http://www.11467.com/baotou/co/6379.htm
包头市先达现代办公用品有限责任公司,http://www.11467.com/baotou/co/12721.htm
包头市园方现代办公用品有限责任公司,http://www.11467.com/baotou/co/12724.htm
四川平昌飞虎文化用品公司,http://www.11467.com/bazhong/co/5563.htm
南宁市超发文化音像有限责任公司北海分公司,http://www.11467.com/beihai/co/55.htm
山东省惠民县红太阳文化用品有限责任公司,http://www.11467.com/binzhou/co/2835.htm
沧州市新世纪图书有限公司新桥分公司,http://www.11467.com/cangzhou/co/4064.htm
沧州市新世纪图书有限公司,http://www.11467.com/cangzhou/co/4055.htm
任丘市东风文化用品有限公司,http://www.11467.com/cangzhou/co/23937.htm
任丘市华北石油华源图书有限公司,http://www.11467.com/cangzhou/co/23940.htm
沧州市好心情音响音像有限公司,http://www.11467.com/cangzhou/co/4063.htm
沧州市惠达金融办公用品有限公司,http://www.11467.com/cangzhou/co/10648.htm
沧州市弘盛德现代办公用品有限公司,http://www.11467.com/cangzhou/co/4062.htm
沧州市瑞德图书有限公司,http://www.11467.com/cangzhou/co/4066.htm
沧州市东成伟业商务礼品有限公司,http://www.11467.com/cangzhou/co/31512.htm
长春市博世恒图书发行有限公司,http://www.11467.com/changchun/co/5620.htm
长春市英龙礼品有限公司,http://www.11467.com/changchun/co/17639.htm
长春市枫林礼品有限公司,http://www.11467.com/changchun/co/17694.htm
吉林省万方图书发行有限责任公司,http://www.11467.com/changchun/co/5673.htm
吉林省继兴办公用品有限公司,http://www.11467.com/changchun/co/3148.htm
长春市学府图书发行有限公司,http://www.11467.com/changchun/co/782.htm
吉林省华讯音像有限公司,http://www.11467.com/changchun/co/10705.htm
长春市文澜图书发行有限公司,http://www.11467.com/changchun/co/51986.htm
吉林省北清人高教图书有限公司,http://www.11467.com/changchun/co/5652.htm
吉林省新时代学生图书有限公司,http://www.11467.com/changchun/co/3152.htm
吉林省天众图书有限责任公司,http://www.11467.com/changchun/co/5633.htm
长春华夏金旗文化发展有限公司,http://www.11467.com/changchun/co/46168.htm
吉林省东海图书发行有限公司,http://www.11467.com/changchun/co/5628.htm
吉林省群艺图书发行有限公司,http://www.11467.com/changchun/co/5688.htm
吉林北方教育图书有限公司,http://www.11467.com/changchun/co/15500.htm
长春市文友图书发行有限公司,http://www.11467.com/changchun/co/5634.htm
长春市汇源图书报刊发行有限公司,http://www.11467.com/changchun/co/5637.htm
长春现代考试图书有限公司,http://www.11467.com/changchun/co/5647.htm
长春市小小孩图书发行有限公司,http://www.11467.com/changchun/co/52096.htm
吉林省吉版图书发行有限公司,http://www.11467.com/changchun/co/3120.htm
吉林省奥赛图书发行有限公司,http://www.11467.com/changchun/co/806.htm
吉林省北方高教图书有限公司,http://www.11467.com/changchun/co/5659.htm
吉林省经贸图书发行有限公司,http://www.11467.com/changchun/co/5664.htm
吉林省东北教育图书发行有限公司,http://www.11467.com/changchun/co/5625.htm
吉林省信恒图书音像有限责任公司,http://www.11467.com/changchun/co/3103.htm
吉林省新世纪儿童图书发行有限公司,http://www.11467.com/changchun/co/5627.htm
吉林省学霖书刊发行有限公司,http://www.11467.com/changchun/co/5698.htm
吉林省东方图书发行有限公司,http://www.11467.com/changchun/co/5694.htm
常德市百花书刊有限责任公司,http://www.11467.com/changde/co/23219.htm
米泉市科文宇机房办公用品有限公司,http://www.11467.com/changji/co/2316.htm
长沙红石文化艺术品有限公司,http://www.11467.com/changsha/co/53049.htm
长沙欧氏文化用品有限公司,http://www.11467.com/changsha/co/35228.htm
湖南长沙科伦彩印文化用品有限公司,http://www.11467.com/changsha/co/16663.htm
长沙市朝阳音像有限公司,http://www.11467.com/changsha/co/8700.htm
湖南化工书刊发行公司,http://www.11467.com/changsha/co/35224.htm
长沙市沪湘文化用品有限公司,http://www.11467.com/changsha/co/8730.htm
浏阳市通用现代办公用品有限公司,http://www.11467.com/changsha/co/49677.htm
长沙创佳文化用品有限公司,http://www.11467.com/changsha/co/35232.htm
常州立信文化用品有限公司,http://www.11467.com/changzhou/co/4838.htm
常州市德泰办公用品有限公司,http://www.11467.com/changzhou/co/25281.htm
常州市杰利文化用品有限公司,http://www.11467.com/changzhou/co/4836.htm
常州市精彩无限书城有限公司,http://www.11467.com/changzhou/co/81973.htm
常州市新时代文化用品有限公司,http://www.11467.com/changzhou/co/9982.htm
常州市华盛文化用品有限公司批发分公司,http://www.11467.com/changzhou/co/4841.htm
常州市立中文化用品有限公司,http://www.11467.com/changzhou/co/16387.htm
常州市华盛文化用品有限公司,http://www.11467.com/changzhou/co/16388.htm
常州新文化图书有限公司,http://www.11467.com/changzhou/co/4837.htm
常州新盛世佳音音像有限公司,http://www.11467.com/changzhou/co/9949.htm
常州新盛世佳音音像有限公司文化宫分公司,http://www.11467.com/changzhou/co/4861.htm
常州书城图书有限公司,http://www.11467.com/changzhou/co/9935.htm
常州市武进青青文化用品有限公司,http://www.11467.com/changzhou/co/4848.htm
常州市师生图书有限公司,http://www.11467.com/changzhou/co/4891.htm
武进市山里红办公用品有限公司,http://www.11467.com/changzhou/co/25327.htm
承德益众图书有限公司,http://www.11467.com/chengde/co/10666.htm
成都点知图书发行有限公司,http://www.11467.com/chengdu/co/14326.htm
成都大红图书发行有限公司,http://www.11467.com/chengdu/co/14262.htm
成都盛天鸿文化传播有限责任公司,http://www.11467.com/chengdu/co/68863.htm
四川草堂文化有限公司,http://www.11467.com/chengdu/co/42684.htm
成都市时代博雅教育书刊发行有限公司,http://www.11467.com/chengdu/co/47465.htm
成都宁宁礼品有限公司,http://www.11467.com/chengdu/co/31640.htm
成都金文博文化发展有限公司,http://www.11467.com/chengdu/co/57857.htm
四川新联纵高校图书代办站有限公司,http://www.11467.com/chengdu/co/71993.htm
成都市思想者文化用品有限公司,http://www.11467.com/chengdu/co/20729.htm
四川省三江图书发行有限公司,http://www.11467.com/chengdu/co/2223.htm
成都新东方大愚图书有限公司,http://www.11467.com/chengdu/co/20800.htm
成都学海堂图书有限公司,http://www.11467.com/chengdu/co/7363.htm
四川省创新教育图书发行有限公司,http://www.11467.com/chengdu/co/7348.htm
四川教装图书文化有限公司,http://www.11467.com/chengdu/co/41368.htm
四川省翰升办公用品有限责任公司,http://www.11467.com/chengdu/co/26789.htm
四川省科瑞图书发行有限公司,http://www.11467.com/chengdu/co/20737.htm
四川锦缘图书发行有限公司,http://www.11467.com/chengdu/co/7365.htm
四川顺成音像有限公司,http://www.11467.com/chengdu/co/14328.htm
四川顺鑫音像制品有限公司,http://www.11467.com/chengdu/co/14324.htm
四川文德广运书刊发行有限公司,http://www.11467.com/chengdu/co/20738.htm
四川西南建标科技发展有限公司,http://www.11467.com/chengdu/co/33925.htm
四川洪洋文化有限公司,http://www.11467.com/chengdu/co/36913.htm
四川弘扬文化有限公司,http://www.11467.com/chengdu/co/36776.htm
四川川工发行传播有限公司,http://www.11467.com/chengdu/co/40564.htm
四川大地文化有限责任公司,http://www.11467.com/chengdu/co/40693.htm
成都清风图书发行有限公司,http://www.11467.com/chengdu/co/51549.htm
四川飞虹音像有限责任公司第一分公司,http://www.11467.com/chengdu/co/2291.htm
四川峨眉电影音像有限公司,http://www.11467.com/chengdu/co/7404.htm
四川飞虹音像有限责任公司,http://www.11467.com/chengdu/co/7405.htm
西南建筑成都书刊发行公司批发部,http://www.11467.com/chengdu/co/2296.htm
四川省兴科医药图书有限公司,http://www.11467.com/chengdu/co/20714.htm
四川省新群图书发行有限责任公司,http://www.11467.com/chengdu/co/7351.htm
四川省远大图书发行有限公司,http://www.11467.com/chengdu/co/7356.htm
四川省轩辕文化有限责任公司第一分公司,http://www.11467.com/chengdu/co/74300.htm
四川省知戏馆文化发展有限公司玉林西路分公司,http://www.11467.com/chengdu/co/74648.htm
四川省招生考试图书发行有限责任公司,http://www.11467.com/chengdu/co/20740.htm
郴州市新天地收藏品有限公司,http://www.11467.com/chenzhou/co/23443.htm
赤峰宝民文化用品有限责任公司,http://www.11467.com/chifeng/co/5008.htm
赤峰市凯政文化用品有限公司,http://www.11467.com/chifeng/co/4997.htm
赤峰凯达文化用品有限责任公司,http://www.11467.com/chifeng/co/5009.htm
赤峰高远文化用品有限责任公司,http://www.11467.com/chifeng/co/7663.htm
池州市鹏程商务礼品发展有限公司,http://www.11467.com/chizhou/co/6031.htm
安徽省凤阳县三元文化用品有限公司,http://www.11467.com/chuzhou/co/10438.htm
宾川县风华音像有限责任公司,http://www.11467.com/dali/co/3582.htm
宾川县成达音像有限责任公司,http://www.11467.com/dali/co/3597.htm
大理市俊兴文化用品有限公司,http://www.11467.com/dali/co/134.htm
昆明阶梯图书音像经营有限公司大理分公司,http://www.11467.com/dali/co/7612.htm
大连永明行商贸有限公司,http://www.11467.com/dalian/co/14523.htm
丹东市诗卉科技文化办公用品有限公司,http://www.11467.com/dandong/co/1908.htm
丹东鸭绿江发达纸张销售有限公司,http://www.11467.com/dandong/co/1910.htm
大庆双艺办公用品有限公司,http://www.11467.com/daqing/co/2928.htm
大同市新艺美术用品有限责任公司,http://www.11467.com/datong/co/4677.htm
大同市小博士文化用品有限责任公司,http://www.11467.com/datong/co/4667.htm
德阳市新世纪科教图书有限公司,http://www.11467.com/deyang/co/2497.htm
四川省锦源出版发行有限公司德阳市分公司,http://www.11467.com/deyang/co/19676.htm
德阳现代办公用品有限公司,http://www.11467.com/deyang/co/2503.htm
德州市天星音像有限公司,http://www.11467.com/dezhou/co/1972.htm
德州港龙礼品有限公司,http://www.11467.com/dezhou/co/21440.htm
东莞市鸿云工艺礼品有限公司,http://www.11467.com/dongguan/co/73777.htm
东莞市深业报刊发行有限公司,http://www.11467.com/dongguan/co/62176.htm
东莞市新文报刊发行有限公司大朗分站,http://www.11467.com/dongguan/co/62193.htm
东莞市英尚礼品有限公司,http://www.11467.com/dongguan/co/70947.htm
东莞市新文报刊发行有限公司万江分店,http://www.11467.com/dongguan/co/62181.htm
东莞市新文报刊发行有限公司长安分站,http://www.11467.com/dongguan/co/62196.htm
东莞市华恒礼品有限公司,http://www.11467.com/dongguan/co/72656.htm
东莞市协基礼品有限公司,http://www.11467.com/dongguan/co/72686.htm
东莞市环亚礼品有限公司,http://www.11467.com/dongguan/co/71018.htm
东营市明缘音像有限责任公司,http://www.11467.com/dongying/co/4750.htm
东营市鲁生办公用品有限公司,http://www.11467.com/dongying/co/4765.htm
东营迅达报刊速递有限责任公司,http://www.11467.com/dongying/co/20583.htm
佛山市巨龙音像制品有限公司,http://www.11467.com/foshan/co/15464.htm
佛山市美阳文化用品有限公司,http://www.11467.com/foshan/co/15517.htm
佛山市凌宇图书有限公司普康堂分店,http://www.11467.com/foshan/co/15153.htm
佛山市南海区现代文化用品有限公司,http://www.11467.com/foshan/co/38031.htm
佛山市南海区海泰音像制品批发经营有限公司,http://www.11467.com/foshan/co/38118.htm
佛山市顺德区大有文化用品有限公司,http://www.11467.com/foshan/co/15480.htm
佛山市文成文化用品有限公司,http://www.11467.com/foshan/co/15446.htm
佛山市三水风光文化用品有限公司,http://www.11467.com/foshan/co/15497.htm
南海市意源轩办公用品有限公司,http://www.11467.com/foshan/co/38050.htm
阜阳市颍南文化用品有限公司,http://www.11467.com/fuyang/co/2217.htm
安徽阜阳星光办公用品有限责任公司,http://www.11467.com/fuyang/co/2219.htm
阜阳市颍东区文化用品批发公司,http://www.11467.com/fuyang/co/2215.htm
"
森科礼品有限公司",http://www.11467.com/fuzhou/co/67328.htm
福建图书联合发行公司批销部,http://www.11467.com/fuzhou/co/101886.htm
福建省连江县福达礼品有限公司,http://www.11467.com/fuzhou/co/70327.htm
福建省新艺宝音像制品有限公司,http://www.11467.com/fuzhou/co/13727.htm
福建省福州文化用品批发公司,http://www.11467.com/fuzhou/co/13710.htm
福州高威文具礼品有限公司,http://www.11467.com/fuzhou/co/68339.htm
福建教育图书公司,http://www.11467.com/fuzhou/co/88428.htm
福州金亿办公用品有限公司,http://www.11467.com/fuzhou/co/13739.htm
福州虎峰文化用品有限公司,http://www.11467.com/fuzhou/co/13707.htm
福建省福州文化用品批发公司台江百文经营部,http://www.11467.com/fuzhou/co/23508.htm
福州博士图书有限公司,http://www.11467.com/fuzhou/co/23506.htm
福州学语者图书有限公司,http://www.11467.com/fuzhou/co/23516.htm
福州文行天下图书有限公司,http://www.11467.com/fuzhou/co/80565.htm
福州益恒办公用品有限公司,http://www.11467.com/fuzhou/co/13792.htm
福州多彩书刊有限公司,http://www.11467.com/fuzhou/co/23556.htm
福州可好图书有限公司,http://www.11467.com/fuzhou/co/23467.htm
福州悦胜礼品有限公司,http://www.11467.com/fuzhou/co/69967.htm
福州新华艺礼品有限公司,http://www.11467.com/fuzhou/co/69100.htm
福州正亚音像有限公司,http://www.11467.com/fuzhou/co/13732.htm
豪龙礼品有限公司,http://www.11467.com/fuzhou/co/70302.htm
福州星宇图书有限公司,http://www.11467.com/fuzhou/co/23551.htm
福州上绮文化用品有限公司,http://www.11467.com/fuzhou/co/39419.htm
福州向日葵图书发行有限公司,http://www.11467.com/fuzhou/co/78194.htm
福州弘泰家居礼品有限公司,http://www.11467.com/fuzhou/co/70399.htm
福州新鹭图书贸易有限公司,http://www.11467.com/fuzhou/co/78613.htm
厦门庆文阶梯图书有限公司福州分公司,http://www.11467.com/fuzhou/co/23543.htm
福州市新时代图书音像贸易公司批销部,http://www.11467.com/fuzhou/co/126574.htm
福建天宇文化音像有限公司,http://www.11467.com/fuzhou/co/13704.htm
福州文化用品批发公司黄莺歌舞厅,http://www.11467.com/fuzhou/co/23542.htm
福州益福新文化用品有限公司,http://www.11467.com/fuzhou/co/39423.htm
福州新青少科教图书有限公司,http://www.11467.com/fuzhou/co/23545.htm
信丰县南风文化用品有限公司,http://www.11467.com/ganzhou/co/4172.htm
江西省赣南百货文化用品有限公司,http://www.11467.com/ganzhou/co/1558.htm
广东出版实业发展公司,http://www.11467.com/guangzhou/co/80490.htm
广东华南图书有限公司广州经营部,http://www.11467.com/guangzhou/co/4985.htm
广东华南图书有限公司期刊经营部,http://www.11467.com/guangzhou/co/4982.htm
广东省福利南方图书公司,http://www.11467.com/guangzhou/co/83265.htm
广东励耘教育图书有限公司,http://www.11467.com/guangzhou/co/4946.htm
广东精影音像有限公司,http://www.11467.com/guangzhou/co/49606.htm
广东鸿艺音像有限公司,http://www.11467.com/guangzhou/co/49564.htm
广东花城天图有限公司,http://www.11467.com/guangzhou/co/78663.htm
广东新华发行集团股份有限公司图书批发部,http://www.11467.com/guangzhou/co/23394.htm
广东龙鸿音像制品有限公司,http://www.11467.com/guangzhou/co/49597.htm
广东学苑考试书籍有限公司,http://www.11467.com/guangzhou/co/73633.htm
广东佳文汇文化用品有限公司,http://www.11467.com/guangzhou/co/5073.htm
广东澳博外语音像有限公司,http://www.11467.com/guangzhou/co/15918.htm
广州港丽珠宝有限公司,http://www.11467.com/guangzhou/co/61384.htm
广东志誉办公用品有限公司,http://www.11467.com/guangzhou/co/33477.htm
广东技能图书销售有限公司,http://www.11467.com/guangzhou/co/79338.htm
广东家庭书报刊发行有限公司,http://www.11467.com/guangzhou/co/23347.htm
广州市博导图书有限公司,http://www.11467.com/guangzhou/co/100917.htm
广东飞仕影音有限公司,http://www.11467.com/guangzhou/co/79988.htm
广东省教育服务公司,http://www.11467.com/guangzhou/co/76892.htm
广东省广图图书批发中心有限公司,http://www.11467.com/guangzhou/co/4953.htm
广州市潮尚礼品有限公司,http://www.11467.com/guangzhou/co/67551.htm
广东天林书业有限公司,http://www.11467.com/guangzhou/co/73249.htm
广东今日合作办公用品有限公司天河分公司,http://www.11467.com/guangzhou/co/33469.htm
广州嘉珞文化用品有限公司,http://www.11467.com/guangzhou/co/5136.htm
广东华南图书有限公司,http://www.11467.com/guangzhou/co/5000.htm
广州欧迈亚表业有限公司,http://www.11467.com/guangzhou/co/49278.htm
广州市为学图书有限公司,http://www.11467.com/guangzhou/co/23313.htm
广州珞珈源图书有限公司,http://www.11467.com/guangzhou/co/94176.htm
广州市韩天卓文化用品有限公司,http://www.11467.com/guangzhou/co/42558.htm
广州市莎曼莎现代文化用品有限公司,http://www.11467.com/guangzhou/co/4961.htm
广州君翊房地产发展有限公司利杰店,http://www.11467.com/guangzhou/co/5079.htm
广州市政湾贸易有限公司,http://www.11467.com/guangzhou/co/49396.htm
广州市快好意文化用品有限公司,http://www.11467.com/guangzhou/co/58598.htm
广州市景伦文化用品有限公司,http://www.11467.com/guangzhou/co/23378.htm
广州市恒时表业有限公司,http://www.11467.com/guangzhou/co/49245.htm
广州市好学图书有限公司,http://www.11467.com/guangzhou/co/98848.htm
广州市雅阅文化用品有限公司天河分店,http://www.11467.com/guangzhou/co/33345.htm
广州天地图书有限公司,http://www.11467.com/guangzhou/co/4976.htm
广东省南方报刊发行总公司,http://www.11467.com/guangzhou/co/5182.htm
广州智星文化发展公司图书批发部,http://www.11467.com/guangzhou/co/4986.htm
宁波永发集团有限公司广州分公司,http://www.11467.com/guangzhou/co/33468.htm
中国出版对外贸易总公司广东分公司,http://www.11467.com/guangzhou/co/84912.htm
珠海华声音像有限公司发行中心,http://www.11467.com/guangzhou/co/49658.htm
桂林市学源图书有限公司,http://www.11467.com/guilin/co/9973.htm
桂林集琦集团有限公司音像制品分公司,http://www.11467.com/guilin/co/13298.htm
桂林市大世界音像有限责任公司金桂分公司,http://www.11467.com/guilin/co/9972.htm
桂林市大世界音像有限公司正阳分公司,http://www.11467.com/guilin/co/1575.htm
桂林市优优办公用品有限责任公司,http://www.11467.com/guilin/co/1571.htm
桂林市大世界音像有限责任公司,http://www.11467.com/guilin/co/1569.htm
桂林市优优办公用品有限责任公司第一分公司,http://www.11467.com/guilin/co/4557.htm
广西荔浦纸品销售有限公司,http://www.11467.com/guilin/co/22948.htm
桂林晨阳办公用品有限公司,http://www.11467.com/guilin/co/9971.htm
桂林市新兴文化图书有限责任公司,http://www.11467.com/guilin/co/9967.htm
贵州三杰文化有限公司,http://www.11467.com/guiyang/co/22.htm
贵阳超凡图书发行有限公司,http://www.11467.com/guiyang/co/43.htm
贵阳电音图书发行有限公司,http://www.11467.com/guiyang/co/39.htm
贵阳佳捷图书发行有限公司,http://www.11467.com/guiyang/co/31457.htm
贵阳豪文文化传播有限责任公司,http://www.11467.com/guiyang/co/59567.htm
贵阳光黔图书有限公司,http://www.11467.com/guiyang/co/38.htm
贵阳天云图书有限公司,http://www.11467.com/guiyang/co/31452.htm
贵阳双英书刊销售有限公司,http://www.11467.com/guiyang/co/77.htm
贵州紫林文专文化用品有限公司南明配送中心,http://www.11467.com/guiyang/co/45.htm
贵阳久远文化有限公司,http://www.11467.com/guiyang/co/20.htm
贵州黔聚图书有限公司,http://www.11467.com/guiyang/co/44425.htm
贵州二十一世纪锦绣图书有限公司,http://www.11467.com/guiyang/co/31422.htm
贵阳恒瑞图书发行有限公司,http://www.11467.com/guiyang/co/112.htm
贵阳市文化用品公司华新文教厂,http://www.11467.com/guiyang/co/54.htm
贵阳千合办公用品有限公司,http://www.11467.com/guiyang/co/14406.htm
贵阳博客图书销售有限公司,http://www.11467.com/guiyang/co/8919.htm
贵阳宇坤书刊发行有限公司,http://www.11467.com/guiyang/co/36.htm
贵阳林都图书发行有限公司,http://www.11467.com/guiyang/co/42.htm
贵州中中文化用品有限公司小河分公司,http://www.11467.com/guiyang/co/31417.htm
贵阳星晨图书有限公司,http://www.11467.com/guiyang/co/108.htm
贵州新雨图书有限公司,http://www.11467.com/guiyang/co/30835.htm
贵州恒佳图书有限公司,http://www.11467.com/guiyang/co/110.htm
贵阳天赐君安图书有限公司,http://www.11467.com/guiyang/co/31425.htm
贵阳文海图书发行有限公司,http://www.11467.com/guiyang/co/31446.htm
贵阳文盛图书发行有限公司,http://www.11467.com/guiyang/co/31448.htm
贵州五寰体育文化用品批发有限公司,http://www.11467.com/guiyang/co/31.htm
贵阳西绪福斯图书有限公司,http://www.11467.com/guiyang/co/54596.htm
贵阳云岩瀚林旭图书音像制品有限公司,http://www.11467.com/guiyang/co/55112.htm
贵州新华纸品销售有限公司,http://www.11467.com/guiyang/co/30834.htm
深圳市英吉鑫文化用品有限公司贵阳分公司,http://www.11467.com/guiyang/co/14437.htm
贵州新鑫图书有限公司,http://www.11467.com/guiyang/co/30836.htm
贵阳青春书刊发行有限公司,http://www.11467.com/guiyang/co/31450.htm
贵阳仲淹文化图书有限公司,http://www.11467.com/guiyang/co/41.htm
贵阳云岩德胜办公用品有限公司,http://www.11467.com/guiyang/co/14408.htm
贵阳安华办公用品有限公司,http://www.11467.com/guiyang/co/14390.htm
贵阳长丰文化用品有限公司,http://www.11467.com/guiyang/co/14411.htm
贵阳云岩晨曦医药图书有限公司,http://www.11467.com/guiyang/co/14400.htm
贵州林海图书发行有限公司,http://www.11467.com/guiyang/co/51273.htm
贵阳奇文文化有限公司,http://www.11467.com/guiyang/co/61995.htm
贵阳金麒麟图书有限公司,http://www.11467.com/guiyang/co/14414.htm
贵阳文轩图书发行有限公司,http://www.11467.com/guiyang/co/65261.htm
贵州博凯文化有限责任公司,http://www.11467.com/guiyang/co/52556.htm
贵阳慧丹图书发行有限公司,http://www.11467.com/guiyang/co/60985.htm
贵州广元图书有限责任公司,http://www.11467.com/guiyang/co/49118.htm
贵阳山泰图书有限公司,http://www.11467.com/guiyang/co/31419.htm
贵阳南明鸿蒙音像制品有限公司,http://www.11467.com/guiyang/co/118.htm
贵阳慧凤图书有限公司,http://www.11467.com/guiyang/co/114.htm
贵阳茂迎印刷物资贸易有限公司,http://www.11467.com/guiyang/co/14244.htm
贵阳茂迎印刷物资贸易有限公司,http://www.11467.com/guiyang/co/14244.htm
黑龙江省文教体育用品公司,http://www.11467.com/haerbin/co/5790.htm
黑龙江省文化用品公司招待所,http://www.11467.com/haerbin/co/5779.htm
黑龙江红太阳书刊批发市场有限责任公司,http://www.11467.com/haerbin/co/10786.htm
黑龙江省文化用品公司综合贸易分公司,http://www.11467.com/haerbin/co/5760.htm
哈尔滨市海城办公用品有限公司,http://www.11467.com/haerbin/co/5763.htm
黑龙江省文化用品公司,http://www.11467.com/haerbin/co/5786.htm
邯郸市丛台百姓坊礼品有限公司,http://www.11467.com/handan/co/37445.htm
邯郸市天骄教育图书有限公司,http://www.11467.com/handan/co/3925.htm
邯郸市鑫达文化用品有限公司,http://www.11467.com/handan/co/120.htm
邯郸市新代文化用品有限公司,http://www.11467.com/handan/co/124.htm
邯郸市丛台新雅礼品销售有限公司,http://www.11467.com/handan/co/37353.htm
邯郸市和怡办公用品有限公司,http://www.11467.com/handan/co/3940.htm
河北正源教育图书有限公司,http://www.11467.com/handan/co/3927.htm
邯郸市绿洲书刊经营有限公司,http://www.11467.com/handan/co/39961.htm
邯郸市大地报刊发行有限公司,http://www.11467.com/handan/co/111.htm
邯郸市丛台永瑞礼品有限公司,http://www.11467.com/handan/co/36975.htm
邯郸市正兴建筑图书资料有限公司,http://www.11467.com/handan/co/40383.htm
杭州博艺文化发展有限公司,http://www.11467.com/hangzhou/co/174832.htm
杭州春秋图书有限公司,http://www.11467.com/hangzhou/co/12255.htm
杭州翰林图书有限公司,http://www.11467.com/hangzhou/co/179598.htm
杭州剑桥文化图书有限公司,http://www.11467.com/hangzhou/co/42698.htm
杭州佳艺办公用品有限公司,http://www.11467.com/hangzhou/co/53919.htm
杭州金点文化用品有限公司,http://www.11467.com/hangzhou/co/2599.htm
杭州华艺图书有限公司,http://www.11467.com/hangzhou/co/82801.htm
杭州快乐音像制品经营有限公司,http://www.11467.com/hangzhou/co/33065.htm
杭州时新文化用品有限公司,http://www.11467.com/hangzhou/co/12171.htm
杭州彬洁图书有限公司,http://www.11467.com/hangzhou/co/42691.htm
杭州博渊图书有限公司,http://www.11467.com/hangzhou/co/33089.htm
杭州广影图书有限公司,http://www.11467.com/hangzhou/co/175509.htm
杭州天正法律图书有限公司,http://www.11467.com/hangzhou/co/53775.htm
富阳市华日文化用品有限公司,http://www.11467.com/hangzhou/co/101592.htm
杭州友达礼品有限公司,http://www.11467.com/hangzhou/co/115085.htm
杭州碟海文化用品有限公司塘栖连锁店,http://www.11467.com/hangzhou/co/82805.htm
杭州虫二图书有限公司,http://www.11467.com/hangzhou/co/148737.htm
杭州鑫业文化用品有限公司,http://www.11467.com/hangzhou/co/33068.htm
杭州兴昌图书有限公司,http://www.11467.com/hangzhou/co/33090.htm
杭州新学府教育图书有限公司,http://www.11467.com/hangzhou/co/53906.htm
杭州萧山国飞音像有限公司,http://www.11467.com/hangzhou/co/72204.htm
杭州超达文化用品有限公司,http://www.11467.com/hangzhou/co/42646.htm
杭州应氏图书有限公司,http://www.11467.com/hangzhou/co/22584.htm
杭州新视角图书有限公司,http://www.11467.com/hangzhou/co/42665.htm
桐庐百鸣文化用品有限公司,http://www.11467.com/hangzhou/co/89289.htm
萧山市八达文化用品有限公司,http://www.11467.com/hangzhou/co/72191.htm
浙江新南方图书有限公司,http://www.11467.com/hangzhou/co/53903.htm
桐庐广源文化用品有限公司,http://www.11467.com/hangzhou/co/89285.htm
杭州宇果办公用品有限公司,http://www.11467.com/hangzhou/co/12177.htm
杭州利客礼品有限公司,http://www.11467.com/hangzhou/co/115877.htm
杭州天华图书有限公司,http://www.11467.com/hangzhou/co/42652.htm
浙江雄狮图书发行有限责任公司,http://www.11467.com/hangzhou/co/72216.htm
浙江音像发行公司皮市巷音像制品出租点,http://www.11467.com/hangzhou/co/12259.htm
浙江音像发行公司裕兴街音像制品出租点,http://www.11467.com/hangzhou/co/42679.htm
浙江省钱江报刊发行有限公司富阳发行站,http://www.11467.com/hangzhou/co/101569.htm
杭州每日便利连锁有限公司文一店,http://www.11467.com/hangzhou/co/183448.htm
建德市汇丰礼品有限公司,http://www.11467.com/hangzhou/co/116285.htm
杭州中天教育图书有限公司,http://www.11467.com/hangzhou/co/42677.htm
浙江省新闻实业公司,http://www.11467.com/hangzhou/co/201545.htm
杭州双马礼品有限公司,http://www.11467.com/hangzhou/co/113346.htm
浙江现代教育报刊发行有限公司,http://www.11467.com/hangzhou/co/53935.htm
河南鹤壁市大地文化用品有限公司浙纸经营部,http://www.11467.com/hangzhou/co/42676.htm
河池市金城江区勤工俭学公司发行部,http://www.11467.com/hechi/co/9419.htm
河池市鸿天现代办公设备文化用品有限公司,http://www.11467.com/hechi/co/6880.htm
安徽时信教育研究发展有限公司,http://www.11467.com/hefei/co/77105.htm
安徽省教育图书供应有限责任公司,http://www.11467.com/hefei/co/78603.htm
安徽百通文化用品有限公司,http://www.11467.com/hefei/co/8055.htm
安徽标准图书发行有限公司,http://www.11467.com/hefei/co/7990.htm
合肥东市区国华文化用品有限公司,http://www.11467.com/hefei/co/8071.htm
合肥林普办公用品有限公司,http://www.11467.com/hefei/co/22472.htm
合肥超更报刊贸易有限责任公司,http://www.11467.com/hefei/co/53984.htm
合肥皖教书刊发行有限公司,http://www.11467.com/hefei/co/8066.htm
衡水益新文化用品有限公司,http://www.11467.com/hengshui/co/1871.htm
衡水佳信文化用品有限公司,http://www.11467.com/hengshui/co/1877.htm
衡阳市新五一文现代办公用品有限公司蒸阳店,http://www.11467.com/hengyang/co/2661.htm
衡阳县新华通讯器材文化用品有限责任公司,http://www.11467.com/hengyang/co/8151.htm
衡阳市体育用品公司,http://www.11467.com/hengyang/co/2669.htm
无锡市体育用品公司淮安分公司,http://www.11467.com/huaian/co/1931.htm
洪泽县富华文化用品有限公司,http://www.11467.com/huaian/co/13390.htm
金湖县星达办公用品有限公司,http://www.11467.com/huaian/co/16448.htm
宿迁市俱进贸易有限公司,http://www.11467.com/huaian/co/32575.htm
淮安市楚州区启迪文化用品有限公司,http://www.11467.com/huaian/co/6608.htm
淮安市瑞峰礼品有限公司,http://www.11467.com/huaian/co/17573.htm
怀化金长城文化教育图书发行有限公司,http://www.11467.com/huaihua/co/9897.htm
怀化市弘德图书发行有限公司,http://www.11467.com/huaihua/co/10452.htm
罗田县校办企业服务公司,http://www.11467.com/huanggang/co/13053.htm
内蒙古恒洋帐簿文化用品有限责任公司,http://www.11467.com/huhehaote/co/15986.htm
内蒙古宏驰酒店办公用品有限公司装饰建材分公司,http://www.11467.com/huhehaote/co/6406.htm
内蒙古晴天月图书有限责任公司,http://www.11467.com/huhehaote/co/15981.htm
呼和浩特市太阳鸟文化用品有限责任公司,http://www.11467.com/huhehaote/co/6430.htm
呼和浩特市元昌文化用品公司,http://www.11467.com/huhehaote/co/15973.htm
呼和浩特市文博文化办公用品有限公司,http://www.11467.com/huhehaote/co/6432.htm
内蒙古语委奥林体育用品公司,http://www.11467.com/huhehaote/co/12865.htm
呼和浩特市都都文化用品有限公司,http://www.11467.com/huhehaote/co/12906.htm
呼和浩特市玉泉区蒙津文化用品公司,http://www.11467.com/huhehaote/co/15996.htm
惠州市翠莲轩艺术品有限公司,http://www.11467.com/huizhou/co/1926.htm
惠州市圣昊源工艺礼品有限公司,http://www.11467.com/huizhou/co/25238.htm
惠州市惠阳区永昌盛工艺礼品有限公司,http://www.11467.com/huizhou/co/24813.htm
葫芦岛市百兴文化办公用品有限公司,http://www.11467.com/huludao/co/1075.htm
吉安市洪鑫礼品服务有限公司,http://www.11467.com/jian/co/10235.htm
吉安市青原文化体育用品公司,http://www.11467.com/jian/co/1479.htm
江门市蓬江区多智行办公用品有限公司,http://www.11467.com/jiangmen/co/10531.htm
嘉兴市冠宇文化用品有限公司,http://www.11467.com/jiaxing/co/9392.htm
嘉兴市益鹏文化用品有限公司,http://www.11467.com/jiaxing/co/9381.htm
嘉峪关市科文图书有限责任公司,http://www.11467.com/jiayuguan/co/915.htm
吉林市北方文化用品有限公司,http://www.11467.com/jilinshi/co/23405.htm
济南建安科技图书有限公司,http://www.11467.com/jinan/co/15029.htm
济南蕙风办公用品有限公司,http://www.11467.com/jinan/co/3211.htm
济南市爱书人音像图书有限责任公司共青团路分公司,http://www.11467.com/jinan/co/15155.htm
济南远东音像图书有限公司,http://www.11467.com/jinan/co/15024.htm
济南舜洁办公用品有限责任公司科技市场分公司,http://www.11467.com/jinan/co/3229.htm
济南舜洁办公用品有限责任公司,http://www.11467.com/jinan/co/3199.htm
济南市爱书人音像图书有限责任公司花园路分公司,http://www.11467.com/jinan/co/38302.htm
济南兴业图书有限公司,http://www.11467.com/jinan/co/29284.htm
济南汇文图书发行有限公司,http://www.11467.com/jinan/co/3213.htm
济南市爱书人音像图书有限责任公司泉城路分公司,http://www.11467.com/jinan/co/3235.htm
济南市爱书人音像图书有限责任公司经四路分公司,http://www.11467.com/jinan/co/22491.htm
济南朋联办公用品有限公司历下分公司,http://www.11467.com/jinan/co/3233.htm
济南市爱书人音像图书有限责任公司天桥分公司,http://www.11467.com/jinan/co/29270.htm
山东山大图书有限公司,http://www.11467.com/jinan/co/38249.htm
济南文聚祥文化用品有限公司,http://www.11467.com/jinan/co/22567.htm
山东杏林图书有限公司,http://www.11467.com/jinan/co/15014.htm
济南钟玺莹工艺礼品有限公司,http://www.11467.com/jinan/co/59699.htm
山东天琴文化用品有限公司,http://www.11467.com/jinan/co/3241.htm
山东体院开发实业总公司体育用品公司,http://www.11467.com/jinan/co/3224.htm
山东百科书刊有限公司,http://www.11467.com/jinan/co/3195.htm
晋城市秋林书画院有限公司,http://www.11467.com/jincheng/co/15887.htm
晋城市鑫炫文化用品有限公司,http://www.11467.com/jincheng/co/753.htm
荆门市凯利达文化用品有限公司,http://www.11467.com/jingmen/co/2324.htm
金华市洪源文化用品有限公司,http://www.11467.com/jinhua/co/7954.htm
义乌市雷鸟文化用品有限公司,http://www.11467.com/jinhua/co/26321.htm
东阳市天一音像有限公司,http://www.11467.com/jinhua/co/31413.htm
义乌市明生文化用品有限公司,http://www.11467.com/jinhua/co/26301.htm
义乌市美意达文化用品有限公司,http://www.11467.com/jinhua/co/26284.htm
义乌市知音文化用品有限公司分公司,http://www.11467.com/jinhua/co/26299.htm
永康市新世纪文化用品有限公司,http://www.11467.com/jinhua/co/36608.htm
金华八婺网络销售有限公司,http://www.11467.com/jinhua/co/126723.htm
义乌市小鱼儿文化用品有限公司,http://www.11467.com/jinhua/co/26295.htm
义乌市创怀文化用品有限公司,http://www.11467.com/jinhua/co/26309.htm
义乌市海川文化用品有限公司,http://www.11467.com/jinhua/co/26272.htm
济宁市信义纸张销售有限公司,http://www.11467.com/jining/co/1985.htm
山东天源教育图书有限公司,http://www.11467.com/jining/co/19029.htm
济宁利百多办公用品有限公司,http://www.11467.com/jining/co/1986.htm
锦州瑞祥文化用品有限公司,http://www.11467.com/jinzhou/co/15903.htm
锦州报刊发行公司特价图书经销部,http://www.11467.com/jinzhou/co/11663.htm
酒泉市读来读去书刊发行有限责任公司,http://www.11467.com/jiuquan/co/2676.htm
开封市四海文化用品有限公司,http://www.11467.com/kaifeng/co/3001.htm
昆明浩文图书有限公司,http://www.11467.com/kunming/co/11277.htm
昆明翰林苑图书有限公司,http://www.11467.com/kunming/co/11280.htm
昆明宏鑫茂文化音像有限公司,http://www.11467.com/kunming/co/11023.htm
昆明秦川博艺图书有限公司,http://www.11467.com/kunming/co/11279.htm
昆明天堂鸟音像制品有限公司,http://www.11467.com/kunming/co/11251.htm
昆明海智玉书刊有限公司,http://www.11467.com/kunming/co/11281.htm
昆明天地佳誉图书发行有限公司,http://www.11467.com/kunming/co/11263.htm
昆明雅韵四星音像制品有限公司,http://www.11467.com/kunming/co/11002.htm
昆明紫竹文化图书有限公司,http://www.11467.com/kunming/co/11194.htm
昆明志成鑫图书有限公司,http://www.11467.com/kunming/co/11238.htm
昆明中谊图书有限公司,http://www.11467.com/kunming/co/11019.htm
昆明阶梯图书音像经营有限公司,http://www.11467.com/kunming/co/88308.htm
昆明学林图书有限公司,http://www.11467.com/kunming/co/11018.htm
昆明世发商贸有限公司,http://www.11467.com/kunming/co/90772.htm
昆明洪盛图书有限公司,http://www.11467.com/kunming/co/11249.htm
中唱音像有限责任公司云南分公司,http://www.11467.com/kunming/co/11010.htm
昆明宇智图书有限公司,http://www.11467.com/kunming/co/10975.htm
昆明建科图书有限公司,http://www.11467.com/kunming/co/11022.htm
云南三辰文化音像有限公司,http://www.11467.com/kunming/co/18509.htm
昆明英东文化图书有限公司,http://www.11467.com/kunming/co/11236.htm
莱芜玉华文化用品有限公司,http://www.11467.com/laiwu/co/2319.htm
三河市财隆文化用品有限公司,http://www.11467.com/langfang/co/20265.htm
廊坊科文轩图书有限公司,http://www.11467.com/langfang/co/3746.htm
香河浦香文化用品有限公司,http://www.11467.com/langfang/co/8383.htm
大城县华联音像制品销售有限公司,http://www.11467.com/langfang/co/11367.htm
兰州博瑞书刊发行有限公司,http://www.11467.com/lanzhou/co/4334.htm
兰州陇馨图书发行有限公司,http://www.11467.com/lanzhou/co/4336.htm
兰州冠群教育图书有限公司,http://www.11467.com/lanzhou/co/18447.htm
兰州大地图书发行有限公司,http://www.11467.com/lanzhou/co/4333.htm
兰州弘学图书发行有限公司,http://www.11467.com/lanzhou/co/4305.htm
甘肃文达图书发行有限公司,http://www.11467.com/lanzhou/co/4140.htm
甘肃省体育用品批发公司学生服专卖店,http://www.11467.com/lanzhou/co/18477.htm
甘肃华夏科教书刊发行有限公司,http://www.11467.com/lanzhou/co/4180.htm
兰州金鑫书刊发行有限公司,http://www.11467.com/lanzhou/co/4177.htm
兰州鸿雁图书发行有限责任公司,http://www.11467.com/lanzhou/co/4142.htm
甘肃永隆文化办公用品有限责任公司,http://www.11467.com/lanzhou/co/4221.htm
甘肃励行文化图书有限责任公司,http://www.11467.com/lanzhou/co/4175.htm
兰州学源理工科技图书有限公司,http://www.11467.com/lanzhou/co/18482.htm
兰州丹凤文化用品有限公司,http://www.11467.com/lanzhou/co/4325.htm
兰州先知桥图书发行有限公司,http://www.11467.com/lanzhou/co/4329.htm
甘肃书刊发行有限公司,http://www.11467.com/lanzhou/co/4169.htm
甘肃宝庆图书发行有限公司,http://www.11467.com/lanzhou/co/4138.htm
甘肃超学图书发行有限责任公司,http://www.11467.com/lanzhou/co/4168.htm
兰州体育乐器批发公司,http://www.11467.com/lanzhou/co/4316.htm
兰州北方图书发行有限公司,http://www.11467.com/lanzhou/co/4141.htm
甘肃新建书刊发行有限公司,http://www.11467.com/lanzhou/co/4182.htm
甘肃金文书刊发行有限责任公司,http://www.11467.com/lanzhou/co/4287.htm
甘肃天宇影视音像有限公司,http://www.11467.com/lanzhou/co/4303.htm
甘肃明生图书发行有限公司,http://www.11467.com/lanzhou/co/4144.htm
兰州高教图书有限公司,http://www.11467.com/lanzhou/co/26208.htm
兰州金科建图书发行有限公司,http://www.11467.com/lanzhou/co/4302.htm
兰州庆盛图书有限公司,http://www.11467.com/lanzhou/co/4328.htm
兰州东方图书发行有限公司,http://www.11467.com/lanzhou/co/4311.htm
甘肃卓利源图书发行有限公司,http://www.11467.com/lanzhou/co/4149.htm
兰州瑞泰文化用品有限公司,http://www.11467.com/lanzhou/co/4323.htm
甘肃开明图书发行有限公司,http://www.11467.com/lanzhou/co/4184.htm
兰州三人行书刊发行有限责任公司,http://www.11467.com/lanzhou/co/4309.htm
甘肃开益教育图书发行有限公司,http://www.11467.com/lanzhou/co/4322.htm
兰州金城图书发行有限责任公司,http://www.11467.com/lanzhou/co/4165.htm
兰州科佳办公用品有限责任公司,http://www.11467.com/lanzhou/co/4147.htm
甘肃新兰海音像有限责任公司,http://www.11467.com/lanzhou/co/85453.htm
甘肃昆仑图书发行有限公司,http://www.11467.com/lanzhou/co/4291.htm
兰州百利得办公用品有限公司,http://www.11467.com/lanzhou/co/2323.htm
兰州北辰图书发行有限公司,http://www.11467.com/lanzhou/co/4308.htm
兰州文飞图书有限公司,http://www.11467.com/lanzhou/co/4136.htm
西昌市恒通文化用品有限公司,http://www.11467.com/liangshan/co/2036.htm
东海县华友办公文化用品有限公司,http://www.11467.com/lianyungang/co/11725.htm
连云港市爱心办公用品有限公司,http://www.11467.com/lianyungang/co/6964.htm
赣榆县奥菲斯办公用品有限公司,http://www.11467.com/lianyungang/co/9201.htm
连云港市奔福礼品有限公司,http://www.11467.com/lianyungang/co/15816.htm
连云港市百惠办公用品有限公司,http://www.11467.com/lianyungang/co/5434.htm
聊城龙门图书有限公司,http://www.11467.com/liaocheng/co/1743.htm
辽阳市德佳办公用品有限公司,http://www.11467.com/liaoyang/co/4855.htm
辽阳市杰联办公用品有限公司,http://www.11467.com/liaoyang/co/4834.htm
临汾市尧都区庆奥礼品有限公司,http://www.11467.com/linfen/co/16567.htm
临汾市尧都区永泰文化用品有限公司,http://www.11467.com/linfen/co/832.htm
临汾市尧都区雨田现代文化用品有限公司,http://www.11467.com/linfen/co/845.htm
山东临沂新华图书贸易公司印刷物资分公司,http://www.11467.com/linyi/co/40229.htm
山东省临沂新华图书贸易公司,http://www.11467.com/linyi/co/41017.htm
山东一枝笔文化用品有限公司,http://www.11467.com/linyi/co/9431.htm
龙泉市群龙工艺礼品有限公司,http://www.11467.com/lishui/co/14139.htm
丽水市天天文化用品有限公司,http://www.11467.com/lishui/co/1100.htm
安徽徽风报刊营销网络有限责任公司六安分公司,http://www.11467.com/liuan/co/11717.htm
六安市百花图书有限公司,http://www.11467.com/liuan/co/9973.htm
六盘水义生文体办公用品有限公司,http://www.11467.com/liupanshui/co/3359.htm
柳州市瑞麟文化用品有限公司,http://www.11467.com/liuzhou/co/15862.htm
柳州市求逸文化用品有限责任公司,http://www.11467.com/liuzhou/co/7089.htm
龙岩市枫叶红图书文化用品有限公司,http://www.11467.com/longyan/co/10388.htm
龙岩市岩中文化用品有限公司,http://www.11467.com/longyan/co/10386.htm
娄底市四海图书文化有限公司,http://www.11467.com/loudi/co/11242.htm
临颍县教育用品发行服务公司,http://www.11467.com/luohe/co/13372.htm
洛阳力源图书有限公司,http://www.11467.com/luoyang/co/6813.htm
洛阳市文心书刊有限公司,http://www.11467.com/luoyang/co/6814.htm
洛阳市黑牡丹文具办公用品有限公司七里河分公司,http://www.11467.com/luoyang/co/12225.htm
洛阳市昆仑图书有限公司,http://www.11467.com/luoyang/co/6815.htm
洛阳市花城建筑图书有限公司,http://www.11467.com/luoyang/co/6780.htm
泸州回龙文化音像有限公司,http://www.11467.com/luzhou/co/4854.htm
泸州佳禾文化用品有限公司佳禾文具第二连锁店,http://www.11467.com/luzhou/co/1955.htm
泸州佳禾文化用品有限公司,http://www.11467.com/luzhou/co/1971.htm
马鞍山市现代文化体育用品公司,http://www.11467.com/maanshan/co/6496.htm
马鞍山市文华图书有限责任公司,http://www.11467.com/maanshan/co/4686.htm
茂名市兆业书刊有限公司,http://www.11467.com/maoming/co/1800.htm
茂名市中意文化有限公司,http://www.11467.com/maoming/co/1799.htm
绵阳新艺通音像制品有限公司,http://www.11467.com/mianyang/co/996.htm
江西春蕾图书发行有限公司,http://www.11467.com/nanchang/co/31145.htm
江西集成文化音像有限公司,http://www.11467.com/nanchang/co/7350.htm
江西华茂文化有限责任公司,http://www.11467.com/nanchang/co/60516.htm
江西省煊至堂文化艺术品有限公司,http://www.11467.com/nanchang/co/39230.htm
南昌高校教育图书有限公司,http://www.11467.com/nanchang/co/18172.htm
江西省科发职业教育图书发行有限公司,http://www.11467.com/nanchang/co/7401.htm
江西新宇文化用品有限公司,http://www.11467.com/nanchang/co/18114.htm
江西力天教育文化图书发行有限公司,http://www.11467.com/nanchang/co/7590.htm
江西隆盛文化实业有限公司,http://www.11467.com/nanchang/co/61859.htm
江西新文化教育图书有限公司,http://www.11467.com/nanchang/co/7391.htm
南昌市华富办公用品有限公司,http://www.11467.com/nanchang/co/7356.htm
江西省港鑫文化用品有限公司,http://www.11467.com/nanchang/co/18107.htm
南昌现代办公文化用品有限公司,http://www.11467.com/nanchang/co/31138.htm
江西省赣青教育图书发行有限公司,http://www.11467.com/nanchang/co/844.htm
南昌飞达办公文化用品有限公司,http://www.11467.com/nanchang/co/18199.htm
南昌市弘苑图书有限公司,http://www.11467.com/nanchang/co/18103.htm
南昌市万寿宫喜洋文化用品有限公司,http://www.11467.com/nanchang/co/18113.htm
南昌市文德广运书刊发行有限公司,http://www.11467.com/nanchang/co/40549.htm
江苏中少春雨教育图书有限公司,http://www.11467.com/nanjing/co/12848.htm
江苏大华音像有限公司,http://www.11467.com/nanjing/co/3626.htm
江苏南师大教材图书发行有限公司,http://www.11467.com/nanjing/co/12853.htm
南京九章教育图书有限责任公司,http://www.11467.com/nanjing/co/9000.htm
江苏大华音像有限公司第二分公司,http://www.11467.com/nanjing/co/3650.htm
南京惠友文化用品有限公司,http://www.11467.com/nanjing/co/11349.htm
南京胜享源礼品有限公司,http://www.11467.com/nanjing/co/20191.htm
南京书城图书有限公司,http://www.11467.com/nanjing/co/46029.htm
南京名顺文化办公用品有限公司,http://www.11467.com/nanjing/co/3649.htm
南京狮之韵礼品有限公司,http://www.11467.com/nanjing/co/21996.htm
南京英飒德礼品有限公司,http://www.11467.com/nanjing/co/20342.htm
南京新茂文化用品有限公司,http://www.11467.com/nanjing/co/11353.htm
南京丽贝佳办公用品有限公司,http://www.11467.com/nanjing/co/8922.htm
南京中友图书文化有限公司,http://www.11467.com/nanjing/co/48156.htm
南京科尔凯绣礼品销售有限公司,http://www.11467.com/nanjing/co/20500.htm
南京学府书刊有限公司,http://www.11467.com/nanjing/co/8994.htm
南宁市超发文化音像有限责任公司唐山路分店,http://www.11467.com/nanning/co/17951.htm
南宁市超发文化音像有限责任公司铁路分店,http://www.11467.com/nanning/co/17960.htm
广西博文图书有限责任公司,http://www.11467.com/nanning/co/36515.htm
南宁市典灏图书有限公司,http://www.11467.com/nanning/co/11270.htm
南宁市月湾礼品有限公司,http://www.11467.com/nanning/co/29334.htm
广西书艺图书发行有限公司,http://www.11467.com/nanning/co/11124.htm
南宁市超发文化音像有限责任公司民主路一分店,http://www.11467.com/nanning/co/11263.htm
南宁市超发文化音像有限责任公司星湖分店,http://www.11467.com/nanning/co/11178.htm
南宁市超发文化音像有限责任公司星湖分店,http://www.11467.com/nanning/co/11178.htm
南宁市超发文化音像有限责任公司白沙分店,http://www.11467.com/nanning/co/20329.htm
南宁市扩展图书发行有限责任公司,http://www.11467.com/nanning/co/11146.htm
南宁市超发文化音像有限责任公司,http://www.11467.com/nanning/co/3210.htm
南宁市超发文化音像有限责任公司建政路二分店,http://www.11467.com/nanning/co/11141.htm
南宁市书韵图书有限责任公司二分店,http://www.11467.com/nanning/co/17957.htm
南宁唯高图书批发有限责任公司,http://www.11467.com/nanning/co/11139.htm
广西南宁凯思建筑图书有限责任公司,http://www.11467.com/nanning/co/11153.htm
南宁市超发文化音像有限责任公司部联分店,http://www.11467.com/nanning/co/17956.htm
南宁市超发文化音像有限责任公司丽江小区分店,http://www.11467.com/nanning/co/20327.htm
广西桂邮图书发行有限公司,http://www.11467.com/nanning/co/11152.htm
南宁市邮政图书音像有限责任公司,http://www.11467.com/nanning/co/11135.htm
南宁市七星文化图书营销有限公司,http://www.11467.com/nanning/co/48223.htm
南宁市三剑堂图书发行有限公司,http://www.11467.com/nanning/co/11264.htm
南宁市超发文化音像有限责任公司果果分店,http://www.11467.com/nanning/co/11250.htm
南宁市超发文化音像有限责任公司宁发分店,http://www.11467.com/nanning/co/22500.htm
南宁市超发文化音像有限责任公司华西分店,http://www.11467.com/nanning/co/22443.htm
南宁市超发文化音像有限责任公司朝阳分店,http://www.11467.com/nanning/co/3127.htm
南宁市超发文化音像有限责任公司龙谣影音店,http://www.11467.com/nanning/co/11158.htm
南宁市甘露达书刊发行有限公司,http://www.11467.com/nanning/co/11125.htm
南宁市超发文化音像有限责任公司北湖分公司,http://www.11467.com/nanning/co/17958.htm
南宁市书韵图书有限责任公司,http://www.11467.com/nanning/co/11126.htm
南宁市超发文化音像有限责任公司平西路分店,http://www.11467.com/nanning/co/20316.htm
南宁吴亚办公用品有限公司,http://www.11467.com/nanning/co/11155.htm
广西万卷图书有限公司,http://www.11467.com/nanning/co/11251.htm
南宁紫河图文化交流有限公司,http://www.11467.com/nanning/co/55184.htm
南宁学风书刊有限公司,http://www.11467.com/nanning/co/11130.htm
南宁学思图书有限责任公司,http://www.11467.com/nanning/co/11128.htm
南宁市超发文化音像有限责任公司建政路分店,http://www.11467.com/nanning/co/11247.htm
南宁市野菊兰图书发行有限公司,http://www.11467.com/nanning/co/11147.htm
南宁市超发文化音像有限责任公司新阳分公司,http://www.11467.com/nanning/co/22457.htm
南宁市超发文化音像有限责任公司新阳一分店,http://www.11467.com/nanning/co/22582.htm
南宁市超发文化音像有限责任公司秀灵二分店,http://www.11467.com/nanning/co/17952.htm
南宁唐文电子图书有限公司,http://www.11467.com/nanning/co/11196.htm
南宁教普图书发行有限公司,http://www.11467.com/nanning/co/17950.htm
南宁市书韵图书有限责任公司一分店,http://www.11467.com/nanning/co/17962.htm
南宁市圣贤书文化图书有限责任公司,http://www.11467.com/nanning/co/11127.htm
南宁市超发文化音像有限责任公司新华路二分店,http://www.11467.com/nanning/co/3181.htm
南宁四轩科教办公用品有限公司第一经营部,http://www.11467.com/nanning/co/11156.htm
南宁市繁博文化图书有限公司,http://www.11467.com/nanning/co/11265.htm
南宁韬智图书有限公司,http://www.11467.com/nanning/co/11131.htm
南宁海彼图书有限责任公司,http://www.11467.com/nanning/co/11160.htm
南宁市超发文化音像有限责任公司西大分店,http://www.11467.com/nanning/co/17975.htm
南宁中研图书销售有限公司,http://www.11467.com/nanning/co/55100.htm
南宁市超发文化音像有限责任公司兴宁二分店,http://www.11467.com/nanning/co/3148.htm
南宁开明图书发行有限公司,http://www.11467.com/nanning/co/11254.htm
广西育才高等教育图书发行有限公司,http://www.11467.com/nanning/co/11241.htm
南宁英豪图书有限责任公司,http://www.11467.com/nanning/co/11187.htm
南宁市超发文化音像有限责任公司中华路分店,http://www.11467.com/nanning/co/17954.htm
南宁腾达融联书刊有限公司,http://www.11467.com/nanning/co/11138.htm
南宁市平克文化用品有限责任公司,http://www.11467.com/nanning/co/17953.htm
南宁国文图书发行有限责任公司,http://www.11467.com/nanning/co/11240.htm
南宁市超发文化音像有限责任公司聆听分店,http://www.11467.com/nanning/co/11151.htm
南宁接力图书发行有限责任公司,http://www.11467.com/nanning/co/11123.htm
南宁市世科图书发行有限公司,http://www.11467.com/nanning/co/11192.htm
南宁市创意图书报刊有限责任公司,http://www.11467.com/nanning/co/11248.htm
广西南宁词文图书有限公司,http://www.11467.com/nanning/co/11148.htm
南宁培育图书有限责任公司,http://www.11467.com/nanning/co/11144.htm
南通九九报刊发行速递有限公司,http://www.11467.com/nantong/co/11931.htm
南通市易事达现代办公用品有限公司,http://www.11467.com/nantong/co/20396.htm
南通天鸿现代办公用品有限公司,http://www.11467.com/nantong/co/11945.htm
南通新华报业有限公司,http://www.11467.com/nantong/co/78668.htm
启东市东疆文化用品有限公司,http://www.11467.com/nantong/co/30436.htm
启东市长城文化用品有限责任公司,http://www.11467.com/nantong/co/30437.htm
南通雅天礼品有限公司,http://www.11467.com/nantong/co/57356.htm
海门市百顺办公用品有限公司,http://www.11467.com/nantong/co/55114.htm
南通开发区新世纪会计文化用品有限公司,http://www.11467.com/nantong/co/11943.htm
如东县中百文化用品有限公司,http://www.11467.com/nantong/co/24296.htm
南阳市溪源文化用品有限责任公司中州路鞋业经销部,http://www.11467.com/nanyang/co/7910.htm
南阳市百货家电音像有限公司,http://www.11467.com/nanyang/co/9880.htm
宁波汉美米可乐办公用品有限公司,http://www.11467.com/ningbo/co/192.htm
宁波江东博路文具礼品有限公司,http://www.11467.com/ningbo/co/31605.htm
宁波文苑报刊批发有限公司,http://www.11467.com/ningbo/co/61770.htm
余姚市仰古俯今收藏品有限公司,http://www.11467.com/ningbo/co/201369.htm
慈溪上林古玩城经营服务有限公司,http://www.11467.com/ningbo/co/178027.htm
浙江耀江教育投资有限公司耀江教育书店,http://www.11467.com/ningbo/co/43698.htm
宁波庆泰文化用品有限公司梅墟分公司,http://www.11467.com/ningbo/co/188.htm
宁波市江东壹周礼品有限公司,http://www.11467.com/ningbo/co/31143.htm
石家庄一枫音像有限公司,http://www.11467.com/shijiazhuang/co/2467.htm
石家庄华泰音像有限责任公司,http://www.11467.com/shijiazhuang/co/19368.htm
石家庄市新力文化用品有限公司,http://www.11467.com/shijiazhuang/co/4628.htm
石家庄市思成办公用品有限公司,http://www.11467.com/shijiazhuang/co/14671.htm
石家庄市轩辕现代化办公用品有限公司,http://www.11467.com/shijiazhuang/co/10459.htm
十堰财信办公用品有限公司三堰分公司,http://www.11467.com/shiyan/co/1487.htm
十堰市展望贸易有限责任公司利生图书发行社,http://www.11467.com/shiyan/co/11323.htm
十堰市中百文化用品有限公司,http://www.11467.com/shiyan/co/11319.htm
随州市兴科文化用品有限公司,http://www.11467.com/suizhou/co/521.htm
宿迁市新得力办公用品有限公司,http://www.11467.com/suqian/co/1226.htm
宿迁市时代文化用品有限公司,http://www.11467.com/suqian/co/1234.htm
宿迁市晨辉现代办公用品有限公司,http://www.11467.com/suqian/co/1236.htm
宿迁市三元轩文化办公用品有限公司,http://www.11467.com/suqian/co/1224.htm
昆山市卓越文化用品有限公司,http://www.11467.com/suzhou/co/77483.htm
苏州红枫叶劳保文化用品有限公司,http://www.11467.com/suzhou/co/29432.htm
昆山金凯特劳保办公用品有限公司,http://www.11467.com/suzhou/co/77479.htm
昆山市旗舰办公用品有限公司,http://www.11467.com/suzhou/co/77423.htm
昆山鹏发办公用品有限公司,http://www.11467.com/suzhou/co/77409.htm
苏州利生体育文化用品有限公司,http://www.11467.com/suzhou/co/18598.htm
苏州美辰音像制品发行有限公司,http://www.11467.com/suzhou/co/4975.htm
太仓市凤翔文化用品有限公司,http://www.11467.com/suzhou/co/101176.htm
太仓市世通文化用品有限公司,http://www.11467.com/suzhou/co/101188.htm
太仓市新希望文化用品有限公司,http://www.11467.com/suzhou/co/101204.htm
太仓市美丽华文化用品有限公司,http://www.11467.com/suzhou/co/101139.htm
苏州时轮教育书刊有限公司,http://www.11467.com/suzhou/co/29433.htm
苏州市宏运现代办公用品有限公司,http://www.11467.com/suzhou/co/18631.htm
苏州力得办公用品有限公司,http://www.11467.com/suzhou/co/29443.htm
苏州天鼎办公用品有限公司,http://www.11467.com/suzhou/co/29444.htm
苏州天仪文化用品有限公司,http://www.11467.com/suzhou/co/29347.htm
苏州市建新文化办公用品有限公司,http://www.11467.com/suzhou/co/18608.htm
苏州市集成文化用品有限公司,http://www.11467.com/suzhou/co/18634.htm
苏州市新碟音像有限公司,http://www.11467.com/suzhou/co/4980.htm
苏州飞越体育文化用品有限公司,http://www.11467.com/suzhou/co/18627.htm
苏州东来仪百货文化用品有限公司景德店,http://www.11467.com/suzhou/co/13912.htm
苏州市新新办公用品有限公司,http://www.11467.com/suzhou/co/18629.htm
吴江市艳辉文化用品有限公司,http://www.11467.com/suzhou/co/92411.htm
山西金晖音像有限公司,http://www.11467.com/taiyuan/co/16956.htm
山西九通科技图文有限公司,http://www.11467.com/taiyuan/co/85061.htm
山西丽之源礼品有限责任公司,http://www.11467.com/taiyuan/co/38289.htm
山西双佳文化用品有限公司,http://www.11467.com/taiyuan/co/22086.htm
山西南方音像有限公司,http://www.11467.com/taiyuan/co/26759.htm
太原市上晋图书报刊有限公司,http://www.11467.com/taiyuan/co/73670.htm
太原金镭音像有限公司五一路分公司,http://www.11467.com/taiyuan/co/26768.htm
山西多维图书报刊发行有限公司,http://www.11467.com/taiyuan/co/22006.htm
公安部管理干部学院山西分院劳动服务公司书刊发行部,http://www.11467.com/taiyuan/co/30921.htm
太原市友用电力书业有限公司,http://www.11467.com/taiyuan/co/70263.htm
太原市智慧路图书批发有限公司,http://www.11467.com/taiyuan/co/70497.htm
山西文华书刊社（有限公司）,http://www.11467.com/taiyuan/co/45351.htm
山西音像制品发行公司,http://www.11467.com/taiyuan/co/22098.htm
太原市勤佳缘图书发行有限公司,http://www.11467.com/taiyuan/co/16923.htm
古交市翰林文化用品有限公司,http://www.11467.com/taiyuan/co/35556.htm
太原市智源书刊发行有限公司,http://www.11467.com/taiyuan/co/16950.htm
山西力源实业公司,http://www.11467.com/taiyuan/co/85457.htm
山西春雨实业有限公司,http://www.11467.com/taiyuan/co/80627.htm
太原市仟仕文化用品有限公司,http://www.11467.com/taiyuan/co/26773.htm
太原市瑞麟电子办公用品有限公司,http://www.11467.com/taiyuan/co/21999.htm
太原市书之源图书发行有限公司,http://www.11467.com/taiyuan/co/16920.htm
山西省工商联文化用品公司,http://www.11467.com/taiyuan/co/22090.htm
太原市三月图书有限公司,http://www.11467.com/taiyuan/co/16958.htm
山西羽达贸易有限公司,http://www.11467.com/taiyuan/co/46131.htm
太原市雅智书刊发行有限公司,http://www.11467.com/taiyuan/co/16922.htm
太原市恒欣礼品商贸有限公司,http://www.11467.com/taiyuan/co/38067.htm
太原市奇思源文化用品有限公司,http://www.11467.com/taiyuan/co/16949.htm
太原市富森办公用品有限公司,http://www.11467.com/taiyuan/co/22003.htm
山西新视野大学图书有限公司,http://www.11467.com/taiyuan/co/16916.htm
太原东晋华通办公用品有限公司,http://www.11467.com/taiyuan/co/10390.htm
太原市雅芝办公用品有限公司,http://www.11467.com/taiyuan/co/22084.htm
台州市环球文化用品有限公司,http://www.11467.com/taizhou/co/3865.htm
台州市黄岩鑫日工艺礼品有限公司,http://www.11467.com/taizhou/co/48238.htm
台州市吴氏礼品有限公司,http://www.11467.com/taizhou/co/46721.htm
台州市爱尚礼品有限公司,http://www.11467.com/taizhou/co/47165.htm
台州荣军礼品有限公司,http://www.11467.com/taizhou/co/48104.htm
台州市贝之佳礼品有限公司,http://www.11467.com/taizhou/co/46885.htm
兴化市兴达体育用品公司,http://www.11467.com/taizhoushi/co/9306.htm
江苏中录美华音像有限公司泰州分公司,http://www.11467.com/taizhoushi/co/4260.htm
泰州市文博图书有限公司,http://www.11467.com/taizhoushi/co/4263.htm
玉田县大恒电脑办公用品有限公司,http://www.11467.com/tangshan/co/28377.htm
天水玛丽文化用品有限责任公司,http://www.11467.com/tianshui/co/670.htm
开原市红麟纸业文化用品公司,http://www.11467.com/tieling/co/16153.htm
铜川市文达文化用品有限公司,http://www.11467.com/tongchuan/co/798.htm
通辽市文德书刊音像有限公司,http://www.11467.com/tongliao/co/8664.htm
山东省高密市强强工艺礼品有限公司,http://www.11467.com/weifang/co/45521.htm
潍坊名士饰界饰品有限公司礼品分公司,http://www.11467.com/weifang/co/45545.htm
潍坊光明实业联合总公司纸品批发部,http://www.11467.com/weifang/co/188.htm
潍坊三丰文化用品有限公司,http://www.11467.com/weifang/co/2273.htm
威海昊东文化用品有限公司,http://www.11467.com/weihai/co/7223.htm
威海琪圣文化用品有限公司,http://www.11467.com/weihai/co/7274.htm
威海市文教图书有限公司,http://www.11467.com/weihai/co/7216.htm
威海兰花文化用品有限公司,http://www.11467.com/weihai/co/7220.htm
威海阶梯图书有限公司,http://www.11467.com/weihai/co/7235.htm
渭南市文哲文化用品有限公司,http://www.11467.com/weinan/co/9955.htm
陕西百花办公用品有限公司,http://www.11467.com/weinan/co/7277.htm
温州市创佳文化用品有限公司,http://www.11467.com/wenzhou/co/7132.htm
温州市创佳文化用品有限公司飞霞经营部,http://www.11467.com/wenzhou/co/7006.htm
温州市电影公司音像制品第六门市部,http://www.11467.com/wenzhou/co/6894.htm
温州市蓝登图书有限公司,http://www.11467.com/wenzhou/co/7716.htm
温州经济技术开发区正大文化用品有限公司,http://www.11467.com/wenzhou/co/6935.htm
乐清市银鹰文化用品有限公司,http://www.11467.com/wenzhou/co/63035.htm
温州市电影公司音像制品第二服务部,http://www.11467.com/wenzhou/co/6876.htm
温州市华语工艺礼品有限公司,http://www.11467.com/wenzhou/co/75556.htm
温州市金伟办公用品有限公司,http://www.11467.com/wenzhou/co/7697.htm
温州市美华图书有限公司,http://www.11467.com/wenzhou/co/7016.htm
温州市鹿城纸张批发公司,http://www.11467.com/wenzhou/co/16089.htm
永嘉县恒发文化用品有限公司,http://www.11467.com/wenzhou/co/37379.htm
温州市银河音像有限公司横河连锁店,http://www.11467.com/wenzhou/co/6940.htm
温州市银河音像有限公司华平连锁店,http://www.11467.com/wenzhou/co/7094.htm
温州市银河音像有限公司阳光连锁店,http://www.11467.com/wenzhou/co/7107.htm
温州市银河音像有限公司长春连锁店,http://www.11467.com/wenzhou/co/7137.htm
温州市银河音像有限公司晓伟连锁店,http://www.11467.com/wenzhou/co/7139.htm
温州市银河音像有限公司大高连锁店,http://www.11467.com/wenzhou/co/6929.htm
温州市之音音像有限公司沧河连锁店,http://www.11467.com/wenzhou/co/6885.htm
温州市银河音像有限公司高田连锁店,http://www.11467.com/wenzhou/co/6919.htm
温州市之音音像有限公司武卫连锁店,http://www.11467.com/wenzhou/co/7123.htm
温州市银河音像有限公司十里亭连锁店,http://www.11467.com/wenzhou/co/6853.htm
温州市银河音像有限公司信河街连锁店,http://www.11467.com/wenzhou/co/7019.htm
温州市之音音像有限公司下寅连锁店,http://www.11467.com/wenzhou/co/6910.htm
温州市银河音像有限公司,http://www.11467.com/wenzhou/co/7101.htm
温州市之音音像有限公司飞鹿连锁店,http://www.11467.com/wenzhou/co/7130.htm
温州市之音音像有限公司甲里连锁店,http://www.11467.com/wenzhou/co/7104.htm
温州市之音音像有限公司凝霞连锁店,http://www.11467.com/wenzhou/co/7022.htm
温州市之音音像有限公司双井头连锁店,http://www.11467.com/wenzhou/co/6854.htm
温州市之音音像有限公司瑞信连锁店,http://www.11467.com/wenzhou/co/6886.htm
温州市之音音像有限公司丽田连锁店,http://www.11467.com/wenzhou/co/7687.htm
温州市之音音像有限公司银玲连锁店,http://www.11467.com/wenzhou/co/6883.htm
温州市之音音像有限公司长霞连锁店,http://www.11467.com/wenzhou/co/7102.htm
温州市之音音像有限公司怀霜连锁店,http://www.11467.com/wenzhou/co/7100.htm
温州市之音音像有限公司新村连锁店,http://www.11467.com/wenzhou/co/7119.htm
温州市之音音像有限公司谢池连锁店,http://www.11467.com/wenzhou/co/6858.htm
温州市之音音像有限公司茶绿连锁店,http://www.11467.com/wenzhou/co/6901.htm
温州市之音音像有限公司松林连锁店,http://www.11467.com/wenzhou/co/7052.htm
温州市之音音像有限公司站前连锁店,http://www.11467.com/wenzhou/co/7152.htm
温州市之音音像有限公司西湖连锁店,http://www.11467.com/wenzhou/co/6857.htm
温州市之音音像有限公司凤凰连锁店,http://www.11467.com/wenzhou/co/7120.htm
温州市之音音像有限公司龟湖连锁店,http://www.11467.com/wenzhou/co/7106.htm
温州市之音音像有限公司隆仁连锁店,http://www.11467.com/wenzhou/co/7093.htm
温州市之音音像有限公司百花连锁店,http://www.11467.com/wenzhou/co/6905.htm
永嘉县良声音像制品有限公司,http://www.11467.com/wenzhou/co/37369.htm
温州市阶梯文化有限公司,http://www.11467.com/wenzhou/co/96622.htm
湖北省社会科学院劳动服务公司书刊发行社,http://www.11467.com/wuhan/co/13702.htm
湖北政博书刊发行有限公司,http://www.11467.com/wuhan/co/17699.htm
湖北弘博书刊发行有限责任公司,http://www.11467.com/wuhan/co/18795.htm
湖北中楚图书发行有限公司,http://www.11467.com/wuhan/co/17724.htm
武汉长青藤文化有限公司,http://www.11467.com/wuhan/co/34464.htm
武汉九州教育书业有限公司,http://www.11467.com/wuhan/co/30460.htm
武汉贤圣图书有限公司,http://www.11467.com/wuhan/co/42002.htm
武汉星龙印宝办公用品有限公司,http://www.11467.com/wuhan/co/17733.htm
武汉凯成图书有限公司,http://www.11467.com/wuhan/co/30290.htm
湖北畅想源教育图书有限公司,http://www.11467.com/wuhan/co/22646.htm
武汉新华博克文化用品有限公司,http://www.11467.com/wuhan/co/4989.htm
武汉楚天龙恒通礼品有限公司,http://www.11467.com/wuhan/co/21647.htm
武汉天地出版物发行有限公司,http://www.11467.com/wuhan/co/48045.htm
湖北永富春图书发行有限公司,http://www.11467.com/wuhan/co/17700.htm
湖北东湖书刊发行有限公司,http://www.11467.com/wuhan/co/17643.htm
武汉九歌文化传播有限公司,http://www.11467.com/wuhan/co/36892.htm
武汉市三和图书有限责任公司,http://www.11467.com/wuhan/co/17696.htm
武汉市梯田文化图书发行有限责任公司,http://www.11467.com/wuhan/co/48820.htm
武汉光华图书有限公司,http://www.11467.com/wuhan/co/4988.htm
武汉市华信书刊销售有限公司,http://www.11467.com/wuhan/co/50642.htm
武汉市建伟文化用品有限公司,http://www.11467.com/wuhan/co/4990.htm
湖北博智文化教育传播有限公司,http://www.11467.com/wuhan/co/22959.htm
武汉市长风经典图书有限责任公司,http://www.11467.com/wuhan/co/17727.htm
武汉市高文图书有限公司,http://www.11467.com/wuhan/co/17685.htm
武汉天宝图书有限公司,http://www.11467.com/wuhan/co/48005.htm
武汉市中天文化传播有限公司,http://www.11467.com/wuhan/co/44004.htm
武汉环宇图书发行有限公司,http://www.11467.com/wuhan/co/17683.htm
武汉万晟教育文化发展有限公司,http://www.11467.com/wuhan/co/45461.htm
武汉市汉富文化用品有限公司,http://www.11467.com/wuhan/co/5024.htm
武汉市易俗图书有限公司,http://www.11467.com/wuhan/co/44398.htm
武汉树人教育咨询有限公司,http://www.11467.com/wuhan/co/43568.htm
武汉金成精工现代酒店办公用品有限公司,http://www.11467.com/wuhan/co/17729.htm
武汉楚源电力图书有限公司,http://www.11467.com/wuhan/co/17678.htm
芜湖市南方图书有限公司,http://www.11467.com/wuhu/co/1625.htm
无为县俊星音像制品销售有限公司,http://www.11467.com/wuhu/co/34114.htm
集宁市科源书刊发行有限责任公司,http://www.11467.com/wulanchabu/co/966.htm
乌盟环宇办公用品有限责任公司百货分公司,http://www.11467.com/wulanchabu/co/969.htm
乌鲁木齐市飞行图书有限公司,http://www.11467.com/wulumuqi/co/4939.htm
乌鲁木齐市旭阳文化有限公司,http://www.11467.com/wulumuqi/co/71294.htm
乌鲁木齐福路交通图书发行有限公司,http://www.11467.com/wulumuqi/co/4927.htm
乌鲁木齐世纪国立文化用品有限公司,http://www.11467.com/wulumuqi/co/5142.htm
新疆振达养殖有限公司,http://www.11467.com/wulumuqi/co/43618.htm
乌鲁木齐市畅啸图书有限公司,http://www.11467.com/wulumuqi/co/4924.htm
乌鲁木齐佳丽能文化用品有限公司,http://www.11467.com/wulumuqi/co/5141.htm
乌鲁木齐市天成音像制品有限责任公司,http://www.11467.com/wulumuqi/co/4866.htm
乌鲁木齐市文史书店有限责任公司,http://www.11467.com/wulumuqi/co/77812.htm
乌鲁木齐知海科教图书有限公司,http://www.11467.com/wulumuqi/co/4940.htm
新疆上佳音像制品有限公司,http://www.11467.com/wulumuqi/co/4875.htm
新疆法律图书音像制品发行有限公司,http://www.11467.com/wulumuqi/co/24571.htm
新疆萨吉亚图书发行有限公司,http://www.11467.com/wulumuqi/co/4874.htm
新疆天洋音像制品有限公司,http://www.11467.com/wulumuqi/co/28666.htm
乌鲁木齐市丽音音像制品有限公司,http://www.11467.com/wulumuqi/co/4880.htm
江阴市伟勤文化用品有限公司,http://www.11467.com/wuxi/co/70349.htm
江阴市柯信文化用品有限公司,http://www.11467.com/wuxi/co/70268.htm
无锡梁月文化办公用品有限公司,http://www.11467.com/wuxi/co/14446.htm
无锡玖顺文化用品有限公司,http://www.11467.com/wuxi/co/7721.htm
无锡市金鼎文办公用品有限公司,http://www.11467.com/wuxi/co/14402.htm
无锡市当代文化用品有限公司天鹰分公司,http://www.11467.com/wuxi/co/19345.htm
无锡市马江纸张文化用品有限公司,http://www.11467.com/wuxi/co/14399.htm
无锡市华健办公用品有限公司,http://www.11467.com/wuxi/co/14394.htm
宜兴市江南教育文化用品有限公司,http://www.11467.com/wuxi/co/88055.htm
宜兴市伯强文化用品有限公司,http://www.11467.com/wuxi/co/88048.htm
宜兴市苏源文化用品批发有限责任公司,http://www.11467.com/wuxi/co/88057.htm
无锡市雅博办公用品有限公司,http://www.11467.com/wuxi/co/19365.htm
无锡市世纪文化用品有限公司,http://www.11467.com/wuxi/co/50158.htm
无锡市天鼎音像制品有限公司,http://www.11467.com/wuxi/co/50148.htm
无锡天圣达文化艺术品有限公司,http://www.11467.com/wuxi/co/90471.htm
无锡市通惠办公用品公司,http://www.11467.com/wuxi/co/19344.htm
吴忠市三汇文化用品有限公司,http://www.11467.com/wuzhong/co/572.htm
梧州市新华贸易公司,http://www.11467.com/wuzhou/co/13557.htm
厦门市城际图书销售有限公司,http://www.11467.com/xiamen/co/19308.htm
福建康福工艺礼品有限公司,http://www.11467.com/xiamen/co/13514.htm
厦门嘉德礼品有限公司,http://www.11467.com/xiamen/co/9351.htm
厦门荟华出版物发行有限公司,http://www.11467.com/xiamen/co/21520.htm
厦门市追日礼品有限公司,http://www.11467.com/xiamen/co/11365.htm
厦门新艺礼品股份有限公司,http://www.11467.com/xiamen/co/13030.htm
厦门固艺水晶礼品有限公司,http://www.11467.com/xiamen/co/13268.htm
陕西博文图书发行有限公司,http://www.11467.com/xian/co/15097.htm
陕西步步高图书有限公司,http://www.11467.com/xian/co/4075.htm
陕西城市博览书刊发行有限公司,http://www.11467.com/xian/co/4073.htm
陕西华文图书有限公司,http://www.11467.com/xian/co/4019.htm
陕西青少年书刊音像发行公司,http://www.11467.com/xian/co/35604.htm
陕西学海书刊发行有限公司,http://www.11467.com/xian/co/4077.htm
陕西弘文教科图书有限公司,http://www.11467.com/xian/co/20511.htm
西安诺盛办公用品有限公司,http://www.11467.com/xian/co/339.htm
陕西旅游出版图书发行有限公司,http://www.11467.com/xian/co/9611.htm
陕西智源教育书刊有限公司,http://www.11467.com/xian/co/17793.htm
陕西省图书发行公司,http://www.11467.com/xian/co/9408.htm
西安汉龙图书有限公司,http://www.11467.com/xian/co/330.htm
西安骏马文化用品有限公司,http://www.11467.com/xian/co/331.htm
陕西百汇文化艺术发展公司,http://www.11467.com/xian/co/26806.htm
陕西锦绣人生图书有限责任公司,http://www.11467.com/xian/co/20429.htm
陕西经纬图书报刊发行有限公司,http://www.11467.com/xian/co/4086.htm
西安城东文化用品有限公司,http://www.11467.com/xian/co/333.htm
陕西省新版图书发行公司,http://www.11467.com/xian/co/4063.htm
西安挚友文化教育图书发行有限公司,http://www.11467.com/xian/co/303.htm
咸阳风入松文化用品有限公司,http://www.11467.com/xianyang/co/1401.htm
咸阳图个性礼品有限公司,http://www.11467.com/xianyang/co/12600.htm
西宁万鑫书业有限公司,http://www.11467.com/xining/co/20463.htm
西宁万鑫书业有限公司,http://www.11467.com/xining/co/20463.htm
西宁成辉建筑科技书刊有限公司,http://www.11467.com/xining/co/6741.htm
青海省侨佳音像有限公司,http://www.11467.com/xining/co/3472.htm
西宁博览图书有限公司,http://www.11467.com/xining/co/3474.htm
威县兴教文化用品有限公司,http://www.11467.com/xintai/co/17451.htm
邢台县文化用品有限责任公司,http://www.11467.com/xintai/co/2664.htm
邢台荣胜文化办公用品有限公司,http://www.11467.com/xintai/co/11671.htm
邢台市华文图书音像有限责任公司,http://www.11467.com/xintai/co/22.htm
南宫市华炬文化用品有限公司,http://www.11467.com/xintai/co/21235.htm
河北省邢台市百汇文化用品有限责任公司,http://www.11467.com/xintai/co/271.htm
邢台市清华园图书有限公司,http://www.11467.com/xintai/co/19.htm
新乡市鑫鑫音像有限公司,http://www.11467.com/xinxiang/co/159.htm
新乡市正声音像有限公司自由路店,http://www.11467.com/xinxiang/co/4755.htm
新乡市品质文化办公用品有限公司,http://www.11467.com/xinxiang/co/6308.htm
新余顺达文化用品有限公司,http://www.11467.com/xinyu/co/4025.htm
徐州新天地办公用品有限公司,http://www.11467.com/xuzhou/co/4418.htm
徐州市春华友谊商务礼品有限公司,http://www.11467.com/xuzhou/co/28424.htm
徐州市青年现代化办公用品有限公司,http://www.11467.com/xuzhou/co/7854.htm
丰县先锋席殊书屋有限公司,http://www.11467.com/xuzhou/co/47626.htm
徐州市九州文化体育用品公司贾汪分店,http://www.11467.com/xuzhou/co/10958.htm
新沂市恒升文化用品有限责任公司,http://www.11467.com/xuzhou/co/24792.htm
延边亚松金银首饰批发有限公司,http://www.11467.com/yanbian/co/5381.htm
盐城华腾书刊有限公司,http://www.11467.com/yancheng/co/49504.htm
盐城恒阳文化用品有限公司,http://www.11467.com/yancheng/co/18586.htm
盐城市大雄礼品有限公司,http://www.11467.com/yancheng/co/30379.htm
盐城国林风图书有限公司,http://www.11467.com/yancheng/co/7234.htm
滨海县永益文化用品有限公司,http://www.11467.com/yancheng/co/13803.htm
盐城书城图书有限公司,http://www.11467.com/yancheng/co/7233.htm
阜宁县财信文化办公用品有限公司,http://www.11467.com/yancheng/co/16197.htm
盐城雅丽办公用品有限公司,http://www.11467.com/yancheng/co/7246.htm
盐城九天礼品有限公司,http://www.11467.com/yancheng/co/30435.htm
阳江新新图书有限公司,http://www.11467.com/yangjiang/co/2608.htm
扬州百货站照相器材批发公司,http://www.11467.com/yangzhou/co/6321.htm
江都市华宇文化用品有限公司,http://www.11467.com/yangzhou/co/33591.htm
扬州市邗林物资公司联强文化用品批发站,http://www.11467.com/yangzhou/co/6328.htm
扬州市吉而好实业有限公司联强文化用品批发部,http://www.11467.com/yangzhou/co/6315.htm
江苏欧爱办公用品有限公司,http://www.11467.com/yangzhou/co/11025.htm
漳州市新影音像制品有限公司,http://www.11467.com/zhangzhou/co/6065.htm
漳州市跃发音像制品有限公司分公司,http://www.11467.com/zhangzhou/co/6063.htm
雷州市宏图贸易公司,http://www.11467.com/zhanjiang/co/17116.htm
湛江市鸿儒图书有限公司,http://www.11467.com/zhanjiang/co/3172.htm
湛江市大洋航海图书有限公司,http://www.11467.com/zhanjiang/co/3203.htm
湛江开发区捷思贸易有限公司,http://www.11467.com/zhanjiang/co/810.htm
湛江市霞山区席殊书屋有限公司,http://www.11467.com/zhanjiang/co/29195.htm
河南省邮电图书报刊音像公司批销部,http://www.11467.com/zhengzhou/co/86153.htm
河南省教育图书发行有限公司经营部,http://www.11467.com/zhengzhou/co/21469.htm
河南省新概念图书有限公司,http://www.11467.com/zhengzhou/co/35804.htm
河南新世纪图书发行有限公司,http://www.11467.com/zhengzhou/co/35743.htm
河南大作文化科技有限公司文史书店,http://www.11467.com/zhengzhou/co/83157.htm
郑州科建图书有限公司,http://www.11467.com/zhengzhou/co/21492.htm
郑州市中原图书发行公司,http://www.11467.com/zhengzhou/co/21629.htm
河南省新闻出版局劳动服务公司豫海书刊发行部,http://www.11467.com/zhengzhou/co/21416.htm
郑州市杨柳书刊销售有限公司,http://www.11467.com/zhengzhou/co/61338.htm
郑州博图文化传播有限公司,http://www.11467.com/zhengzhou/co/74905.htm
河南财联财经书刊发行公司,http://www.11467.com/zhengzhou/co/35838.htm
河南畅想源教育图书有限公司,http://www.11467.com/zhengzhou/co/81427.htm
郑州国美音像有限公司第一店,http://www.11467.com/zhengzhou/co/21515.htm
河南大作文化科技有限公司古籍书店,http://www.11467.com/zhengzhou/co/83156.htm
郑州韦可特办公用品有限公司,http://www.11467.com/zhengzhou/co/21437.htm
郑州国美音像有限公司,http://www.11467.com/zhengzhou/co/21517.htm
郑州国美音像有限公司第三店,http://www.11467.com/zhengzhou/co/21505.htm
郑州星火图书有限公司,http://www.11467.com/zhengzhou/co/21430.htm
郑州市丽德图书报刊营销有限公司,http://www.11467.com/zhengzhou/co/71726.htm
郑州市墨宝斋美术文化用品有限公司,http://www.11467.com/zhengzhou/co/21524.htm
郑州东华图书发行有限公司,http://www.11467.com/zhengzhou/co/21503.htm
郑州市鑫达图书有限公司,http://www.11467.com/zhengzhou/co/21449.htm
郑州商达照材文化用品有限公司,http://www.11467.com/zhengzhou/co/21512.htm
河南求知书刊有限公司二七店,http://www.11467.com/zhengzhou/co/21445.htm
郑州新思维图书发行有限公司,http://www.11467.com/zhengzhou/co/21456.htm
郑州学林图书销售有限公司蓝龙分公司,http://www.11467.com/zhengzhou/co/58268.htm
郑州易知林图书销售有限公司,http://www.11467.com/zhengzhou/co/55182.htm
郑州轩宏图书音像有限公司,http://www.11467.com/zhengzhou/co/21427.htm
郑州市新联办公用品有限公司,http://www.11467.com/zhengzhou/co/21513.htm
郑州百灵音像制品有限公司,http://www.11467.com/zhengzhou/co/21502.htm
郑州力健科贸有限公司,http://www.11467.com/zhengzhou/co/77286.htm
郑州高志科教图书有限公司,http://www.11467.com/zhengzhou/co/63140.htm
郑州市导航图书有限公司,http://www.11467.com/zhengzhou/co/21439.htm
郑州紫荆花图书发行有限公司,http://www.11467.com/zhengzhou/co/21452.htm
郑州晨阳音像制品有限公司,http://www.11467.com/zhengzhou/co/21477.htm
郑州阶梯图书发行有限公司,http://www.11467.com/zhengzhou/co/21618.htm
郑州市百货文化用品公司建设路批零商场,http://www.11467.com/zhengzhou/co/21425.htm
郑州师鸿教育图书有限公司,http://www.11467.com/zhengzhou/co/21523.htm
扬中市图书文化用品公司扬子路门市部,http://www.11467.com/zhenjiang/co/23649.htm
扬中市图书文化用品公司文化路门市部,http://www.11467.com/zhenjiang/co/23654.htm
镇江市华升文化办公用品有限公司,http://www.11467.com/zhenjiang/co/5155.htm
镇江博世图书有限公司,http://www.11467.com/zhenjiang/co/5124.htm
中山市华航文化用品有限公司沙溪店,http://www.11467.com/zhongshan/co/36916.htm
中山市华航文化用品有限公司竹苑店,http://www.11467.com/zhongshan/co/36901.htm
中山市音像制品公司,http://www.11467.com/zhongshan/co/36914.htm
中山市艺文文化用品有限公司,http://www.11467.com/zhongshan/co/36827.htm
中山市元一音像有限公司大信新都汇店,http://www.11467.com/zhongshan/co/36948.htm
广东省中山市供销公司,http://www.11467.com/zhongshan/co/36910.htm
珠海市莱苑文化用品有限公司,http://www.11467.com/zhuhai/co/18434.htm
珠海市同学同创文化用品有限公司,http://www.11467.com/zhuhai/co/18338.htm
驻马店市文博图书有限公司,http://www.11467.com/zhumadian/co/10261.htm
株洲真爱礼品有限公司,http://www.11467.com/zhuzhou/co/17592.htm
淄博安通经贸有限公司,http://www.11467.com/zibo/co/59281.htm
淄博稷下图书音像有限公司,http://www.11467.com/zibo/co/24119.htm
自贡市兴盛文化用品有限公司,http://www.11467.com/zigong/co/2447.htm
自贡十字口文化用品有限公司,http://www.11467.com/zigong/co/2650.htm
北京爱好音像制品有限公司,http://www.11467.com/beijing/co/476000.htm
北京八度空间音像有限公司,http://www.11467.com/beijing/co/600335.htm
北京奥维博世图书发行有限公司,http://www.11467.com/beijing/co/360859.htm
北京宝典阁图书有限公司,http://www.11467.com/beijing/co/496383.htm
北京本本图书有限公司,http://www.11467.com/beijing/co/600237.htm
北京标科技行业标准图书有限责任公司,http://www.11467.com/beijing/co/243001.htm
北京宝典斋图书有限公司,http://www.11467.com/beijing/co/360725.htm
北京春梓园图书有限责任公司,http://www.11467.com/beijing/co/360708.htm
北京辰萱文化用品有限公司,http://www.11467.com/beijing/co/63646.htm
北京东方智信办公用品有限公司,http://www.11467.com/beijing/co/64218.htm
北京大展宏图图书有限公司,http://www.11467.com/beijing/co/62881.htm
北京大地天宇图书有限责任公司,http://www.11467.com/beijing/co/62977.htm
北京博文人教图书有限公司,http://www.11467.com/beijing/co/600218.htm
北京歌华音像有限公司,http://www.11467.com/beijing/co/62946.htm
北京博通广达报刊发行有限责任公司,http://www.11467.com/beijing/co/666524.htm
北京大欣杰利图书有限责任公司,http://www.11467.com/beijing/co/666222.htm
北京朝阳天图电子信息图书发行有限公司,http://www.11467.com/beijing/co/63650.htm
北京和丰轩图书有限公司,http://www.11467.com/beijing/co/62863.htm
北京翰林苑图书有限责任公司,http://www.11467.com/beijing/co/243096.htm
北京汇泽纸张销售有限公司,http://www.11467.com/beijing/co/293649.htm
北京金色天平图书有限公司,http://www.11467.com/beijing/co/63617.htm
北京黑骏马报刊发行有限责任公司,http://www.11467.com/beijing/co/243102.htm
北京翠丽德办公用品有限责任公司,http://www.11467.com/beijing/co/496489.htm
北京科文剑桥图书有限公司,http://www.11467.com/beijing/co/243020.htm
北京东晶伟业文化用品有限责任公司,http://www.11467.com/beijing/co/194892.htm
北京精诚金石图书有限公司,http://www.11467.com/beijing/co/62983.htm
北京东方博苑图书有限公司,http://www.11467.com/beijing/co/63009.htm
北京鼎泰文化办公用品有限责任公司,http://www.11467.com/beijing/co/293645.htm
北京卡顿音像有限公司,http://www.11467.com/beijing/co/642420.htm
北京博雅静图书音像有限责任公司,http://www.11467.com/beijing/co/574630.htm
北京滇版图书有限公司,http://www.11467.com/beijing/co/360481.htm
北京光明海图书有限公司,http://www.11467.com/beijing/co/62923.htm
北京乘云阁图书有限公司,http://www.11467.com/beijing/co/559125.htm
北京北方京京书刊发行有限责任公司,http://www.11467.com/beijing/co/62839.htm
北京波澜高涨图书有限公司,http://www.11467.com/beijing/co/62950.htm
北京会文采扬图书有限公司,http://www.11467.com/beijing/co/523874.htm
北京风雅艺苑图书有限公司,http://www.11467.com/beijing/co/62982.htm
北京聪聪博士图书有限公司,http://www.11467.com/beijing/co/63638.htm
北京京文伟业文化用品有限公司,http://www.11467.com/beijing/co/475951.htm
北京经典文圣教育图书有限公司,http://www.11467.com/beijing/co/496375.htm
北京京丰博大办公用品有限公司,http://www.11467.com/beijing/co/293765.htm
北京佳誉图书有限公司,http://www.11467.com/beijing/co/63653.htm
北京华企经贸总公司书刊发行中心,http://www.11467.com/beijing/co/173956.htm
北京广博全图书有限公司,http://www.11467.com/beijing/co/642293.htm
北京多维空间图书有限公司,http://www.11467.com/beijing/co/360746.htm
北京德瑞驰办公用品有限公司,http://www.11467.com/beijing/co/62866.htm
北京翰海潮图书发行有限公司,http://www.11467.com/beijing/co/62879.htm
北京卡德现代办公用品公司,http://www.11467.com/beijing/co/642302.htm
北京京渝合纸张销售有限责任公司,http://www.11467.com/beijing/co/475954.htm
北京恒持文化发展有限公司,http://www.11467.com/beijing/co/697035.htm
北京金玉庄图书有限公司,http://www.11467.com/beijing/co/642284.htm
北京康乐欣文化用品有限公司,http://www.11467.com/beijing/co/174059.htm
北京金东海书刊有限公司,http://www.11467.com/beijing/co/63002.htm
北京金色嘉林图书发行有限公司,http://www.11467.com/beijing/co/62890.htm
