东莞市添瑞纺织品有限公司,http://www.11467.com/dongguan/co/508292.htm
长兴恒月无纺布有限公司,http://www.11467.com/lvliang/co/29499.htm
杭州立安防护用品有限公司,http://www.11467.com/hangzhou/co/373461.htm
无锡潘潘花边服饰有限公司,http://www.11467.com/chuzhou/co/20833.htm
上海娅菲服饰有限公司,http://www.11467.com/shanghai/co/880843.htm
上海大和新材料科技有限公司,http://www.11467.com/pingliang/co/9243.htm
江苏金秋弹性织物有限公司,http://www.11467.com/nantong/co/103489.htm
华兴商标印务有限公司,http://www.11467.com/dongguan/co/409738.htm
江门市蓬江区盈通塑胶制品有限公司,http://www.11467.com/jiangmen/co/85113.htm
上海潜鑫线带有限公司,http://www.11467.com/shnanhui/co/34462.htm
淮北赞誉塑胶艺品有限公司,http://www.11467.com/huaibei/co/12808.htm
枣庄市银丝纺织有限公司,http://www.11467.com/zaozhuang/co/29615.htm
青田县正腾金属饰品有限公司,http://www.11467.com/lishui/co/38696.htm
惠州市利达行五金刀具有限公司,http://www.11467.com/huizhou/co/96958.htm
青岛海娜花边有限公司,http://www.11467.com/qingdao/co/125350.htm
东莞市钮纽服装辅料有限公司,http://www.11467.com/dongguan/co/146806.htm
汕头市永佳诚织造实业有限公司,http://www.11467.com/guangzhou/co/456449.htm
佛山市南海德法内衣配件有限公司,http://www.11467.com/foshan/co/248441.htm
深圳亿美化纤制品有限公司,http://www.11467.com/shenzhen/co/118480.htm
东莞市鑫瀚服饰辅料有限公司,http://www.11467.com/dongguan/co/177722.htm
上海悦赢纺织有限公司,http://www.11467.com/shanghai/co/429258.htm
江门市江海区俊百机械有限公司,http://www.11467.com/jiangmen/co/102949.htm
鹤壁智华科技有限公司,http://www.11467.com/hebi/co/8612.htm
南通得利服饰用品有限公司,http://www.11467.com/nantong/co/63034.htm
浙江奥弘服饰有限公司,http://www.11467.com/hangzhou/co/312244.htm
上海硕翔塑胶有限公司,http://www.11467.com/guangzhou/co/189050.htm
长乐友源纺织有限公司,http://www.11467.com/fuzhou/co/158753.htm
嘉善永联无纺制品有限公司,http://www.11467.com/jiaxing/co/135019.htm
嘉兴贝安服饰有限公司,http://www.11467.com/jiaxing/co/92495.htm
石狮市集森针纺商贸有限公司,http://www.11467.com/quanzhou/co/147130.htm
南京波涛工艺品有限公司,http://www.11467.com/nanjing/co/66849.htm
嘉兴星悦服饰有限公司,http://www.11467.com/jiaxing/co/135184.htm
广州市赛如纸品有限公司,http://www.11467.com/guangzhou/co/433740.htm
威海金虎拉链有限公司驻福建办事处,http://www.11467.com/fuzhou/co/161670.htm
上海浔兴拉链制造有限公司,http://www.11467.com/hangzhou/co/227775.htm
博野县大隆衬布有限公司,http://www.11467.com/baoding/co/91664.htm
常州市宝德衬布有限公司,http://www.11467.com/changzhou/co/152841.htm
潮安县裕川工艺织带有限公司,http://www.11467.com/chaozhou/co/32156.htm
杭州嘉乔服饰辅料有限公司,http://www.11467.com/hangzhou/co/318249.htm
武汉市金鼎鹤服装材料有限公司,http://www.11467.com/wuhan/co/65304.htm
广州玛域仕花边有限公司,http://www.11467.com/guangzhou/co/701348.htm
梧州睿麟珠宝有限公司,http://www.11467.com/wuzhou/co/16050.htm
湖州领先丝带有限公司,http://www.11467.com/huzhou/co/34814.htm
南通依维嘉衬布有限公司,http://www.11467.com/nantong/co/103446.htm
宣城市新祥工艺绣品有限公司,http://www.11467.com/xuancheng/co/19851.htm
上海广晟服装辅料有限公司,http://www.11467.com/shanghai/co/212655.htm
湖州市菱湖佳呈丝绸带业有限公司,http://www.11467.com/huzhou/co/39488.htm
湖州恒新商标制带有限公司,http://www.11467.com/huzhou/co/48421.htm
惠州市三和印刷有限公司,http://www.11467.com/huizhou/co/74146.htm
宿迁市欧尚电子有限公司,http://www.11467.com/suqian/co/26841.htm
杭州拓路者服饰有限公司,http://www.11467.com/hangzhou/co/226566.htm
东莞市麦仕满机电有限公司,http://www.11467.com/dongguan/co/341993.htm
永嘉县博易五金有限公司,http://www.11467.com/wenzhou/co/329814.htm
广州市方泰电子有限公司,http://www.11467.com/guangzhou/co/211084.htm
义乌市欣鸿服装辅料有限公司,http://www.11467.com/jinhua/co/274831.htm
广州市鑫富塑胶有限公司,http://www.11467.com/guangzhou/co/193415.htm
厦门市闽泰隆工贸有限公司,http://www.11467.com/xiamen/co/93476.htm
太平洋拉链有限公司,http://www.11467.com/qingdao/co/186702.htm
深圳市德逸创科技有限公司,http://www.11467.com/shenzhen/co/813396.htm
广州市至信防伪科技有限公司,http://www.11467.com/guangzhou/co/207647.htm
广州市宏名纺织品有限公司,http://www.11467.com/guangzhou/co/195439.htm
广州海鑫无纺布实业有限公司,http://www.11467.com/guangzhou/co/132657.htm
东莞市东升机械有限公司,http://www.11467.com/dongguan/co/121109.htm
石家庄迪彬进出口有限公司,http://www.11467.com/shijiazhuang/co/161385.htm
无锡舒派服饰有限公司,http://www.11467.com/wuxi/co/250009.htm
苏州市华鸿拉链有限公司,http://www.11467.com/suzhou/co/401562.htm
东莞市焕彩服装辅料有限公司,http://www.11467.com/dongguan/co/614644.htm
瑞安市雅宝电子商务有限公司,http://www.11467.com/wenzhou/co/270761.htm
三力（福建）拉链有限公司,http://www.11467.com/zhangzhou/co/54800.htm
嘉兴长秋服饰有限公司,http://www.11467.com/jiaxing/co/135161.htm
石狮市青灿兴五金工艺品有限公司,http://www.11467.com/quanzhou/co/25854.htm
东莞市大器贸易有限公司,http://www.11467.com/dongguan/co/176262.htm
北京建侬体育用品有限公司,http://www.11467.com/beijing/co/341753.htm
东莞市腾辉无纺布科技有限公司,http://www.11467.com/dongguan/co/460271.htm
东莞市福盛元贸易有限公司,http://www.11467.com/dongguan/co/147912.htm
东莞市华聚服饰辅料有限公司,http://www.11467.com/dongguan/co/174591.htm
杭州颜悦服装辅料有限公司,http://www.11467.com/hangzhou/co/312080.htm
福清市翔宇针织有限公司,http://www.11467.com/dongguan/co/174294.htm
广野机械(福建）有限公司,http://www.11467.com/putian/co/24127.htm
扬州三星塑胶有限公司,http://www.11467.com/yangzhou/co/8209.htm
长沙市湘鼎百货有限公司,http://www.11467.com/changsha/co/77088.htm
扬州弘扬无纺布织造有限公司,http://www.11467.com/yangzhou/co/84641.htm
肇庆市嘉愉服装辅料有限公司,http://www.11467.com/zhaoqing/co/30816.htm
上海旻斯服饰辅料有限公司,http://www.11467.com/shanghai/co/735205.htm
上海盈实服饰有限公司,http://www.11467.com/shanghai/co/161472.htm
东莞市巨鼎硅胶制品有限公司,http://www.11467.com/dongguan/co/164219.htm
上海赛露达工贸有限公司,http://www.11467.com/shanghai/co/1050923.htm
深圳市鑫隆盛世实业有限公司,http://www.11467.com/shenzhen/co/961111.htm
东莞市莲盈无纺科技有限公司,http://www.11467.com/dongguan/co/131651.htm
上海可思服饰辅料有限公司,http://www.11467.com/shanghai/co/735254.htm
上海雨润经编织品有限公司,http://www.11467.com/shanghai/co/13917.htm
厦门市启兴商贸有限公司,http://www.11467.com/xiamen/co/56626.htm
安徽洋茂服饰有限公司,http://www.11467.com/hefei/co/164770.htm
无锡爱邦新型材料有限公司,http://www.11467.com/wuxi/co/140075.htm
上海雪妮实业有限公司,http://www.11467.com/shanghai/co/657387.htm
苍南赛雅工艺礼品有限公司,http://www.11467.com/baoding/co/91434.htm
温州新代印业有限公司,http://www.11467.com/baoding/co/91438.htm
东莞金达线业有限公司,http://www.11467.com/dongguan/co/146651.htm
常州振华服饰材料有限公司,http://www.11467.com/changzhou/co/94875.htm
厦门新丽敏服装辅料有限公司,http://www.11467.com/xiamen/co/85340.htm
东莞市博盈纺织有限公司,http://www.11467.com/dongguan/co/491856.htm
青岛祥泰服装辅料有限公司,http://www.11467.com/qingdao/co/78711.htm
广东康氏实业有限公司,http://www.11467.com/shantou/co/119426.htm
汕头市辉翔服装辅料有限公司,http://www.11467.com/shantou/co/144115.htm
中山市三信纺织品有限公司,http://www.11467.com/zhongshan/co/152804.htm
上海大棕服装服饰有限公司,http://www.11467.com/shanghai/co/661538.htm
厦门市瑞萌纺织有限公司,http://www.11467.com/xiamen/co/35895.htm
东莞市新创纽扣有限公司,http://www.11467.com/dongguan/co/414266.htm
北京顺兴商标有限公司,http://www.11467.com/beijing/co/174460.htm
扬州金丰新材料有限公司,http://www.11467.com/qiye/8289.htm
东莞市晋源祥塑胶五金电子有限公司,http://www.11467.com/dongguan/co/153992.htm
广州市旭腾服装辅料有限公司,http://www.11467.com/guangzhou/co/428478.htm
东莞市锦石服饰有限公司,http://www.11467.com/dongguan/co/66357.htm
东莞市盛强烫画服饰有限公司,http://www.11467.com/dongguan/co/334101.htm
苏州市北斗星工艺服饰有限公司,http://www.11467.com/suzhou/co/269996.htm
青岛北海京廷商贸有限公司,http://www.11467.com/qingdao/co/124846.htm
东莞市派奇刺绣礼品有限公司,http://www.11467.com/dongguan/co/164313.htm
东莞市鑫海针织布料有限公司,http://www.11467.com/dongguan/co/174112.htm
东莞市和创织带有限公司,http://www.11467.com/dongguan/co/170324.htm
东莞市盛易五金弹簧有限公司,http://www.11467.com/dongguan/co/139790.htm
东莞市百兆塑胶制品有限公司,http://www.11467.com/dongguan/co/143700.htm
东莞市杰利服装刺绣辅料有限公司,http://www.11467.com/dongguan/co/90057.htm
东莞市鸿海反光材料有限公司,http://www.11467.com/dongguan/co/496951.htm
东莞市新湘国五金有限公司,http://www.11467.com/dongguan/co/299895.htm
东莞市光众激光设备有限公司,http://www.11467.com/dongguan/co/482507.htm
东莞市来利反光材料有限公司,http://www.11467.com/dongguan/co/501515.htm
东莞市百椰椰纽扣制品有限公司,http://www.11467.com/dongguan/co/488175.htm
东莞市亨好塑胶原料有限公司,http://www.11467.com/dongguan/co/479080.htm
东莞市天宇拉链有限公司,http://www.11467.com/dongguan/co/411799.htm
东莞市美誉塑胶制品有限公司,http://www.11467.com/dongguan/co/537782.htm
东莞市迅捷印刷有限公司,http://www.11467.com/dongguan/co/145898.htm
东莞市顺意绣品有限公司,http://www.11467.com/dongguan/co/492396.htm
东莞市锦钻服饰有限公司,http://www.11467.com/dongguan/co/556664.htm
东莞市鑫美复合材料有限公司,http://www.11467.com/dongguan/co/557123.htm
东莞市新之雅工艺有限公司,http://www.11467.com/dongguan/co/175191.htm
东莞市宏阜实业有限公司,http://www.11467.com/dongguan/co/273760.htm
东莞市裕祥塑胶原料贸易有限公司,http://www.11467.com/dongguan/co/491075.htm
东莞市乐祥五金制品有限公司,http://www.11467.com/dongguan/co/300945.htm
东莞市梦想塑胶五金制品有限公司,http://www.11467.com/dongguan/co/184002.htm
东莞市深源线业有限公司,http://www.11467.com/dongguan/co/461778.htm
东莞市吉嘉塑胶制品有限公司,http://www.11467.com/dongguan/co/499924.htm
东莞市昊广实业有限公司,http://www.11467.com/dongguan/co/70099.htm
东莞市红发包装材料有限公司,http://www.11467.com/dongguan/co/199951.htm
雄县北方电脑商标织造有限公司,http://www.11467.com/baoding/co/80706.htm
