清河县利佳橡胶制品有限公司,http://www.11467.com/xintai/co/57411.htm
厦门鑫鹭耀橡塑有限公司,http://www.11467.com/xiamen/co/51174.htm
泰州市康建胶带有限公司,http://www.11467.com/taizhoushi/co/29060.htm
烟台特固塑胶有限公司,http://www.11467.com/yantai/co/125356.htm
广州嘉誉贸易有限公司,http://www.11467.com/guangzhou/co/141951.htm
济宁安信化工有限公司,http://www.11467.com/jining/co/1064.htm
烟台华忠华密封材料有限公司,http://www.11467.com/yantai/co/167578.htm
东营市尚德橡塑有限公司,http://www.11467.com/dongying/co/55211.htm
深圳市捷昕橡塑海绵有限公司,http://www.11467.com/shenzhen/co/1004073.htm
苏州澳科橡胶有限公司,http://www.11467.com/suzhou/co/376842.htm
东莞市义兴包装制品有限公司,http://www.11467.com/qiye/93413565.htm
苏州齐得工程塑料有限公司,http://www.11467.com/suzhou/co/356304.htm
常州一帛工业材料有限公司,http://www.11467.com/changzhou/co/153369.htm
中国深圳红叶杰科技有限公司,http://www.11467.com/shenzhen/co/820787.htm
深圳市南方兴业科技有限公司,http://www.11467.com/shenzhen/co/792729.htm
昆山骏鼎达电子科技有限公司,http://www.11467.com/suzhou/co/314661.htm
江阴市通源塑胶制品有限公司,http://www.11467.com/wuxi/co/274302.htm
深圳市鑫嘉泰包装制品有限公司,http://www.11467.com/shenzhen/co/267007.htm
深圳市华通盛投资发展有限公司,http://www.11467.com/shenzhen/co/811016.htm
石家庄鲁基商贸有限公司,http://www.11467.com/shijiazhuang/co/161236.htm
张家港市泓全日用品有限公司,http://www.11467.com/suzhou/co/356800.htm
苏州赛浦斯电子有限公司,http://www.11467.com/suzhou/co/324227.htm
深圳市绿德泡绵制品有限公司,http://www.11467.com/shenzhen/co/566363.htm
江阴市兴裕航空用品有限公司,http://www.11467.com/wuxi/co/274361.htm
高邮市江山消防设备有限公司,http://www.11467.com/yangzhou/co/34543.htm
河北盛达密封条有限公司,http://www.11467.com/xintai/co/105023.htm
深圳良志橡塑科技有限公司,http://www.11467.com/qiye/90446568.htm
石家庄卓奇机械科技有限公司,http://www.11467.com/shijiazhuang/co/149966.htm
洛阳市舟翔科贸有限公司,http://www.11467.com/luoyang/co/34257.htm
广州市天乙合成材料有限公司,http://www.11467.com/guangzhou/co/245999.htm
杭州天创注塑有限公司,http://www.11467.com/hangzhou/co/349434.htm
佛山市保亨化工有限公司,http://www.11467.com/foshan/co/337496.htm
东莞市亨嘉塑胶原料有限公司,http://www.11467.com/dongguan/co/410926.htm
东莞市锦然电子橡胶制品有限公司,http://www.11467.com/dongguan/co/535694.htm
无锡市申达纺织器材有限公司,http://www.11467.com/wuxi/co/23901.htm
清河县昌源塑胶件有限公司,http://www.11467.com/xintai/co/45802.htm
中山市新生制辊有限公司,http://www.11467.com/zhongshan/co/42130.htm
山东雷奥科技新材料有限公司,http://www.11467.com/weifang/co/142144.htm
河南硕越贸易有限公司,http://www.11467.com/zhengzhou/co/168347.htm
中山市鸿盛塑料色母有限公司,http://www.11467.com/zhongshan/co/147106.htm
景县燕赵橡塑管业有限责任公司,http://www.11467.com/qiye/13121.htm
山东松丽塑料制品有限公司,http://www.11467.com/qiye/93075664.htm
上海菩宇塑胶材料有限公司,http://www.11467.com/qiye/93070040.htm
云南斑斓体育设施有限公司,http://www.11467.com/kunming/co/137244.htm
广东居邦定制门窗配件有限公司,http://www.11467.com/guangzhou/co/753785.htm
天津勇泊源泡沫制品有限公司,http://www.11467.com/tianjin/co/222901.htm
台州市黄岩亨亚模业有限公司,http://www.11467.com/taizhou/co/146564.htm
河北华禄橡胶科技有限公司,http://www.11467.com/qiye/93357045.htm
中山市易升鞋材有限公司,http://www.11467.com/zhongshan/co/113892.htm
江苏易华人造草坪有限公司,http://www.11467.com/suqian/co/31482.htm
安庆金荣华玻璃纤维有限责任公司,http://www.11467.com/anqing/co/26984.htm
高碑店市岚胜皮具制品有限公司,http://www.11467.com/baoding/co/44493.htm
丹东东源环境塑料有限公司,http://www.11467.com/benxi/co/30184.htm
长春圣博玛生物材料有限公司,http://www.11467.com/changchun/co/81106.htm
大庆瑞好能源科技有限公司,http://www.11467.com/daqing/co/42074.htm
德阳金格瑞机电物资有限公司,http://www.11467.com/deyang/co/32806.htm
衡水奥达化工橡胶有限责任公司,http://www.11467.com/hengshui/co/25786.htm
捷盈塑膠電子（河源）有限公司,http://www.11467.com/heyuan/co/14793.htm
捷盈塑膠電子（河源）有限公司,http://www.11467.com/heyuan/co/14794.htm
湖北宏远环保再生资源有限公司,http://www.11467.com/huanggang/co/16286.htm
湖州锐奇运动用品有限公司,http://www.11467.com/huzhou/co/56095.htm
湖北省荆州市启源化工有限公司,http://www.11467.com/jingzhou/co/28570.htm
莱芜市东瑞润华工贸有限公司,http://www.11467.com/laiwu/co/9068.htm
山西离石实业贸易有限公司,http://www.11467.com/lvliang/co/14039.htm
南京盛鑫辊业有限公司,http://www.11467.com/nanjing/co/107733.htm
恒发养殖有限公司,http://www.11467.com/panjin/co/25428.htm
新兴县侨新塑料制品有限公司,http://www.11467.com/qitaihe/co/4663.htm
日照市岚山区百源塑料制品有限公司,http://www.11467.com/rizhao/co/16078.htm
迪凯科工贸有限公司,http://www.11467.com/shiyan/co/31165.htm
湖北省十堰智发贸易有限公司,http://www.11467.com/shiyan/co/31155.htm
郧县联发工贸有限公司,http://www.11467.com/shiyan/co/18958.htm
吉林省四平市晨兴涤纶有限公司总公司,http://www.11467.com/siping/co/31880.htm
宿迁市丰润塑业有限公司,http://www.11467.com/suqian/co/11600.htm
浙江海正生物材料股份有限公司,http://www.11467.com/taizhou/co/101823.htm
亿豪塑业回收公司,http://www.11467.com/tongchuan/co/8493.htm
无锡八一塑料有限公司,http://www.11467.com/wuxi/co/211468.htm
金戈贸易有限公司,http://www.11467.com/xiantao/co/14871.htm
奉化纳米多镀业有限公司,http://www.11467.com/ningbo/co/198762.htm
安徽荣华玻璃纤维有限公司,http://www.11467.com/anqing/co/35420.htm
河北烁奇纳米喷度设备有限公司,http://www.11467.com/cangzhou/co/62631.htm
常州市杰源塑胶有限公司,http://www.11467.com/changzhou/co/123460.htm
常州市优鼎塑料有限公司,http://www.11467.com/changzhou/co/123348.htm
常州市伟群塑料包装有限公司,http://www.11467.com/changzhou/co/97059.htm
常州市千帆塑业有限公司,http://www.11467.com/changzhou/co/124319.htm
百盈防静电制品有限公司,http://www.11467.com/dongguan/co/386062.htm
东莞市安恒五金有限公司,http://www.11467.com/dongguan/co/504709.htm
东莞市诺宝胶粘制品有限公司,http://www.11467.com/dongguan/co/396961.htm
东莞市现代保温材料有限公司,http://www.11467.com/dongguan/co/386542.htm
东莞市科弘鞋材有限公司,http://www.11467.com/dongguan/co/389990.htm
东莞市沃泰家用电器有限公司,http://www.11467.com/dongguan/co/476813.htm
东莞新东方科技有限公司,http://www.11467.com/dongguan/co/504015.htm
东莞新东方化工有限公司,http://www.11467.com/dongguan/co/78340.htm
鹏力科技有限公司樟木头分公司,http://www.11467.com/dongguan/co/229370.htm
佛山南国狼不锈钢装饰材料有限公司,http://www.11467.com/foshan/co/342147.htm
东弘金属表面处理有限公司,http://www.11467.com/fuzhou/co/182154.htm
广州市银沣高分子科技有限公司,http://www.11467.com/guangzhou/co/195069.htm
新光合成纤维股份有限公司,http://www.11467.com/guangzhou/co/403773.htm
桂林市兴安天成科技有限责任公司,http://www.11467.com/guilin/co/50809.htm
杭州依光热转印碳带有限公司,http://www.11467.com/hangzhou/co/299114.htm
河北创隆工程橡塑有限公司,http://www.11467.com/hengshui/co/30752.htm
淮北万源工贸有限责任公司,http://www.11467.com/huaibei/co/11265.htm
焦作河苑橡塑有限公司,http://www.11467.com/jiaozuo/co/26676.htm
景德镇宏柏化学科技有限公司,http://www.11467.com/jingdezhen/co/13418.htm
莱芜福莱尔国际贸易有限公司,http://www.11467.com/laiwu/co/9722.htm
前程顺达粉末公司,http://www.11467.com/langfang/co/34807.htm
青岛嘉特信金属制品有限公司,http://www.11467.com/qingdao/co/155001.htm
青岛玖琦精细化工有限责任公司,http://www.11467.com/qingdao/co/9961.htm
青岛长兴涂装有限公司,http://www.11467.com/qingdao/co/157178.htm
石狮市冠鑫反光材料有限公司,http://www.11467.com/quanzhou/co/132664.htm
德盛真空科技有限公司,http://www.11467.com/shenzhen/co/802958.htm
深圳市艺高德家居用品有限公司,http://www.11467.com/shenzhen/co/254146.htm
潍坊中旭高分子材料有限公司,http://www.11467.com/shenzhen/co/696838.htm
武汉蓝格包装材料有限公司,http://www.11467.com/wuhan/co/109390.htm
宜昌市福沃特科技有限公司,http://www.11467.com/yichang/co/44398.htm
天津易盛泰精密部件有限公司,http://www.11467.com/tianjin/co/200599.htm
厦门明事达工贸有限公司,http://www.11467.com/xiamen/co/114385.htm
安徽超声波科技有限公司,http://www.11467.com/hefei/co/144324.htm
嘉兴科瑞德防腐工程有限公司,http://www.11467.com/jiaxing/co/159958.htm
合肥韵徽橡塑有限公司,http://www.11467.com/qiye/29483455.htm
合肥汇东橡塑有限公司,http://www.11467.com/qiye/29688503.htm
安徽震源橡塑有限公司,http://www.11467.com/qiye/29912971.htm
佛山市科搏贸易有限公司,http://www.11467.com/foshan/co/244616.htm
佛山市东檑贸易有限公司,http://www.11467.com/foshan/co/256917.htm
广东佛山市德瑞星塑料材料有限公司,http://www.11467.com/foshan/co/288518.htm
佛山市顺德区鼎宇橡塑制品有限公司,http://www.11467.com/foshan/co/192366.htm
通盛电镀设备有限公司,http://www.11467.com/foshan/co/342937.htm
同业务公司,http://www.11467.com/foshan/co/290305.htm
亿特环保科技有限公司,http://www.11467.com/foshan/co/262327.htm
宏发橡塑有限公司,http://www.11467.com/foshan/co/288679.htm
礼捷不锈钢有限公司,http://www.11467.com/foshan/co/342148.htm
顺德区佳佳好塑料电器有限公司,http://www.11467.com/foshan/co/289991.htm
顺德区佳佳好塑料电器有限公司,http://www.11467.com/foshan/co/289992.htm
福州永聚塑胶鞋业有限公司,http://www.11467.com/fuzhou/co/158577.htm
福州金利达乳胶制造总公司,http://www.11467.com/fuzhou/co/158482.htm
兴利太平洋发展有限公司福州办事处,http://www.11467.com/fuzhou/co/158286.htm
广州风鹏新材料科技有限公司,http://www.11467.com/guangzhou/co/463941.htm
东毅实业发展有限公司,http://www.11467.com/guangzhou/co/403639.htm
广州市波斯塑胶颜料有限公司,http://www.11467.com/guangzhou/co/403198.htm
广州金福塑料包装有限公司,http://www.11467.com/guangzhou/co/403992.htm
广州市源朋隔热材料有限公司,http://www.11467.com/guangzhou/co/115631.htm
单晶硅收购有限公司,http://www.11467.com/ningbo/co/137702.htm
宁波市鄞州明月电梯部件有限公司,http://www.11467.com/ningbo/co/105160.htm
宁波昌祺塑料有限公司销售部222满,http://www.11467.com/ningbo/co/137009.htm
宁波市鄞州康宁科业工艺品有限公司,http://www.11467.com/ningbo/co/72915.htm
宁波市海曙明丰胶粘制品有限公司,http://www.11467.com/ningbo/co/51674.htm
宁波高光精密机械制造有限公司（行政部）,http://www.11467.com/ningbo/co/136749.htm
宁波天扬塑料电器有限公司,http://www.11467.com/ningbo/co/136654.htm
宁波宇翔塑料有限公司,http://www.11467.com/ningbo/co/136966.htm
宁波纳米多镀业有限公司,http://www.11467.com/ningbo/co/199019.htm
莆田市丰盛橡塑发泡鞋材有限公司,http://www.11467.com/putian/co/20621.htm
莆田市佳欣塑胶制品有限公司,http://www.11467.com/putian/co/20586.htm
山东物博国际经贸有限公司,http://www.11467.com/qingdao/co/118344.htm
青岛交河技工塑料有限公司-中国组,http://www.11467.com/qingdao/co/117917.htm
恩森<台州>化学有限公司 青岛分公司,http://www.11467.com/qingdao/co/155659.htm
青岛华恩化工有限公司公司,http://www.11467.com/qingdao/co/118741.htm
青岛鹏飞表面技术有限公司,http://www.11467.com/qingdao/co/155660.htm
青岛冠青橡胶有限公司销售部门,http://www.11467.com/qingdao/co/118581.htm
福建华兴塑料制品有限公司,http://www.11467.com/quanzhou/co/111917.htm
泉州华利塑胶有限公司,http://www.11467.com/quanzhou/co/9201.htm
泉州顺鑫国际快递公司,http://www.11467.com/quanzhou/co/101999.htm
泉州市华翔化工贸易有限公司,http://www.11467.com/quanzhou/co/7803.htm
汕头市集泰塑胶有限公司,http://www.11467.com/shantou/co/142017.htm
金牌橡塑实业有限公司,http://www.11467.com/shantou/co/142528.htm
汕头市集泰有限公司,http://www.11467.com/shantou/co/142016.htm
沈阳永欣达橡胶有限公司,http://www.11467.com/shenyang/co/77305.htm
辽宁森铁商贸有限公司,http://www.11467.com/shenyang/co/81113.htm
百恩得橡塑电子有限公司,http://www.11467.com/shenzhen/co/696302.htm
鼎泰橡塑制品(深圳)有限公司,http://www.11467.com/shenzhen/co/267506.htm
鸿福香港发展有限公司深圳办公室,http://www.11467.com/shenzhen/co/99290.htm
富德铭科技(深圳)有限公司（厂务部）,http://www.11467.com/shenzhen/co/503101.htm
华艺科技实业(深圳)有限公司,http://www.11467.com/shenzhen/co/804605.htm
华域精工有限公司,http://www.11467.com/shenzhen/co/694418.htm
贵州竹舟创业贸易有限公司,http://www.11467.com/shenzhen/co/699567.htm
韩国旭名商贸有限公司,http://www.11467.com/shenzhen/co/696153.htm
汉高乐泰股份（中国）有限公司,http://www.11467.com/shenzhen/co/372503.htm
深圳华林环保橡塑制品有限公司(业务部）,http://www.11467.com/shenzhen/co/692577.htm
润物商贸(香港)有限公司,http://www.11467.com/shenzhen/co/804603.htm
深圳华林环保橡塑制品有限公司,http://www.11467.com/shenzhen/co/268852.htm
瑞中瑞实业有限公司,http://www.11467.com/shenzhen/co/344106.htm
申鎮貿易公司,http://www.11467.com/shenzhen/co/251389.htm
深圳华林环保橡塑制品有限公司(销售部）,http://www.11467.com/shenzhen/co/692576.htm
深圳东成电子有限公司市场部,http://www.11467.com/shenzhen/co/693429.htm
深圳盛溢宏硅橡胶制品有限公司,http://www.11467.com/shenzhen/co/698451.htm
深圳金鑫防静电有限公司,http://www.11467.com/shenzhen/co/693453.htm
龙岗再生资源公司,http://www.11467.com/shenzhen/co/694908.htm
深圳市德瑞勤科技有限公司,http://www.11467.com/shenzhen/co/780571.htm
深圳华林环保橡塑制品有限公司(销售部2）,http://www.11467.com/shenzhen/co/692578.htm
深圳华林环保橡塑制品有限公司（销售部7）,http://www.11467.com/shenzhen/co/692580.htm
深圳市菲迪普橡塑机电有限公司塑胶制品分公司,http://www.11467.com/shenzhen/co/39885.htm
深圳市 福尔嘉橡塑有限公司,http://www.11467.com/shenzhen/co/698281.htm
深圳市奥得利科技有限公司,http://www.11467.com/shenzhen/co/766899.htm
深圳长园电子材料有限责任公司,http://www.11467.com/shenzhen/co/694412.htm
深圳市鸿塔电子材料有限公司,http://www.11467.com/shenzhen/co/387644.htm
深圳市鸿阳精密科电工业有限公司（业务部2）,http://www.11467.com/shenzhen/co/699530.htm
深圳市汇聚鑫塑胶有限公司,http://www.11467.com/shenzhen/co/692358.htm
深圳方实技术有限公司,http://www.11467.com/shenzhen/co/804604.htm
深圳市百事达卓越科技有限公司-销售部,http://www.11467.com/shenzhen/co/698262.htm
深圳市立来兴实业有限公司,http://www.11467.com/shenzhen/co/379327.htm
深圳市君志达包装材料有限公司（晶达塑胶五金厂）,http://www.11467.com/shenzhen/co/693119.htm
深圳市佳海鑫硅橡胶有限公司,http://www.11467.com/shenzhen/co/785273.htm
深圳市佳美化妆用具有限公司,http://www.11467.com/shenzhen/co/699574.htm
深圳铭典塑胶电子有限公司,http://www.11467.com/shenzhen/co/693529.htm
深圳市金鹏腾服饰制品有限公司,http://www.11467.com/shenzhen/co/700061.htm
深圳市泉辉橡塑制品有限公司,http://www.11467.com/shenzhen/co/700017.htm
深圳市盛雄硅胶科技有限公司,http://www.11467.com/shenzhen/co/698266.htm
深圳市迈科美电子科技有限公司,http://www.11467.com/shenzhen/co/784174.htm
深圳市吾乐塑胶电子有限公司,http://www.11467.com/shenzhen/co/356512.htm
深圳市华林环保橡塑制品有限公司(销售部）,http://www.11467.com/shenzhen/co/692579.htm
深圳市南大洋塑胶有限公司,http://www.11467.com/shenzhen/co/566614.htm
深圳市唯一矽橡胶模具有限公司（业务部）,http://www.11467.com/shenzhen/co/698413.htm
深圳市天成橡塑制品有限公司,http://www.11467.com/shenzhen/co/697918.htm
深圳市悦安塑胶制品有限公司,http://www.11467.com/shenzhen/co/263926.htm
深圳市知友膜技术有限公司,http://www.11467.com/shenzhen/co/696379.htm
文辉硅胶实业公司,http://www.11467.com/shenzhen/co/696299.htm
永一贸易有限公司,http://www.11467.com/shenzhen/co/699122.htm
深圳市协成亨吸塑有限公司,http://www.11467.com/shenzhen/co/698489.htm
中国深圳鄂龙腾科技有限公司销售部,http://www.11467.com/shenzhen/co/694155.htm
无锡市佳利达塑胶化工有限公司,http://www.11467.com/wuxi/co/46338.htm
无锡市永恒包装材料有限公司,http://www.11467.com/wuxi/co/183627.htm
厦门顺辉实业有限公司,http://www.11467.com/xiamen/co/78364.htm
厦门明钜科技有限公司,http://www.11467.com/xiamen/co/78874.htm
厦门兴致电子工业有限公司,http://www.11467.com/xiamen/co/77993.htm
厦门昊旺电子有限公司,http://www.11467.com/xiamen/co/78586.htm
厦门伟新电子有限公司,http://www.11467.com/xiamen/co/78286.htm
厦门金三角有限公司,http://www.11467.com/xiamen/co/78465.htm
塑胶工业有限公司,http://www.11467.com/xiamen/co/77785.htm
厦门联连宏工贸有限公司,http://www.11467.com/xiamen/co/69773.htm
厦门联畅海绵有限公司销售部,http://www.11467.com/xiamen/co/78028.htm
清河县亚安橡胶制品有限公司,http://www.11467.com/xintai/co/48759.htm
河北宏达橡胶密封组件有限公司,http://www.11467.com/xintai/co/38216.htm
新乡正元科技电源材料有限公司,http://www.11467.com/xinxiang/co/25983.htm
新乡市新达交通设施有限公司,http://www.11467.com/xinxiang/co/32550.htm
新乡正元科技电源材料有限公司,http://www.11467.com/xinxiang/co/25984.htm
河南钢玉实业有限公司,http://www.11467.com/xinxiang/co/25910.htm
新乡金兰橡塑有限责任公司,http://www.11467.com/xinxiang/co/25899.htm
徐州鑫翔玻璃钢复合材料有限公司,http://www.11467.com/xuzhou/co/61872.htm
盐城市利鑫矿山器材有限公司,http://www.11467.com/yancheng/co/47838.htm
扬州井源塑业有限公司,http://www.11467.com/yangzhou/co/88449.htm
扬州景泰表面精饰有限公司,http://www.11467.com/yangzhou/co/107923.htm
红日集团有限公司,http://www.11467.com/yantai/co/131934.htm
烟台亚兴胶辊有限公司销售科,http://www.11467.com/yantai/co/131732.htm
营口龙腾塑料有限公司,http://www.11467.com/yingkou/co/5889.htm
湖南山河塑胶机械有限公司,http://www.11467.com/yongzhou/co/19061.htm
肇庆市龙丰塑胶颜料有限公司,http://www.11467.com/zhaoqing/co/33961.htm
郑州市天需实业有限公司型材分公司,http://www.11467.com/zhengzhou/co/141497.htm
丹阳明柳塑料贸易有限公司,http://www.11467.com/zhenjiang/co/59680.htm
中山市南头镇钊记废旧物资回收有限公司,http://www.11467.com/zhongshan/co/113003.htm
中山市丹岚电子科技有限公司,http://www.11467.com/zhongshan/co/113527.htm
珠海市良岳贸易有限公司（业务部）,http://www.11467.com/zhuhai/co/86917.htm
遂平佳泰塑料制品有限公司,http://www.11467.com/zhumadian/co/23421.htm
淄博市春秋化工有限公司,http://www.11467.com/zibo/co/89006.htm
淄博帅正化工有限公司,http://www.11467.com/zibo/co/89139.htm
顶天塑胶有限公司,http://www.11467.com/zibo/co/89451.htm
北京狄氏保温橡塑制品有限公司,http://www.11467.com/beijing/co/569156.htm
北京宏洲兴泰雕塑有限公司,http://www.11467.com/beijing/co/224521.htm
北京日益创新信息技术有限公司,http://www.11467.com/beijing/co/137654.htm
北京华德广研密封件有限公司,http://www.11467.com/beijing/co/379645.htm
上海时尔迪塑胶科技股份有限公司,http://www.11467.com/shanghai/co/896029.htm
浙江帅凯鹏工贸有限公司,http://www.11467.com/jinhua/co/156320.htm
武汉工体体育设施有限公司,http://www.11467.com/wuhan/co/150942.htm
上海霄鸿实业有限公司,http://www.11467.com/shanghai/co/1067363.htm
河北大正瑞华橡塑管业有限公司,http://www.11467.com/qiye/20991267.htm
山东省奇能化工科技有限公司,http://www.11467.com/taian/co/64349.htm
菏泽美高建筑材料有限公司,http://www.11467.com/heze/co/50313.htm
河北盛达密封胶条有限公司,http://www.11467.com/xintai/co/75420.htm
宁波万盟新材料科技有限公司,http://www.11467.com/ningbo/co/230516.htm
深圳市富利康实业有限公司,http://www.11467.com/shenzhen/co/1036934.htm
青岛北方磐石油压机械哟普限公司,http://www.11467.com/qingdao/co/188153.htm
山东省林氏工贸实业有限公司,http://www.11467.com/linyi/co/133699.htm
北京导热绝缘材料科技有限公司,http://www.11467.com/beijing/co/763808.htm
河北永盛密封胶条有限公司,http://www.11467.com/xintai/co/106327.htm
北京帝依科技发展有限公司,http://www.11467.com/beijing/co/789965.htm
安庆市耀东橡塑有限责任公司,http://www.11467.com/qiye/29475347.htm
安徽绿锋橡塑有限公司,http://www.11467.com/qiye/29574411.htm
安徽正和橡塑合金有限公司,http://www.11467.com/qiye/29674346.htm
合肥市柏力橡塑发泡制品有限公司,http://www.11467.com/qiye/29826005.htm
北京隆轩橡塑有限公司,http://www.11467.com/qiye/29854227.htm
安徽亚鑫橡塑科技发展有限公司,http://www.11467.com/qiye/29936334.htm
安徽荣盛橡塑科技有限公司,http://www.11467.com/qiye/29994020.htm
上海宪阳电镀有限公司(SINCE 1993),http://www.11467.com/shanghai/co/1048692.htm
上海橡海国际贸易有限公司,http://www.11467.com/shanghai/co/535258.htm
上海展霖实业有限公司,http://www.11467.com/shanghai/co/535388.htm
上海英翼商贸有限公司,http://www.11467.com/shanghai/co/219506.htm
天津市金辉工贸有限公司,http://www.11467.com/tianjin/co/38366.htm
天津市瑞成津生精密机械零部件有限公司,http://www.11467.com/tianjin/co/179279.htm
天津物博再生资源物资回收有限公司,http://www.11467.com/tianjin/co/38374.htm
重庆市湘鹏科技有限公司,http://www.11467.com/chongqing/co/206321.htm
河北腾飞橡塑有限公司,http://www.11467.com/hengshui/co/44456.htm
雄县鹏帅乳胶制品有限公司,http://www.11467.com/baoding/co/95305.htm
天津市泽达橡塑制品有限公司,http://www.11467.com/tianjin/co/304197.htm
天津荣千商贸有限公司,http://www.11467.com/tianjin/co/304457.htm
河南冠昌阻尼材料制造有限公司,http://www.11467.com/xinxiang/co/40496.htm
北橡一轮胎有限公司,http://www.11467.com/beijing/co/434710.htm
泽能伟业（北京）科技有限公司,http://www.11467.com/beijing/co/381785.htm
上海创精吸塑包装模具有限公司销售部,http://www.11467.com/shanghai/co/810335.htm
上海德氟橡塑制品有限公司,http://www.11467.com/shanghai/co/978350.htm
上海比邻贸易有限公司,http://www.11467.com/shanghai/co/535020.htm
上海广御精密五金有限公司,http://www.11467.com/shanghai/co/1040137.htm
上海谈资制塑有限公司,http://www.11467.com/shanghai/co/328595.htm
东莞市德铭电子材料有限公司,http://www.11467.com/dongguan/co/388713.htm
川田光电科技有限公司,http://www.11467.com/dongguan/co/396127.htm
东莞聚利塑胶制品有限公司,http://www.11467.com/dongguan/co/389157.htm
东莞市集威贸易有限公司,http://www.11467.com/dongguan/co/500615.htm
东莞市科静磁电有限公司,http://www.11467.com/dongguan/co/71339.htm
东莞市建和塑胶有限公司,http://www.11467.com/dongguan/co/395096.htm
东莞市甲寅源新材料科技有限公司,http://www.11467.com/dongguan/co/512175.htm
东莞市金粒发塑料有限公司,http://www.11467.com/dongguan/co/419763.htm
东莞市金利源胶粘剂有限公司,http://www.11467.com/dongguan/co/387220.htm
东莞市顺达电子五金有限公司,http://www.11467.com/dongguan/co/392029.htm
东莞泽松硅胶制品有限公司,http://www.11467.com/dongguan/co/395784.htm
东莞市毅弘粘合胶制品有限公司,http://www.11467.com/dongguan/co/17598.htm
康明硅橡胶有限公司,http://www.11467.com/dongguan/co/385395.htm
杰宏硅橡胶有限公司,http://www.11467.com/dongguan/co/387145.htm
金创科实业有限公司,http://www.11467.com/dongguan/co/389606.htm
锦程塑胶制品有限公司,http://www.11467.com/dongguan/co/392272.htm
东莞忠佐有限公司,http://www.11467.com/dongguan/co/387999.htm
東莞合俊鞋材有限公司,http://www.11467.com/dongguan/co/386258.htm
三和塑胶制品有限公司,http://www.11467.com/dongguan/co/393500.htm
新荣新实业有限公司,http://www.11467.com/dongguan/co/396152.htm
東莞市優凱貿易有限公司,http://www.11467.com/dongguan/co/396803.htm
恒强橡胶制品有限公司,http://www.11467.com/dongguan/co/390649.htm
恒品橡塑五金电子有限公司,http://www.11467.com/dongguan/co/385698.htm
镇江市晨尔阳橡塑有限公司,http://www.11467.com/dongguan/co/386087.htm
东莞市风尚饰品有限公司,http://www.11467.com/dongguan/co/545655.htm
亚瑞塑胶原料有限公司,http://www.11467.com/dongguan/co/395158.htm
香港稳发集团公司,http://www.11467.com/dongguan/co/385781.htm
协兴鞋材贸易公司,http://www.11467.com/dongguan/co/392378.htm
恒迪鞋材有限公司,http://www.11467.com/guangzhou/co/402985.htm
侨兴股份有限公司,http://www.11467.com/guangzhou/co/404880.htm
深圳市迅泰实业有限公司商务,http://www.11467.com/guangzhou/co/404412.htm
贵州美联工贸有限公司,http://www.11467.com/guiyang/co/43427.htm
贵州华飞化学工业有限公司,http://www.11467.com/guiyang/co/83231.htm
哈尔滨海科科技有限公司,http://www.11467.com/haerbin/co/59301.htm
哈尔滨高盛轮胎有限公司,http://www.11467.com/haerbin/co/59410.htm
杭州嘉和材料科技有限公司,http://www.11467.com/hangzhou/co/373384.htm
杭州洪海工贸有限公司市场部,http://www.11467.com/hangzhou/co/298629.htm
杭州泰贺塑化有限公司,http://www.11467.com/hangzhou/co/153915.htm
建德市鑫禹五金工具有限公司,http://www.11467.com/hangzhou/co/349741.htm
浙江省杭州博策投资有限公司,http://www.11467.com/hangzhou/co/298140.htm
瑞康科技（杭州）有限公司,http://www.11467.com/hangzhou/co/133674.htm
山东力扬工贸有限公司杭州办事处销售部,http://www.11467.com/hangzhou/co/298747.htm
合肥春信电缆材料制品有限公司,http://www.11467.com/hefei/co/116252.htm
衡水圣杰化工公司,http://www.11467.com/hengshui/co/25633.htm
衡水浦汇化工有限公司,http://www.11467.com/hengshui/co/25494.htm
衡水佳兴橡胶有限公司,http://www.11467.com/hengshui/co/25554.htm
衡水润亨工程橡塑有限公司,http://www.11467.com/hengshui/co/25371.htm
宇昊塑胶有限公司,http://www.11467.com/huizhou/co/79785.htm
惠州市聚隆塑胶制品有限公司,http://www.11467.com/huizhou/co/24428.htm
【江门电镀厂】江门市兴邦金属表面处理有限公司,http://www.11467.com/jiangmen/co/115178.htm
骏龙(中国)贸易有限公司,http://www.11467.com/jiangmen/co/88577.htm
嘉兴永庆嘉塑板业有限公司,http://www.11467.com/jiaxing/co/90656.htm
嘉兴市宏佳塑料电器有限公司,http://www.11467.com/jiaxing/co/10289.htm
桐乡市华邦化工有限公司,http://www.11467.com/jiaxing/co/96154.htm
信诺塑料有限公司,http://www.11467.com/jieyang/co/26912.htm
揭阳市龙达实业有限公司,http://www.11467.com/jieyang/co/26981.htm
济南固英特橡胶有限公司,http://www.11467.com/jinan/co/108106.htm
山东阳光橡塑有限公司,http://www.11467.com/jining/co/53804.htm
云南森昌经贸有限公司,http://www.11467.com/kunming/co/118787.htm
利文磨具有限公司,http://www.11467.com/langfang/co/48421.htm
廊坊市新科体育塑胶有限公司,http://www.11467.com/langfang/co/3528.htm
沈阳志远恒通信息有限公司,http://www.11467.com/shenyang/co/77246.htm
创兴胶骨制品有限公司,http://www.11467.com/shenzhen/co/699230.htm
观澜塑胶颜料有限公司,http://www.11467.com/shenzhen/co/697672.htm
宏伟电子材料有限公司,http://www.11467.com/shenzhen/co/694520.htm
福建泉州建设扣具有限公司,http://www.11467.com/shenzhen/co/694761.htm
富联塑胶五金(深圳)有限公司,http://www.11467.com/shenzhen/co/693793.htm
东劲豪硅橡胶公司,http://www.11467.com/shenzhen/co/692915.htm
利扬精密塑胶模具有限公司,http://www.11467.com/shenzhen/co/697413.htm
红豪贸易有限公司,http://www.11467.com/shenzhen/co/694585.htm
广东普拉司塑料商务有限公司,http://www.11467.com/shenzhen/co/694786.htm
贺凯股份有限公司HOKEI,http://www.11467.com/shenzhen/co/694110.htm
佳奇塑胶五金模具有限公司,http://www.11467.com/shenzhen/co/699112.htm
上海宾荻电子科技有限公司,http://www.11467.com/shenzhen/co/797940.htm
利勇安硅胶有限公司,http://www.11467.com/shenzhen/co/695716.htm
精诚科技实业（香港）有限公司,http://www.11467.com/shenzhen/co/368118.htm
深圳龙宝盛橡塑制品有限公司,http://www.11467.com/shenzhen/co/692928.htm
深圳科士华电子科技有限公司观兰销售部,http://www.11467.com/shenzhen/co/699140.htm
深圳市分享文具有限公司,http://www.11467.com/shenzhen/co/615041.htm
卖点展示制作深圳有限公司,http://www.11467.com/shenzhen/co/699080.htm
荣昌模具钢材有限公司,http://www.11467.com/shenzhen/co/698957.htm
深圳市华大制品实业有限公司,http://www.11467.com/shenzhen/co/695048.htm
深圳市宝安区松岗创裕工业园创新公司,http://www.11467.com/shenzhen/co/693123.htm
深圳市竑发实业有限公司,http://www.11467.com/shenzhen/co/43481.htm
深圳市澳威实业有限公司,http://www.11467.com/shenzhen/co/696987.htm
深圳串邦包裝材料有限公司（銷售部門）,http://www.11467.com/shenzhen/co/694004.htm
深圳市建旭达塑胶颜料有限公司,http://www.11467.com/shenzhen/co/694811.htm
深圳市科宇光学有限公司,http://www.11467.com/shenzhen/co/698029.htm
深圳铭皓有机玻璃有限公司,http://www.11467.com/shenzhen/co/699584.htm
深圳市龙岗区合威实业有限公司电镀二部,http://www.11467.com/shenzhen/co/805965.htm
深圳市豪迈阵实业有限公司（橡胶部）,http://www.11467.com/shenzhen/co/498322.htm
深圳市科宏思科技有限公司,http://www.11467.com/shenzhen/co/472222.htm
深圳市龙岗区横岗众好眼镜材料公司,http://www.11467.com/shenzhen/co/698879.htm
深圳市龙鹏硅胶制品有限公司,http://www.11467.com/shenzhen/co/697423.htm
台州市华嘉塑业有限公司(广州代表处),http://www.11467.com/taizhou/co/102668.htm
台州荣江经贸公司,http://www.11467.com/taizhou/co/103063.htm
江苏省泰州市五星化学镀表面处理有限公司,http://www.11467.com/taizhoushi/co/50310.htm
江苏泰州五星化学镀制品有限公司,http://www.11467.com/taizhoushi/co/50447.htm
泰州五星纳米化学镀制品有限公司,http://www.11467.com/taizhoushi/co/50372.htm
江苏五星纳米化学镀制品有限公司,http://www.11467.com/taizhoushi/co/50448.htm
泰州市五星表面处理有限公司,http://www.11467.com/taizhoushi/co/50446.htm
泰州纳米化学镀制品有限公司,http://www.11467.com/taizhoushi/co/50449.htm
耐科科技有限公司,http://www.11467.com/tongling/co/12798.htm
多德利气动元件有限公司,http://www.11467.com/wenzhou/co/166654.htm
杭州隆鑫实业有限公司,http://www.11467.com/wenzhou/co/166680.htm
乐清奔龙绝缘器材有限公司,http://www.11467.com/wenzhou/co/166842.htm
上海烨搏橡塑有限公司,http://www.11467.com/shanghai/co/978309.htm
上海安东塑料模具有限公司,http://www.11467.com/shanghai/co/428442.htm
上海相融经贸有限公司,http://www.11467.com/shanghai/co/746270.htm
上海爵展贸易有限公司,http://www.11467.com/shanghai/co/534991.htm
上海佐圣电子科技有限公司,http://www.11467.com/shanghai/co/976576.htm
上海彰盛橡塑制品有限公司,http://www.11467.com/shanghai/co/168454.htm
上海宇纶塑胶制品有限公司,http://www.11467.com/shanghai/co/273993.htm
上海安娜丽斯化学分析有限公司,http://www.11467.com/shanghai/co/535108.htm
天津立岷鼎新塑料制品有限公司市场部,http://www.11467.com/tianjin/co/64418.htm
天津市地星泡绵科技开发有限公司业务部,http://www.11467.com/tianjin/co/146673.htm
天津华创嘉信科技有限公司,http://www.11467.com/tianjin/co/200600.htm
天津源朋科技有限公司,http://www.11467.com/tianjin/co/210743.htm
天津市三鼎化工贸易有限公司,http://www.11467.com/tianjin/co/200601.htm
重庆双龙塑料有限公司,http://www.11467.com/chongqing/co/195453.htm
重庆庆阳矿山设备有限公司,http://www.11467.com/chongqing/co/12991.htm
重庆友谊塑胶有限公司,http://www.11467.com/chongqing/co/36864.htm
谔谔 饿饿属有限公司,http://www.11467.com/tianjin/co/307206.htm
天津市海程橡塑制品有限公司,http://www.11467.com/tianjin/co/307266.htm
天津市华兴达塑业有限公司,http://www.11467.com/tianjin/co/307267.htm
天津革新贸易公司,http://www.11467.com/tianjin/co/310077.htm
深圳市怡富土科技有限公司,http://www.11467.com/tianjin/co/310079.htm
河北美格保温建材销售公司,http://www.11467.com/langfang/co/55893.htm
上海凯威特金属制品有限公司,http://www.11467.com/shnanhui/co/37623.htm
深圳市红金棋科技有限公司,http://www.11467.com/shenzhen/co/1060155.htm
东莞久通橡塑有限公司,http://www.11467.com/qiye/23351299.htm
赛可德（衡水）橡塑有限公司,http://www.11467.com/qiye/25559055.htm
东莞市志卓橡塑科技有限公司,http://www.11467.com/qiye/25808171.htm
包头市永恒聚氨脂橡塑有限公司,http://www.11467.com/qiye/26474255.htm
深圳市权铭欣科技有限公司,http://www.11467.com/shenzhen/co/1128879.htm
江阴晨瑞橡塑有限公司,http://www.11467.com/qiye/26741470.htm
东莞福群橡塑材料有限公司,http://www.11467.com/qiye/28263952.htm
高碑店市亚腾达橡塑有限公司,http://www.11467.com/qiye/28835794.htm
东莞图精橡塑有限公司,http://www.11467.com/qiye/28857891.htm
江苏永茂橡塑有限公司,http://www.11467.com/qiye/28870916.htm
诸暨市森繁橡塑科技有限公司,http://www.11467.com/qiye/28877761.htm
河北奥美斯橡塑绝热材料有限公司,http://www.11467.com/qiye/28914032.htm
天津景圣元胶管有限公司,http://www.11467.com/tianjin/co/310798.htm
安徽塔拉斯橡塑科技有限公司,http://www.11467.com/qiye/29304793.htm
宣城市莱尔特橡塑有限公司,http://www.11467.com/qiye/29309850.htm
安徽安菱橡塑有限公司,http://www.11467.com/qiye/29359735.htm
北京天元奥特橡塑有限公司九渡河组装分公司,http://www.11467.com/qiye/29381752.htm
安徽新之源橡塑科技有限公司,http://www.11467.com/qiye/29387659.htm
广德国宇橡塑科技有限公司,http://www.11467.com/qiye/29440963.htm
广德县远成橡塑科技有限公司,http://www.11467.com/qiye/29440973.htm
北京北方兴晟橡塑有限公司,http://www.11467.com/qiye/29453961.htm
宁国市睿普新锐橡塑科技有限公司,http://www.11467.com/qiye/29474680.htm
桐城市盛威橡塑有限公司,http://www.11467.com/qiye/29508915.htm
安徽源茂橡塑科技有限公司,http://www.11467.com/qiye/29510505.htm
芜湖金博橡塑科技有限公司,http://www.11467.com/qiye/29532430.htm
北京金辰炜业橡塑有限公司,http://www.11467.com/qiye/29548356.htm
北京万源祥橡塑技术开发有限公司朝阳分公司,http://www.11467.com/qiye/29554734.htm
合肥品相橡塑有限公司,http://www.11467.com/qiye/29556658.htm
安徽力创橡塑有限公司,http://www.11467.com/qiye/29557547.htm
北京景辉德诚橡塑有限公司,http://www.11467.com/qiye/29575280.htm
合肥星东橡塑有限公司,http://www.11467.com/qiye/29620648.htm
合肥创瑞达橡塑有限公司,http://www.11467.com/qiye/29626328.htm
广德华鸣橡塑科技有限公司,http://www.11467.com/qiye/29630981.htm
芜湖昌祥橡塑有限公司,http://www.11467.com/qiye/29661951.htm
芜湖诺博橡塑工业有限公司,http://www.11467.com/qiye/29663665.htm
马鞍山市正成橡塑有限公司花山经营部,http://www.11467.com/qiye/29671349.htm
宣城市时新橡塑有限公司,http://www.11467.com/qiye/29692864.htm
郎溪奥林匹亚橡塑材料有限公司,http://www.11467.com/qiye/29702669.htm
宁国市中拓橡塑科技有限公司,http://www.11467.com/qiye/29718870.htm
宁国市华恒橡塑套管有限公司,http://www.11467.com/qiye/29719095.htm
广德佳耐特橡塑销售有限公司,http://www.11467.com/qiye/29757735.htm
宁国市国瑞橡塑零部件有限公司,http://www.11467.com/qiye/29762566.htm
合肥华海橡塑有限公司,http://www.11467.com/qiye/29787344.htm
北京燕山和成橡塑新材料有限公司,http://www.11467.com/qiye/29790731.htm
芜湖明湖橡塑有限公司,http://www.11467.com/qiye/29792091.htm
安徽凯德橡塑有限公司,http://www.11467.com/qiye/29816057.htm
芜湖日新橡塑科技有限公司,http://www.11467.com/qiye/29846951.htm
芜湖成功橡塑有限公司,http://www.11467.com/qiye/29857365.htm
北京荣华祥瑞橡塑有限公司,http://www.11467.com/qiye/29865326.htm
繁昌县橡源驰晨橡塑科技有限公司,http://www.11467.com/qiye/29883267.htm
合肥友源橡塑有限公司,http://www.11467.com/qiye/29888357.htm
铜陵安成橡塑有限公司,http://www.11467.com/qiye/29893500.htm
合肥仕翔橡塑有限公司,http://www.11467.com/qiye/29925284.htm
宁国市密科生橡塑销售有限公司,http://www.11467.com/qiye/29967135.htm
马鞍山华泰橡塑有限公司,http://www.11467.com/qiye/29988809.htm
上海和众橡塑科技有限公司,http://www.11467.com/qiye/60143876.htm
台州荣双橡塑贸易有限公司,http://www.11467.com/qiye/60309562.htm
上海晟怡橡塑科技有限公司,http://www.11467.com/qiye/60516586.htm
武汉市新争光橡塑有限公司,http://www.11467.com/qiye/60629282.htm
浙江龙泉晟一橡塑有限公司,http://www.11467.com/qiye/60852460.htm
景县旭恒橡塑科技有限公司,http://www.11467.com/qiye/60890720.htm
河北昊鸿工程橡塑有限公司,http://www.11467.com/qiye/61047661.htm
四川康瑞橡塑有限公司,http://www.11467.com/qiye/61090081.htm
东莞市双聚橡塑有限公司,http://www.11467.com/qiye/61109386.htm
乐欧（上海）橡塑科技发展有限公司,http://www.11467.com/qiye/61139725.htm
上海亚启橡塑科技有限公司,http://www.11467.com/qiye/61217120.htm
潍坊盛鑫橡塑科技有限公司,http://www.11467.com/qiye/61260908.htm
上海悦昌橡塑五金有限公司,http://www.11467.com/qiye/61471368.htm
宁波星峰茂橡塑有限公司,http://www.11467.com/qiye/61542285.htm
玉环铭扬橡塑有限公司,http://www.11467.com/qiye/61617429.htm
河北百益橡塑材料制品有限公司,http://www.11467.com/qiye/61691766.htm
兰溪市益源橡塑有限公司,http://www.11467.com/qiye/61763168.htm
泰州市红光橡塑五金有限公司,http://www.11467.com/qiye/61968533.htm
秦皇岛薪化橡塑有限公司,http://www.11467.com/qiye/62040699.htm
山东盈科橡塑科技有限公司,http://www.11467.com/qiye/62043299.htm
三门万赢橡塑有限公司,http://www.11467.com/qiye/62087344.htm
宁海县伟梁橡塑有限公司,http://www.11467.com/qiye/62148146.htm
东莞市志腾橡塑科技有限公司,http://www.11467.com/qiye/62186588.htm
咸阳嘉辉橡塑有限责任公司,http://www.11467.com/qiye/62363031.htm
上海有望橡塑有限公司,http://www.11467.com/qiye/62933066.htm
苏州彩威橡塑材料有限公司,http://www.11467.com/qiye/63104898.htm
上海励盛橡塑有限公司,http://www.11467.com/qiye/63284430.htm
佛山市三水品和橡塑科技有限公司,http://www.11467.com/qiye/63297973.htm
上海厉钻橡塑五金有限公司,http://www.11467.com/qiye/63343184.htm
浙江希克圣橡塑有限公司,http://www.11467.com/qiye/63399855.htm
青岛巨森高科橡塑有限公司,http://www.11467.com/qiye/63475476.htm
望江瑞晨橡塑制造有限公司,http://www.11467.com/qiye/63504797.htm
上海道泉橡塑有限公司,http://www.11467.com/qiye/63543425.htm
福建信明橡塑有限公司,http://www.11467.com/qiye/63573832.htm
沈阳永信橡塑有限公司,http://www.11467.com/qiye/63584618.htm
昆山程凯立橡塑五金有限公司,http://www.11467.com/qiye/63589747.htm
三门县好启橡塑有限公司,http://www.11467.com/qiye/63616843.htm
河北胜腾橡塑科技有限公司,http://www.11467.com/qiye/63655169.htm
三门县二龙橡塑有限公司,http://www.11467.com/qiye/75417351.htm
上海陈惠橡塑有限公司,http://www.11467.com/qiye/75656387.htm
温州上森橡塑有限公司,http://www.11467.com/qiye/75726308.htm
玉环舒慧橡塑有限公司,http://www.11467.com/qiye/75726309.htm
东莞市精涛橡塑材料有限公司,http://www.11467.com/qiye/75726310.htm
深圳恒美橡塑装备有限公司,http://www.11467.com/qiye/76101474.htm
嘉善书恒橡塑销售有限公司,http://www.11467.com/qiye/76131686.htm
宁波强弘橡塑有限公司,http://www.11467.com/qiye/76186545.htm
泉州市安平橡塑科技有限公司,http://www.11467.com/qiye/76192084.htm
宜兴市宜宁橡塑材料有限公司,http://www.11467.com/qiye/76244372.htm
东莞市旗雄橡塑科技有限公司,http://www.11467.com/qiye/76307620.htm
浙江泰泰橡塑科技有限公司,http://www.11467.com/qiye/76474718.htm
东莞市宏信橡塑材料有限公司,http://www.11467.com/qiye/76542109.htm
无锡宜融橡塑科技有限公司,http://www.11467.com/qiye/76615454.htm
石家庄全领橡塑有限公司,http://www.11467.com/qiye/76761108.htm
宁波繁德奇霖橡塑有限公司,http://www.11467.com/qiye/76948063.htm
宁波拓展橡塑有限公司,http://www.11467.com/qiye/76961106.htm
常州市金冠橡塑有限公司,http://www.11467.com/qiye/76967852.htm
邢台犇盛橡塑科技有限公司,http://www.11467.com/qiye/77025801.htm
江苏明科精密橡塑科技有限公司,http://www.11467.com/qiye/77084510.htm
邯郸市永年区双鑫橡塑有限公司,http://www.11467.com/qiye/77121175.htm
青岛鼎旭橡塑有限公司,http://www.11467.com/qiye/77126316.htm
上海寸晖橡塑材料有限公司,http://www.11467.com/qiye/77205072.htm
青岛驰航橡塑工贸有限公司,http://www.11467.com/qiye/77427435.htm
上海魔迪橡塑科技有限公司,http://www.11467.com/qiye/77482021.htm
龙口市业涛橡塑有限公司,http://www.11467.com/qiye/77543386.htm
高安亚中橡塑有限公司,http://www.11467.com/qiye/77644897.htm
河南省佳庆橡塑有限责任公司,http://www.11467.com/qiye/77766146.htm
宁波宝之城橡塑有限公司,http://www.11467.com/qiye/77912454.htm
东海橡塑（上海）国际物流有限公司,http://www.11467.com/qiye/78196878.htm
余姚市海丰橡塑电器有限公司,http://www.11467.com/qiye/78315315.htm
衡水宏金橡塑贸易有限公司,http://www.11467.com/qiye/78330992.htm
曲沃县华沃橡塑有限公司,http://www.11467.com/qiye/78362559.htm
宁波康顺橡塑有限公司,http://www.11467.com/qiye/78477576.htm
宁波佳乐特橡塑机电有限公司,http://www.11467.com/qiye/78477577.htm
上海矗岭橡塑机械制造有限公司,http://www.11467.com/qiye/78794999.htm
上海迪胜橡塑机械有限公司,http://www.11467.com/qiye/78840448.htm
南京利德东方橡塑科技有限公司郑州分公司,http://www.11467.com/qiye/79067910.htm
上海裕和橡塑有限公司,http://www.11467.com/qiye/79069666.htm
浙江朗晟橡塑有限公司,http://www.11467.com/qiye/79151110.htm
上海乐硕橡塑有限公司,http://www.11467.com/qiye/79174989.htm
上海馨丽橡塑有限公司,http://www.11467.com/qiye/79195007.htm
捷朗德（福建）橡塑科技有限公司,http://www.11467.com/qiye/79209330.htm
宁波梅山保税港区隆源橡塑有限公司,http://www.11467.com/qiye/79269050.htm
杭州九保橡塑机械有限公司,http://www.11467.com/qiye/79445508.htm
合肥鑫德源橡塑科技有限公司,http://www.11467.com/qiye/79474218.htm
东莞市橡友橡塑科技有限公司,http://www.11467.com/qiye/79507290.htm
上海众力橡塑有限公司,http://www.11467.com/qiye/79516104.htm
长兴明旺橡塑科技股份有限公司,http://www.11467.com/qiye/79545565.htm
广州豪仕橡塑网络科技有限公司,http://www.11467.com/qiye/79547265.htm
三门鹏宇橡塑有限公司,http://www.11467.com/qiye/79590934.htm
浙江泰泰橡塑科技有限公司,http://www.11467.com/qiye/79610202.htm
东莞新杰橡塑科技有限公司,http://www.11467.com/qiye/79683223.htm
鬼怒川橡塑（郑州）有限公司,http://www.11467.com/qiye/79683390.htm
上海鸣硕橡塑科技有限公司,http://www.11467.com/qiye/79710461.htm
上海竞秋橡塑有限公司,http://www.11467.com/qiye/79711107.htm
上海燕巢橡塑有限公司,http://www.11467.com/qiye/79722395.htm
上海嘉越橡塑电缆有限公司,http://www.11467.com/qiye/79736278.htm
上海东灶港橡塑五金有限公司,http://www.11467.com/qiye/79736466.htm
上海晶佳橡塑实业有限公司,http://www.11467.com/qiye/79754254.htm
上海东曙橡塑有限公司闵行分公司,http://www.11467.com/qiye/79771861.htm
上海立永橡塑科技有限公司,http://www.11467.com/qiye/79796653.htm
上海双轮橡塑有限公司,http://www.11467.com/qiye/79799944.htm
上海双翼橡塑机械有限公司,http://www.11467.com/qiye/80362721.htm
厦门艾万橡塑有限公司,http://www.11467.com/qiye/80373224.htm
宁波鼎巨橡塑有限公司,http://www.11467.com/qiye/80454178.htm
宁海汇恒橡塑有限公司,http://www.11467.com/qiye/80488077.htm
常州金浦橡塑科技有限公司,http://www.11467.com/qiye/80565363.htm
宁海五五橡塑有限公司,http://www.11467.com/qiye/80568392.htm
厦门福亦来橡塑有限公司,http://www.11467.com/qiye/80625209.htm
东阳市中亚橡塑有限公司,http://www.11467.com/qiye/80656478.htm
广州市心领橡塑有限公司,http://www.11467.com/qiye/80680461.htm
昆山汇巨光橡塑有限公司,http://www.11467.com/qiye/80729280.htm
台州富昇橡塑有限公司,http://www.11467.com/qiye/80754499.htm
温州米思特陆橡塑有限公司,http://www.11467.com/qiye/80813847.htm
南昌瑞麟橡塑有限公司,http://www.11467.com/qiye/80846629.htm
衡水中航橡塑科技有限公司,http://www.11467.com/qiye/80878376.htm
日照荣昌橡塑有限公司,http://www.11467.com/qiye/80969014.htm
上海佳霖橡塑有限公司,http://www.11467.com/qiye/80985097.htm
南昌鑫源橡塑有限公司,http://www.11467.com/qiye/83970980.htm
诸暨市华法橡塑有限公司,http://www.11467.com/qiye/83999368.htm
盐城市盐都区铭通橡塑有限公司,http://www.11467.com/qiye/84006631.htm
江苏凯凯橡塑科技有限公司,http://www.11467.com/qiye/84071042.htm
大兴住理工橡塑材料（盐城）有限公司,http://www.11467.com/qiye/84094628.htm
沧州大洲橡塑科技有限公司,http://www.11467.com/qiye/84201470.htm
东莞市凯信橡塑科技有限公司,http://www.11467.com/qiye/84407641.htm
上海硕亨橡塑科技有限公司,http://www.11467.com/qiye/84451979.htm
滁州锦汇橡塑有限公司,http://www.11467.com/qiye/84456448.htm
宁波亚壹橡塑工贸有限公司,http://www.11467.com/qiye/84480341.htm
青岛龙辉橡塑有限公司,http://www.11467.com/qiye/84485550.htm
上海大驰橡塑有限公司,http://www.11467.com/qiye/84492701.htm
三门跃虹橡塑有限公司,http://www.11467.com/qiye/84507561.htm
金华市科汇橡塑助剂有限公司,http://www.11467.com/qiye/84541631.htm
东莞市维森橡塑科技有限公司,http://www.11467.com/qiye/84632494.htm
上海绅舞橡塑配件有限公司,http://www.11467.com/qiye/84634281.htm
无锡市祥耀橡塑有限公司塘南分公司,http://www.11467.com/qiye/84670618.htm
宁海县兴银橡塑有限公司,http://www.11467.com/qiye/84709474.htm
常州金坛鑫岗橡塑有限公司,http://www.11467.com/qiye/84867968.htm
河南思拓橡塑材料有限公司,http://www.11467.com/qiye/84955860.htm
焦作市科元橡塑工程技术有限公司,http://www.11467.com/qiye/84965685.htm
新余绿洲橡塑有限公司,http://www.11467.com/qiye/85015954.htm
昆山致硕橡塑科技有限公司,http://www.11467.com/qiye/85027992.htm
上海超勋橡塑有限公司,http://www.11467.com/qiye/85057917.htm
常州市金冠橡塑有限公司,http://www.11467.com/qiye/85209773.htm
佛山市鼎恒橡塑材料有限公司,http://www.11467.com/qiye/85212289.htm
慈溪市江晖橡塑有限公司,http://www.11467.com/qiye/85289006.htm
郑州星铄橡塑材料有限公司,http://www.11467.com/qiye/85382990.htm
赣州现代橡塑有限公司,http://www.11467.com/qiye/85493998.htm
瑞安市金狐狸橡塑有限公司,http://www.11467.com/qiye/85497464.htm
丹阳市双洋橡塑有限公司,http://www.11467.com/qiye/85501768.htm
宁波市鄞州隆赛特橡塑有限公司,http://www.11467.com/qiye/85567200.htm
烟台龙跃橡塑科技有限公司,http://www.11467.com/qiye/85596549.htm
三门县致皓橡塑有限公司,http://www.11467.com/qiye/85676811.htm
天台县深宇橡塑有限公司,http://www.11467.com/qiye/85681326.htm
磐安县伟加橡塑有限公司,http://www.11467.com/qiye/85723509.htm
江西盛王橡塑有限公司,http://www.11467.com/qiye/85724216.htm
上海尉纮橡塑五金有限公司,http://www.11467.com/qiye/85817585.htm
宁波市鄞州区恒伽橡塑有限公司,http://www.11467.com/qiye/85847139.htm
上海三邦橡塑有限公司,http://www.11467.com/qiye/85992742.htm
上海雅泰橡塑机电有限公司,http://www.11467.com/qiye/86067328.htm
宁波巨亚橡塑有限公司,http://www.11467.com/qiye/86108966.htm
宁海盛泰橡塑有限公司,http://www.11467.com/qiye/89594215.htm
日照启晨橡塑有限公司,http://www.11467.com/qiye/89633797.htm
上海多高橡塑有限公司,http://www.11467.com/qiye/89856361.htm
东泱橡塑（上海）有限公司,http://www.11467.com/qiye/89948913.htm
苏州严正橡塑有限公司,http://www.11467.com/qiye/89951906.htm
天海恒帮（鹤壁）橡塑有限公司,http://www.11467.com/qiye/90148639.htm
常熟市兴福橡塑有限公司,http://www.11467.com/qiye/90179112.htm
常州市荣兴橡塑有限公司,http://www.11467.com/qiye/90180871.htm
高唐县利鑫橡塑有限公司,http://www.11467.com/qiye/90313317.htm
