北京金邦埃特建材有限公司,http://www.11467.com/beijing/co/753565.htm
上海顾达机电设备有限公司,http://www.11467.com/shanghai/co/971601.htm
沈阳陆中噪声控制有限公司,http://www.11467.com/shenyang/co/51081.htm
青岛爱尔家佳新材料有限公司,http://www.11467.com/qingdao/co/70208.htm
江苏国电管道设备有限公司,http://www.11467.com/nantong/co/126228.htm
天津再发隔音墙安装有限公司,http://www.11467.com/tianjin/co/175229.htm
淄博乔阳耐火材料有限公司,http://www.11467.com/zibo/co/110539.htm
安平县昊丰丝网制品有限公司,http://www.11467.com/hengshui/co/36213.htm
青岛恒泰声学环保科技有限公司,http://www.11467.com/qingdao/co/194013.htm
南京三博建筑科技有限公司,http://www.11467.com/nanjing/co/145518.htm
台州市正博五金机电有限公司,http://www.11467.com/taizhou/co/106348.htm
重庆乾辰声学工程技术有限责任公司,http://www.11467.com/chongqing/co/335862.htm
资阳沐鑫机电有限公司,http://www.11467.com/ziyang/co/11647.htm
南京大谋本慧环境工程有限公司,http://www.11467.com/nanjing/co/52421.htm
青岛鑫万事得新兴商贸有限公司,http://www.11467.com/anshan/co/75046.htm
咸阳元通风机制造有限公司,http://www.11467.com/xianyang/co/23313.htm
郑州卓胜海绵制品有限公司,http://www.11467.com/zhengzhou/co/263967.htm
承德宏翰节能建材有限公司,http://www.11467.com/chengde/co/21876.htm
北京诺利德环境科技有限公司,http://www.11467.com/beijing/co/763542.htm
广州市宝音环保有限公司,http://www.11467.com/guangzhou/co/702013.htm
广州胜帆建材有限公司,http://www.11467.com/guangzhou/co/702009.htm
北海安鸿制冷设备有限公司,http://www.11467.com/beihai/co/13942.htm
上海时空展览服务有限公司,http://www.11467.com/shanghai/co/506503.htm
北京华夏紫光环保科技有限公司,http://www.11467.com/beijing/co/734741.htm
抚顺博宇噪声控制技术开发有限公司,http://www.11467.com/shenyang/co/104818.htm
嘉兴市恒利软木制造有限公司,http://www.11467.com/jiaxing/co/92431.htm
长沙天森环保科技有限公司,http://www.11467.com/changsha/co/135395.htm
马鞍山盛泰重工机械科技有限公司,http://www.11467.com/maanshan/co/27258.htm
深圳市静恒声学材料有限公司,http://www.11467.com/shenzhen/co/1123409.htm
衡水诺德尔板业有限公司,http://www.11467.com/hengshui/co/66829.htm
徐州维美空调设备有限公司,http://www.11467.com/xuzhou/co/82990.htm
张家港益德进出口有限公司,http://www.11467.com/suzhou/co/357037.htm
河北天正热能保温防腐有限公司,http://www.11467.com/langfang/co/34644.htm
河北国美新型建材有限公司,http://www.11467.com/langfang/co/26401.htm
廊坊百利特保温建材有限公司,http://www.11467.com/langfang/co/41398.htm
广州市欧陆建材有限公司,http://www.11467.com/guangzhou/co/468613.htm
廊坊圣泉化工有限公司,http://www.11467.com/langfang/co/46323.htm
廊坊美昌保温材料有限公司,http://www.11467.com/langfang/co/44126.htm
深圳市裕龙汽车有限公司,http://www.11467.com/shenzhen/co/118823.htm
襄阳远和机电设备有限公司,http://www.11467.com/xiangfan/co/43789.htm
莱芜市恒越复合材料有限公司,http://www.11467.com/laiwu/co/16746.htm
北京澳飞驰声学科技有限公司,http://www.11467.com/beijing/co/765146.htm
南京米从尔科技发展有限公司,http://www.11467.com/nanjing/co/184422.htm
广州市润裕声学工程有限公司,http://www.11467.com/guangzhou/co/115699.htm
山东聊城天宇钢板仓技术开发有限公司,http://www.11467.com/liaocheng/co/39225.htm
佛山市南海鸿钢裁断机制造有限公司,http://www.11467.com/foshan/co/305789.htm
江苏三弦建筑声学系统有限公司,http://www.11467.com/nanjing/co/184960.htm
苏州苏茵建材有限公司,http://www.11467.com/suzhou/co/366500.htm
沈阳东大工业炉有限公司,http://www.11467.com/shenyang/co/81533.htm
河北可耐特玻璃钢有限公司,http://www.11467.com/hengshui/co/27344.htm
瑞硕建材（廊坊）有限公司,http://www.11467.com/langfang/co/49542.htm
山西青山环保工程有限公司,http://www.11467.com/taiyuan/co/91648.htm
连云港利源电力节能设备有限公司,http://www.11467.com/lianyungang/co/43516.htm
上海宸展实业有限公司,http://www.11467.com/shanghai/co/655495.htm
长沙普多尔环保工程有限公司,http://www.11467.com/changsha/co/71197.htm
大连华建密封保温物资有限公司,http://www.11467.com/dalian/co/35832.htm
东莞市美佳家具有限公司,http://www.11467.com/dongguan/co/6695.htm
北京索利特新型建筑材料有限公司,http://www.11467.com/beijing/co/617635.htm
上海锦尚汽摩配件有限公司,http://www.11467.com/shanghai/co/801049.htm
上海夸耶特新材料科技有限公司,http://www.11467.com/shanghai/co/1006069.htm
开封市中材新型建材有限责任公司,http://www.11467.com/kaifeng/co/13755.htm
广州市乐声隔音材料有限公司,http://www.11467.com/guangzhou/co/115658.htm
杭州静之源噪声控制技术有限公司,http://www.11467.com/hangzhou/co/209317.htm
广州玮汛达环保设备有限公司,http://www.11467.com/guangzhou/co/115044.htm
南宁优凯机电设备有限公司,http://www.11467.com/nanning/co/78947.htm
东莞市意成包装制品有限公司,http://www.11467.com/dongguan/co/413074.htm
上海蒙康机电设备有限公司,http://www.11467.com/shanghai/co/1079555.htm
上海坦泽环保科技有限公司,http://www.11467.com/shanghai/co/1140205.htm
浙江金风节能建材有限公司,http://www.11467.com/shaoxing/co/127159.htm
厦门五二网络科技有限公司,http://www.11467.com/xiamen/co/85889.htm
无锡福乐田玻璃钢环保设备有限公司,http://www.11467.com/wuxi/co/24042.htm
南通朗高石化设备有限公司,http://www.11467.com/nantong/co/85524.htm
河北富达新型建材有限责任公司,http://www.11467.com/langfang/co/45777.htm
嘉善斯特尔复合材料有限公司,http://www.11467.com/jiaxing/co/123003.htm
佛山天戈建材有限公司,http://www.11467.com/foshan/co/184116.htm
南通润阳建材有限公司,http://www.11467.com/nantong/co/137626.htm
河南鑫瑞达节能建材科技有限公司,http://www.11467.com/pingdingshan/co/18139.htm
东莞市欧仕装饰材料有限公司,http://www.11467.com/dongguan/co/131641.htm
常州市静远噪声控制材料有限公司,http://www.11467.com/changzhou/co/89722.htm
常州市鸿宝机械有限公司,http://www.11467.com/changzhou/co/89810.htm
江苏众安建材有限公司,http://www.11467.com/suzhou/co/315046.htm
苏州清荷坊环保科技有限公司,http://www.11467.com/suzhou/co/288835.htm
安徽省中坤元新型建材有限公司,http://www.11467.com/huaibei/co/20348.htm
上海德翔木业有限公司,http://www.11467.com/hangzhou/co/209298.htm
广州静尔音环保科技有限公司,http://www.11467.com/guangzhou/co/115752.htm
南京科创环境工程发展有限公司,http://www.11467.com/nanjing/co/52232.htm
武汉中凯影音科技有限公司,http://www.11467.com/wuhan/co/54708.htm
镇江洋溢汽车部件有限公司,http://www.11467.com/zhenjiang/co/65086.htm
北京盛大超越国际展览有限公司,http://www.11467.com/beijing/co/302143.htm
广州市绿原环保材料有限公司,http://www.11467.com/guangzhou/co/115664.htm
惠州美森板业有限公司,http://www.11467.com/huizhou/co/97897.htm
上海中驰建筑工程有限公司,http://www.11467.com/shanghai/co/159914.htm
上海倩飞建筑装饰工程有限公司,http://www.11467.com/shanghai/co/801055.htm
福州百特环保设备有限公司,http://www.11467.com/fuzhou/co/131411.htm
河北鑫达机械制造有限公司,http://www.11467.com/hengshui/co/21665.htm
甘肃颐和新型材料有限责任公司,http://www.11467.com/lanzhou/co/36499.htm
开封市亿英玻纤制品有限公司,http://www.11467.com/kaifeng/co/13754.htm
马鞍山市中能耐火材料有限公司,http://www.11467.com/maanshan/co/18695.htm
珠海市鑫神州保温材料有限公司,http://www.11467.com/zhuhai/co/29263.htm
珠海市英利特机电工程有限公司,http://www.11467.com/zhuhai/co/56051.htm
山东金华飞顺车辆有限公司,http://www.11467.com/zaozhuang/co/8094.htm
湛江市华夏消声器有限公司,http://www.11467.com/zhanjiang/co/40298.htm
四川汉鑫软木制品有限公司,http://www.11467.com/mianyang/co/33099.htm
潍坊高佃复合材料有限公司,http://www.11467.com/weifang/co/79100.htm
聊城市东昌府区恒达保温材料有限公司,http://www.11467.com/liaocheng/co/26056.htm
嘉兴市隆鑫碳纤维制品有限公司,http://www.11467.com/jiaxing/co/86568.htm
菏泽天源玻璃纤维有限公司,http://www.11467.com/heze/co/18748.htm
金筑铝业（北京）有限公司,http://www.11467.com/beijing/co/212367.htm
南通环海净化设备有限公司,http://www.11467.com/nantong/co/21168.htm
龙岩闽中远新型建材有限公司,http://www.11467.com/longyan/co/14230.htm
邦尼工贸(北京)有限公司,http://www.11467.com/beijing/co/248993.htm
深圳豪达尔机械有限公司,http://www.11467.com/shenzhen/co/118153.htm
沈阳博尔特机电设备有限公司,http://www.11467.com/shenyang/co/50795.htm
廊坊祁源耐火节能材料有限公司,http://www.11467.com/langfang/co/35642.htm
广州声之源装饰材料有限公司,http://www.11467.com/guangzhou/co/463474.htm
无锡慧全装备科技有限公司,http://www.11467.com/wuxi/co/243988.htm
广州泰欣特实验设备科技有限公司,http://www.11467.com/guangzhou/co/26829.htm
潍坊科源精细化工有限公司,http://www.11467.com/weifang/co/11529.htm
江阴市威腾铝箔合成材料有限公司,http://www.11467.com/wuxi/co/63955.htm
台州三元车辆净化器有限公司,http://www.11467.com/taizhou/co/78031.htm
苏州苏和通风设备制造有限公司,http://www.11467.com/suzhou/co/316258.htm
泉州闽辉海棉有限公司,http://www.11467.com/quanzhou/co/130887.htm
宁波巨翔管件汽配有限公司,http://www.11467.com/ningbo/co/67770.htm
南京海瑞保温材料有限公司,http://www.11467.com/nanjing/co/52306.htm
哈尔滨艾瑞汽车排气系统有限公司,http://www.11467.com/haerbin/co/41912.htm
杭州科灵斯壮空调有限公司,http://www.11467.com/hangzhou/co/97192.htm
杭州振兴锅炉容器设备有限公司,http://www.11467.com/hangzhou/co/163852.htm
杭州云川建材有限公司,http://www.11467.com/hangzhou/co/308713.htm
安徽甫天装饰材料有限公司,http://www.11467.com/hefei/co/80732.htm
广州微格通风设备有限公司,http://www.11467.com/foshan/co/184378.htm
广州朗域实业有限公司,http://www.11467.com/guangzhou/co/419924.htm
广州市科创通风环保实业有限公司,http://www.11467.com/guangzhou/co/115641.htm
上海威迈工贸有限公司,http://www.11467.com/shanghai/co/655493.htm
东莞市天明环保节能工程有限公司,http://www.11467.com/dongguan/co/127543.htm
宁津县岐森橡塑制品有限责任公司,http://www.11467.com/dezhou/co/48711.htm
成都市科恒达仪器设备有限责任公司,http://www.11467.com/chengdu/co/100311.htm
四川协海商贸有限公司,http://www.11467.com/chengdu/co/33549.htm
大连博时创新科技有限公司,http://www.11467.com/dalian/co/35045.htm
长沙市耐普建材有限公司,http://www.11467.com/changsha/co/71303.htm
广西南宁市赛一建材有限公司,http://www.11467.com/nanning/co/58300.htm
宝鸡市金凯科工贸有限公司（销售部）,http://www.11467.com/baoji/co/23988.htm
成都佳顺电力设备制造有限公司,http://www.11467.com/chengdu/co/57200.htm
河间市华明保温化工有限公司《销售部》,http://www.11467.com/cangzhou/co/38815.htm
深圳唯珂隔音材料有限公司,http://www.11467.com/shenzhen/co/118661.htm
河北文蓝密封材料有限公司,http://www.11467.com/cangzhou/co/57243.htm
常州市登月海绵有限公司,http://www.11467.com/changzhou/co/87833.htm
常州铭协机械有限公司,http://www.11467.com/changzhou/co/129146.htm
东莞市来兴塑胶制品有限公司,http://www.11467.com/dongguan/co/495467.htm
东莞市中上电子科技有限公司,http://www.11467.com/dongguan/co/412159.htm
东莞市星源环保热能设备有限公司,http://www.11467.com/dongguan/co/127900.htm
成都杰祥机械设备有限公司,http://www.11467.com/chengdu/co/213877.htm
成都市绿盛塑料异型材有限公司,http://www.11467.com/chengdu/co/78356.htm
东莞市碧瑞贸易有限公司,http://www.11467.com/dongguan/co/411628.htm
东莞市富卓电子科技有限公司,http://www.11467.com/dongguan/co/467478.htm
东莞市隆昌机电设备有限公司,http://www.11467.com/dongguan/co/131960.htm
东莞市众威电子科技有限公司,http://www.11467.com/dongguan/co/131880.htm
东莞市超亚建材有限公司,http://www.11467.com/dongguan/co/65873.htm
佳静隔音门窗有限公司,http://www.11467.com/dalian/co/35835.htm
长沙市嘉宝消防设备有限公司,http://www.11467.com/changsha/co/119683.htm
长沙县天吉净化彩板有限公司,http://www.11467.com/changsha/co/122476.htm
常州亚马逊机电有限公司,http://www.11467.com/changzhou/co/89724.htm
东莞市美景通风设备有限公司,http://www.11467.com/dongguan/co/131883.htm
东莞怡达机电设备工程有限公司,http://www.11467.com/dongguan/co/413995.htm
东莞市兆山辰减震工程有限公司,http://www.11467.com/dongguan/co/481339.htm
四川好惠捷建材集团有限公司,http://www.11467.com/chengdu/co/42522.htm
东莞市方兴橡胶科技有限公司,http://www.11467.com/dongguan/co/555329.htm
东莞市鼎诚气动液压有限公司,http://www.11467.com/dongguan/co/476219.htm
常州市宇安装饰材料有限公司,http://www.11467.com/changzhou/co/152699.htm
常州华航包装材料有限公司,http://www.11467.com/changzhou/co/89729.htm
常州市当代软木有限公司,http://www.11467.com/changzhou/co/89723.htm
河间市胜达保温材料有限公司,http://www.11467.com/cangzhou/co/29543.htm
安平县昊丰丝网制品有限公司,http://www.11467.com/hengshui/co/36213.htm
广州市番科绝缘制品有限公司,http://www.11467.com/guangzhou/co/488665.htm
东营奥瑞特汽车配件有限责任公司,http://www.11467.com/dongying/co/2482.htm
广州市纬颐环保设备有限公司,http://www.11467.com/guangzhou/co/460290.htm
广州正旗装饰材料有限公司,http://www.11467.com/guangzhou/co/466217.htm
福州凰之龙建材有限公司,http://www.11467.com/fuzhou/co/160566.htm
广州市恒锋筛网有限公司,http://www.11467.com/guangzhou/co/470575.htm
广州市华隆筛网实业有限公司,http://www.11467.com/guangzhou/co/116209.htm
广州天聪声学科技有限公司,http://www.11467.com/guangzhou/co/457647.htm
广州市兴杭隔热材料有限公司,http://www.11467.com/guangzhou/co/115627.htm
广州市阳铭汽车零部件有限公司,http://www.11467.com/guangzhou/co/430178.htm
广州市宝信隔音隔热材料有限公司,http://www.11467.com/guangzhou/co/102972.htm
佛山市鑫丽雅装饰材料有限公司,http://www.11467.com/foshan/co/306333.htm
枣强县盛兴环保玻璃钢有限公司,http://www.11467.com/hengshui/co/29327.htm
安平县新正五金网业有限公司,http://www.11467.com/hengshui/co/28569.htm
广州市绿木建材有限公司,http://www.11467.com/guangzhou/co/496383.htm
广州市伟能高分子材料有限公司,http://www.11467.com/guangzhou/co/405938.htm
广州市伟力达机电有限公司,http://www.11467.com/guangzhou/co/116298.htm
广州市诚道塑料有限公司,http://www.11467.com/guangzhou/co/468956.htm
佛山市朗腾贸易有限公司,http://www.11467.com/foshan/co/356082.htm
佛山市达可威建筑装饰材料有限公司,http://www.11467.com/foshan/co/355850.htm
广州景丽伦建材有限公司,http://www.11467.com/guangzhou/co/468559.htm
安平县兴昊五金网业制品有限公司,http://www.11467.com/hengshui/co/42886.htm
安平县鑫润丝网制品有限公司,http://www.11467.com/hengshui/co/34464.htm
佛山市南海森大保温材料有限公司,http://www.11467.com/foshan/co/184109.htm
广州市军红机械设备有限公司,http://www.11467.com/guangzhou/co/116208.htm
广州市水凌源环保科技有限公司,http://www.11467.com/guangzhou/co/466235.htm
广州星和铝塑制品有限公司,http://www.11467.com/guangzhou/co/115629.htm
广州市全德机械科技有限公司,http://www.11467.com/guangzhou/co/111207.htm
佛山市兴杭铝箔制品有限公司,http://www.11467.com/foshan/co/184107.htm
佛山市鹏立诚不锈钢有限公司,http://www.11467.com/foshan/co/180330.htm
佛山市温润保温材料贸易有限公司,http://www.11467.com/foshan/co/329037.htm
佛山市千倍利保温材料有限公司,http://www.11467.com/foshan/co/184123.htm
佛山市顺德区绿宝装饰材料有限公司,http://www.11467.com/foshan/co/99858.htm
广州本格建筑装饰工程有限公司,http://www.11467.com/guangzhou/co/496363.htm
广州振旺建筑材料有限公司,http://www.11467.com/guangzhou/co/207202.htm
富阳恒毅塑业有限公司,http://www.11467.com/hangzhou/co/272851.htm
杭州元隆建筑工程有限公司,http://www.11467.com/hangzhou/co/209314.htm
合肥通驰工贸有限责任公司,http://www.11467.com/hefei/co/67749.htm
连云港市华东电力设备有限公司,http://www.11467.com/lianyungang/co/21664.htm
启东恒业石化冶金设备有限公司,http://www.11467.com/nantong/co/137144.htm
连云港誉美电力机械有限公司,http://www.11467.com/lianyungang/co/26373.htm
惠州市轩丽精密部件有限公司,http://www.11467.com/ningbo/co/205219.htm
廊坊华能化工有限公司,http://www.11467.com/langfang/co/10715.htm
江西宝圣保温实业有限公司,http://www.11467.com/nanchang/co/56489.htm
惠州市国峰科创实业开发有限公司,http://www.11467.com/huizhou/co/57903.htm
连云港久骜电力辅机有限公司,http://www.11467.com/lianyungang/co/26310.htm
江西赣江环保有限公司,http://www.11467.com/nanchang/co/82056.htm
柳州赛肯特挤塑保温隔热板有限公司,http://www.11467.com/liuzhou/co/38206.htm
南京万腾复合材料有限责任公司,http://www.11467.com/nanjing/co/48709.htm
南通方圣石化设备有限公司,http://www.11467.com/nantong/co/132587.htm
江门市蓬江区华美保温材料有限公司,http://www.11467.com/jiangmen/co/81717.htm
南昌佳绿环保工程有限公司,http://www.11467.com/nanchang/co/107744.htm
连云港思安电力设备有限公司,http://www.11467.com/lianyungang/co/43631.htm
连云港华旭机械有限公司,http://www.11467.com/lianyungang/co/26425.htm
安平县国岳丝网制品有限公司,http://www.11467.com/hengshui/co/33771.htm
廊坊航天化建工业有限公司,http://www.11467.com/langfang/co/47371.htm
连云港利德电力设备有限公司,http://www.11467.com/lianyungang/co/26386.htm
连云港西子环保设备有限公司,http://www.11467.com/lianyungang/co/43471.htm
南通亚泰环保科技有限公司,http://www.11467.com/nantong/co/101456.htm
溪明人科技(北京)有限公司,http://www.11467.com/langfang/co/48022.htm
大城县华强保温材料有限公司,http://www.11467.com/langfang/co/42834.htm
廊坊润捷保温材料有限公司,http://www.11467.com/langfang/co/44405.htm
廊坊祁源保温材料有限公司,http://www.11467.com/langfang/co/35302.htm
连云港振辉机械设备有限公司,http://www.11467.com/lianyungang/co/43804.htm
青岛盛隆泰橡塑有限公司,http://www.11467.com/qingdao/co/70282.htm
宁波新露聚氨酯实业有限公司,http://www.11467.com/ningbo/co/67769.htm
福建省福安市新华峰机电有限公司,http://www.11467.com/ningde/co/14495.htm
安平县帝博丝网制造有限公司,http://www.11467.com/hengshui/co/41733.htm
大城县长城化工建材有限公司,http://www.11467.com/langfang/co/35509.htm
廊坊奥特保温建材有限公司,http://www.11467.com/langfang/co/35735.htm
菏泽惠安篷布制品有限公司,http://www.11467.com/heze/co/32612.htm
廊坊兴塔岩棉制品有限公司,http://www.11467.com/langfang/co/49232.htm
固安县恒远工贸有限公司,http://www.11467.com/langfang/co/45780.htm
南京腾奇橡塑制品有限公司,http://www.11467.com/ningbo/co/67754.htm
南昌市恒天橡胶有限公司,http://www.11467.com/nanchang/co/113562.htm
广州衡江建材有限公司,http://www.11467.com/guangzhou/co/744990.htm
泰安市昊旭环保建材有限公司,http://www.11467.com/taian/co/68856.htm
东莞市朝晖环保设备有限公司,http://www.11467.com/dongguan/co/70017.htm
安平县双恩丝网制造有限公司,http://www.11467.com/hengshui/co/83864.htm
上海贝卫新材料科技有限公司,http://www.11467.com/shanghai/co/1258273.htm
广州文度声学科技有限公司,http://www.11467.com/guangzhou/co/753171.htm
佛山天戈科技有限公司,http://www.11467.com/foshan/co/474942.htm
大连诚基建筑装饰工程有限公司,http://www.11467.com/dalian/co/35831.htm
广州市秦鹰建材有限公司,http://www.11467.com/guangzhou/co/115947.htm
深圳市静音王隔音吸音材料有限公司,http://www.11467.com/shenzhen/co/1060152.htm
南昌悦音建材有限公司,http://www.11467.com/nanchang/co/140968.htm
山东欧拉德新型建材机械设备有限公司,http://www.11467.com/dezhou/co/68608.htm
北京信义声学环保科技有限公司,http://www.11467.com/beijing/co/763130.htm
上海央卓建筑装饰材料有限公司,http://www.11467.com/shanghai/co/1274741.htm
广州市塞姆消音材料有限公司,http://www.11467.com/guangzhou/co/617051.htm
广州声左声学技术有限公司,http://www.11467.com/guangzhou/co/463476.htm
河北华江机械设备有限公司,http://www.11467.com/cangzhou/co/125366.htm
安徽贝卫新材料科技有限公司,http://www.11467.com/liuan/co/34170.htm
江西省南昌市南昌辰音建材有限公司,http://www.11467.com/nanchang/co/142081.htm
安平县日发金属制品有限公司,http://www.11467.com/hengshui/co/66774.htm
佛山奔源建材有限公司,http://www.11467.com/foshan/co/445249.htm
爵悦建材苏州有限公司,http://www.11467.com/suzhou/co/401018.htm
南昌辰音声学建材有限公司,http://www.11467.com/nanchang/co/140954.htm
杭州益协利机械制造有限公司,http://www.11467.com/hangzhou/co/475136.htm
河北宜标交通设施有限公司,http://www.11467.com/hengshui/co/68561.htm
上海卓风化工科技有限公司,http://www.11467.com/shanghai/co/1304893.htm
西安芯贵实业有限公司,http://www.11467.com/xian/co/168362.htm
浙江奥远阀门有限公司,http://www.11467.com/hangzhou/co/503259.htm
佛山市拜普建材有限公司,http://www.11467.com/foshan/co/287525.htm
山东华美建材有限公司,http://www.11467.com/linyi/co/132340.htm
广州惠莱宝塑胶制品有限公司,http://www.11467.com/guangzhou/co/496116.htm
河北腾浩风机制造有限公司,http://www.11467.com/baoding/co/80350.htm
任丘市万晟防火材料有限公司,http://www.11467.com/cangzhou/co/66454.htm
北京浩瑞实创科技有限公司,http://www.11467.com/beijing/co/763863.htm
广州市豪尔汽车用品有限公司,http://www.11467.com/guangzhou/co/116204.htm
山东新豪声学工程有限公司,http://www.11467.com/qingdao/co/188727.htm
苏州格丽室新材料科技有限公司,http://www.11467.com/suzhou/co/401868.htm
邹城市一诺新型建材有限公司,http://www.11467.com/jining/co/109451.htm
广东盛世装饰材料有限公司,http://www.11467.com/dongguan/co/131787.htm
河南一航吸音材料有限公司,http://www.11467.com/zhengzhou/co/95513.htm
广州和格信活动隔断屏风有限公司,http://www.11467.com/guangzhou/co/115743.htm
兰州金龙锅炉有限责任公司,http://www.11467.com/lanzhou/co/21973.htm
烟台德赛机械制造有限公司,http://www.11467.com/yantai/co/119503.htm
廊坊金龙复合保温材料有限公司,http://www.11467.com/qiye/196757.htm
安阳市豫华油脂化工机械有限责任公司,http://www.11467.com/anyang/co/5667.htm
白山市众诚物资有限公司,http://www.11467.com/baishan/co/11003.htm
河北慧宇环保设备有限公司,http://www.11467.com/cangzhou/co/50147.htm
河北浩元保温材料有限公司,http://www.11467.com/cangzhou/co/45468.htm
黄骅市丰业工贸有限公司,http://www.11467.com/cangzhou/co/46203.htm
长春辛禾装饰工程有限公司,http://www.11467.com/changchun/co/68908.htm
长沙迈瑞建材有限公司,http://www.11467.com/changsha/co/71321.htm
长沙久业科技有限公司,http://www.11467.com/changsha/co/71340.htm
长沙正点建材有限公司,http://www.11467.com/changsha/co/71337.htm
声博士(香港)声学技术有限责任公司,http://www.11467.com/changsha/co/122269.htm
苏州市中汇建材有限责任公司,http://www.11467.com/suzhou/co/161144.htm
苏州苏勃检测技术服务有限公司,http://www.11467.com/suzhou/co/205921.htm
浙江百诚烟具有限公司,http://www.11467.com/wenzhou/co/124187.htm
武汉市飞鹏保温建材有限公司,http://www.11467.com/wuhan/co/54730.htm
武汉兴园金属有限责任公司,http://www.11467.com/wuhan/co/61878.htm
武汉市万瑞建材有限公司,http://www.11467.com/wuhan/co/146864.htm
武汉市宏森环保技术工程有限责任公司,http://www.11467.com/wuhan/co/54777.htm
华隆交通设施有限公司,http://www.11467.com/wuxi/co/245996.htm
无锡金三元塑胶有限公司,http://www.11467.com/wuxi/co/245394.htm
无锡双翼汽车环保科技有限公司,http://www.11467.com/wuxi/co/175728.htm
厦门市雅卓建材有限公司,http://www.11467.com/xiamen/co/26460.htm
西安高汇机械设备有限公司,http://www.11467.com/xian/co/47773.htm
西安联兴金属吊顶建材有限公司,http://www.11467.com/xian/co/122685.htm
湖南威斯特汽车零配件有限公司,http://www.11467.com/xiangtan/co/23121.htm
海阳奥迪克不锈钢消声器有限公司,http://www.11467.com/yantai/co/155928.htm
山东华宇碧尔水处理有限公司,http://www.11467.com/zaozhuang/co/36965.htm
海南华夏消声器有限公司,http://www.11467.com/zhanjiang/co/40304.htm
郑州佛光发电设备有限公司,http://www.11467.com/zhengzhou/co/7712.htm
北京海纳联创无机纤维喷涂技术有限公司,http://www.11467.com/beijing/co/302081.htm
北京恒静禾声环保有限公司,http://www.11467.com/beijing/co/212410.htm
北京颐祥腾达商贸有限公司,http://www.11467.com/beijing/co/382167.htm
北京天纬成环保设备有限公司,http://www.11467.com/beijing/co/302145.htm
上海市品诚塑胶有限公司北京分公司,http://www.11467.com/beijing/co/82635.htm
上海建科检验有限公司,http://www.11467.com/shanghai/co/506496.htm
上海杰瑞保温材料有限公司市场部,http://www.11467.com/shanghai/co/310280.htm
上海布兰高分子保温材料有限公司研发部,http://www.11467.com/shanghai/co/33319.htm
上海展奥网板金属制品有限公司,http://www.11467.com/shanghai/co/850284.htm
上海圣戈威节能环保技术有限公司,http://www.11467.com/shanghai/co/211268.htm
上海韩海自动化科技有限公司,http://www.11467.com/shanghai/co/878127.htm
上海伊新环保科技发展有限公司,http://www.11467.com/shanghai/co/1079561.htm
亳州海创新型节能建筑材料有限责任公司,http://www.11467.com/bozhou/co/18607.htm
河北力博起重机械制造有限公司,http://www.11467.com/baoding/co/123773.htm
四川三元环境治理股份有限公司,http://www.11467.com/chengdu/co/294740.htm
中山市顺康达制冷配件有限公司,http://www.11467.com/zhongshan/co/44996.htm
中山市起重环保机械设备实业有限公司,http://www.11467.com/zhongshan/co/44285.htm
中山市中环环保装备制造有限公司,http://www.11467.com/zhongshan/co/44260.htm
恒得工业自动化设备有限公司,http://www.11467.com/zhuhai/co/64793.htm
珠海市新威信空调设备有限公司,http://www.11467.com/zhuhai/co/56390.htm
珠海市雄峰发展有限公司,http://www.11467.com/zhuhai/co/57098.htm
株洲市联宇电气有限公司,http://www.11467.com/zhuzhou/co/31705.htm
淄博鑫拓耐火材料有限公司,http://www.11467.com/zibo/co/92992.htm
淄博金虎机械有限公司,http://www.11467.com/zibo/co/98248.htm
沂源鲁中玻璃纤维有限公司,http://www.11467.com/zibo/co/36740.htm
淄博科优建筑装饰材料有限公司,http://www.11467.com/zibo/co/66680.htm
北京艾莱德建筑科技有限公司,http://www.11467.com/beijing/co/382164.htm
北京奥马兴业彩钢压型制品有限公司,http://www.11467.com/beijing/co/82746.htm
北京白砂建材有限公司,http://www.11467.com/beijing/co/212459.htm
北京东洋木业有限公司,http://www.11467.com/beijing/co/212377.htm
北京昶鑫工贸易有限公司,http://www.11467.com/beijing/co/694841.htm
北京浩瑞诚业新型建材有限公司,http://www.11467.com/beijing/co/302070.htm
北京金运通商贸有限公司,http://www.11467.com/beijing/co/648857.htm
北京金悦鑫木业有限公司,http://www.11467.com/beijing/co/212426.htm
北京嘉鑫广顺贸易有限公司,http://www.11467.com/beijing/co/82688.htm
北京景源玻璃钢制品有限公司,http://www.11467.com/beijing/co/714325.htm
北京佳静蓝声声学科技有限公司,http://www.11467.com/beijing/co/382186.htm
北京绿创声学工程股份有限公司,http://www.11467.com/beijing/co/382229.htm
北京骏开大森林木业有限公司,http://www.11467.com/beijing/co/24166.htm
北京博凯运输有限公司,http://www.11467.com/beijing/co/275073.htm
北京市加气混凝土有限责任公司,http://www.11467.com/beijing/co/382182.htm
北京三乐建材公司,http://www.11467.com/beijing/co/382171.htm
北京世钟汽车配件有限公司,http://www.11467.com/beijing/co/569688.htm
北京泰和方盛有限公司,http://www.11467.com/beijing/co/82628.htm
北京首华木业有限公司,http://www.11467.com/beijing/co/24170.htm
北京泰盛隆保温材料有限公司,http://www.11467.com/beijing/co/611174.htm
北京新九威声学技术有限公司,http://www.11467.com/beijing/co/694835.htm
北京铜迈特工程科技有限公司,http://www.11467.com/beijing/co/617656.htm
北京浩项环保科技发展有限公司,http://www.11467.com/beijing/co/701475.htm
北京利德邦新型建筑材料有限公司,http://www.11467.com/beijing/co/604521.htm
北京兴全锦绣科贸有限公司,http://www.11467.com/beijing/co/82604.htm
北京星牌建材有限责任公司,http://www.11467.com/beijing/co/82779.htm
可耐福石膏板（天津）有限公司北京分公司,http://www.11467.com/beijing/co/82657.htm
圣轩建筑声学装饰有限公司,http://www.11467.com/beijing/co/82655.htm
京奥兴国际钢结构工程(北京)有限公司,http://www.11467.com/beijing/co/584533.htm
华利玻璃棉上海有限公司,http://www.11467.com/shanghai/co/159920.htm
美露达新型建材有限公司,http://www.11467.com/shanghai/co/732692.htm
上海蓝博建材有限公司,http://www.11467.com/shanghai/co/310243.htm
上海凯富技术有限公司,http://www.11467.com/shanghai/co/159928.htm
上海潮圣企业发展有限公司,http://www.11467.com/shanghai/co/878058.htm
上海顶立隔音窗有限公司,http://www.11467.com/shanghai/co/1042248.htm
上海定发贸易有限公司,http://www.11467.com/shanghai/co/244877.htm
上海郭栋装饰材料有限公司,http://www.11467.com/shanghai/co/33286.htm
上海海川保温材料有限公司,http://www.11467.com/shanghai/co/655529.htm
上海泉福天臣阳光板耐力板有限公司,http://www.11467.com/shanghai/co/159934.htm
吉林省盛大机械制造有限责任公司市场开发部,http://www.11467.com/changchun/co/68797.htm
布兰(长春办事处)高分子保温材料有限公司,http://www.11467.com/changchun/co/68912.htm
吉林三鸣页岩科技有限公司,http://www.11467.com/changchun/co/68909.htm
长沙市富锦环保设备有限公司,http://www.11467.com/changsha/co/71360.htm
湖南昊天环保技术工程有限公司,http://www.11467.com/changsha/co/107106.htm
长沙归一建材科技有限公司销售部,http://www.11467.com/changsha/co/71335.htm
长沙鼎吉环保工程设备有限公司 销售部,http://www.11467.com/changsha/co/71358.htm
长沙科源水暖设备有限公司,http://www.11467.com/changsha/co/70906.htm
湖南长沙清也空气净化工程有限公司,http://www.11467.com/changsha/co/71113.htm
长沙市合力彩板有限公司,http://www.11467.com/changsha/co/71323.htm
长沙新空气环保科技有限公司,http://www.11467.com/changsha/co/70695.htm
长沙嘉威饰材料有限公司业务部,http://www.11467.com/changsha/co/71313.htm
湖南长沙舒踏地面建材装饰公司,http://www.11467.com/changsha/co/71344.htm
湖南杜威环境设备有限公司,http://www.11467.com/changsha/co/120461.htm
腾飞防水建材有限公司,http://www.11467.com/changsha/co/71325.htm
楚远金属材料有限公司,http://www.11467.com/changsha/co/71355.htm
湖南迪平复合材料有限公司 外贸部,http://www.11467.com/changsha/co/71306.htm
郴州市科宝建材有限公司长沙分公司,http://www.11467.com/changsha/co/71314.htm
长沙中源环保工程设备有限公司销售部,http://www.11467.com/changsha/co/71345.htm
长沙市瑞骐德高科技发展有限公司,http://www.11467.com/changsha/co/71311.htm
南京优凝舒布洛克建材有限公司益阳欣达分公司,http://www.11467.com/changsha/co/71329.htm
长沙市湘盛建筑科技工程有限公司,http://www.11467.com/changsha/co/71354.htm
奥利建材贸易有限公司,http://www.11467.com/changsha/co/71338.htm
聆韵声学有限公司,http://www.11467.com/changsha/co/71349.htm
声博士声学技术有限责任公司,http://www.11467.com/changsha/co/71320.htm
长沙智诚环保工程设备股份有限公司,http://www.11467.com/changsha/co/71312.htm
湖南丽音声学技术有限公司,http://www.11467.com/changsha/co/71315.htm
广东鼎龙商用电磁炉有限公司,http://www.11467.com/changsha/co/70952.htm
湖南永泰防水建材发展有限公司,http://www.11467.com/changsha/co/71336.htm
湖南奥特环保工程有限公司,http://www.11467.com/changsha/co/119382.htm
腾飞防水有限公司,http://www.11467.com/changsha/co/71319.htm
三湘空调环保工程技术开发有限公司（长沙市环保陶瓷机械厂）,http://www.11467.com/changsha/co/70702.htm
长沙市维创环保工程设备有限公司,http://www.11467.com/changsha/co/71362.htm
声博士（香港）声学技术有限公司销售部（长沙）,http://www.11467.com/changsha/co/71308.htm
长沙真忆保温材料有限公司,http://www.11467.com/changsha/co/71318.htm
声博士声学技术责任有限公司,http://www.11467.com/changsha/co/71310.htm
长沙金鹰机电设备有限公司,http://www.11467.com/changsha/co/71305.htm
深圳泽健(和泉)通讯设备有限公司,http://www.11467.com/changsha/co/71350.htm
声博士声学技术有限公司长沙办事处,http://www.11467.com/changsha/co/120185.htm
长沙震东建材工贸有限公司,http://www.11467.com/changsha/co/71341.htm
三湘空调环保工程技术开发公司.长沙市岳麓区洪业除尘设备厂,http://www.11467.com/changsha/co/70703.htm
长治市顺捷汽贸公司,http://www.11467.com/changzhi/co/25536.htm
临汾广源织业有限公司,http://www.11467.com/changzhi/co/25533.htm
临安艾丽格装饰材料有限公司,http://www.11467.com/chengdu/co/78352.htm
成都诺驿思声震控制设备有限公司,http://www.11467.com/chengdu/co/213266.htm
萨德（中国）科技有限公司,http://www.11467.com/chengdu/co/78407.htm
成都正大建筑材料有限公司,http://www.11467.com/chengdu/co/78332.htm
四川三元噪声治理环保工程有限公司,http://www.11467.com/chengdu/co/78325.htm
成都亚能动力科技制造有限公司,http://www.11467.com/chengdu/co/78418.htm
柯艺家居用品有限公司,http://www.11467.com/chengdu/co/78345.htm
诺达佳（成都）工业控制技术有限公司,http://www.11467.com/chengdu/co/78413.htm
四川三元环保（噪声）工程有限公司,http://www.11467.com/chengdu/co/78379.htm
成都康安保装饰建材公司,http://www.11467.com/chengdu/co/78394.htm
四川蜂巢外墙保温有限公司,http://www.11467.com/chengdu/co/78324.htm
四川恒保建筑材料有限公司（业务部）,http://www.11467.com/chengdu/co/78329.htm
四川鼎丰环保（噪声治理）工程有限公司,http://www.11467.com/chengdu/co/78399.htm
成都中美吉祥金言装饰建材有限公司,http://www.11467.com/chengdu/co/78336.htm
新恒艺建筑公司,http://www.11467.com/chengdu/co/78338.htm
正升石油天然气设备有限公司,http://www.11467.com/chengdu/co/78417.htm
四川省新金特建材有限公司,http://www.11467.com/chengdu/co/78365.htm
鑫长兴数控冲孔网筛有限公司,http://www.11467.com/chengdu/co/78342.htm
四川鑫长兴数控网筛有限公司,http://www.11467.com/chengdu/co/78333.htm
郴州市金盾防水工程公司,http://www.11467.com/chenzhou/co/18440.htm
郴州市力森不锈钢制管设备有限公司(销售部),http://www.11467.com/chenzhou/co/18442.htm
雅东在线科贸有限公司,http://www.11467.com/chifeng/co/22170.htm
安徽天亨阿波罗电器有限公司,http://www.11467.com/chuzhou/co/10521.htm
皖东明大建材有限公司,http://www.11467.com/chuzhou/co/20540.htm
安徽长龙建筑科技有限公司,http://www.11467.com/chuzhou/co/20539.htm
滁州长三角三乐建材有限责任公司,http://www.11467.com/chuzhou/co/20537.htm
天长市康美达新型绝热材料有限公司,http://www.11467.com/chuzhou/co/27043.htm
大连开发区科沃装修公司,http://www.11467.com/dalian/co/35841.htm
大连奥田耐热纤维有限公司(营业部),http://www.11467.com/dalian/co/35844.htm
大连腾辉新型建材有限公司（销售部）,http://www.11467.com/dalian/co/35834.htm
大连马迪奥罗经贸有限公司(Mardeoro),http://www.11467.com/dalian/co/35847.htm
大连凯普建材有限公司,http://www.11467.com/dalian/co/35853.htm
大连辉阡商贸有限公司,http://www.11467.com/dalian/co/13073.htm
大连万象园林雕塑艺术工程有限公司,http://www.11467.com/dalian/co/15576.htm
大连三喜文化传媒有限公司,http://www.11467.com/dalian/co/35354.htm
大连天宇公司,http://www.11467.com/dalian/co/35840.htm
詹姆斯哈迪中国有限公司,http://www.11467.com/dalian/co/35868.htm
北京洛斐尔建材有限公司（大连代理）,http://www.11467.com/dalian/co/35858.htm
大连鑫诚源贸易有限公司,http://www.11467.com/dalian/co/16237.htm
大连金正科技工程有限公司,http://www.11467.com/dalian/co/35887.htm
天纳克同泰排气系统有限公司,http://www.11467.com/dalian/co/35882.htm
大连保税区雷德万事达国际贸易有限公司,http://www.11467.com/dalian/co/31609.htm
银得隆建材（大连）有限公司,http://www.11467.com/dalian/co/35869.htm
大连杰新建筑装饰材料工程有限公司,http://www.11467.com/dalian/co/35867.htm
大连中山化工有限公司(销售部),http://www.11467.com/dalian/co/35864.htm
大连舒心门业有限公司大连销售部,http://www.11467.com/dalian/co/35838.htm
百援钛阳魔投资集团大连分公司,http://www.11467.com/dalian/co/35849.htm
大连易隆商贸有限公司,http://www.11467.com/dalian/co/35806.htm
辽宁丹东奥龙射线仪器有限公司,http://www.11467.com/dandong/co/45411.htm
大庆时代网创科技有限公司（市场部）,http://www.11467.com/daqing/co/38503.htm
德州宜美特工贸有限公司,http://www.11467.com/dezhou/co/31622.htm
山东省宁津县鑫诚包装机械有限公司,http://www.11467.com/dezhou/co/51314.htm
山东德州源浩空调设备有限公司,http://www.11467.com/dezhou/co/31644.htm
德州晶华集团振华装饰玻璃有限公司,http://www.11467.com/dezhou/co/31629.htm
德州龙腾机电设备有限公司,http://www.11467.com/dezhou/co/50559.htm
隆祥汽配有限公司,http://www.11467.com/dezhou/co/31633.htm
德州镁佳建材工业有限公司,http://www.11467.com/dezhou/co/31630.htm
山东华龙化纤有限公司销售部,http://www.11467.com/dezhou/co/31623.htm
伟威玻璃钢空调有限公司,http://www.11467.com/dezhou/co/31650.htm
山东中大空调集团有限公司业务部,http://www.11467.com/dezhou/co/31649.htm
山东奥绒服装有限公司销售部,http://www.11467.com/dezhou/co/50557.htm
德州光大科技发展有限公司,http://www.11467.com/dezhou/co/31631.htm
山东省宁津县宏业汽配有限公司,http://www.11467.com/dezhou/co/31641.htm
山东中南控股集团有限公司,http://www.11467.com/dezhou/co/31648.htm
中大空调集团有限公司营销部门,http://www.11467.com/dezhou/co/31643.htm
宝华实业有限公司业务部,http://www.11467.com/dongguan/co/131751.htm
长园特种塑胶发泡材料有限公司,http://www.11467.com/dongguan/co/131769.htm
东莞超亚建材有限公司销售部,http://www.11467.com/dongguan/co/131678.htm
东上板业公司,http://www.11467.com/dongguan/co/131677.htm
东莞传威消毒杀虫有限公司,http://www.11467.com/dongguan/co/131909.htm
东莞百顺保温材料有限公司经营部,http://www.11467.com/dongguan/co/131807.htm
畅悦科技公司,http://www.11467.com/dongguan/co/131862.htm
东莞长安宏达精密网业有限公司,http://www.11467.com/dongguan/co/131811.htm
东莞石排大洋机电工程有限公司,http://www.11467.com/dongguan/co/131934.htm
东莞金泰环保设备有限公司,http://www.11467.com/dongguan/co/131145.htm
星火机电设备工程有限公司业务部,http://www.11467.com/dongguan/co/127743.htm
信德机电设备工程有限公司,http://www.11467.com/dongguan/co/131927.htm
信通通风设备有限公司,http://www.11467.com/dongguan/co/131004.htm
东莞市凌锋机电有限公司,http://www.11467.com/dongguan/co/132705.htm
星火机电设备工程有限公司(业务部）,http://www.11467.com/dongguan/co/131916.htm
东莞市绿联机电工程有限公司,http://www.11467.com/dongguan/co/131965.htm
东莞市绿美时环保装饰材料有限公司,http://www.11467.com/dongguan/co/131688.htm
东莞市龙泰威转轴科技有限公司,http://www.11467.com/dongguan/co/414132.htm
东莞市林发通风设备有限公司经理部,http://www.11467.com/dongguan/co/127863.htm
南源科技发展有限公司,http://www.11467.com/dongguan/co/131702.htm
藝聲環保(亞洲)有限公司 ACOUSTIC CONTROL,http://www.11467.com/dongguan/co/131656.htm
东莞市星源环保节能设备有限公司,http://www.11467.com/dongguan/co/129209.htm
永鑫机电工程有限公司,http://www.11467.com/dongguan/co/129747.htm
青岛塞利声学工程有限公司广东办事处,http://www.11467.com/dongguan/co/131809.htm
恒通环保设备(化工产品)有限公司,http://www.11467.com/dongguan/co/128358.htm
香港成功国际集团有限公司,http://www.11467.com/dongguan/co/131705.htm
远东(香港)机电工程股份有限公司,http://www.11467.com/dongguan/co/131816.htm
广东康菱动力科技有限公司塘厦分公司,http://www.11467.com/dongguan/co/131710.htm
广东康达机电工程有限公司(惠州分公司),http://www.11467.com/dongguan/co/131920.htm
广东康菱动力科技有限公司中山分公司,http://www.11467.com/dongguan/co/131913.htm
东莞市宏木橼声学工程有限公司,http://www.11467.com/dongguan/co/496859.htm
广东省东莞市绿深环境工程有限公司,http://www.11467.com/dongguan/co/503252.htm
中泰装饰材料有限公司-宜华木业,http://www.11467.com/dongguan/co/131720.htm
广东省东莞市柏百顺化工有限公司,http://www.11467.com/dongguan/co/131700.htm
广东省东莞市星火电设备工程有限公司,http://www.11467.com/dongguan/co/127756.htm
中国沂华保温材料有限公司,http://www.11467.com/dongguan/co/131821.htm
通庆新型建筑材料有限公司,http://www.11467.com/dongguan/co/131721.htm
众志检测仪器(东莞)有限公司业务部,http://www.11467.com/dongguan/co/131874.htm
广东省东莞市俄金玄武岩纤维有限公司,http://www.11467.com/dongguan/co/131765.htm
忠成机电自动化有限公司,http://www.11467.com/dongguan/co/131947.htm
忠兴钢结构有限公司,http://www.11467.com/dongguan/co/131820.htm
联达机电工程公司,http://www.11467.com/dongguan/co/131975.htm
东莞市恒益环保工程有限公司,http://www.11467.com/dongguan/co/127646.htm
东莞市齐驰环保科技有限公司,http://www.11467.com/dongguan/co/127661.htm
康达机电工程有限公司－销售部营销专员,http://www.11467.com/dongguan/co/131967.htm
康菱投资格(中国)有限公司,http://www.11467.com/dongguan/co/131968.htm
高亚塑料建材有限公司-深圳办事处,http://www.11467.com/dongguan/co/131800.htm
深圳市四通环境治理有限公司东莞分公司,http://www.11467.com/dongguan/co/127924.htm
香港天籁装潢板材公司,http://www.11467.com/dongguan/co/131699.htm
山东极地宝橡塑工业有限公司,http://www.11467.com/dongying/co/25779.htm
莱州市玻璃钢制品有限公司东营销售处,http://www.11467.com/dongying/co/26937.htm
佛山新景实业有限公司 新景天面装饰材料厂,http://www.11467.com/foshan/co/184295.htm
佛山市构想服务有限公司,http://www.11467.com/foshan/co/184152.htm
佛山市顺德区悍马专用汽车有限公司,http://www.11467.com/foshan/co/184106.htm
佛山市避水通新型建筑材料有限公司中山市场营销部,http://www.11467.com/foshan/co/184191.htm
佛山市顺德区鸿岳新型建材有限公司,http://www.11467.com/foshan/co/184122.htm
佛山市顺德巨成装饰材料有限公司,http://www.11467.com/foshan/co/184131.htm
佛山市联众博雅复合板材料有限公司,http://www.11467.com/foshan/co/184201.htm
佛山市焕发活动板房有限公司,http://www.11467.com/foshan/co/184248.htm
佛山市拜普建材有限公司(营销部),http://www.11467.com/foshan/co/184146.htm
佛山市天戈建材有限公司销售部,http://www.11467.com/foshan/co/184142.htm
佛山市顺德区东南海业(香港)有限公司环保材料有限公司,http://www.11467.com/foshan/co/184261.htm
富瑞达集团有限公司,http://www.11467.com/foshan/co/184265.htm
佛山市南海征腾装饰材料有限公司,http://www.11467.com/foshan/co/184127.htm
佛山市嘉润膜业有限公司（客服部）,http://www.11467.com/foshan/co/184282.htm
佛山市南海区柯中蛭石制品有限公司销售部,http://www.11467.com/foshan/co/184306.htm
佛山市丰富汽配公司,http://www.11467.com/foshan/co/184339.htm
佛山市奥友制品有限公司,http://www.11467.com/foshan/co/184338.htm
佛山市碧海威建材有限公司,http://www.11467.com/foshan/co/184121.htm
佛山 金福荣建材有限公司,http://www.11467.com/foshan/co/184164.htm
虹塑建材制品有限公司,http://www.11467.com/foshan/co/184189.htm
佛山市拜普建材有限公司营销总部,http://www.11467.com/foshan/co/184150.htm
佛山市南海柯中蛭石制品有限公司,http://www.11467.com/foshan/co/114945.htm
佛山市南海高边永兴铝业有限公司,http://www.11467.com/foshan/co/28311.htm
佛山市南海拓谱金属建材有限公司,http://www.11467.com/foshan/co/327641.htm
佛山市新景实业有限公司(业务部),http://www.11467.com/foshan/co/184296.htm
佛山汇洲装饰建材有限公司,http://www.11467.com/foshan/co/184314.htm
广东省晨宏活动板房有限公司（广州营销中心）,http://www.11467.com/foshan/co/184237.htm
佛山市顺德区金辉巨汽车装饰有限公司,http://www.11467.com/foshan/co/345118.htm
佛山市南海新鑫业建材有限公司,http://www.11467.com/foshan/co/345353.htm
佛山市顺德区幸泰贸易有限公司,http://www.11467.com/foshan/co/335344.htm
佛山市高筑瓦业有限公司(销售科),http://www.11467.com/foshan/co/184269.htm
佛山市平吉复合材料有限公司,http://www.11467.com/foshan/co/329198.htm
佛山欧美格装饰材料有限公司销售部,http://www.11467.com/foshan/co/184172.htm
佛山市顺德区绿宝装饰材料有限公司国际市场部,http://www.11467.com/foshan/co/184196.htm
浩宇汽贸有限公司,http://www.11467.com/foshan/co/184340.htm
高辉建筑材料有限公司,http://www.11467.com/foshan/co/184333.htm
佛山市新景实业有限公司,http://www.11467.com/foshan/co/95054.htm
佛山市顺德巨成装饰材料有限公司国内贸易部,http://www.11467.com/foshan/co/184161.htm
佛山市森翼装饰有限公司,http://www.11467.com/foshan/co/184144.htm
佛山市程华生建材有限公司,http://www.11467.com/foshan/co/184171.htm
广东锦程公司,http://www.11467.com/foshan/co/184332.htm
广东利凯尔实业有限公司 (销售/业务),http://www.11467.com/foshan/co/184267.htm
广东省佛山市绿宝建材有限公司,http://www.11467.com/foshan/co/184243.htm
佛山天戈建材有限公司销售部,http://www.11467.com/foshan/co/184158.htm
佛山先优科技有限公司,http://www.11467.com/foshan/co/184254.htm
泛华金属天花有限公司,http://www.11467.com/foshan/co/184285.htm
广东省佛山市展浩建材有限公司,http://www.11467.com/foshan/co/184187.htm
广东省海翔环保科技有限公司,http://www.11467.com/foshan/co/184368.htm
广东省佛山市新景实业有限公司(新景天面装饰材料厂),http://www.11467.com/foshan/co/184294.htm
佛山南海固宇彩钢制品有限公司,http://www.11467.com/foshan/co/184136.htm
广东土禾环保通风降温设备有限公司,http://www.11467.com/foshan/co/345354.htm
广东新景实业有限公司,http://www.11467.com/foshan/co/184215.htm
佛山市高筑瓦业有限公司（贸易部）,http://www.11467.com/foshan/co/184236.htm
佛山市金福荣建材有限公司(销售部）,http://www.11467.com/foshan/co/184162.htm
广东华源兴盛进出口有限公司（钢铁部）,http://www.11467.com/foshan/co/184372.htm
广州艾利信电子科技有限公司佛山砹科声学建筑材料厂,http://www.11467.com/foshan/co/184190.htm
广龙装饰材料有限公司,http://www.11467.com/foshan/co/184281.htm
越科材料有限公司,http://www.11467.com/foshan/co/184252.htm
广东高优隔断实业有限公司（业务部）,http://www.11467.com/foshan/co/184129.htm
新旭业装饰工程有限公司,http://www.11467.com/foshan/co/184194.htm
佛山市非凡活动板房有限公司,http://www.11467.com/foshan/co/184221.htm
佛山市真耐新型板材有限公司,http://www.11467.com/foshan/co/343503.htm
山联机械制造有限公司,http://www.11467.com/foshan/co/184348.htm
佛山市南海源沣装饰材料有限公司,http://www.11467.com/foshan/co/333797.htm
构想服务有限公司,http://www.11467.com/foshan/co/184151.htm
中国佛山市伊托装饰材料有限公司,http://www.11467.com/foshan/co/184147.htm
河间市浩源保温材料有限公司销售部,http://www.11467.com/foshan/co/184156.htm
佛山市南海华宇金属建材有限公司,http://www.11467.com/foshan/co/184104.htm
江门市华美保温材限公司佛山分公司,http://www.11467.com/foshan/co/184134.htm
金宝新型建材公司,http://www.11467.com/foshan/co/184199.htm
聚丰保温材料有限公司,http://www.11467.com/foshan/co/184211.htm
金客服务有限公司,http://www.11467.com/foshan/co/184317.htm
江苏鼎元科技发展有限公司广东办事处,http://www.11467.com/foshan/co/184241.htm
炬贤建材有限公司,http://www.11467.com/foshan/co/184143.htm
金特建材实业有限公司（销售部）,http://www.11467.com/foshan/co/184270.htm
佛山市顺德区顺环市政工程设备有限公司,http://www.11467.com/foshan/co/182431.htm
佛山启明工艺有限公司,http://www.11467.com/foshan/co/184290.htm
南方构想隔热夹芯板有限公司,http://www.11467.com/foshan/co/184228.htm
绵阳国顺电器公司,http://www.11467.com/foshan/co/347152.htm
朗明实业有限公司销售部,http://www.11467.com/foshan/co/184293.htm
黎明活动板房有限公司,http://www.11467.com/foshan/co/184148.htm
绍兴万德阻燃材料有限公司,http://www.11467.com/foshan/co/347545.htm
福建省聚珍园花卉发展有限公司,http://www.11467.com/fuzhou/co/131826.htm
天津市隔音系列有限公司,http://www.11467.com/fuzhou/co/131824.htm
赣州市大昌冷气设备工程有限公司销售部,http://www.11467.com/ganzhou/co/25528.htm
赣州鸿鹏汽车配件公司。,http://www.11467.com/ganzhou/co/25590.htm
拜耳光翌板材有限公司广州分公司,http://www.11467.com/guangzhou/co/116092.htm
奥柏森环保有限公司,http://www.11467.com/guangzhou/co/115692.htm
佰门德隔断有限公司,http://www.11467.com/guangzhou/co/115706.htm
巴艺装饰材料有限公司,http://www.11467.com/guangzhou/co/116005.htm
砹科声学建筑材料公司,http://www.11467.com/guangzhou/co/115981.htm
东莞雅拓装饰工程有限公司,http://www.11467.com/guangzhou/co/115805.htm
德国(亚洲)拓欧建材集团责任公司,http://www.11467.com/guangzhou/co/115971.htm
广东宏益汽车销售服务有限公司,http://www.11467.com/guangzhou/co/116225.htm
广东美穗实业发展有限公司,http://www.11467.com/guangzhou/co/115622.htm
广州涤音环保科技有限公司销售部,http://www.11467.com/guangzhou/co/116076.htm
广东广州陶粒公司,http://www.11467.com/guangzhou/co/116086.htm
广东省广州市吉泰发展有限公司,http://www.11467.com/guangzhou/co/115942.htm
广东微克玛声学工程有限公司,http://www.11467.com/guangzhou/co/116041.htm
广东省广州吉泰发展有限公司,http://www.11467.com/guangzhou/co/115952.htm
佛山市永宇钢结构有限公司,http://www.11467.com/guangzhou/co/115672.htm
广州本金机电设备有限公司,http://www.11467.com/guangzhou/co/115953.htm
广州菲玛仕汽车用品有限公司,http://www.11467.com/guangzhou/co/462009.htm
广州光台汽配贸易有限公司,http://www.11467.com/guangzhou/co/116291.htm
广东广州立多隔断装饰工程有限公司,http://www.11467.com/guangzhou/co/115788.htm
广州吉泰建筑声学技术工程有限公司,http://www.11467.com/guangzhou/co/115689.htm
广州花保温隔热棉吸音棉坤耐建材有限公司,http://www.11467.com/guangzhou/co/115772.htm
广州爱车巴汽车用品有限公司营销部,http://www.11467.com/guangzhou/co/116235.htm
广州奥裕保温隔热材料有限公司（业务部）,http://www.11467.com/guangzhou/co/115903.htm
广州白云减振器有限公司,http://www.11467.com/guangzhou/co/116314.htm
广州美施夺奈实业有限公司,http://www.11467.com/guangzhou/co/115807.htm
广州德威工程有限公司,http://www.11467.com/guangzhou/co/474175.htm
广州 保温隔音 坤耐建材有限公司,http://www.11467.com/guangzhou/co/115767.htm
广东圣德贸易有限公司,http://www.11467.com/guangzhou/co/115901.htm
广州立多隔断实业有限公司项目部,http://www.11467.com/guangzhou/co/115718.htm
北京美馳廣州分公司,http://www.11467.com/guangzhou/co/115835.htm
东莞坤兴玻璃制品有限公司业务部,http://www.11467.com/guangzhou/co/115937.htm
广州华侨减振器公司,http://www.11467.com/guangzhou/co/116322.htm
