大同百诺网络科技有限公司朔州公司,http://www.11467.com/datong/co/21409.htm
义乌市丹源网络信息有限公司,http://www.11467.com/jinhua/co/169108.htm
杭州闻远科技有限公司,http://www.11467.com/hangzhou/co/413885.htm
郑州勤商网络科技有限公司,http://www.11467.com/qiye/93064473.htm
沈阳云商电子商务有限公司,http://www.11467.com/shenyang/co/110813.htm
淄博博山网库电子商务有限公司,http://www.11467.com/zibo/co/119635.htm
河南象之相科技有限公司,http://www.11467.com/zhengzhou/co/258924.htm
汕头市橙子科技有限公司,http://www.11467.com/qiye/93084164.htm
广东莞合电子商务有限公司,http://www.11467.com/dongguan/co/639851.htm
杭州锐汇科技有限公司,http://www.11467.com/hangzhou/co/563215.htm
苏州五色鹿网络科技有限公司,http://www.11467.com/suzhou/co/404302.htm
常德市仁行道商品网络交易有限公司,http://www.11467.com/changde/co/38830.htm
深圳市中为科技有限公司,http://www.11467.com/shenzhen/co/563980.htm
郑州赢科电子科技有限公司,http://www.11467.com/zhengzhou/co/211355.htm
四川灼月网络科技有限责任公司,http://www.11467.com/mianyang/co/53567.htm
杭州唯品淘网络科技有限公司,http://www.11467.com/hangzhou/co/475083.htm
东莞市粤商网络科技有限公司,http://www.11467.com/dongguan/co/614098.htm
广州骏功信息科技有限公司,http://www.11467.com/guangzhou/co/745640.htm
重庆遥阳科技有限公司,http://www.11467.com/chongqing/co/266561.htm
山东九九云电子商务有限公司,http://www.11467.com/jining/co/107048.htm
杭州生久网络科技有限公司,http://www.11467.com/hangzhou/co/503300.htm
杭州瞄眼网络科技有限公司,http://www.11467.com/hangzhou/co/503258.htm
青岛博创商务有限责任公司,http://www.11467.com/qingdao/co/188591.htm
山东阳信聚金电子商务有限公司,http://www.11467.com/binzhou/co/55520.htm
天津创天网络科技有限公司,http://www.11467.com/tianjin/co/237441.htm
青岛帝城电子商务有限公司,http://www.11467.com/qingdao/co/185928.htm
福州捷越网络科技有限公司,http://www.11467.com/fuzhou/co/210135.htm
山东森宇网络科技有限公司,http://www.11467.com/zaozhuang/co/56998.htm
长沙冠讯网络科技有限公司,http://www.11467.com/qiye/93090892.htm
唐山市欧堤云科技有限公司,http://www.11467.com/qiye/92106467.htm
杭州顶淘集团有限公司,http://www.11467.com/qiye/93044533.htm
杭州异启网络科技有限公司,http://www.11467.com/hangzhou/co/526563.htm
沧州市凯卓迪网络科技有限公司,http://www.11467.com/cangzhou/co/134296.htm
广州超暖心电子商务有限公司,http://www.11467.com/guangzhou/co/753135.htm
肇东顺盛科技有限公司,http://www.11467.com/suihua/co/17760.htm
北京兔啦啦网络科技有限公司,http://www.11467.com/jinan/co/153108.htm
东明县优胜网络科技有限公司,http://www.11467.com/heze/co/51782.htm
深圳市广盛装饰工程有限公司,http://www.11467.com/shenzhen/co/983486.htm
甘肃梦馨网络科技有限责任公司,http://www.11467.com/dingxi/co/11468.htm
威海创立方视觉文化传媒有限公司,http://www.11467.com/weihai/co/61505.htm
河南疾风文化有限公司,http://www.11467.com/zhengzhou/co/225839.htm
菏泽开发区正耀网络科技有限公司,http://www.11467.com/heze/co/59599.htm
青岛远帆电子商务有限公司,http://www.11467.com/qingdao/co/190403.htm
山西新力信息科技有限公司,http://www.11467.com/linfen/co/40846.htm
四川影响力科技有限公司,http://www.11467.com/chengdu/co/283530.htm
深圳市聚隆网络科技有限公司,http://www.11467.com/shenzhen/co/1108351.htm
山东智炎众益合供应链股份有限公司,http://www.11467.com/weifang/co/175947.htm
安徽毅耘科技有限公司,http://www.11467.com/hefei/co/187926.htm
北京盛世龙图电子商务有限公司,http://www.11467.com/beijing/co/764127.htm
上海筠维网络科技有限公司,http://www.11467.com/shanghai/co/1274677.htm
东莞市商侣电子商务有限公司,http://www.11467.com/dongguan/co/636713.htm
成都网店装修有限公司,http://www.11467.com/chengdu/co/277339.htm
郑州金鹏电子商务有限公司,http://www.11467.com/zhengzhou/co/210401.htm
乌鲁木齐惠泽远见网络技术有限公司,http://www.11467.com/wulumuqi/co/105546.htm
东莞市艾特网络科技有限公司,http://www.11467.com/dongguan/co/617185.htm
杭州丹若科技有限公司,http://www.11467.com/hangzhou/co/421887.htm
桂林牛顿苹果电子商务有限公司,http://www.11467.com/guilin/co/54393.htm
福州市聚道电子商务有限公司,http://www.11467.com/fuzhou/co/207564.htm
东莞市明志网络科技有限公司,http://www.11467.com/dongguan/co/613727.htm
山东商动力网络科技有限公司菏泽分公司,http://www.11467.com/heze/co/59526.htm
郑州淘大网络科技有限公司,http://www.11467.com/zhengzhou/co/236999.htm
杭州鸣果网络科技有限公司,http://www.11467.com/hangzhou/co/462886.htm
温州海威商贸有限公司,http://www.11467.com/wenzhou/co/329787.htm
青岛博创电子商务有限公司,http://www.11467.com/qingdao/co/188592.htm
东莞天度网络科技有限公司,http://www.11467.com/dongguan/co/616089.htm
广州阿里巴巴网络有限公司,http://www.11467.com/guangzhou/co/683404.htm
乐清市鼎众电子商务有限公司,http://www.11467.com/wenzhou/co/318062.htm
和艺电商品牌策划设计有限公司,http://www.11467.com/zhengzhou/co/213048.htm
重庆入围电子商务服务有限公司,http://www.11467.com/chongqing/co/253342.htm
德州市中商网络科技有限公司,http://www.11467.com/dezhou/co/71371.htm
安阳志恒网络技术有限责任公司,http://www.11467.com/anyang/co/43493.htm
郑州淘中淘企业营销策划有限公司,http://www.11467.com/zhengzhou/co/222833.htm
阿里莱芜网络服务有限公司,http://www.11467.com/laiwu/co/18589.htm
西安傲视文化传播有限公司,http://www.11467.com/xian/co/150665.htm
义乌市阳普网络科技有限公司,http://www.11467.com/jinhua/co/169393.htm
上海亮炫网络科技有限公司,http://www.11467.com/shanghai/co/1146889.htm
天津诚信天下网络技术有限公司,http://www.11467.com/tianjin/co/262955.htm
湖南三好网络科技有限公司,http://www.11467.com/changsha/co/214214.htm
西安昊天网络科技有限公司,http://www.11467.com/xian/co/167994.htm
上海奋启网络科技有限公司,http://www.11467.com/shanghai/co/1260368.htm
北京企飞科技有限公司,http://www.11467.com/beijing/co/762069.htm
杭州帝心网络科技有限公司,http://www.11467.com/hangzhou/co/450443.htm
深圳市赞佳电子商务有限公司,http://www.11467.com/shenzhen/co/1061033.htm
厦门智汇天下电子商务有限公司,http://www.11467.com/xiamen/co/151912.htm
广东朝阳全网通科技有限公司,http://www.11467.com/foshan/co/457225.htm
风盾网络科技有限公司,http://www.11467.com/hefei/co/165035.htm
阿里巴巴临沂授权渠道有限公司,http://www.11467.com/linyi/co/133939.htm
湖南阿里巴巴网络营销有限公司,http://www.11467.com/changde/co/48789.htm
黑龙江龙儒科技开发有限公司,http://www.11467.com/haerbin/co/76174.htm
江苏诚企盈网络科技有限公司,http://www.11467.com/qiye/93177133.htm
武汉雅帝电子商务有限公司,http://www.11467.com/wuhan/co/169552.htm
石狮市焦点网络有限公司,http://www.11467.com/quanzhou/co/168026.htm
杭州铸淘网络有限公司,http://www.11467.com/hangzhou/co/474980.htm
重庆逗号科技有限公司,http://www.11467.com/chongqing/co/266522.htm
长沙邻云网络科技有限公司,http://www.11467.com/changsha/co/180564.htm
河南君隆网络科技有限公司,http://www.11467.com/puyang/co/39881.htm
成都赢展科技有限公司,http://www.11467.com/chengdu/co/296536.htm
杭州企诚网络科技有限公司,http://www.11467.com/hangzhou/co/558673.htm
海口云飞扬网络科技有限公司,http://www.11467.com/haikou/co/61137.htm
东莞市盘古网络科技有限公司,http://www.11467.com/dongguan/co/639621.htm
苏州优蓝网络科技有限公司,http://www.11467.com/suzhou/co/400333.htm
青岛博创电子商务有限公司,http://www.11467.com/qingdao/co/188592.htm
上海秀店网络科技有限公司,http://www.11467.com/qiye/93105438.htm
天津大萍科技有限公司,http://www.11467.com/qiye/93109039.htm
义乌市品赞网络科技有限公司,http://www.11467.com/qiye/93130300.htm
苏州犇马信息技术有限公司,http://www.11467.com/suzhou/co/404491.htm
苏州零企点信息科技有限公司,http://www.11467.com/qiye/93341277.htm
西安唯思觅企业管理有限公司,http://www.11467.com/qiye/93345245.htm
河北恩川网络科技有限公司,http://www.11467.com/qiye/93415572.htm
深圳市深度电子商务设计有限公司,http://www.11467.com/qiye/93451797.htm
天津广川科技有限公司,http://www.11467.com/tianjin/co/279206.htm
风盾网络科技有限公司,http://www.11467.com/hefei/co/165035.htm
阿里巴巴临沂授权渠道有限公司,http://www.11467.com/linyi/co/133939.htm
沈阳格猫科技电商有限公司,http://www.11467.com/shenyang/co/107851.htm
济南奕脉信息科技有限公司,http://www.11467.com/jinan/co/153441.htm
东莞市亿网网络有限公司,http://www.11467.com/dongguan/co/639703.htm
东莞市灵颖网络科技有限公司,http://www.11467.com/dongguan/co/614864.htm
黑龙江龙儒科技开发有限公司,http://www.11467.com/haerbin/co/76174.htm
上海尘盈网络科技有限公司,http://www.11467.com/shanghai/co/1274932.htm
杭州容正信息技术有限公司,http://www.11467.com/hangzhou/co/563180.htm
北京云中微传媒有限责任公司,http://www.11467.com/beijing/co/789478.htm
厦门齐居网络科技有限公司,http://www.11467.com/xiamen/co/229655.htm
聊城市金诚建筑安装有限公司,http://www.11467.com/liaocheng/co/76837.htm
河南勇度网络技术有限公司,http://www.11467.com/zhengzhou/co/264183.htm
盘锦鹏毓网络科技有限公司,http://www.11467.com/panjin/co/27168.htm
陕西方旭网络科技有限公司,http://www.11467.com/xian/co/169969.htm
宜昌极致网络科技有限公司,http://www.11467.com/yichang/co/57701.htm
极地网极地互联传媒有限公司,http://www.11467.com/beijing/co/715771.htm
盐城企道网络科技有限公司,http://www.11467.com/yancheng/co/85709.htm
新疆海诺峰软件有限公司,http://www.11467.com/wulumuqi/co/105383.htm
郑州千帆软件科技公司,http://www.11467.com/zhengzhou/co/216285.htm
东莞市三程网络有限公司,http://www.11467.com/dongguan/co/614282.htm
临沂泽迅在线科技有限公司,http://www.11467.com/linyi/co/133957.htm
深圳市尚锐文化创意有限公司,http://www.11467.com/shenzhen/co/1070518.htm
杭州澳兴电子商务有限公司,http://www.11467.com/hangzhou/co/474967.htm
郑州千一电子商务有限公司,http://www.11467.com/zhengzhou/co/234051.htm
沈阳豪玛网络有限公司大连分公司,http://www.11467.com/beijing/co/790127.htm
桂平市傲傲电子商务有限公司,http://www.11467.com/qiye/93054684.htm
杭州市熙子网络科技有限公司,http://www.11467.com/qiye/93076608.htm
杭州熙字网络科技有限公司,http://www.11467.com/qiye/93077047.htm
广东海兰堂股份有限公司,http://www.11467.com/qiye/93177278.htm
泉州市速腾网络科技有限责任公司,http://www.11467.com/quanzhou/co/108285.htm
烟台西格网络科技有限公司,http://www.11467.com/yantai/co/135720.htm
苏州迅博信息科技有限公司,http://www.11467.com/suzhou/co/364561.htm
乌鲁木齐市安之投资管理有限责任公司,http://www.11467.com/wulumuqi/co/105247.htm
东莞市商动力科技有限公司,http://www.11467.com/dongguan/co/607967.htm
绍兴市迪聪网络科技有限公司,http://www.11467.com/shaoxing/co/134586.htm
义乌乐霞科技有限公司,http://www.11467.com/jinhua/co/169104.htm
济南百企聚网络有限公司,http://www.11467.com/heze/co/51398.htm
大连豪玛电子商务有限公司,http://www.11467.com/dalian/co/79494.htm
义乌聚宝软件有限公司,http://www.11467.com/jinhua/co/169109.htm
扬州金驰信息科技有限公司,http://www.11467.com/yangzhou/co/115046.htm
上海谷雪网络科技有限公司,http://www.11467.com/shanghai/co/1143588.htm
东莞能邦科技有限公司,http://www.11467.com/dongguan/co/608943.htm
山东省莱芜市正大厨房设备有限公司,http://www.11467.com/laiwu/co/18577.htm
天津亦博圆科技有限公司,http://www.11467.com/tianjin/co/217798.htm
青岛海诚网络科技有限公司,http://www.11467.com/qingdao/co/185049.htm
无锡市易联电商信息技术有限公司,http://www.11467.com/wuxi/co/261211.htm
济南创明网络服务有限公司,http://www.11467.com/jinan/co/152415.htm
佛山市网盛科技有限公司,http://www.11467.com/foshan/co/405297.htm
南通迅博科技有限公司,http://www.11467.com/nantong/co/146323.htm
济宁新视野网络科技有限公司,http://www.11467.com/jining/co/98215.htm
郑州亿景科技有限公司,http://www.11467.com/zhengzhou/co/212636.htm
新乡市大邦计算机软件有限公司,http://www.11467.com/xinxiang/co/41506.htm
肇庆世纪互联信息科技有限公司,http://www.11467.com/zhaoqing/co/48888.htm
沈阳掌控网络营销有限公司,http://www.11467.com/shenyang/co/106136.htm
厦门智汇天下网络科技有限公司,http://www.11467.com/xiamen/co/121779.htm
河南锐淘商贸有限公司,http://www.11467.com/zhengzhou/co/213101.htm
广州汇趣广告摄影公司,http://www.11467.com/guangzhou/co/617106.htm
东莞市阿曼达网络技术有限公司,http://www.11467.com/dongguan/co/613736.htm
宁波红阳信息科技有限公司,http://www.11467.com/ningbo/co/230499.htm
郑州岷哲科技有限公司,http://www.11467.com/zhengzhou/co/216186.htm
福州普度电子商务有限公司,http://www.11467.com/fuzhou/co/207563.htm
上海明溪信息科技有限公司,http://www.11467.com/shanghai/co/1161362.htm
义乌市阳普科技有限公司绍兴分公司,http://www.11467.com/shaoxing/co/135874.htm
株洲人网络科技有限公司,http://www.11467.com/zhuzhou/co/48129.htm
甘肃大蕃茄电子商务有限公司,http://www.11467.com/lanzhou/co/90877.htm
南阳淘邦网络科技有限公司,http://www.11467.com/nanyang/co/54817.htm
宁德市诚品网络技术有限公司,http://www.11467.com/ningde/co/41188.htm
珠海市深蓝网络有限公司,http://www.11467.com/zhuhai/co/123456.htm
郑州淘万家电子商务有限公司,http://www.11467.com/zhengzhou/co/233894.htm
河南助兴网络科技有限公司,http://www.11467.com/shangqiu/co/35359.htm
河北捷行网络科技有限公司,http://www.11467.com/shijiazhuang/co/252153.htm
莆田市悟空电子商务有限公司,http://www.11467.com/putian/co/51122.htm
广东互联云服网络科技有限公司,http://www.11467.com/dongguan/co/639324.htm
合肥金蝉数字图像设计有限公司,http://www.11467.com/qiye/29315755.htm
北京魔艺石三维动画设计有限公司,http://www.11467.com/qiye/29354592.htm
安徽网新科技有限公司淮北分公司,http://www.11467.com/huaibei/co/23310.htm
广州科悦信息科技有限公司,http://www.11467.com/qiye/93452106.htm
广州趋势信息技术有限公司,http://www.11467.com/guangzhou/co/359505.htm
合肥鸿讯电子商务有限公司,http://www.11467.com/hefei/co/114161.htm
深圳市慧晟天下网络有限公司,http://www.11467.com/shenzhen/co/987197.htm
厦门网店装修设计有限公司,http://www.11467.com/xiamen/co/132151.htm
济南云山网络科技有限公司,http://www.11467.com/jinan/co/153344.htm
河南疾风文化传播有限公司,http://www.11467.com/zhengzhou/co/220298.htm
佛山市乐麦电子商务有限公司,http://www.11467.com/foshan/co/424214.htm
宏云浩海（北京）科技有限公司济南分公司,http://www.11467.com/jinan/co/153448.htm
向圣互联在线科技有限公司,http://www.11467.com/wenzhou/co/280056.htm
天津一画科技有限公司,http://www.11467.com/tianjin/co/233683.htm
内蒙古润商网络科技有限公司,http://www.11467.com/huhehaote/co/36105.htm
义乌市乐霞科技有限公司,http://www.11467.com/jinhua/co/185714.htm
天津速迅网络科技有限公司,http://www.11467.com/tianjin/co/237437.htm
北京伊森百利电子商务有限公司,http://www.11467.com/beijing/co/761650.htm
深圳市百易互通网络科技有限公司,http://www.11467.com/shenzhen/co/1037585.htm
常州港城网络科技有限公司,http://www.11467.com/changzhou/co/169115.htm
云睿电子商务有限公司,http://www.11467.com/baoding/co/119847.htm
东莞市朝阳信息科技有限公司,http://www.11467.com/dongguan/co/615600.htm
杭州爱吧网络科技有限公司,http://www.11467.com/hangzhou/co/450398.htm
广州市创科网络科技有限公司,http://www.11467.com/guangzhou/co/692955.htm
漯河乐盈网络科技有限公司,http://www.11467.com/luohe/co/25689.htm
郑州盈淘企业营销策划有限公司,http://www.11467.com/zhengzhou/co/224889.htm
潍坊聚商源网络科技有限公司,http://www.11467.com/weifang/co/172898.htm
深圳市锦猫绘网络设计有限责任公司,http://www.11467.com/shenzhen/co/1065073.htm
河南浩淘电子商务有限公司,http://www.11467.com/zhengzhou/co/225300.htm
湖州耀聚电子商务有限公司,http://www.11467.com/huzhou/co/80170.htm
菏泽利商盟网络科技有限公司,http://www.11467.com/heze/co/59453.htm
义乌市聚商网络科技有限公司,http://www.11467.com/jinhua/co/203959.htm
惠州市天地支电子商务有限公司,http://www.11467.com/huizhou/co/147794.htm
深圳汇海电商有限公司,http://www.11467.com/shenzhen/co/1086923.htm
北京易商科技有限公司,http://www.11467.com/beijing/co/762521.htm
成都浩风阳商贸有限公司,http://www.11467.com/chengdu/co/283687.htm
丹东思牧网络服务有限公司,http://www.11467.com/dandong/co/52703.htm
南宁君桥电子商务有限公司,http://www.11467.com/nanning/co/98291.htm
郑州蓝盈网络科技有限公司,http://www.11467.com/zhengzhou/co/225990.htm
泽隆贝迪（北京）科技有限公司,http://www.11467.com/beijing/co/762905.htm
广州得民电子商务有限公司,http://www.11467.com/guangzhou/co/724795.htm
东莞市唐小丫信息网络有限公司,http://www.11467.com/dongguan/co/625975.htm
洛阳创众网络科技有限公司,http://www.11467.com/luoyang/co/78272.htm
楚雄腾昇商贸有限公司,http://www.11467.com/chuxiong/co/16147.htm
杭州哲奥网络科技有限公司,http://www.11467.com/hangzhou/co/493191.htm
杭州唯品淘信息集团有限公司,http://www.11467.com/hangzhou/co/493201.htm
温州恺欧电子商务有限公司,http://www.11467.com/wenzhou/co/324655.htm
宝鸡信赢网络科技有限公司,http://www.11467.com/baoji/co/36307.htm
浙江红鼎信息科技有限公司,http://www.11467.com/taizhou/co/189617.htm
河南省林云电子商务有限公司,http://www.11467.com/jiaozuo/co/39469.htm
河北铎盛紧固件制造有限公司,http://www.11467.com/qiye/25802483.htm
武汉盛世网道电子商务有限公司,http://www.11467.com/wuhan/co/210879.htm
诸暨市怀诺网络科技有限公司,http://www.11467.com/shaoxing/co/179318.htm
广西扬声网络科技有限公司,http://www.11467.com/nanning/co/98447.htm
佛山市赢辉网络科技公司,http://www.11467.com/foshan/co/472941.htm
山东上卓企业管理咨询有限公司,http://www.11467.com/jinan/co/157358.htm
非常影画美工设计有限公司,http://www.11467.com/jiaozuo/co/41169.htm
宜章县远智网络科技有限公司,http://www.11467.com/chenzhou/co/40432.htm
柳州市青橘电子商务有限公司,http://www.11467.com/liuzhou/co/49615.htm
福建省锐涵网络技术有限公司,http://www.11467.com/zhangzhou/co/61445.htm
广州市智程网络科技有限公司,http://www.11467.com/guangzhou/co/735505.htm
淮安市优佰科技有限公司,http://www.11467.com/huaian/co/57585.htm
深圳市汇企网络科技有限公司,http://www.11467.com/shenzhen/co/1127535.htm
睢县承诺电子商务有限公司,http://www.11467.com/shangqiu/co/42291.htm
深圳煜言网络科技有限公司,http://www.11467.com/shenzhen/co/1127675.htm
无锡君科云电商网络科技有限公司,http://www.11467.com/wuxi/co/274895.htm
杭州卓韵科技有限公司,http://www.11467.com/hangzhou/co/531473.htm
智酷网络科技有限公司,http://www.11467.com/weifang/co/174071.htm
洛阳有宝来网络科技有限公司,http://www.11467.com/luoyang/co/90070.htm
东莞市大鞋代网络科技有限公司,http://www.11467.com/dongguan/co/639778.htm
保定传众网络技术服务有限公司,http://www.11467.com/baoding/co/163537.htm
杭州雲尚网络科技有限公司,http://www.11467.com/hangzhou/co/452053.htm
中山市云派信息科技有限公司,http://www.11467.com/zhongshan/co/229270.htm
诸暨市拾悦网络科技有限公司,http://www.11467.com/shaoxing/co/197860.htm
佛山市米田视觉文化传播有限公司,http://www.11467.com/foshan/co/474958.htm
成都信德天下科技有限公司,http://www.11467.com/chengdu/co/292921.htm
江苏星牛网络科技有限公司,http://www.11467.com/changzhou/co/174808.htm
德州云推网络科技有限公司,http://www.11467.com/dezhou/co/74202.htm
北京吉浪星风科技有限公司,http://www.11467.com/beijing/co/789779.htm
深圳南部网络信息技术有限公司,http://www.11467.com/shenzhen/co/1137733.htm
凌渡实业（深圳）有限公司,http://www.11467.com/shenzhen/co/1138001.htm
合肥前飞传媒有限公司,http://www.11467.com/shanghai/co/1305455.htm
河南助创信息技术有限公司,http://www.11467.com/qiye/93174000.htm
惠州市华思硕科技有限公司,http://www.11467.com/qiye/93321316.htm
郑州吉立科技有限公司,http://www.11467.com/zhengzhou/co/142345.htm
南京网库库互通技术有限公司,http://www.11467.com/nanjing/co/170079.htm
杭州淘外网络技术有限公司,http://www.11467.com/hangzhou/co/413403.htm
南京亿和动画设计制作有限公司,http://www.11467.com/qiye/21366439.htm
福建福州名链网络有限公司,http://www.11467.com/fuzhou/co/207537.htm
东莞市雷锋网络技术有限公司,http://www.11467.com/dongguan/co/613758.htm
东莞雷峰网络技术有限公司,http://www.11467.com/dongguan/co/613766.htm
涿州市雨后网络技术服务有限公司,http://www.11467.com/baoding/co/111604.htm
深圳市天擎网络有限公司,http://www.11467.com/shenzhen/co/984953.htm
杭州新淘网络科技有限公司,http://www.11467.com/hangzhou/co/427664.htm
江苏淘大电子商务有限公司,http://www.11467.com/nanjing/co/176539.htm
上海奕堂网站建设公司,http://www.11467.com/shanghai/co/1179011.htm
可发网络信息科技有限公司,http://www.11467.com/guangzhou/co/683462.htm
广州淘世界贸易有限公司,http://www.11467.com/guangzhou/co/692888.htm
西安点淘网络科技有限公司,http://www.11467.com/xian/co/163122.htm
西安变革者网络科技有限公司,http://www.11467.com/xian/co/163167.htm
北京网站建设科技有限公司,http://www.11467.com/beijing/co/762149.htm
湘潭经天纬地网络科技有限责任公司,http://www.11467.com/xiangtan/co/38038.htm
杭州凡玛网络科技有限公司,http://www.11467.com/hangzhou/co/462815.htm
淮南市画时代三维动画设计有限公司,http://www.11467.com/qiye/23346860.htm
宁波红火焰网络科技有限公司,http://www.11467.com/ningbo/co/231422.htm
郑州新耀电子商务有限公司,http://www.11467.com/zhengzhou/co/225847.htm
广州七迹电子商务有限公司,http://www.11467.com/guangzhou/co/699402.htm
杭州网美网络科技有限公司,http://www.11467.com/hangzhou/co/493184.htm
北京飞天大圣动画设计有限公司,http://www.11467.com/qiye/23948554.htm
湖北魔盒科技有限公司,http://www.11467.com/wuhan/co/206401.htm
阿里小贝（厦门）电子商务有限公司,http://www.11467.com/xiamen/co/167181.htm
蒙阴县颖辰电子商务有限公司,http://www.11467.com/linyi/co/133730.htm
深圳市克瑞迪科技有限公司,http://www.11467.com/shenzhen/co/1102387.htm
福鼎市速点网络科技有限公司,http://www.11467.com/ningde/co/41228.htm
安徽一六八网络科技有限公司,http://www.11467.com/hefei/co/164903.htm
