株洲恺元机械有限责任公司,http://www.11467.com/zhuzhou/co/45247.htm
昆山艾力克斯铁路配件有限公司,http://www.11467.com/suzhou/co/393915.htm
滨州市金龙塑料有限责任公司,http://www.11467.com/binzhou/co/24813.htm
泉州创通电子设备有限公司,http://www.11467.com/quanzhou/co/51963.htm
山东恒旺工矿设备有限公司,http://www.11467.com/jining/co/56737.htm
邯郸市伟基铁路器材有限公司,http://www.11467.com/handan/co/54962.htm
新疆华通泰克游乐设备有限公司,http://www.11467.com/wulumuqi/co/51194.htm
廊坊合力天一机械设备有限公司,http://www.11467.com/langfang/co/30784.htm
哈尔滨铁路局工业总公司,http://www.11467.com/qiqihaer/co/58440.htm
吉林市宏远铁路运输科技开发有限公司,http://www.11467.com/jilinshi/co/8582.htm
荆门市军华矿山机械有限公司,http://www.11467.com/jingmen/co/14191.htm
湖南博得科技开发有限公司,http://www.11467.com/changsha/co/71617.htm
常州市江南波纹管有限公司,http://www.11467.com/changzhou/co/106709.htm
慈溪市宜美佳电器有限公司,http://www.11467.com/cixi/co/22395.htm
镇江市华力变压器制造有限公司,http://www.11467.com/zhenjiang/co/7889.htm
资阳市天行科贸有限公司,http://www.11467.com/ziyang/co/11648.htm
资阳志成机电设备有限公司,http://www.11467.com/ziyang/co/12326.htm
泰安惠源铁路物资有限公司,http://www.11467.com/taian/co/23892.htm
泰安市鼎鑫水泥轨枕制造有限公司,http://www.11467.com/taian/co/62807.htm
济宁华顺机械有限公司铁道部,http://www.11467.com/jining/co/56584.htm
秦皇岛市钢之家商贸有限责任公司,http://www.11467.com/qinhuangdao/co/24587.htm
山东德润机电设备制造有限公司,http://www.11467.com/zibo/co/65341.htm
巨大矿业有限公司,http://www.11467.com/wenzhou/co/216099.htm
林州市圣亚煤机有限公司,http://www.11467.com/anyang/co/32346.htm
纽科伦(新乡)起重机有限公司唐山分公司,http://www.11467.com/tangshan/co/63349.htm
攀枝花市林保木业有限责任公司,http://www.11467.com/panzhihua/co/15796.htm
山东济宁八方矿山机械销售有限公司,http://www.11467.com/jining/co/56633.htm
锦州双兴铁路机械有限公司,http://www.11467.com/jinzhou/co/45670.htm
锦州京久铁路养路设备制造有限公司,http://www.11467.com/jinzhou/co/45688.htm
涿州市新林峰模具有限公司,http://www.11467.com/baoding/co/91574.htm
大连恒承钢铁有限公司,http://www.11467.com/dalian/co/74158.htm
天津星艺交通设施销售有限公司,http://www.11467.com/tianjin/co/38910.htm
济宁恒旺轨道器材有限公司,http://www.11467.com/jining/co/56665.htm
郑州蓝麟机电技术有限公司,http://www.11467.com/zhengzhou/co/149539.htm
邯郸市森宁紧固件制造有限公司,http://www.11467.com/handan/co/54960.htm
陕西艾瑞斯新材料科技有限公司,http://www.11467.com/xian/co/95609.htm
资阳晨风西铁机械有限公司,http://www.11467.com/ziyang/co/14146.htm
安徽德誉智能化工程有限公司,http://www.11467.com/hefei/co/145495.htm
新乡市路达机械制造有限公司,http://www.11467.com/xinxiang/co/45046.htm
杭州五朗精密机械有限公司,http://www.11467.com/hangzhou/co/255756.htm
东莞市华楠骏业机械制造有限公司,http://www.11467.com/dongguan/co/139739.htm
昆山艾力克斯精密机械有限公司,http://www.11467.com/suzhou/co/358100.htm
青岛斯诺尔物流装备公司,http://www.11467.com/qingdao/co/125455.htm
东风特汽十堰专用汽车有限公司,http://www.11467.com/shiyan/co/31675.htm
辽宁鑫盛铁路器械有限公司,http://www.11467.com/anshan/co/78999.htm
石家庄铁强铁路机械设备销售有限公司,http://www.11467.com/shijiazhuang/co/160138.htm
山西嘉晟贸易有限公司,http://www.11467.com/taiyuan/co/91326.htm
大连奇想科技有限公司,http://www.11467.com/dalian/co/35572.htm
锦州市振翔工务器材配件有限公司,http://www.11467.com/jinzhou/co/43441.htm
锦州恒源铁路工电器材制造有限公司,http://www.11467.com/jinzhou/co/43980.htm
南宁市爽虎高温轴承有限公司,http://www.11467.com/nanning/co/58332.htm
秦皇岛路来福铁路器材有限公司,http://www.11467.com/qinhuangdao/co/5788.htm
唐山万达铁路工程有限公司,http://www.11467.com/tangshan/co/16007.htm
兖州市泰达矿业科技有限公司,http://www.11467.com/jining/co/71111.htm
鞍山中铁工务器材有限公司,http://www.11467.com/anshan/co/70551.htm
长沙仁泰钢铁贸易有限公司,http://www.11467.com/changsha/co/83033.htm
沈阳铁路机械设备有限公司,http://www.11467.com/shenyang/co/81605.htm
南充市鹰派科技有限公司,http://www.11467.com/nanchong/co/17243.htm
苏州春力交通器材有限公司,http://www.11467.com/suzhou/co/320861.htm
秦皇岛市深桥铁路器材有限公司,http://www.11467.com/qinhuangdao/co/35291.htm
佛山市顺德区宙通轨道交通设备有限公司,http://www.11467.com/foshan/co/221481.htm
济宁市浩博工矿机械设备有限公司,http://www.11467.com/jining/co/86905.htm
炎泰工矿机械设备有限公司,http://www.11467.com/jining/co/86950.htm
资阳通远达工贸有限责任公司,http://www.11467.com/ziyang/co/11909.htm
上海交通科技有限公司,http://www.11467.com/shanghai/co/737203.htm
宝鸡市新铁秦岭轨道车辆有限公司,http://www.11467.com/baoji/co/24843.htm
泉州市鸿达机械设备租赁有限公司,http://www.11467.com/quanzhou/co/114366.htm
南京博焦电子科技有限公司,http://www.11467.com/nanjing/co/148992.htm
林州市高畅机械配件有限公司,http://www.11467.com/anyang/co/37368.htm
永年县和阳紧固件有限公司,http://www.11467.com/handan/co/82876.htm
邢台市华顺铁路用品有限公司,http://www.11467.com/xintai/co/65856.htm
枣强县锐通铁路电器有限公司,http://www.11467.com/hengshui/co/50902.htm
天津腾飞世纪钢铁贸易有限公司,http://www.11467.com/tianjin/co/18737.htm
山东济宁市顺源工矿设备股份有限公司,http://www.11467.com/jining/co/84503.htm
沈阳创想科技发展有限公司,http://www.11467.com/shenyang/co/61941.htm
深圳市新光永利达木业有限公司,http://www.11467.com/shenzhen/co/764536.htm
苏州惠博铁路紧固件有限公司,http://www.11467.com/suzhou/co/317666.htm
沈阳瑞德机械有限公司,http://www.11467.com/shenyang/co/64232.htm
徐州亚卡商贸有限公司,http://www.11467.com/xuzhou/co/79066.htm
资阳市圣铁工贸有限责任公司,http://www.11467.com/ziyang/co/11932.htm
山东华建能源机械有限公司,http://www.11467.com/jining/co/95662.htm
山东华建机械设备有限公司,http://www.11467.com/jining/co/105598.htm
济宁市宏杰机械设备有限公司,http://www.11467.com/jining/co/105757.htm
宝鸡市宇瀚商贸有限公司,http://www.11467.com/baoji/co/35090.htm
邯郸市邯山区阖路铁路电器有限公司,http://www.11467.com/handan/co/95526.htm
济宁沃格机械有限公司,http://www.11467.com/qiye/93028336.htm
林州市中发铁路配件有限公司,http://www.11467.com/anyang/co/32350.htm
济宁恒谐铁路器材设备有限公司,http://www.11467.com/jining/co/107237.htm
锦州市瑞达铁路机械制造有限公司,http://www.11467.com/jinzhou/co/43447.htm
锦州国蕊铁路器材有限公司,http://www.11467.com/jinzhou/co/43445.htm
天津市建国铁路物资有限公司,http://www.11467.com/tianjin/co/61472.htm
长春华嘉机电工贸有限公司,http://www.11467.com/changchun/co/46141.htm
上海上配铁路机车车辆设备有限公司,http://www.11467.com/shanghai/co/315342.htm
天津市云腾交通设施工程有限公司,http://www.11467.com/tianjin/co/222847.htm
济宁市鸿远铁路设备有限公司,http://www.11467.com/jining/co/101222.htm
山东建华能源设备有限公司,http://www.11467.com/jining/co/104904.htm
济宁浩博工矿机械设备有限责任公司,http://www.11467.com/jining/co/104941.htm
辽宁锦州双兴铁路机械有限公司,http://www.11467.com/jinzhou/co/51923.htm
泰安市鼎鑫矿用有限公司,http://www.11467.com/taian/co/68800.htm
泰安市鼎鑫矿用枕木设备有限公司,http://www.11467.com/taian/co/68797.htm
辽宁双兴铁路机械有限公司,http://www.11467.com/anshan/co/80093.htm
山东华建工矿设备有限公司,http://www.11467.com/jining/co/91672.htm
泰安宏凯交通设施安装有限公司,http://www.11467.com/chongqing/co/345502.htm
山东神华机械制造有限公司销售部,http://www.11467.com/jining/co/105632.htm
锦州东朔科技有限公司,http://www.11467.com/jinzhou/co/51962.htm
深圳市志通诚实业发展有限公司,http://www.11467.com/shenzhen/co/1108184.htm
锦州固铁养路设备有限公司,http://www.11467.com/jinzhou/co/51928.htm
安阳市工务器材有限责任公司,http://www.11467.com/anyang/co/44045.htm
邯郸市吉溶金属制品有限公司,http://www.11467.com/handan/co/83004.htm
苏州青华铁路配件有限公司,http://www.11467.com/suzhou/co/206947.htm
东莞市天辉物流有限公司,http://www.11467.com/dongguan/co/211261.htm
杭州隼目信息科技有限公司,http://www.11467.com/hangzhou/co/563403.htm
广州通道控制技术研究有限公司,http://www.11467.com/qiye/93023031.htm
济宁鲁匠机械设备有限公司,http://www.11467.com/qiye/93421805.htm
无锡市申菱压铸有限公司,http://www.11467.com/wuxi/co/188186.htm
深圳市联合飞扬展览有限公司,http://www.11467.com/shenzhen/co/310905.htm
西安卓安机电设备有限公司,http://www.11467.com/xian/co/160378.htm
常州南车柴油机零部件有限公司,http://www.11467.com/changzhou/co/129807.htm
江苏常牵庞巴迪牵引系统有限公司,http://www.11467.com/changzhou/co/72033.htm
林州市鸿盛铁路配件有限公司,http://www.11467.com/anyang/co/32351.htm
中铁物资鹰潭木材防腐有限公司,http://www.11467.com/yingtan/co/7509.htm
永年县运昌紧固件制造有限公司,http://www.11467.com/handan/co/55045.htm
邯郸市正华物资有限公司,http://www.11467.com/handan/co/54961.htm
四川省昂牛工铁贸科技有限公司,http://www.11467.com/chengdu/co/294730.htm
林州市川茂矿山机械配件有限公司,http://www.11467.com/anyang/co/35259.htm
林州市华星铁路器材有限公司,http://www.11467.com/anyang/co/16243.htm
林州市陆发重工机械有限责任公司,http://www.11467.com/anyang/co/28075.htm
中铁宝桥股份有限公司,http://www.11467.com/baoji/co/20397.htm
沧县华康精密铸造有限公司,http://www.11467.com/cangzhou/co/52990.htm
沧县源达五金制品有限公司,http://www.11467.com/cangzhou/co/57410.htm
长春轨道客车股份有限公司,http://www.11467.com/changchun/co/45686.htm
常州市江山机车车辆配件有限公司,http://www.11467.com/changzhou/co/109248.htm
丹东鑫通木材防腐有限公司,http://www.11467.com/dandong/co/48824.htm
四川德力铁道科技有限公司,http://www.11467.com/deyang/co/20641.htm
东莞市诺丽电子科技有限公司,http://www.11467.com/dongguan/co/258385.htm
江西大宇制动有限公司,http://www.11467.com/fuzhoushi/co/17060.htm
赣州群英集装箱货运有限公司,http://www.11467.com/ganzhou/co/26694.htm
南方汇通股份有限公司,http://www.11467.com/guiyang/co/40056.htm
杭州创联电子技术有限公司,http://www.11467.com/hangzhou/co/49948.htm
来恩伟业(鹤壁)电子科技有限责任公司,http://www.11467.com/hebi/co/3666.htm
安徽合力股份有限公司,http://www.11467.com/hefei/co/48806.htm
矿山配件收购公司,http://www.11467.com/hegang/co/9944.htm
凯励物资有限责任公司,http://www.11467.com/hegang/co/9943.htm
晋城市中矿液压有限公司,http://www.11467.com/jincheng/co/17511.htm
广西生瑞铁路工程有限责任公司,http://www.11467.com/laibin/co/4278.htm
山东莱芜金雷风电科技股份有限公司,http://www.11467.com/laiwu/co/5747.htm
辽宁兴宇型钢制造有限公司,http://www.11467.com/liaoyang/co/23746.htm
辽源双丰机械有限责任公司,http://www.11467.com/liaoyuan/co/8347.htm
南京金欧铁路装配制造有限公司,http://www.11467.com/nanjing/co/68432.htm
南京国网电瑞电力科技有限责任公司,http://www.11467.com/nanjing/co/37705.htm
青岛四方新诚志卓客车配件有限公司,http://www.11467.com/qingdao/co/49994.htm
韶关市金霞物资有限公司,http://www.11467.com/shaoguan/co/21176.htm
深圳市科隆机电有限公司,http://www.11467.com/shenzhen/co/771189.htm
深圳市华智联科技有限公司,http://www.11467.com/shenzhen/co/760953.htm
石家庄京铁腾飞工量具有限公司,http://www.11467.com/shijiazhuang/co/138238.htm
良宇矿建器材有限公司,http://www.11467.com/shuangyashang/co/9294.htm
致远机械制造公司,http://www.11467.com/shuangyashang/co/9284.htm
朔州市盛澜工矿配件销售有限公司,http://www.11467.com/shuozhou/co/8319.htm
唐山腾飒商贸有限公司,http://www.11467.com/tangshan/co/63442.htm
宝鸡中铁宝桥天元责任有限公司,http://www.11467.com/tongchuan/co/8197.htm
武汉红铁车辆配件有限公司,http://www.11467.com/wuhan/co/32847.htm
赤峰远联钢铁公司,http://www.11467.com/wulanchabu/co/5726.htm
陕西正信铁路器材有限公司,http://www.11467.com/xian/co/61138.htm
湘潭时代线束有限公司,http://www.11467.com/xiangtan/co/28584.htm
郑州建达路桥机具有限责任公司,http://www.11467.com/zhengzhou/co/63084.htm
株洲通达铁路电机有限公司,http://www.11467.com/zhuzhou/co/33489.htm
株洲科盟车辆配件有限责任公司,http://www.11467.com/zhuzhou/co/33458.htm
北京京港地铁有限公司,http://www.11467.com/beijing/co/401727.htm
北京中材汽车复合材料有限公司,http://www.11467.com/beijing/co/686266.htm
上海伊新环保科技发展有限公司,http://www.11467.com/shanghai/co/1079561.htm
唐山市汇钢商贸有限公司,http://www.11467.com/tangshan/co/53679.htm
四川飞马投资发展有限公司,http://www.11467.com/chengdu/co/96390.htm
成都森雅木业有限责任公司,http://www.11467.com/chengdu/co/141815.htm
四川省泰禾机械有限公司,http://www.11467.com/chengdu/co/34386.htm
大连中集铁路装备有限公司,http://www.11467.com/dalian/co/43377.htm
大连捷瑞流体传动控制有限公司,http://www.11467.com/dalian/co/49445.htm
广东富士电梯有限公司,http://www.11467.com/foshan/co/255567.htm
佛山市顺德区路骏钢材有限公司,http://www.11467.com/foshan/co/228377.htm
广东省钢铁集团企业有限公司,http://www.11467.com/guangzhou/co/119736.htm
广州凯希电子科技有限公司,http://www.11467.com/guangzhou/co/259485.htm
哈尔滨义明金属材料有限公司,http://www.11467.com/haerbin/co/36895.htm
杭州雪丰物流有限公司,http://www.11467.com/hangzhou/co/240649.htm
浙江贝尔通信集团有限责任公司,http://www.11467.com/hangzhou/co/140276.htm
浙江双臣车桥有限公司,http://www.11467.com/hangzhou/co/370891.htm
鹤壁博大电子集团有限公司,http://www.11467.com/hebi/co/6319.htm
龙潭铁路机车有限公司（原桐城铁路机车配件 厂）,http://www.11467.com/hefei/co/88062.htm
江苏锦屏矿业有限公司,http://www.11467.com/lianyungang/co/27724.htm
洛阳市金相金属材料有限公司,http://www.11467.com/luoyang/co/53909.htm
马鞍山市唐氏螺纹紧固件有限公司,http://www.11467.com/maanshan/co/12269.htm
牡丹江金缘钩缓制造有限责任公司,http://www.11467.com/mudanjiang/co/48077.htm
南昌康瑞特科技有限公司,http://www.11467.com/nanchang/co/87736.htm
青岛四方新城志卓客车配件有限公司,http://www.11467.com/qingdao/co/84371.htm
青岛路锐轨道交通新技术有限公司,http://www.11467.com/qingdao/co/99668.htm
青岛狄摩赛铁道设备有限公司,http://www.11467.com/qingdao/co/84746.htm
新铁德奥道岔有限公司,http://www.11467.com/qinhuangdao/co/34711.htm
齐齐哈尔轨道交通装备有限责任公司,http://www.11467.com/qiqihaer/co/58481.htm
齐齐哈尔市新风机械制造有限公司,http://www.11467.com/qiqihaer/co/43641.htm
中铁物资集团东北公司(物资贸易部）,http://www.11467.com/shenyang/co/52310.htm
深圳市东胜燃气设备有限公司,http://www.11467.com/shenzhen/co/761544.htm
深圳市中电希光科技有限公司,http://www.11467.com/shenzhen/co/541185.htm
河北冀铁运输器材有限公司,http://www.11467.com/shijiazhuang/co/85162.htm
石家庄金马科贸有限公司,http://www.11467.com/shijiazhuang/co/77236.htm
南车石家庄车辆有限公司,http://www.11467.com/shijiazhuang/co/92320.htm
中铁物资集团华北有限公司,http://www.11467.com/shijiazhuang/co/77335.htm
哈金森工业橡胶制品(苏州)有限公司,http://www.11467.com/suzhou/co/322811.htm
苏州正奇科技有限公司,http://www.11467.com/suzhou/co/222708.htm
苏州贝尔纳德铁路设备有限公司,http://www.11467.com/suzhou/co/246239.htm
吴江市祥诚金属带箔有限公司,http://www.11467.com/suzhou/co/291378.htm
晋西铁路车辆有限责任公司,http://www.11467.com/taiyuan/co/2465.htm
山西红铁公司,http://www.11467.com/taiyuan/co/95471.htm
台州市大宇机械有限公司,http://www.11467.com/taizhou/co/79570.htm
唐山市双张鑫商贸有限公司,http://www.11467.com/tangshan/co/66600.htm
唐山市汇钢商贸有限公司,http://www.11467.com/tangshan/co/53679.htm
西安嘉信铁路器材有限公司,http://www.11467.com/xian/co/2029.htm
湖北海弘达铁路车辆配件有限公司,http://www.11467.com/xianning/co/12854.htm
武汉菲罗摩擦材料有限公司,http://www.11467.com/xiantao/co/13682.htm
徐州中铁物资有限公司,http://www.11467.com/xuzhou/co/54599.htm
扬州仁达铝业有限公司,http://www.11467.com/yangzhou/co/83223.htm
扬州永伟联盛旅游用品有限责任公司,http://www.11467.com/yangzhou/co/89739.htm
郑州世纪菲特科贸有限公司,http://www.11467.com/zhengzhou/co/63684.htm
珠海市质时空科技有限公司,http://www.11467.com/zhuhai/co/99327.htm
株洲天利铁路机车车辆配件有限公司,http://www.11467.com/zhuzhou/co/35052.htm
株洲高新技术产业开发区奥博科技有限责任公司,http://www.11467.com/zhuzhou/co/24612.htm
株洲八达铸业有限责任公司,http://www.11467.com/zhuzhou/co/33877.htm
淄博天博铁路物资有限公司,http://www.11467.com/zibo/co/64830.htm
北京二七轨道交通装备有限责任公司,http://www.11467.com/beijing/co/310771.htm
北京首荣货运代理有限公司 集装箱部,http://www.11467.com/beijing/co/100447.htm
北京铁龙恒通车辆装备有限公司,http://www.11467.com/beijing/co/401887.htm
中铁快运北京顺捷通航空货运有限公司,http://www.11467.com/beijing/co/310453.htm
宜昌和达利复合材料股份公司,http://www.11467.com/yichang/co/56339.htm
天津骥腾科技有限公司,http://www.11467.com/tianjin/co/301709.htm
欧亚泰国际贸易（天津）有限公司,http://www.11467.com/tianjin/co/301814.htm
达飞物流(中国)有限公司天津分公司,http://www.11467.com/tianjin/co/308611.htm
青岛恒盛信达轨道交通有限公司,http://www.11467.com/qingdao/co/188352.htm
太原重工轮轴分公司,http://www.11467.com/taiyuan/co/124304.htm
青岛鑫溢汇凯机械设备有限公司,http://www.11467.com/qingdao/co/151943.htm
福清海顺集装箱服务有限公司,http://www.11467.com/fuzhou/co/180723.htm
金越煤矿公司,http://www.11467.com/akesu/co/10873.htm
吉钢矿业公司,http://www.11467.com/anshan/co/71689.htm
鞍钢民企实业冶金机电设备修造公司,http://www.11467.com/anshan/co/41937.htm
鞍山市北车机车有限公司,http://www.11467.com/anshan/co/72477.htm
鞍山市双正通用备件有限公司,http://www.11467.com/anshan/co/63796.htm
安阳市中桥铁路器材有限公司,http://www.11467.com/anyang/co/28623.htm
林州矿业设备联合销售有限公司,http://www.11467.com/anyang/co/27570.htm
安阳市铁建铁路器材有限责任公司,http://www.11467.com/anyang/co/35719.htm
安阳市成功商贸有限责任公司,http://www.11467.com/anyang/co/19685.htm
安阳市中桥铁路器材有限公司业务科,http://www.11467.com/anyang/co/27622.htm
安阳市恒大高科有限责任公司,http://www.11467.com/anyang/co/26185.htm
安阳市中桥铁路器材有限公司销售部,http://www.11467.com/anyang/co/27627.htm
安阳利达铁路器材有限公司,http://www.11467.com/anyang/co/26463.htm
林州市程源汽配有限公司,http://www.11467.com/anyang/co/27608.htm
林州市宏润工矿配件有限责任公司,http://www.11467.com/anyang/co/35887.htm
林州市山桥铁路材料有限公司,http://www.11467.com/anyang/co/36258.htm
安阳市利达铁路器材有限责任公司行政部,http://www.11467.com/anyang/co/27618.htm
安阳三和铁路器材有限公司（销售部）,http://www.11467.com/anyang/co/27595.htm
河南省安阳市恒信铁路器材有限责任公司,http://www.11467.com/anyang/co/28632.htm
林州市鸿发铸业有限公司,http://www.11467.com/anyang/co/36818.htm
林州市飞跃铁路道岔器材有限公司,http://www.11467.com/anyang/co/27587.htm
林州市众鑫机械工业有限公司,http://www.11467.com/anyang/co/36893.htm
河南道岔集团有限公司,http://www.11467.com/anyang/co/28643.htm
东赵重工有限公司,http://www.11467.com/anyang/co/27586.htm
保定腾达铁路器材有限公司,http://www.11467.com/baoding/co/56930.htm
宝鸡市四方兴达铁路器材有限公司,http://www.11467.com/baoji/co/24867.htm
宝鸡市新铁秦岭轨道车辆修配有限公司,http://www.11467.com/baoji/co/26100.htm
宝鸡市泰公工贸有限公司,http://www.11467.com/baoji/co/24864.htm
陕西昌龙交通科技有限公司,http://www.11467.com/baoji/co/24908.htm
包头北方铁路产品有限责任公司,http://www.11467.com/baotou/co/25478.htm
南京新东方蚌埠机务分公司,http://www.11467.com/bengbu/co/27276.htm
蚌埠瑞浦投资发展有限公司,http://www.11467.com/bengbu/co/24823.htm
泊头市创荣机械有限公司,http://www.11467.com/cangzhou/co/54066.htm
长春帝安帝国际实业有限责任公司,http://www.11467.com/changchun/co/75938.htm
辉南铁路器材有限公司,http://www.11467.com/changchun/co/72449.htm
长客铁达物资经贸有限公司,http://www.11467.com/changchun/co/72415.htm
长春客车厂工业公司铁路客车门窗厂,http://www.11467.com/changchun/co/75932.htm
远通车辆设备有限公司,http://www.11467.com/changchun/co/75960.htm
吉林省红星橡塑机械有限公司,http://www.11467.com/changchun/co/56935.htm
吉林省盛大机械制造有限责任公司市场开发部,http://www.11467.com/changchun/co/68797.htm
吉林省百丰节能产品开发有限公司,http://www.11467.com/changchun/co/68803.htm
长春铁达经贸有限公司,http://www.11467.com/changchun/co/49028.htm
长沙市琳跃经贸有限公司,http://www.11467.com/changsha/co/80385.htm
长沙秋帆电力设备有限公司,http://www.11467.com/changsha/co/80500.htm
湖南江南电力设备安装工程有限公司,http://www.11467.com/changsha/co/121178.htm
中南大学湖南安路通科技有限公司,http://www.11467.com/changsha/co/88325.htm
精华煤运有限公司,http://www.11467.com/changzhi/co/26000.htm
常州南泽机电科技有限公司,http://www.11467.com/changzhou/co/107376.htm
常州朗锐东洋传动技术有限公司,http://www.11467.com/changzhou/co/114601.htm
常州雷铁机电设备有限公司,http://www.11467.com/changzhou/co/143070.htm
常州齐丰机械电子有限公司.co.Ltd,http://www.11467.com/changzhou/co/114567.htm
百亿达尔轨道客车配件有限公司,http://www.11467.com/changzhou/co/98507.htm
常州庞巴迪轨道牵引系统公司,http://www.11467.com/changzhou/co/98551.htm
常州市佳鹏铁路配件有限公司,http://www.11467.com/changzhou/co/114564.htm
常州市华奥新世纪通信技术有限公司,http://www.11467.com/changzhou/co/114494.htm
常州市启元机械装备有限公司,http://www.11467.com/changzhou/co/61431.htm
常州铁马公司,http://www.11467.com/changzhou/co/114491.htm
常州铁马科技实业有限公司,http://www.11467.com/changzhou/co/98111.htm
今创集团公司,http://www.11467.com/changzhou/co/98297.htm
常州市钟涛物资有限公司,http://www.11467.com/changzhou/co/87247.htm
常州市北交大机械电子装备厂有限公司,http://www.11467.com/changzhou/co/103706.htm
常州市博钧自动化设备有限公司,http://www.11467.com/changzhou/co/87751.htm
常州奥通轨道有限公司,http://www.11467.com/changzhou/co/107851.htm
常州卫安商贸有限公司铁路运输处,http://www.11467.com/changzhou/co/114514.htm
常州市英纳轴承制造有限公司,http://www.11467.com/changzhou/co/88512.htm
金坛市透平机械有限公司,http://www.11467.com/changzhou/co/74758.htm
常州齐丰摩擦材料有限公司,http://www.11467.com/changzhou/co/98304.htm
常州长青埃潍交通设备有限公司采购部,http://www.11467.com/changzhou/co/97926.htm
戚墅堰机车车辆厂兴力实业公司,http://www.11467.com/changzhou/co/13230.htm
成都久通贸易有限公司,http://www.11467.com/chengdu/co/57564.htm
成都特瑞克建筑工程公司,http://www.11467.com/chengdu/co/96438.htm
成都航铁机械制造有限公司,http://www.11467.com/chengdu/co/111680.htm
成都凯泉铁路配件有限公司,http://www.11467.com/chengdu/co/111799.htm
郴州通达路桥机械有限公司,http://www.11467.com/chenzhou/co/19124.htm
大连保税区华铁有限公司,http://www.11467.com/dalian/co/43843.htm
大连亚海机电设备有限公司,http://www.11467.com/dalian/co/43945.htm
海平工贸有限公司,http://www.11467.com/dandong/co/46181.htm
兴隆股份有限公司,http://www.11467.com/daqing/co/38732.htm
山西大同电力机车有限责任公司电配车间,http://www.11467.com/datong/co/14311.htm
大同市铁诚机车配件研发有限责任公司,http://www.11467.com/datong/co/14306.htm
大同法维莱车钩系统有限责任公司,http://www.11467.com/datong/co/14774.htm
海岳润达商贸有限责任公司,http://www.11467.com/datong/co/14281.htm
德州市华纳机械设备有限公司,http://www.11467.com/dezhou/co/32988.htm
安徽合力叉车股份有限公司东莞正东销售部,http://www.11467.com/dongguan/co/212007.htm
东莞市达成机械制造有限公司,http://www.11467.com/dongguan/co/210976.htm
东莞德曼包装配件有限公司采购部,http://www.11467.com/dongguan/co/212316.htm
东莞市西门子电梯有限公司,http://www.11467.com/dongguan/co/317383.htm
二手转让服务公司,http://www.11467.com/dongguan/co/210223.htm
东星五今有限公司,http://www.11467.com/foshan/co/217963.htm
抚顺矿业集团有限责任公司车辆工厂,http://www.11467.com/fushun/co/25994.htm
抚顺矿业集团怡和工贸分公司制材厂,http://www.11467.com/fushun/co/25784.htm
广州港集团黄埔港务分公司,http://www.11467.com/guangzhou/co/221624.htm
广州市国脉星启电子科技有限公司,http://www.11467.com/guangzhou/co/228484.htm
广州松坂自动化器材有限公司,http://www.11467.com/guangzhou/co/87986.htm
广州伟田机电设备有限公司销售部,http://www.11467.com/guangzhou/co/227566.htm
金秋龙贸易商品有限公司,http://www.11467.com/guangzhou/co/304079.htm
广州市粤峰通讯有限公司,http://www.11467.com/guangzhou/co/223396.htm
林源矿产公司,http://www.11467.com/guilin/co/41459.htm
利禹工贸有限公司,http://www.11467.com/guiyang/co/70662.htm
哈尔滨金刚石经贸公司,http://www.11467.com/haerbin/co/47139.htm
中铁物资哈尔滨公司,http://www.11467.com/haerbin/co/51540.htm
瑞兴科技股份有限公司,http://www.11467.com/haerbin/co/47109.htm
黑龙江瑞兴科技股份有限公司,http://www.11467.com/haerbin/co/47216.htm
邯郸市永盛铁路器材有限公司,http://www.11467.com/handan/co/50349.htm
邯郸市永标工矿铁路配件有限公司,http://www.11467.com/handan/co/68821.htm
杭州九通科技有限公司,http://www.11467.com/hangzhou/co/241563.htm
杭州谐盛市政设施有限公司,http://www.11467.com/hangzhou/co/207976.htm
杭州嘉远铁路技术服务有限公司,http://www.11467.com/hangzhou/co/115014.htm
杭州友诚通信信号设备有限公司,http://www.11467.com/hangzhou/co/29643.htm
杭州铁路大修段劳动服务分公司,http://www.11467.com/hangzhou/co/241581.htm
浙江康润交通科技投资有限公司,http://www.11467.com/hangzhou/co/333542.htm
安徽阜淮铁路机电科技有限公司,http://www.11467.com/hefei/co/81998.htm
饶阳路通铁路电务器材有限公司,http://www.11467.com/hengshui/co/37644.htm
衡水橡胶制品有限公司,http://www.11467.com/hengshui/co/19828.htm
河北省衡水黄河橡塑有限公司,http://www.11467.com/hengshui/co/20725.htm
橡胶制品有线公司,http://www.11467.com/hengshui/co/20701.htm
衡水震泰隔震器材有限公司销售部,http://www.11467.com/hengshui/co/22909.htm
衡水明光工程橡胶有限公司销售部,http://www.11467.com/hengshui/co/20705.htm
衡水恒力通橡胶有限公司,http://www.11467.com/hengshui/co/20757.htm
衡阳骏兴铁路物资有限公司,http://www.11467.com/hengyang/co/25761.htm
奇林商贸有限公司,http://www.11467.com/huaihua/co/18602.htm
润生矿山工程有限公司,http://www.11467.com/huainan/co/15458.htm
呼和浩特市瑞韦成套设备器材有限责任公司,http://www.11467.com/huhehaote/co/25709.htm
惠州晨风实业发展有限公司,http://www.11467.com/huizhou/co/64551.htm
湖州创通电子科技有限公司,http://www.11467.com/huzhou/co/49639.htm
广东冠辉塑料有限公司,http://www.11467.com/jiangmen/co/87352.htm
江门市德山复合材料科技有限公司,http://www.11467.com/jiangmen/co/112680.htm
江门振鑫二级铁板经营有限公司,http://www.11467.com/jiangmen/co/87068.htm
河南省焦作市景安建筑安装公司,http://www.11467.com/jiaozuo/co/20737.htm
格林策巴赫机械（嘉善）有限公司,http://www.11467.com/jiaxing/co/100225.htm
嘉峪关泰鼎铁路物资有限公司,http://www.11467.com/jiayuguan/co/1435.htm
济南金升贸易有限公司,http://www.11467.com/jinan/co/78230.htm
济南宇信公司建设有限公司,http://www.11467.com/jinan/co/78160.htm
济南资阳明禾工贸有限公司,http://www.11467.com/jinan/co/78791.htm
鲁运通铁路器材公司,http://www.11467.com/jinan/co/78604.htm
济南泰特新产品营销有限公司,http://www.11467.com/jinan/co/92354.htm
济南先达自动识别技术有限公司,http://www.11467.com/jinan/co/78270.htm
济南恒嘉交通设备有限公司,http://www.11467.com/jinan/co/78242.htm
济南创通商贸有限公司,http://www.11467.com/jinan/co/78615.htm
济南一诺铁路设备开发有限公司营销部,http://www.11467.com/jinan/co/78214.htm
济宁蓓蕾商贸有限公司,http://www.11467.com/jining/co/48334.htm
济宁市鑫通工矿机械有限公司,http://www.11467.com/jining/co/50880.htm
济宁市中煤工矿公司钢材分公司,http://www.11467.com/jining/co/46713.htm
济宁森达商贸有限公司销售部,http://www.11467.com/jining/co/50874.htm
远科机械有限公司,http://www.11467.com/jining/co/72925.htm
山西东泰铁路配件有限公司晋中开发区分公司,http://www.11467.com/jinzhong/co/22170.htm
锦州铁路工务设备有限公司,http://www.11467.com/jinzhou/co/43461.htm
锦州铁工养路有限公司,http://www.11467.com/jinzhou/co/43499.htm
锦州添顺商贸有限公司,http://www.11467.com/jinzhou/co/43998.htm
锦铁养路设备有限公司,http://www.11467.com/jinzhou/co/43477.htm
锦州铁工养路设备器材公司,http://www.11467.com/jinzhou/co/44134.htm
锦州捷通铁路机械设备制造有限公司,http://www.11467.com/jinzhou/co/43493.htm
莱芜市煜森机械有限公司,http://www.11467.com/laiwu/co/11635.htm
莱芜市恒森达机械有限公司,http://www.11467.com/laiwu/co/13375.htm
固安航天宏达科技有限公司,http://www.11467.com/langfang/co/48101.htm
廊坊开发区光铁信号器材有限公司,http://www.11467.com/langfang/co/35633.htm
兰州惠通铁路器材有限公司生产技术部,http://www.11467.com/lanzhou/co/66264.htm
兰州晨风铁路物资有限公司,http://www.11467.com/lanzhou/co/66377.htm
连云港宇信贸易有限公司销售部,http://www.11467.com/lianyungang/co/27776.htm
聊城市昌达精工冲压配件有限公司,http://www.11467.com/liaocheng/co/28292.htm
海联火车轴承回收分解利用公司,http://www.11467.com/liaocheng/co/28348.htm
聊城市三江物资有限公司,http://www.11467.com/liaocheng/co/23115.htm
六盘水达丰煤焦经销有限公司市场部,http://www.11467.com/liupanshui/co/9768.htm
中铁五局集团六公司水红项目部,http://www.11467.com/liupanshui/co/9766.htm
广西柳州大正铁路物资有限公司,http://www.11467.com/liuzhou/co/39881.htm
永定县鸿鑫机械有限公司,http://www.11467.com/longyan/co/13516.htm
新欣工矿有限公司,http://www.11467.com/longyan/co/21355.htm
洛阳恒硕软管制造有限公司,http://www.11467.com/luoyang/co/52984.htm
洛阳通号铁路器材有限公司,http://www.11467.com/luoyang/co/46444.htm
江西日月明实业有限公司,http://www.11467.com/nanchang/co/63662.htm
车安科技有限公司江西分公司,http://www.11467.com/nanchang/co/91575.htm
琦胜科技网络公司,http://www.11467.com/nanchang/co/87653.htm
南京金浦利工贸有限公司,http://www.11467.com/nanjing/co/69129.htm
南京鑫荣仓储设备有限公司 销售部,http://www.11467.com/nanjing/co/69567.htm
南京老山暖通设备有限公司,http://www.11467.com/nanjing/co/86695.htm
南京斯拓克货架制造有限公司,http://www.11467.com/nanjing/co/86701.htm
南京二五六铁路车辆配件有限公司,http://www.11467.com/nanjing/co/86662.htm
南京曼尔姆货架制造有限公司,http://www.11467.com/nanjing/co/52701.htm
南京友协工贸有限公司,http://www.11467.com/nanjing/co/68878.htm
南京兆能电气有限公司,http://www.11467.com/nanjing/co/53176.htm
南宁贝尼尔铁路器材有限公司,http://www.11467.com/nanning/co/64280.htm
南宁铁路物资华铁贸易公司,http://www.11467.com/nanning/co/67096.htm
广西嘉晨经贸有限公司,http://www.11467.com/nanning/co/64173.htm
广西南宁市德诚贸易有限公司,http://www.11467.com/nanning/co/64114.htm
海安县万力铸造有限公司,http://www.11467.com/nantong/co/21415.htm
南通天力起重设备安装有限公司,http://www.11467.com/nantong/co/105706.htm
福安市鑫雄船舶有限公司,http://www.11467.com/ningde/co/17608.htm
青岛鑫伟平工贸有限公司,http://www.11467.com/qingdao/co/48082.htm
青岛瑞威巨峰机械有限公司,http://www.11467.com/qingdao/co/85042.htm
青岛金晶股份有限公司深加工销售部,http://www.11467.com/qingdao/co/84935.htm
青岛狄摩赛铁道设备有限公司采购部,http://www.11467.com/qingdao/co/99688.htm
青岛联兴达空港交通设备责任有限公司,http://www.11467.com/qingdao/co/99539.htm
秦皇岛市鞍器铁路配件有限公司,http://www.11467.com/qinhuangdao/co/34655.htm
秦皇岛汇工铁道材料有限公司,http://www.11467.com/qinhuangdao/co/36115.htm
秦皇岛勇峰精密铸业有限公司,http://www.11467.com/qinhuangdao/co/26105.htm
台湾景天公司,http://www.11467.com/qinhuangdao/co/36089.htm
中铁山桥集团动力供应公司,http://www.11467.com/qinhuangdao/co/34608.htm
秦皇岛市山海关开发区铁龙科工贸有限公司,http://www.11467.com/qinhuangdao/co/8405.htm
秦皇岛铁科工务橡胶有限公司,http://www.11467.com/qinhuangdao/co/36107.htm
跃顺铁路物资经贸有限公司,http://www.11467.com/qiqihaer/co/58479.htm
辽宁富士电梯有限公司,http://www.11467.com/shenyang/co/16570.htm
沈阳天宇铁路配件公司,http://www.11467.com/shenyang/co/58939.htm
沈阳东铁线路器材制造有限公司,http://www.11467.com/shenyang/co/29532.htm
沈阳畅达铁路物资经销公司,http://www.11467.com/shenyang/co/67345.htm
沈阳沈铁联铁路器材制造有限公司,http://www.11467.com/shenyang/co/58757.htm
沈阳东铁器材制造有限公司,http://www.11467.com/shenyang/co/67382.htm
沈阳铁路局直属物资供销公司,http://www.11467.com/shenyang/co/58936.htm
沈阳盛峰亨通商贸有限公司,http://www.11467.com/shenyang/co/39971.htm
北京瑞桥国际货运有限公司深圳分公司,http://www.11467.com/shenzhen/co/309714.htm
广州顺丰速运集团有限公司,http://www.11467.com/shenzhen/co/670858.htm
深圳超林智能有限公司,http://www.11467.com/shenzhen/co/310079.htm
深圳华联丰国际货运代理有限公司,http://www.11467.com/shenzhen/co/554053.htm
深圳市汇业达通讯技术有限公司市场部,http://www.11467.com/shenzhen/co/133661.htm
深圳市吉顺智能科技有限公司,http://www.11467.com/shenzhen/co/313130.htm
深圳市国宇源创科技有限公司,http://www.11467.com/shenzhen/co/538509.htm
深圳市联合飞扬展览有限公司市场推广部,http://www.11467.com/shenzhen/co/551956.htm
深圳市五福临电子科技有限公司,http://www.11467.com/shenzhen/co/779174.htm
深圳市信达科技有限公司采购部,http://www.11467.com/shenzhen/co/300876.htm
天祥精密模具有限公司,http://www.11467.com/shenzhen/co/202931.htm
深圳市众聚达电子有限公司,http://www.11467.com/shenzhen/co/802941.htm
深圳市智能停车场技术有限公司,http://www.11467.com/shenzhen/co/302588.htm
深圳市中集集装箱有限公司,http://www.11467.com/shenzhen/co/554437.htm
深圳市东木科技有限公司,http://www.11467.com/shenzhen/co/256868.htm
深圳市铁耀科技有限公司,http://www.11467.com/shenzhen/co/372234.htm
河北裕龙贸易有限公司,http://www.11467.com/shijiazhuang/co/133205.htm
中铁物资集团石家庄有限公司金属公司,http://www.11467.com/shijiazhuang/co/85029.htm
长安交通设施经贸公司,http://www.11467.com/shijiazhuang/co/85709.htm
辛集市北方铸造有限公司,http://www.11467.com/shijiazhuang/co/46045.htm
亚菲贸易公司,http://www.11467.com/shijiazhuang/co/78164.htm
江苏万峰铝业有限公司,http://www.11467.com/shuozhou/co/10924.htm
随州市顺毅精密铸造有限公司,http://www.11467.com/suizhou/co/8174.htm
锦程国际物流服务有限公司苏州分公司,http://www.11467.com/suzhou/co/310854.htm
苏州百捷物流有限公司,http://www.11467.com/suzhou/co/298980.htm
爱乐联接(苏州)有限公司,http://www.11467.com/suzhou/co/206606.htm
苏州铁路配件厂有限公司,http://www.11467.com/suzhou/co/269343.htm
苏州飞格立工程塑料有限公司(销售部）,http://www.11467.com/suzhou/co/246248.htm
泰山集团泰安泰山电车线有限公司市场开发部,http://www.11467.com/taian/co/36134.htm
泰安瑞亿工贸有限公司,http://www.11467.com/taian/co/45447.htm
泰安市泰山区迎祥不锈钢有限公司,http://www.11467.com/taian/co/36119.htm
晋西车轴股份有限公司,http://www.11467.com/taiyuan/co/89621.htm
太原市呈坤机车车辆有限公司,http://www.11467.com/taiyuan/co/25255.htm
太原顺翔物资公司,http://www.11467.com/taiyuan/co/95499.htm
山西新瑞铭科技有限公司,http://www.11467.com/taiyuan/co/95324.htm
太原诚益成经贸有限公司,http://www.11467.com/taiyuan/co/43517.htm
山西昀泰科技有限公司,http://www.11467.com/taiyuan/co/122505.htm
伟基机械有限公司,http://www.11467.com/taiyuan/co/98956.htm
山西信实东方投资公司,http://www.11467.com/taiyuan/co/95328.htm
山西西山晋兴能源有限责任公司,http://www.11467.com/taiyuan/co/95524.htm
泰州市利达绳业有限公司销售部,http://www.11467.com/taizhoushi/co/31753.htm
唐山华通新技术开发公司,http://www.11467.com/tangshan/co/47046.htm
唐山市丰润区盛杰交通设备有限公司,http://www.11467.com/tangshan/co/39587.htm
唐山鑫汇东盛铁路车辆配件制造有限公司,http://www.11467.com/tangshan/co/55793.htm
唐山市沃尔金商贸有限公司,http://www.11467.com/tangshan/co/53607.htm
中国北车唐山轨道客车有限责任公司市场部,http://www.11467.com/tangshan/co/55671.htm
唐山康华铁路器材有限公司,http://www.11467.com/tangshan/co/14066.htm
天水长信铁路信号设备有限公司,http://www.11467.com/tianshui/co/15897.htm
铜陵诚鑫矿业有限责任公司,http://www.11467.com/tongling/co/9182.htm
潍坊市万里道轨专营有限公司,http://www.11467.com/weifang/co/85822.htm
桃威铁路有限公司,http://www.11467.com/weihai/co/30285.htm
金温铁道开发有限公司,http://www.11467.com/wenzhou/co/126732.htm
温州市林星高分在子尼龙制品有限公司,http://www.11467.com/wenzhou/co/138018.htm
内蒙古乌海市回收公司,http://www.11467.com/wuhai/co/3489.htm
乌海集晶铁道建筑有限公司,http://www.11467.com/wuhai/co/3802.htm
拉伊台克铁路技术武汉有限公司,http://www.11467.com/wuhan/co/57119.htm
武汉市海马科技开发有限公司,http://www.11467.com/wuhan/co/71985.htm
武汉众志天源商业有限公司销售部,http://www.11467.com/wuhan/co/71964.htm
武汉铁路广宇实业有限责任公司,http://www.11467.com/wuhan/co/72526.htm
中铁物资集团中南有限公司,http://www.11467.com/wuhan/co/57131.htm
乌鲁木齐天时盛达商贸有限公司,http://www.11467.com/wulumuqi/co/101744.htm
无锡冶金设备有限公司,http://www.11467.com/wuxi/co/185157.htm
无锡市荣程橡塑有限公司,http://www.11467.com/wuxi/co/200564.htm
无锡市欣发铁路器材有限公司,http://www.11467.com/wuxi/co/45940.htm
无锡视维智能标识科技有限公司,http://www.11467.com/wuxi/co/242384.htm
厦门市兴霞阳建材有限公司,http://www.11467.com/xiamen/co/58972.htm
厦门灿昕贸易有限公司,http://www.11467.com/xiamen/co/21984.htm
陕西航鹰电子技术有限公司,http://www.11467.com/xian/co/61403.htm
陇海铁路机车车辆配件有限公司,http://www.11467.com/xian/co/61086.htm
加拿大阿尔比国际集团陕西东立投资有限公司,http://www.11467.com/xian/co/64072.htm
西安优势铁路新技术公司,http://www.11467.com/xian/co/61172.htm
西安恒顺铁路器材有限公司,http://www.11467.com/xian/co/73290.htm
西安齐丰铁路器材有限公司,http://www.11467.com/xian/co/50024.htm
西安康迪工业设备安装有限责任公司,http://www.11467.com/xian/co/61515.htm
西安智光信息技术有限公司,http://www.11467.com/xian/co/61117.htm
西安顺达铁路物资有限公司,http://www.11467.com/xian/co/61218.htm
西安雷赛电子科技有限公司,http://www.11467.com/xian/co/66369.htm
陕西华龙铁路电器有限公司,http://www.11467.com/xian/co/61280.htm
湖北金利实业襄樊北机务分公司,http://www.11467.com/xiangfan/co/37108.htm
武汉武铁机车实业公司襄樊分公司,http://www.11467.com/xiangfan/co/37085.htm
金鹰轨道车辆有限公司,http://www.11467.com/xiangfan/co/37136.htm
万昌运输有限公司,http://www.11467.com/xiangfan/co/37147.htm
中铁电气化局二公司,http://www.11467.com/xiangfan/co/37152.htm
通达交通有限公司,http://www.11467.com/xinxiang/co/21194.htm
徐州欧特机械公司,http://www.11467.com/xuzhou/co/54532.htm
徐州宇鸿民用航空设备制造有限公司,http://www.11467.com/xuzhou/co/57619.htm
徐州铁路多元设备公司,http://www.11467.com/xuzhou/co/54664.htm
徐州安天科技有限公司,http://www.11467.com/xuzhou/co/54524.htm
天华枕木有限公司,http://www.11467.com/xuzhou/co/54557.htm
扬州市朝阳铁路信号设备有限公司营销部,http://www.11467.com/yangzhou/co/80276.htm
银川铁恒铁路技术开发有限公司,http://www.11467.com/yinchuan/co/39247.htm
营口北车铁路器材有限公司,http://www.11467.com/yingkou/co/41970.htm
中国铁建总公司鹰潭战备材料总厂有限公司,http://www.11467.com/yingtan/co/6931.htm
广东湛江市港力金属结构有限公司,http://www.11467.com/zhanjiang/co/41544.htm
洛阳华祥商贸有限公司,http://www.11467.com/zhengzhou/co/109607.htm
郑州兴达铁路专用器材有限公司,http://www.11467.com/zhengzhou/co/58064.htm
郑州大陆桥经贸有限公司,http://www.11467.com/zhengzhou/co/122366.htm
镇江瑞鑫新材料有限公司,http://www.11467.com/zhenjiang/co/50833.htm
深圳市捷力达吊装有限公司中山办事处,http://www.11467.com/zhongshan/co/63375.htm
广州日扬船务有限公司,http://www.11467.com/zhongshan/co/63608.htm
中山市顺安泰机电科技有限公司业务部,http://www.11467.com/zhongshan/co/63253.htm
珠海市华宁运输服务有限公司,http://www.11467.com/zhuhai/co/13473.htm
湘南时代机车有限公司,http://www.11467.com/zhuzhou/co/33512.htm
株洲宏基铁科实业有限公司,http://www.11467.com/zhuzhou/co/33477.htm
株洲九方制动设备有限公司,http://www.11467.com/zhuzhou/co/24091.htm
株洲联诚集团富力公司,http://www.11467.com/zhuzhou/co/33524.htm
株洲新力量科技有限公司,http://www.11467.com/zhuzhou/co/35069.htm
株洲市佳澜科技有限责任公司,http://www.11467.com/zhuzhou/co/34743.htm
中国南车集团株洲电力机车有限公司,http://www.11467.com/zhuzhou/co/33521.htm
株洲电力机车九方装备模具公司,http://www.11467.com/zhuzhou/co/33456.htm
九方装备模具股份有限公司,http://www.11467.com/zhuzhou/co/33468.htm
姿阳晨风工业公司金属结构厂,http://www.11467.com/ziyang/co/11808.htm
资阳市泰瑞达工贸有限公司,http://www.11467.com/ziyang/co/10671.htm
北京安道尔轻轨新技术有限公司,http://www.11467.com/beijing/co/113045.htm
北京固磐铁路物资有限公司,http://www.11467.com/beijing/co/317719.htm
北京华瑞安达科技有限公司,http://www.11467.com/beijing/co/310559.htm
北京鼎创恒达智能科技有限公司,http://www.11467.com/beijing/co/401825.htm
北京玛奴尔轨道配件公司,http://www.11467.com/beijing/co/310862.htm
北京路明公司,http://www.11467.com/beijing/co/651008.htm
北京龙芯凯越公司,http://www.11467.com/beijing/co/317850.htm
北京东电创新科技发展有限公司,http://www.11467.com/beijing/co/401258.htm
北京瑞斯福科技有限公司,http://www.11467.com/beijing/co/28680.htm
北京南车时代信息技术有限公司,http://www.11467.com/beijing/co/317814.htm
北京通顺康达铁路物资有限公司,http://www.11467.com/beijing/co/620504.htm
北京市轨道交通建设管理有限公司,http://www.11467.com/beijing/co/652299.htm
北京联泰信科铁路信通技术有限公司,http://www.11467.com/beijing/co/401754.htm
深圳市畅盈科技有限公司北京分公司,http://www.11467.com/beijing/co/415380.htm
凯卓立液压设备有限公司北京分公司,http://www.11467.com/beijing/co/113218.htm
北铁高科电子技术有限公司,http://www.11467.com/beijing/co/401943.htm
杜易特科技（北京）有限公司 复材部,http://www.11467.com/beijing/co/620585.htm
新加坡金莱迪斯有限公司北京代表处,http://www.11467.com/beijing/co/100495.htm
中国铁路物资北京公司钢轨部,http://www.11467.com/beijing/co/671672.htm
利达迅运输服务有限公司,http://www.11467.com/beijing/co/100574.htm
长冶市银凯联金属有限公司北京办事处,http://www.11467.com/beijing/co/310941.htm
衡水丰泽工程橡胶科技开发有限公司华东公司,http://www.11467.com/shanghai/co/973817.htm
上海凤强货物运输有限公司,http://www.11467.com/shanghai/co/737074.htm
上海鸿众展览服务有限公司[业务部],http://www.11467.com/shanghai/co/1009386.htm
上海能仕国际货运代理有限公司,http://www.11467.com/shanghai/co/666191.htm
上海天膜网结构工程有限公司,http://www.11467.com/shanghai/co/883177.htm
上海圆通速递有限公司（总公司国际发展部）,http://www.11467.com/shanghai/co/801603.htm
厦门夜光达反光材料有限公司,http://www.11467.com/shanghai/co/84465.htm
上海曙腾通信工程设备有限公司销售部,http://www.11467.com/shanghai/co/1009477.htm
上海和盛电气有限公司,http://www.11467.com/shanghai/co/526309.htm
北海时代技术有限公司,http://www.11467.com/tianjin/co/140434.htm
鞍山贺发铁路器材有限公司,http://www.11467.com/anshan/co/71623.htm
鞍山三维物资贸易有限责任公司,http://www.11467.com/anshan/co/72723.htm
安阳市宇航公司,http://www.11467.com/anyang/co/27606.htm
安阳市宏泰铁路器材有限责任公司,http://www.11467.com/anyang/co/26466.htm
汇丰电器设备有限公司宝鸡办事处,http://www.11467.com/baoji/co/24224.htm
天津机车车辆机械工厂铁路配件有限公司,http://www.11467.com/tianjin/co/48745.htm
天津森海水泥制品有限公司,http://www.11467.com/tianjin/co/178799.htm
天津长红门业有限公司,http://www.11467.com/tianjin/co/162150.htm
天津市裕金齐天钢铁贸易有限公司,http://www.11467.com/tianjin/co/18822.htm
天津市铁信工贸发展有限公司,http://www.11467.com/tianjin/co/35614.htm
德阳中铁万州分公司,http://www.11467.com/chongqing/co/148490.htm
重庆灿豪生物液体燃料有限公司,http://www.11467.com/chongqing/co/169012.htm
重庆铁瑞运输有限公司,http://www.11467.com/chongqing/co/124960.htm
济宁德海设备有限公司,http://www.11467.com/jining/co/86776.htm
湖北荆门泰安电梯有限公司,http://www.11467.com/jingmen/co/17661.htm
南皮县康乐机电产品制造有限公司,http://www.11467.com/cangzhou/co/75531.htm
天津智超星机电设备有限公司,http://www.11467.com/tianjin/co/299975.htm
天津飞林达游艇销售服务有限公司,http://www.11467.com/tianjin/co/301631.htm
宝清货运公司,http://www.11467.com/tianjin/co/301633.htm
天津市耀伦电梯有限公司,http://www.11467.com/tianjin/co/301634.htm
天津台正科技有限公司,http://www.11467.com/tianjin/co/301637.htm
湖北国铁伟业科技有限公司,http://www.11467.com/wuhan/co/153703.htm
天津神宝科技发展有限公司,http://www.11467.com/tianjin/co/301640.htm
紫竹集团天津分公司,http://www.11467.com/tianjin/co/303842.htm
永年县鑫重机械配件有限公司,http://www.11467.com/handan/co/84271.htm
鞍山紫竹天津公司,http://www.11467.com/tianjin/co/305854.htm
天津宝加物流有限公司天津公司,http://www.11467.com/tianjin/co/305865.htm
天津远成物流快运有限公司+北辰分公司,http://www.11467.com/tianjin/co/305874.htm
亿煤机械装备制造有限公司,http://www.11467.com/jining/co/94994.htm
天津市金黙格燃气设备科技有限公司,http://www.11467.com/tianjin/co/308610.htm
上海山钢实业（集团）有限公司天津分公司,http://www.11467.com/tianjin/co/308613.htm
济宁旺恒工矿机械有限公司,http://www.11467.com/jining/co/89226.htm
山东华建铁路设备有限公司,http://www.11467.com/jining/co/91625.htm
济南天泽安交通设施公司,http://www.11467.com/jinan/co/142272.htm
山东济宁华建能源设备有限公司,http://www.11467.com/jining/co/95833.htm
山东省济宁顺源机械有限公司,http://www.11467.com/jining/co/95863.htm
宁波海联捷铁国际物流有限公司,http://www.11467.com/shanghai/co/1136279.htm
资阳南宇机车车辆有限公司,http://www.11467.com/ziyang/co/16066.htm
济宁科工机械设备制造有限公司,http://www.11467.com/jining/co/98536.htm
浙江江山润鑫智能交通设备有限公司销售部,http://www.11467.com/quzhou/co/39848.htm
宝鸡昊翔铁路设备器材有限公司,http://www.11467.com/baoji/co/34928.htm
辽宁双兴铁路机械设备有限公司,http://www.11467.com/anshan/co/80094.htm
锦州双兴铁路机械生产有限公司,http://www.11467.com/jinzhou/co/51930.htm
陕西锐奥铁路电气有限公司,http://www.11467.com/xian/co/168040.htm
山东铁兴铁路机械设备有限公司,http://www.11467.com/jining/co/109647.htm
山东铁兴铁路设备机械有限公司,http://www.11467.com/jining/co/109684.htm
陕西宝铁机械制造有限公司,http://www.11467.com/baoji/co/26103.htm
中铁宝鸡轨道车有限公司,http://www.11467.com/baoji/co/24868.htm
包头市翔宇铁路配件有限责任公司,http://www.11467.com/baotou/co/25477.htm
蓝海电子科技发展有限公司,http://www.11467.com/binzhou/co/19917.htm
长春嘉林玻璃纤维增强材料有限公司,http://www.11467.com/changchun/co/71760.htm
吉林北方彩晶显示有限公司,http://www.11467.com/changchun/co/54222.htm
长春客丰铁路配件有限公司,http://www.11467.com/changchun/co/72591.htm
长春宝祥铭实业有限公司-经营部,http://www.11467.com/changchun/co/75916.htm
吉林省众程机电设备有限公司,http://www.11467.com/changchun/co/72541.htm
长沙南车电气设备有限公司（新南,http://www.11467.com/changsha/co/80302.htm
常州交通公司,http://www.11467.com/changzhou/co/114522.htm
常州华腾铁路机车车辆配件有限公司,http://www.11467.com/changzhou/co/51021.htm
常州市齐丰机械电子有限公司,http://www.11467.com/changzhou/co/98115.htm
成都川铁环境工程有限公司,http://www.11467.com/chengdu/co/111765.htm
成都市运输总公司物通运业部,http://www.11467.com/chengdu/co/97581.htm
成都运达公司,http://www.11467.com/chengdu/co/97167.htm
网络专卖公司,http://www.11467.com/chengdu/co/96741.htm
路桥辅件销售有限公司,http://www.11467.com/chengdu/co/96460.htm
来安县科来兴实业有限公司,http://www.11467.com/chuzhou/co/21029.htm
康利亚实业有限公司,http://www.11467.com/chuzhou/co/21035.htm
大连明诚机电有限公司,http://www.11467.com/dalian/co/51071.htm
大连机车车辆有限公司市场部,http://www.11467.com/dalian/co/44022.htm
丹东泓安电梯工程有限公司,http://www.11467.com/dandong/co/46741.htm
大同市德众贸易公司,http://www.11467.com/datong/co/14283.htm
大同市东方机车场配件有限公司,http://www.11467.com/datong/co/14320.htm
大同柏盛铁路科技有限公司,http://www.11467.com/datong/co/14319.htm
德阳东汽铸造有限公司,http://www.11467.com/deyang/co/15552.htm
北京铁联煤炭运销公司,http://www.11467.com/dongguan/co/210464.htm
安徽安普特电子设备有限公司,http://www.11467.com/fuyang/co/24961.htm
德国SAB-WABCO机械设备有限公司,http://www.11467.com/guangzhou/co/223273.htm
广东奥园置业有限公司,http://www.11467.com/guangzhou/co/228408.htm
广州中线贸易有限公司,http://www.11467.com/guangzhou/co/158444.htm
临沂市华瑞交通设施有限公司,http://www.11467.com/guangzhou/co/239880.htm
广州铁盛贸易有限公司经销部,http://www.11467.com/guangzhou/co/227550.htm
同德经济发展公司,http://www.11467.com/guangzhou/co/223849.htm
润枝贸易有限公司,http://www.11467.com/guangzhou/co/302713.htm
桂林市鸿城房地产有限公司,http://www.11467.com/guilin/co/43056.htm
桂林市元铁物资有限责任公司,http://www.11467.com/guilin/co/43040.htm
重庆钱江电子有限公司,http://www.11467.com/guiyang/co/70635.htm
哈尔滨泰广科技开发有限公司,http://www.11467.com/haerbin/co/39891.htm
哈尔滨申达工贸有限公司,http://www.11467.com/haerbin/co/47229.htm
哈尔滨铁路局工业总公司,http://www.11467.com/haerbin/co/2302.htm
永年县族成紧固件有限公司,http://www.11467.com/handan/co/36799.htm
邯郸市地方铁路物资供销公司,http://www.11467.com/handan/co/49216.htm
河北申杰贸易有限公司,http://www.11467.com/handan/co/64767.htm
邯郸市永盛器材有限公司,http://www.11467.com/handan/co/50387.htm
邯郸永盛铁路器材有限公司,http://www.11467.com/handan/co/51754.htm
杭州大华工程材料有限公司,http://www.11467.com/hangzhou/co/173305.htm
杭州骏马电瓶车有限公司,http://www.11467.com/hangzhou/co/248831.htm
杭州优耐德电梯有限公司国际业务部,http://www.11467.com/hangzhou/co/266784.htm
杭州振华工业称重科技有限公司,http://www.11467.com/hangzhou/co/163765.htm
浙江线桥工程公司,http://www.11467.com/hangzhou/co/17036.htm
汉中瑞达科贸有限公司,http://www.11467.com/hanzhong/co/22118.htm
鹤壁兴华工矿铸业有限公司,http://www.11467.com/hebi/co/8567.htm
中铁六局公程公司,http://www.11467.com/hebi/co/8565.htm
安平县祥元五金丝网制品有限公司,http://www.11467.com/hengshui/co/28568.htm
衡水格林铸鑫科技有限公司,http://www.11467.com/hengshui/co/20749.htm
衡水宝力铁路电气化有限公司,http://www.11467.com/hengshui/co/22907.htm
衡水远方橡胶有限公司,http://www.11467.com/hengshui/co/20697.htm
南方铁路工程公司,http://www.11467.com/hengyang/co/25759.htm
江苏金甲电动平车有限公司,http://www.11467.com/huaian/co/41203.htm
信盛工贸有限公司,http://www.11467.com/huainan/co/15479.htm
深圳市华登科技实业有限公司,http://www.11467.com/huizhou/co/64534.htm
吉林市中兴铁道建设有限责任公司,http://www.11467.com/jilinshi/co/78716.htm
华通工贸有限公司,http://www.11467.com/jinan/co/78454.htm
济南志成动力有限公司,http://www.11467.com/jinan/co/78808.htm
济南机车车辆厂华瑞公司,http://www.11467.com/jinan/co/78704.htm
山东万国铁路物资有限公司,http://www.11467.com/jinan/co/92521.htm
景德镇市势信成电子有限责任公司市场部,http://www.11467.com/jingdezhen/co/11461.htm
济宁中煤轨道设备制造有限公司,http://www.11467.com/jining/co/48267.htm
山东中煤公司,http://www.11467.com/jining/co/72263.htm
济宁矿山有限公司,http://www.11467.com/jining/co/48260.htm
朝阳东铁运输代理服务有限公司,http://www.11467.com/jinzhou/co/44135.htm
德营通达车辆运输租赁有限公司,http://www.11467.com/jinzhou/co/43502.htm
锦州正信铁路器材有限公司,http://www.11467.com/jinzhou/co/50801.htm
昆明正铁商贸有限公司,http://www.11467.com/kunming/co/104808.htm
昆明铁路局进出口公司,http://www.11467.com/kunming/co/11594.htm
兰州惠通铁路器材有限公司,http://www.11467.com/lanzhou/co/66362.htm
兰州顺发宏利矿山设备有限责任公司,http://www.11467.com/lanzhou/co/66369.htm
连云港市泓德国际货运代理公司,http://www.11467.com/lianyungang/co/27958.htm
莘县辛发木业有限公司,http://www.11467.com/liaocheng/co/39884.htm
柳州桂通精密铸造有限公司,http://www.11467.com/liuzhou/co/10159.htm
柳州三川铁路贸易有限公司,http://www.11467.com/liuzhou/co/39895.htm
迪尔乐（龙岩）电子有限公司,http://www.11467.com/longyan/co/21340.htm
涟钢振兴建筑铁路安装公司,http://www.11467.com/loudi/co/17413.htm
洛阳博泰机车装备有限公司财务部,http://www.11467.com/luoyang/co/46455.htm
江通铁路公司,http://www.11467.com/maanshan/co/19357.htm
向塘机务经贸公司,http://www.11467.com/nanchang/co/87754.htm
南昌铁星科技贸易有限公司,http://www.11467.com/nanchang/co/91635.htm
南昌华盛模具有限公司,http://www.11467.com/nanchang/co/32725.htm
南京隆建泰电器公司,http://www.11467.com/nanjing/co/68906.htm
南京市白下区电子有限公司,http://www.11467.com/nanjing/co/54921.htm
毛勒桥梁附件有限公司(德国子公司),http://www.11467.com/nanjing/co/86632.htm
南京浦镇科技实业有限公司,http://www.11467.com/nanjing/co/68593.htm
南京金阳光电子电器有限公司,http://www.11467.com/nanjing/co/69614.htm
睿督产品服务公司,http://www.11467.com/nanjing/co/86708.htm
南京苏莱瑞新技术有限公司,http://www.11467.com/nanjing/co/86728.htm
南京炫凯铁路配件有限责任公司,http://www.11467.com/nanjing/co/69833.htm
中国南车集团公司南京浦镇车辆厂,http://www.11467.com/nanjing/co/86509.htm
南京金阳光电子有限公司,http://www.11467.com/nanjing/co/54898.htm
南京浦汇车辆配件有限公司,http://www.11467.com/nanjing/co/86550.htm
广西胜泰矿业有限公司,http://www.11467.com/nanning/co/63939.htm
江苏易和机械科技有限公司,http://www.11467.com/nantong/co/118798.htm
江苏海迅实业集团有限公司,http://www.11467.com/nantong/co/105040.htm
宁波海尔施公司,http://www.11467.com/ningbo/co/86644.htm
平顶山煤业集团物质供应总公司配件厂,http://www.11467.com/pingdingshan/co/18655.htm
青岛四方客车修理股份有限公司,http://www.11467.com/qingdao/co/50330.htm
青岛珥兴工艺品有限公司,http://www.11467.com/qingdao/co/85761.htm
青岛金晶股份有限公司－经营中心,http://www.11467.com/qingdao/co/99514.htm
青岛康平铁路玻璃钢有限公司采购部,http://www.11467.com/qingdao/co/84641.htm
青岛铁路物资公司,http://www.11467.com/qingdao/co/99295.htm
青岛铁信轨道交通装备有限公司,http://www.11467.com/qingdao/co/51546.htm
青岛慧通铁路配件有限公司,http://www.11467.com/qingdao/co/85389.htm
青岛威奥集团公司,http://www.11467.com/qingdao/co/85543.htm
秦皇岛峻邦电子设备有限公司,http://www.11467.com/qinhuangdao/co/36100.htm
秦皇岛市秦铁科贸有限公司,http://www.11467.com/qinhuangdao/co/35771.htm
中铁山桥集团铸造有限公司,http://www.11467.com/qinhuangdao/co/11142.htm
中铁山桥集团铁路器材制造有限公司,http://www.11467.com/qinhuangdao/co/34640.htm
中铁山桥有限公司,http://www.11467.com/qinhuangdao/co/36083.htm
秦皇岛市山海关铁建铁路器材有限公司,http://www.11467.com/qinhuangdao/co/11273.htm
秦皇岛佳盟精密铸造有限公司,http://www.11467.com/qinhuangdao/co/19671.htm
齐车集团水电公司,http://www.11467.com/qiqihaer/co/58461.htm
富铁轨枕公司,http://www.11467.com/qiqihaer/co/58447.htm
齐齐哈尔铁路车辆（集团）有限责任公司,http://www.11467.com/qiqihaer/co/58463.htm
北亚铁路器材经马贸有限公司,http://www.11467.com/qiqihaer/co/58928.htm
齐齐哈尔齐车公司货车分厂经营室,http://www.11467.com/qiqihaer/co/58920.htm
北车集团齐车公司,http://www.11467.com/qiqihaer/co/58445.htm
商丘市大一昌盛热处理有限公司,http://www.11467.com/shangqiu/co/15780.htm
沈阳市合鑫道轨构件有限公司,http://www.11467.com/shenyang/co/58916.htm
沈阳金盛祥物质有限公司,http://www.11467.com/shenyang/co/58952.htm
辽宁乾德国际贸易有限公司,http://www.11467.com/shenyang/co/67373.htm
沈阳铁路器材有限公司,http://www.11467.com/shenyang/co/58940.htm
沈阳汉洁机车车辆服务有限公司,http://www.11467.com/shenyang/co/58957.htm
辽宁北岩铁路科技发展公司,http://www.11467.com/shenyang/co/58986.htm
沈阳中飞普科技有限公司销售公司,http://www.11467.com/shenyang/co/58791.htm
俊达安科科技发展（深圳）有限公司,http://www.11467.com/shenzhen/co/137826.htm
江苏中厦集团深圳分公司,http://www.11467.com/shenzhen/co/312588.htm
深圳慧诚达智能系统有限公司,http://www.11467.com/shenzhen/co/554325.htm
深圳市国宇信息技术有限公司,http://www.11467.com/shenzhen/co/161705.htm
三能机械设备有限公司,http://www.11467.com/shenzhen/co/315328.htm
深圳市捷配机械设备有限公司,http://www.11467.com/shenzhen/co/501080.htm
深圳市全路通铁路交通设备有限公司,http://www.11467.com/shenzhen/co/75401.htm
深圳市好运时速递有限公司,http://www.11467.com/shenzhen/co/314060.htm
深圳市信达铁路物资供应有限公司,http://www.11467.com/shenzhen/co/314877.htm
实忆国际股份有限公司,http://www.11467.com/shenzhen/co/761226.htm
河北铁科车辆工业有限公司,http://www.11467.com/shijiazhuang/co/85235.htm
北京升降台有限公司,http://www.11467.com/shijiazhuang/co/92276.htm
中铁电气化技改工程集团有限公司,http://www.11467.com/shijiazhuang/co/84837.htm
株洲荣达铁路机电有限公司石家庄分公司,http://www.11467.com/shijiazhuang/co/85232.htm
磁海飞纪科技有限公司,http://www.11467.com/shijiazhuang/co/84834.htm
金元电子公司,http://www.11467.com/shuozhou/co/8186.htm
德国PASS+CO公司中国代表处,http://www.11467.com/suzhou/co/223458.htm
昆山豪威房地产有限公司,http://www.11467.com/suzhou/co/223241.htm
苏州格瑞特格栅有限公司,http://www.11467.com/suzhou/co/204542.htm
徳亿斯特实业有限公司,http://www.11467.com/suzhou/co/321365.htm
太仓市捷迅电梯配件有限公司,http://www.11467.com/suzhou/co/351805.htm
苏州青华铁路配件有限公司销售部,http://www.11467.com/suzhou/co/222618.htm
泰安古河随车起重机有限公司,http://www.11467.com/taian/co/36813.htm
中国铁路特种运输公司,http://www.11467.com/taiyuan/co/95387.htm
中铁十二局三公司台缙高速路,http://www.11467.com/taiyuan/co/95341.htm
山西新元自动化仪表有限公司装载机电子秤事业部,http://www.11467.com/taiyuan/co/95376.htm
唐山轨道车辆有限责任公司,http://www.11467.com/tangshan/co/55654.htm
唐山祥诚铁路器材经销有限公司,http://www.11467.com/tangshan/co/55692.htm
唐山华达总公司,http://www.11467.com/tangshan/co/18547.htm
黄试贸易公司,http://www.11467.com/tangshan/co/55794.htm
中国北车唐山轨道客车有限责任公司,http://www.11467.com/tangshan/co/55690.htm
铜陵盖王铁路机械制造有限责任公司,http://www.11467.com/tongling/co/11709.htm
铜陵市璧晨铁路配件有限公司,http://www.11467.com/tongling/co/12157.htm
温州雷盾机电有限公司,http://www.11467.com/wenzhou/co/75799.htm
武汉天力电气有限公司,http://www.11467.com/wuhan/co/77345.htm
武汉雷拓电力技术有限公司,http://www.11467.com/wuhan/co/56374.htm
武汉金立员铝业有限公司,http://www.11467.com/wuhan/co/141891.htm
武汉天合物资有限公司,http://www.11467.com/wuhan/co/72014.htm
武汉铁东铁路物资有限公司,http://www.11467.com/wuhan/co/72012.htm
武桥重工股份有限公司,http://www.11467.com/wuhan/co/72380.htm
湖北江力铁路高新技术有限公司,http://www.11467.com/wuhan/co/72479.htm
无锡市锦逸起重机械配件有限公司,http://www.11467.com/wuxi/co/215023.htm
厦门铁路公司,http://www.11467.com/xiamen/co/43272.htm
西安顺安铁路器材有限公司,http://www.11467.com/xian/co/61242.htm
西安安路信铁路技术有限公司,http://www.11467.com/xian/co/50874.htm
西安新济铁路机车配件有限公司,http://www.11467.com/xian/co/61071.htm
西安优创电子有限公司,http://www.11467.com/xian/co/61716.htm
西安龙达机电新技术有限公司,http://www.11467.com/xian/co/61227.htm
中煤地（西安）视讯科技有限公司,http://www.11467.com/xian/co/62578.htm
中铁一局海外分公司,http://www.11467.com/xian/co/61479.htm
西安铁路科技公司,http://www.11467.com/xian/co/50866.htm
襄樊机电技术有限责任公司,http://www.11467.com/xiangfan/co/37158.htm
湘潭电机集团有限公司,http://www.11467.com/xiangtan/co/23126.htm
西宁镇原有限责任公司,http://www.11467.com/xining/co/25499.htm
邢台天力铁路工务器材有限公司,http://www.11467.com/xintai/co/31156.htm
邢台市恒远信铁路器材有限公司,http://www.11467.com/xintai/co/33812.htm
邢台市恒远信铁路器材有限责任公司,http://www.11467.com/xintai/co/33908.htm
许昌铁通标志公司,http://www.11467.com/xuchang/co/17473.htm
许昌铁通标志有限公司,http://www.11467.com/xuchang/co/14184.htm
中铁七局许昌分公司施工单位,http://www.11467.com/xuchang/co/17465.htm
徐州欧特公司路面机械配件经销处,http://www.11467.com/xuzhou/co/54533.htm
阳泉信达通矿山工程有限公司,http://www.11467.com/yangquan/co/11150.htm
伊春市隆腾防腐有限公司,http://www.11467.com/yichunshi/co/15955.htm
宁夏森政贸易有限公司,http://www.11467.com/yinchuan/co/39234.htm
石长铁路公司益阳工电段维修工厂,http://www.11467.com/yiyang/co/18123.htm
枣庄矿业集团有限公司,http://www.11467.com/zaozhuang/co/27857.htm
荣钰科技有限公司,http://www.11467.com/zhangye/co/9136.htm
郑州市中茂货运有限公司,http://www.11467.com/zhengzhou/co/109709.htm
郑州铁路器材物资供销公司,http://www.11467.com/zhengzhou/co/60902.htm
郑州豫铁实业有限公司,http://www.11467.com/zhengzhou/co/109352.htm
郑州中翔物资贸易有限公司,http://www.11467.com/zhengzhou/co/109559.htm
郑州市华威金属材料有限公司,http://www.11467.com/zhengzhou/co/111406.htm
郑州华泰铁路物资有限公司,http://www.11467.com/zhengzhou/co/109194.htm
株洲时代工程塑料制品有限公司,http://www.11467.com/zhuzhou/co/33473.htm
株洲广大铁路机车配件公司,http://www.11467.com/zhuzhou/co/33510.htm
株洲时代新材科技股份有限公司,http://www.11467.com/zhuzhou/co/33566.htm
湖南·株洲时代新材料科技股份有限公司,http://www.11467.com/zhuzhou/co/33492.htm
株洲九方金润机车配件有限责任公司,http://www.11467.com/zhuzhou/co/33497.htm
株洲科盟车辆配件有限责任公司(总部),http://www.11467.com/zhuzhou/co/33516.htm
株洲敏锐机车配件有限公司,http://www.11467.com/zhuzhou/co/31930.htm
湖南株洲市轨道装备有限公司,http://www.11467.com/zhuzhou/co/33517.htm
株洲锐钰铁路配件有限公司,http://www.11467.com/zhuzhou/co/33445.htm
南车长江集团株洲分公司,http://www.11467.com/zhuzhou/co/33460.htm
株洲电力机车公司,http://www.11467.com/zhuzhou/co/33464.htm
株洲春华实业有限公司,http://www.11467.com/zhuzhou/co/33513.htm
资阳机车服务有限公司,http://www.11467.com/ziyang/co/11811.htm
北京德和盛业贸易有限公司,http://www.11467.com/beijing/co/317736.htm
北京地铁供电公司维修队,http://www.11467.com/beijing/co/99577.htm
北京翰墨有限责任公司,http://www.11467.com/beijing/co/250250.htm
北京长铁车辆工业公司,http://www.11467.com/beijing/co/310549.htm
北京京铁东圣铁路配件有限公司,http://www.11467.com/beijing/co/78789.htm
北京庆丰昌荣铁路器材有限公司,http://www.11467.com/beijing/co/563741.htm
北京春风虹桥车辆配件有限公司,http://www.11467.com/beijing/co/652300.htm
北京巨方通达科技有限公司海外销售部,http://www.11467.com/beijing/co/401509.htm
北京华柏思科技有限公司销售部,http://www.11467.com/beijing/co/415425.htm
北京市盛源包装托运有限公司,http://www.11467.com/beijing/co/620510.htm
北京京鼎通电子科技有限公司,http://www.11467.com/beijing/co/415510.htm
北京坦安特信息控制有限公司,http://www.11467.com/beijing/co/310902.htm
北京中兴顺达经贸有限责任公司,http://www.11467.com/beijing/co/401451.htm
冠洋科技有限公司,http://www.11467.com/beijing/co/401395.htm
北京中铁科雷威焊接技术有限责任公司,http://www.11467.com/beijing/co/99739.htm
内蒙古九州危货运销有限公司,http://www.11467.com/beijing/co/672582.htm
南通海迅实业集团有限公司,http://www.11467.com/beijing/co/99597.htm
美威电子科技有限公司,http://www.11467.com/zhongshan/co/63470.htm
杭州铁科通信信号设备有限公司,http://www.11467.com/hangzhou/co/52314.htm
新会北部精机有限公司,http://www.11467.com/jiangmen/co/56096.htm
霸州市胜芳顺鑫起重设备有限公司,http://www.11467.com/langfang/co/46523.htm
海安县耀华安全玻璃有限公司,http://www.11467.com/nantong/co/22120.htm
沈阳皇冠科技贸易有限公司,http://www.11467.com/shenyang/co/51958.htm
山西晋东华煤焦铁有限公司,http://www.11467.com/taiyuan/co/87443.htm
镇江宝源物资有限公司,http://www.11467.com/zhenjiang/co/35784.htm
株洲丰达电力机车配件实业有限责任公司,http://www.11467.com/zhuzhou/co/24551.htm
北京市卓业达铁路设备有限责任公司,http://www.11467.com/beijing/co/401676.htm
新时速运递有限公司市场部,http://www.11467.com/beijing/co/651025.htm
北京铁兴经贸有限责任公司,http://www.11467.com/beijing/co/401750.htm
北京天旋科技有限责任公司,http://www.11467.com/beijing/co/415376.htm
上海春城机车配件有限公司,http://www.11467.com/shanghai/co/162573.htm
上海阿尔斯通交通设备有限公司,http://www.11467.com/shanghai/co/480858.htm
上海能运金属构件有限公司,http://www.11467.com/shanghai/co/162606.htm
上海华铭智能终端设备有限公司采购部,http://www.11467.com/shanghai/co/883327.htm
中铁电气化一公司,http://www.11467.com/shanghai/co/677082.htm
柯鲁斯（天津）铝工业型材有限公司,http://www.11467.com/tianjin/co/17099.htm
天津市北海时代轨道交通技术有限公司,http://www.11467.com/tianjin/co/187796.htm
天津振铁机车车辆配件销售有限公司,http://www.11467.com/tianjin/co/48718.htm
天津普利百华电气设备有限公司,http://www.11467.com/tianjin/co/197218.htm
重庆沃德麦机电设备有限公司,http://www.11467.com/chongqing/co/6055.htm
TIANJIN科技有限公司,http://www.11467.com/tianjin/co/301638.htm
天津诺通科技有限公司,http://www.11467.com/tianjin/co/305853.htm
天津市鲸虎建材贸易有限公司,http://www.11467.com/tianjin/co/308612.htm
山东华建能源设备有限公司销售部,http://www.11467.com/jining/co/95850.htm
锦州双兴铁路有限公司,http://www.11467.com/jinzhou/co/51907.htm
北京双兴铁路机械有限公司,http://www.11467.com/jinzhou/co/52189.htm
武汉金安达装卸运输有限公司,http://www.11467.com/qiye/93073138.htm
