安平县邦曼丝网制品有限公司,http://www.11467.com/hengshui/co/44535.htm
安平县顺博丝网制造有限公司,http://www.11467.com/hengshui/co/41849.htm
安平县中久丝网制造有限公司,http://www.11467.com/hengshui/co/44670.htm
衡水中建路桥工程有限公司,http://www.11467.com/hengshui/co/36671.htm
安平县江威丝网制造有限公司,http://www.11467.com/hengshui/co/42604.htm
安平县锦泰金属制品有限公司,http://www.11467.com/hengshui/co/24629.htm
安平县炅盛丝网制品有限公司,http://www.11467.com/hengshui/co/45619.htm
安平县斌佳金属丝网制品有限公司,http://www.11467.com/hengshui/co/50945.htm
安平县朝全丝网制造有限公司,http://www.11467.com/hengshui/co/40824.htm
安平县鑫隆丝网制造有限公司,http://www.11467.com/hengshui/co/27059.htm
安平县卓昌金属丝网制品有限公司,http://www.11467.com/hengshui/co/37624.htm
衡水广怀贸易有限公司,http://www.11467.com/hengshui/co/33447.htm
上海信奥金属丝网制品有限公司,http://www.11467.com/shanghai/co/895797.htm
安平县鑫筑丝网制品有限公司,http://www.11467.com/hengshui/co/40582.htm
安平县百通丝网制品有限公司,http://www.11467.com/hengshui/co/42758.htm
安平县雪胜金属丝网制品有限公司,http://www.11467.com/hengshui/co/38690.htm
安平县久诚丝网制品有限公司,http://www.11467.com/hengshui/co/42842.htm
安平县景晨丝网制品有限公司,http://www.11467.com/hengshui/co/44219.htm
安平县源荣丝网制造有限公司,http://www.11467.com/hengshui/co/38175.htm
安平县森航丝网制品有限公司,http://www.11467.com/hengshui/co/41354.htm
河北腾飞网业有限公司,http://www.11467.com/hengshui/co/42757.htm
安平县明海金属丝网制造有限公司,http://www.11467.com/hengshui/co/37989.htm
安平县银隆通讯线材有限公司,http://www.11467.com/hengshui/co/42968.htm
安平县雅润丝网制品有限公司,http://www.11467.com/tangshan/co/81281.htm
安平县汇克丝网制品有限公司,http://www.11467.com/hengshui/co/45276.htm
安平县方恒丝网制品有限公司,http://www.11467.com/hengshui/co/40210.htm
安平县盛和金属丝网制造有限公司,http://www.11467.com/hengshui/co/42932.htm
安平县锦美丝网制品有限公司,http://www.11467.com/hengshui/co/38594.htm
山东冠县宏奥交通设施有限公司,http://www.11467.com/liaocheng/co/50260.htm
安平县银磊丝网制品有限公司,http://www.11467.com/hengshui/co/42760.htm
秦皇岛燕大国海不锈钢业有限公司,http://www.11467.com/qinhuangdao/co/38108.htm
安平县强冠五金网类有限公司,http://www.11467.com/hengshui/co/27232.htm
安平县拓益金属丝网有限公司,http://www.11467.com/hengshui/co/42872.htm
苏州市维特克斯工业滤材有限公司,http://www.11467.com/suzhou/co/312963.htm
安平县欧文斯丝网制品有限公司,http://www.11467.com/hengshui/co/33575.htm
安平县百航丝网贸易有限公司,http://www.11467.com/hengshui/co/33569.htm
安平县航皇丝网贸易有限公司,http://www.11467.com/hengshui/co/27510.htm
安平县正澳金属丝网制品有限公司,http://www.11467.com/shijiazhuang/co/137807.htm
河北申华金属丝网制造有限公司,http://www.11467.com/hengshui/co/33540.htm
安平县永裕金属丝网制品有限公司,http://www.11467.com/hengshui/co/33313.htm
安平县华润五金网类制品有限公司,http://www.11467.com/hengshui/co/33469.htm
安平县亚北金属网有限公司,http://www.11467.com/hengshui/co/33454.htm
安平广森源网业有限公司,http://www.11467.com/hengshui/co/33382.htm
安平县艺可丝网贸易有限公司,http://www.11467.com/hengshui/co/33590.htm
中山市巨丰泰五金筛网制品有限公司,http://www.11467.com/zhongshan/co/152010.htm
安平县腾立丝网制品有限公司,http://www.11467.com/hengshui/co/33623.htm
河北冀毅公路工程有限公司,http://www.11467.com/shijiazhuang/co/119496.htm
安平县正航金属制品有限公司,http://www.11467.com/hengshui/co/28447.htm
安平县斯百得丝网制品有限公司,http://www.11467.com/hengshui/co/33648.htm
河北鹏泽五金制品贸易有限公司,http://www.11467.com/hengshui/co/33602.htm
深圳市金润筛网制品有限公司,http://www.11467.com/shenzhen/co/689906.htm
安平县蓝鼎丝网制品有限公司,http://www.11467.com/hengshui/co/28506.htm
安平百航丝网贸易有限公司,http://www.11467.com/hengshui/co/33438.htm
佛山市伟焱丝网有限公司,http://www.11467.com/foshan/co/337892.htm
安平县悦鼎金属丝网有限公司,http://www.11467.com/hengshui/co/45277.htm
潍坊市冀中筛网实业有限公司,http://www.11467.com/weifang/co/117095.htm
安平县欧泰五金网业有限公司,http://www.11467.com/hengshui/co/33503.htm
安平县子申金属丝网制品有限公司,http://www.11467.com/hengshui/co/31582.htm
安平县赛杰金属丝网制品有限公司,http://www.11467.com/hengshui/co/28473.htm
安平县杰晨丝网制品有限公司,http://www.11467.com/hengshui/co/42691.htm
安平县朗润丝网制品有限公司,http://www.11467.com/hengshui/co/42674.htm
广州精特佳筛网有限公司,http://www.11467.com/guangzhou/co/402879.htm
广州市占兴筛网制造有限公司,http://www.11467.com/guangzhou/co/281075.htm
广州市华港网络科技有限公司,http://www.11467.com/guangzhou/co/433410.htm
德阳乾科迪机电物资有限公司,http://www.11467.com/deyang/co/31816.htm
常州鼎一机械有限公司,http://www.11467.com/changzhou/co/110542.htm
常州市冀安筛网有限公司,http://www.11467.com/changzhou/co/5833.htm
常州市闸北合金拉丝有限公司,http://www.11467.com/changzhou/co/105205.htm
广州格泰筛网有限公司,http://www.11467.com/guangzhou/co/494621.htm
宁津县华威输送设备有限公司,http://www.11467.com/dezhou/co/39091.htm
石家庄茂蓝商贸有限公司,http://www.11467.com/shijiazhuang/co/137741.htm
四川龙盾交通工程有限公司,http://www.11467.com/chengdu/co/133120.htm
广州穗埔生金属筛网有限公司,http://www.11467.com/guangzhou/co/472521.htm
佛山市南海泰广龙不锈钢有限公司,http://www.11467.com/foshan/co/332516.htm
广州市恒锋筛网有限公司,http://www.11467.com/guangzhou/co/470575.htm
河北永乾金属丝网制品有限公司,http://www.11467.com/hengshui/co/32452.htm
安平县和纯丝网有限公司,http://www.11467.com/hengshui/co/41612.htm
安平县三特金属丝网制品有限公司,http://www.11467.com/hengshui/co/38222.htm
安平县宏宁丝网制品有限公司,http://www.11467.com/hengshui/co/41341.htm
安平县华阔金属丝网制品有限公司,http://www.11467.com/hengshui/co/38548.htm
河北美耐固金属网业有限公司,http://www.11467.com/hengshui/co/36248.htm
安平县厚泰丝网制品有限公司,http://www.11467.com/hengshui/co/38287.htm
安平县源特金属丝网制造有限公司,http://www.11467.com/hengshui/co/38127.htm
安平县瑞尚丝网制造有限公司,http://www.11467.com/hengshui/co/39989.htm
安平县泽荣金属丝网制品有限公司,http://www.11467.com/hengshui/co/39964.htm
安平县瑞龙金属制品有限公司,http://www.11467.com/hengshui/co/42861.htm
安平县冠顺丝网制品有限公司,http://www.11467.com/hengshui/co/36851.htm
安平县富创丝网制品有限公司,http://www.11467.com/hengshui/co/34600.htm
安平县新正五金网业有限公司,http://www.11467.com/hengshui/co/28569.htm
安平县金旭网制品有限公司,http://www.11467.com/hengshui/co/34591.htm
安平县宏华五金丝网制品有限公司,http://www.11467.com/hengshui/co/18612.htm
安平县皓天五金丝网制品有限公司,http://www.11467.com/hengshui/co/35875.htm
安平县泓澳五金网业有限公司,http://www.11467.com/hengshui/co/42880.htm
安平县泽兴丝网制品有限公司,http://www.11467.com/hengshui/co/31336.htm
安平县康通金属丝网有限公司,http://www.11467.com/hengshui/co/34516.htm
安平县超峰金属制品有限公司,http://www.11467.com/hengshui/co/34541.htm
安平县海利丝网制品有限公司,http://www.11467.com/hengshui/co/34536.htm
安平县云飞五金丝网制品有限公司,http://www.11467.com/hengshui/co/33677.htm
安平县三磊金属丝网制品有限公司,http://www.11467.com/hengshui/co/35043.htm
安平县鑫润丝网制品有限公司,http://www.11467.com/hengshui/co/34464.htm
安平县兴禄丝网制品有限公司,http://www.11467.com/hengshui/co/41548.htm
安平县泰东丝网制品有限公司,http://www.11467.com/hengshui/co/34678.htm
安平县威锐金属丝网制品有限公司,http://www.11467.com/hengshui/co/40327.htm
石家庄泽昊金属制品有限公司,http://www.11467.com/hengshui/co/42878.htm
安平县弘钢丝网制品有限公司,http://www.11467.com/hengshui/co/36135.htm
安平县泽驰金属丝网制品有限公司,http://www.11467.com/hengshui/co/36063.htm
安平县威禾丝网制品有限公司,http://www.11467.com/hengshui/co/40837.htm
安平县华百美丝网制造有限公司,http://www.11467.com/hengshui/co/40966.htm
安平县瑞利线材筛网有限公司,http://www.11467.com/hengshui/co/24965.htm
安平县海唐丝网制造有限公司,http://www.11467.com/hengshui/co/39146.htm
安平县英驰丝网制品有限公司,http://www.11467.com/hengshui/co/40237.htm
安平县祥津丝网贸易有限公司,http://www.11467.com/hengshui/co/42905.htm
安平县康辰丝网制品有限公司,http://www.11467.com/hengshui/co/41346.htm
安平县丰超丝网制品有限公司,http://www.11467.com/hengshui/co/38186.htm
安平县瑞辰丝网制品有限公司,http://www.11467.com/hengshui/co/41886.htm
河北俩正丝网制品有限公司,http://www.11467.com/hengshui/co/36902.htm
南昌成鑫五金网业实业有限公司,http://www.11467.com/nanchang/co/89067.htm
南通吉兴金属制品有限公司,http://www.11467.com/nantong/co/105486.htm
南通永磊金属制品有限公司,http://www.11467.com/nantong/co/105465.htm
河北腾跃贸易有限公司,http://www.11467.com/shijiazhuang/co/91196.htm
河北东耀金属制品有限公司,http://www.11467.com/shijiazhuang/co/78119.htm
石家庄信泽利贸易有限公司,http://www.11467.com/shijiazhuang/co/88118.htm
安平县凯翔金属制品有限公司,http://www.11467.com/shijiazhuang/co/78029.htm
泰州市光华金属网带有限公司,http://www.11467.com/taizhoushi/co/30075.htm
无锡进融筛网制品有限公司,http://www.11467.com/wuxi/co/249811.htm
安平县正田丝网制品有限公司,http://www.11467.com/hengshui/co/40796.htm
安平县康悦丝网制品有限公司,http://www.11467.com/hengshui/co/36009.htm
石家庄唯佳金属丝网科技有限公司,http://www.11467.com/shijiazhuang/co/147574.htm
深圳市鑫森达金属筛网制品有限公司,http://www.11467.com/shenzhen/co/810694.htm
安平县拓益金属丝网有限公司,http://www.11467.com/shijiazhuang/co/156802.htm
石家庄浩神印刷材料有限公司,http://www.11467.com/shijiazhuang/co/108415.htm
安平县同泽金属制品贸易有限公司,http://www.11467.com/suzhou/co/356423.htm
安平县京阳五金网业有限公司,http://www.11467.com/hengshui/co/28564.htm
安平县硕方丝网制品有限公司,http://www.11467.com/hengshui/co/41189.htm
南京雄晨工贸实业有限公司,http://www.11467.com/nanjing/co/52368.htm
泰州市双宇金属制品有限公司,http://www.11467.com/taizhoushi/co/35107.htm
无锡大西洋金属制品有限公司,http://www.11467.com/wuxi/co/236672.htm
安平县广信丝网制品有限公司,http://www.11467.com/tangshan/co/82318.htm
昆山泰宜康特电子有限公司,http://www.11467.com/suzhou/co/320128.htm
新乡市巴山螺套有限公司,http://www.11467.com/xinxiang/co/23180.htm
安平县鼎革丝网制品有限公司,http://www.11467.com/hengshui/co/39864.htm
河北卓宏金属网业制品有限公司,http://www.11467.com/shijiazhuang/co/159126.htm
安平县新环丝网制品有限公司,http://www.11467.com/hengshui/co/46113.htm
河北日创丝网制品有限公司,http://www.11467.com/hengshui/co/47802.htm
黄骅市飞腾丝网设备有限公司,http://www.11467.com/cangzhou/co/74190.htm
安平县智邦丝网制造有限公司,http://www.11467.com/hengshui/co/51618.htm
安平县朗途丝网制品有限公司,http://www.11467.com/hengshui/co/47074.htm
安平县利迪金属制品有限公司,http://www.11467.com/hengshui/co/51630.htm
广州盛丰筛网有限公司,http://www.11467.com/guangzhou/co/511526.htm
振兴金源丝网集团有限公司,http://www.11467.com/hengshui/co/47420.htm
安平县兆隆丝网制造有限公司,http://www.11467.com/hengshui/co/45938.htm
安平县浦泽金属丝网制品有限公司,http://www.11467.com/hengshui/co/49910.htm
安平县华磊金属丝网制品有限公司,http://www.11467.com/hengshui/co/51841.htm
深圳市金海洋筛网制品有限公司,http://www.11467.com/shenzhen/co/828580.htm
安平县世润丝网制品有限公司,http://www.11467.com/hengshui/co/52232.htm
安平县启点丝网制品有限公司,http://www.11467.com/hengshui/co/46739.htm
安平县思迈丝网制品有限公司,http://www.11467.com/hengshui/co/46735.htm
安平县金久丝网制品有限公司,http://www.11467.com/hengshui/co/47284.htm
安平县中良五金制品有限公司,http://www.11467.com/hengshui/co/51773.htm
天津卓逸金属科技有限公司,http://www.11467.com/tianjin/co/300135.htm
安平县鑫路丝网制品有限公司,http://www.11467.com/hengshui/co/46067.htm
河北万来进出口贸易有限公司,http://www.11467.com/hengshui/co/45935.htm
安平县友旺金属丝网制品有限公司,http://www.11467.com/hengshui/co/55388.htm
安平县盟合丝网制品有限公司,http://www.11467.com/hengshui/co/47091.htm
河北春腾丝网制品有限公司,http://www.11467.com/hengshui/co/47047.htm
安平县昊昌丝网制造有限公司,http://www.11467.com/hengshui/co/46666.htm
河北旭辰丝网制品有限公司,http://www.11467.com/hengshui/co/46266.htm
嘉兴市金格金属丝网有限公司,http://www.11467.com/jiaxing/co/135566.htm
安平县远盛网业有限公司,http://www.11467.com/tianjin/co/300150.htm
安平县科友丝网制品有限公司,http://www.11467.com/hengshui/co/45990.htm
安平县邦卓丝网制造有限公司,http://www.11467.com/hengshui/co/45287.htm
安平源特金属丝网制造有限公司,http://www.11467.com/hengshui/co/45934.htm
安平县保通丝网制品有限公司,http://www.11467.com/hengshui/co/46502.htm
安平县冠强丝网制品有限公司,http://www.11467.com/hengshui/co/46625.htm
安平县凡诺丝网制品有限公司,http://www.11467.com/hengshui/co/46662.htm
安平县共创丝网制品有限公司,http://www.11467.com/hengshui/co/47092.htm
安平县思林丝网制品有限公司,http://www.11467.com/hengshui/co/47122.htm
安平县少鹏丝网制品有限公司,http://www.11467.com/hengshui/co/46781.htm
安平县鸿贤丝网制品有限公司,http://www.11467.com/hengshui/co/46787.htm
安平县世鹏丝网制品有限公司,http://www.11467.com/hengshui/co/47140.htm
安平县久巨丝网制品有限公司,http://www.11467.com/hengshui/co/47524.htm
河北欧城丝网制品有限公司,http://www.11467.com/hengshui/co/47541.htm
安平县利龙丝网制品有限公司,http://www.11467.com/hengshui/co/56042.htm
安平县旺丰丝网制品有限公司,http://www.11467.com/hengshui/co/47962.htm
安平县匡瑞丝网制品有限公司,http://www.11467.com/hengshui/co/48347.htm
安平县烁光丝网制造有限公司,http://www.11467.com/hengshui/co/48713.htm
安平县箭腾金属丝网制品有限公司,http://www.11467.com/hengshui/co/48250.htm
河北佳航丝网制品有限公司,http://www.11467.com/hengshui/co/48065.htm
北京市高英宇隆商贸有限责任公司,http://www.11467.com/beijing/co/761327.htm
安平县永昌金属制品有限公司,http://www.11467.com/hengshui/co/56001.htm
广州强盛筛网有限公司,http://www.11467.com/guangzhou/co/590571.htm
安平县世盟丝网制品有限公司,http://www.11467.com/hengshui/co/49098.htm
安平县晶悦丝网制品有限公司,http://www.11467.com/hengshui/co/49023.htm
河北城松丝网制品有限公司,http://www.11467.com/hengshui/co/49136.htm
安平县卓盛丝网制品有限公司,http://www.11467.com/hengshui/co/49211.htm
安平县怡岳丝网制品有限公司,http://www.11467.com/hengshui/co/48105.htm
安平县联东丝网制品有限公司,http://www.11467.com/hengshui/co/48118.htm
安平县冠合丝网制品有限公司,http://www.11467.com/hengshui/co/56061.htm
安平县云鹤丝网制造有限公司,http://www.11467.com/hengshui/co/56879.htm
安平县方森丝网制品有限公司,http://www.11467.com/hengshui/co/55987.htm
秦皇岛冀坤筛网制品有限公司,http://www.11467.com/qinhuangdao/co/52857.htm
安平县耀东丝网制品有限公司,http://www.11467.com/hengshui/co/48734.htm
安平县加鹏丝网机械制造有限公司,http://www.11467.com/hengshui/co/56130.htm
广州兴盛筛网有限公司,http://www.11467.com/guangzhou/co/533849.htm
安平县任苏丝网制品有限公司,http://www.11467.com/hengshui/co/57042.htm
安平县元久丝网制品有限公司,http://www.11467.com/hengshui/co/48363.htm
安平县盛群金属丝网制品有限公司,http://www.11467.com/hengshui/co/48039.htm
安平县敏尔丝网制品有限公司,http://www.11467.com/hengshui/co/49160.htm
安平县川鑫丝网制品有限公司,http://www.11467.com/hengshui/co/49354.htm
安平县创宇丝网制造有限公司,http://www.11467.com/hengshui/co/49488.htm
河北胜万丝网制品有限公司,http://www.11467.com/hengshui/co/49507.htm
安平县盖伦金属丝网制品有限公司,http://www.11467.com/hengshui/co/48040.htm
安平县鑫久丝网制造有限公司,http://www.11467.com/hengshui/co/47831.htm
安平县山拓丝网制品有限公司,http://www.11467.com/hengshui/co/48731.htm
安平县程普丝网制品有限公司,http://www.11467.com/hengshui/co/48446.htm
安平县中金丝网制品有限公司,http://www.11467.com/hengshui/co/48503.htm
安平县驰鹏丝网制品有限公司,http://www.11467.com/hengshui/co/48044.htm
安平县久创丝网制品有限公司,http://www.11467.com/hengshui/co/56599.htm
安平县晟都丝网制造有限公司,http://www.11467.com/hengshui/co/56576.htm
安平县全拓丝网制品有限公司,http://www.11467.com/hengshui/co/56054.htm
安平县联孜丝网制品有限公司,http://www.11467.com/hengshui/co/56125.htm
安平县捷天丝网制品有限公司,http://www.11467.com/hengshui/co/56587.htm
安平县佳展丝网制品有限公司,http://www.11467.com/hengshui/co/56236.htm
安平县茂阔丝网制品有限公司,http://www.11467.com/hengshui/co/56944.htm
安平县欧腾丝网制品有限公司,http://www.11467.com/hengshui/co/48345.htm
安平县海汇丝网制造有限公司,http://www.11467.com/hengshui/co/48806.htm
安平县腾帆丝网制品有限公司,http://www.11467.com/hengshui/co/49049.htm
石家庄远鹏金属制品有限公司,http://www.11467.com/shijiazhuang/co/186334.htm
河北豪申丝网制品有限公司,http://www.11467.com/hengshui/co/49320.htm
河北胜聚金属丝网制造有限公司,http://www.11467.com/hengshui/co/68535.htm
安平县雄祥丝网制品有限公司,http://www.11467.com/hengshui/co/75772.htm
河北万驰金属丝网制品有限公司,http://www.11467.com/hengshui/co/86111.htm
安平县利众丝网制品有限公司,http://www.11467.com/hengshui/co/68541.htm
昆山康之亿五金机电有限公司,http://www.11467.com/qiye/23569300.htm
安平正澳金属丝网制品有限公司,http://www.11467.com/hengshui/co/75799.htm
安平县创宝丝网制品有限公司,http://www.11467.com/hengshui/co/75028.htm
安平县方邦贸金属丝网制品有限公司,http://www.11467.com/hengshui/co/79290.htm
河北省百正金属丝网有限公司,http://www.11467.com/hengshui/co/75793.htm
安平慕源丝网制造有限公司,http://www.11467.com/hengshui/co/75773.htm
广州新晟筛网有限公司,http://www.11467.com/guangzhou/co/730494.htm
安平县恺嵘网业制品公司,http://www.11467.com/hengshui/co/73271.htm
安平百正金属丝网有限公司,http://www.11467.com/hengshui/co/70596.htm
安平县君厚丝网制品有限公司,http://www.11467.com/hengshui/co/70528.htm
安平县航皇丝网制品有限公司,http://www.11467.com/hengshui/co/79975.htm
安平县雄泰金属丝网制品有限公司,http://www.11467.com/hengshui/co/69647.htm
安平县中石丝网制品有限公司,http://www.11467.com/hengshui/co/68546.htm
佛山市艺鼎管业有限公司,http://www.11467.com/foshan/co/468259.htm
河北格宾五金制品有限公司,http://www.11467.com/hengshui/co/70618.htm
深州市宏锐五金网业有限公司,http://www.11467.com/hengshui/co/70707.htm
安平县恺嵘丝网制品有限公司业务部,http://www.11467.com/hengshui/co/73249.htm
安平县卓润丝网制造有限公司,http://www.11467.com/hengshui/co/73253.htm
河北卓兴网制品有限公司,http://www.11467.com/hengshui/co/75764.htm
安平县宽达金属丝网制品有限公司,http://www.11467.com/hengshui/co/68801.htm
河北卓兴金属丝网有限公司,http://www.11467.com/hengshui/co/79982.htm
安平县邦美丝网制品有限公司,http://www.11467.com/hengshui/co/68605.htm
河北隆恩丝网制品有限公司,http://www.11467.com/hengshui/co/69233.htm
安平县时泰丝网制品有限公司,http://www.11467.com/hengshui/co/73261.htm
安平县潭鑫金属丝网制品有限公司,http://www.11467.com/hengshui/co/69605.htm
安平县杭珂丝网有限公司,http://www.11467.com/hengshui/co/68587.htm
定州市荣达金属制品有限公司,http://www.11467.com/baoding/co/127256.htm
无锡景涵护栏筛网制品有限公司,http://www.11467.com/wuxi/co/274370.htm
安平旺来丝网制品有限公司,http://www.11467.com/hengshui/co/75778.htm
安平县澜森丝网制造有限公司,http://www.11467.com/beijing/co/763650.htm
安平县利众丝网制造有限公司,http://www.11467.com/beijing/co/762561.htm
安平县闯德丝网制品有限公司,http://www.11467.com/hengshui/co/70425.htm
安平县特菲金属丝网制品有限公司,http://www.11467.com/hengshui/co/75771.htm
安平县惠旭丝网制品有限公司,http://www.11467.com/hengshui/co/73278.htm
安平县炯德丝网制造有限公司,http://www.11467.com/hengshui/co/71138.htm
安平县拓实丝网制造有限公司,http://www.11467.com/hengshui/co/71776.htm
安平县乐格丝网制品有限公司,http://www.11467.com/hengshui/co/72943.htm
安平县廷煜金属丝网制品有限公司,http://www.11467.com/hengshui/co/73198.htm
安平县登隆丝网制品有限公司,http://www.11467.com/hengshui/co/83116.htm
安平县滨源金属丝网制品有限公司,http://www.11467.com/hengshui/co/90178.htm
安平县厚昌丝网制品有限公司,http://www.11467.com/hengshui/co/86082.htm
安平县晓波丝网制品有限公司,http://www.11467.com/hengshui/co/87722.htm
安平县顺旺丝网制品有限公司,http://www.11467.com/hengshui/co/90063.htm
安平县优科丝网制品有限公司,http://www.11467.com/hengshui/co/83863.htm
安平县高澳丝网制品有限公司,http://www.11467.com/hengshui/co/90556.htm
河北峻尔丝网制品有限公司,http://www.11467.com/hengshui/co/26886.htm
新疆西部宝源金属制品有限公司,http://www.11467.com/wulumuqi/co/106387.htm
安平县三创丝网制品有限公司,http://www.11467.com/qiye/93323732.htm
安平县保帆丝网制品有限公司,http://www.11467.com/qiye/93024849.htm
深圳钜鑫金属材料有限公司,http://www.11467.com/shenzhen/co/721897.htm
中国富瑞进出口有限公司,http://www.11467.com/hengshui/co/24736.htm
佛山市锦铂盛五金制品有限公司,http://www.11467.com/foshan/co/473126.htm
赣州盛世隆丝网制品有限公司,http://www.11467.com/ganzhou/co/55974.htm
安平县诺铂金属丝网制品有限公司,http://www.11467.com/hengshui/co/80740.htm
安平县昊腾金属丝网制品有限公司,http://www.11467.com/hengshui/co/84273.htm
河北博钦丝网制品有限公司,http://www.11467.com/hengshui/co/81686.htm
安平县建兴网业制品有限公司,http://www.11467.com/hengshui/co/87374.htm
吉木萨尔县嘉华顺祥金属制品有限公司,http://www.11467.com/qiye/93158591.htm
安平县城熇金属丝网制造有限公司,http://www.11467.com/hengshui/co/89685.htm
安平县中博交通设施有限公司,http://www.11467.com/hengshui/co/90528.htm
安平县乐图金属丝网制品有限公司,http://www.11467.com/hengshui/co/90364.htm
天津吉恩特机械科技有限公司,http://www.11467.com/qiye/93310233.htm
安平县振群丝网制品有限公司,http://www.11467.com/hengshui/co/88907.htm
安平线森喆金属制品有限公司,http://www.11467.com/hengshui/co/84265.htm
深圳市金恒信筛网制品有限公司,http://www.11467.com/shenzhen/co/1128373.htm
安平县国帆丝网制品有限公司,http://www.11467.com/hengshui/co/83846.htm
安平县三驰丝网制造有限公司,http://www.11467.com/hengshui/co/88924.htm
安平利鑫金属丝网制造有限公司,http://www.11467.com/hengshui/co/83865.htm
河北盾甲丝网制品有限公司,http://www.11467.com/hengshui/co/80831.htm
安平县沃克丝网制品有限公司,http://www.11467.com/hengshui/co/81684.htm
安平县晨吉丝网制品有限公司,http://www.11467.com/hengshui/co/79990.htm
上海丹航金属筛网有限公司,http://www.11467.com/shanghai/co/1284131.htm
安平县平爵丝网制品有限公司,http://www.11467.com/hengshui/co/90367.htm
安平县铂帆金属丝网制品有限公司,http://www.11467.com/hengshui/co/27154.htm
安平县铂帆金属丝网制品有限公司,http://www.11467.com/qiye/9402.htm
安平县冠成丝网制造有限公司,http://www.11467.com/hengshui/co/29858.htm
成都华巨佳金属制品有限公司,http://www.11467.com/qiye/93451782.htm
安平县领卓丝网制品有限公司,http://www.11467.com/qiye/93452271.htm
安平县天垚丝网制造有限公司,http://www.11467.com/hengshui/co/47917.htm
鞍钢钢绳有限责任公司,http://www.11467.com/anshan/co/74401.htm
山东中海筛网制造有限公司,http://www.11467.com/binzhou/co/23422.htm
长沙线准科技有限公司,http://www.11467.com/changsha/co/99969.htm
德阳天山网业有限公司,http://www.11467.com/deyang/co/32759.htm
杭州方盛金属制品有限公司,http://www.11467.com/hangzhou/co/297884.htm
杭州燕赵五金机电有限公司,http://www.11467.com/hangzhou/co/297861.htm
杭州亚贤贸易有限公司,http://www.11467.com/hangzhou/co/297899.htm
安平县皓圆网业有限公司,http://www.11467.com/hengshui/co/25139.htm
安平县万通五金丝网制造有限公司,http://www.11467.com/hengshui/co/25146.htm
衡水华成丝网贸易有限公司,http://www.11467.com/hengshui/co/25149.htm
安平县德通五金网业有限公司,http://www.11467.com/hengshui/co/27070.htm
安平县天声金属网业制品有限公司,http://www.11467.com/hengshui/co/24631.htm
揭阳市广进钢材有限公司,http://www.11467.com/jieyang/co/26885.htm
酒泉双旺筛网有限公司,http://www.11467.com/jiuquan/co/11079.htm
马鞍山天科不锈钢精丝有限公司,http://www.11467.com/maanshan/co/21152.htm
马鞍山瑞德金属制品有限公司,http://www.11467.com/maanshan/co/21142.htm
石家庄市亚加达金属制品有限公司,http://www.11467.com/shijiazhuang/co/103065.htm
宁夏电投钢丝绳股份有限公司,http://www.11467.com/shizuishan/co/10176.htm
盐城金鼎网业有限公司,http://www.11467.com/yancheng/co/59540.htm
金德利机电物资有限公司,http://www.11467.com/deyang/co/32757.htm
德阳市和佳物资有限公司,http://www.11467.com/deyang/co/32790.htm
杭州巨力实业有限公司,http://www.11467.com/hangzhou/co/297870.htm
鹤岗市弘吉金星机械制造有限公司,http://www.11467.com/hegang/co/10307.htm
安平县金诺五金丝网制品有限公司,http://www.11467.com/hengshui/co/27196.htm
安平县鑫渤源丝网制品有限公司,http://www.11467.com/hengshui/co/34657.htm
安平县安宇五金丝网有限公司,http://www.11467.com/hengshui/co/27071.htm
山西省鹏鑫金属制品有限公司,http://www.11467.com/linfen/co/32756.htm
安徽省马鞍山市玉龙金属制品有限责任公司,http://www.11467.com/maanshan/co/21172.htm
通州市超越钢绳有限公司南宁分公司,http://www.11467.com/nanning/co/75957.htm
江苏省苏通特钢制品有限公司,http://www.11467.com/nantong/co/111400.htm
江苏省苏通特钢制品有限公司,http://www.11467.com/nantong/co/111399.htm
南通开发区高科金属制品有限公司,http://www.11467.com/nantong/co/111409.htm
南通市耀达金属制品有限公司,http://www.11467.com/nantong/co/111406.htm
南通开发区苏蕾金属制品有限公司,http://www.11467.com/nantong/co/111397.htm
南通腾龙钢丝制品有限公司,http://www.11467.com/nantong/co/111308.htm
南通凯友金属制品有限公司,http://www.11467.com/nantong/co/111401.htm
福安市荣华金属制品有限公司,http://www.11467.com/ningde/co/24710.htm
石家庄速米特贸易有限公司,http://www.11467.com/shijiazhuang/co/103192.htm
鹏瑞金属制造公司,http://www.11467.com/shizuishan/co/10183.htm
江苏宏泰不锈钢丝绳有限公司,http://www.11467.com/taizhoushi/co/48485.htm
河北安泰丝网有限责任公司铜川分公司,http://www.11467.com/tongchuan/co/8482.htm
潍坊华骏钢丝有限公司,http://www.11467.com/weifang/co/90656.htm
安平县天目金属网制品有限公司武汉分公司,http://www.11467.com/wuhan/co/109118.htm
武汉市江宏仓储设施有限公司,http://www.11467.com/wuhan/co/109091.htm
武汉市环宇金属网有限公司,http://www.11467.com/wuhan/co/109107.htm
内蒙古集宁利泰金属工业有限公司,http://www.11467.com/wulanchabu/co/6103.htm
丝网之乡产品经销公司梧州总经销,http://www.11467.com/wuzhou/co/17433.htm
安平县诺诚丝网有限公司,http://www.11467.com/hengshui/co/43415.htm
杭州兴润筛网有限公司,http://www.11467.com/hangzhou/co/257274.htm
河北旭森金属丝网制品有限公司,http://www.11467.com/hengshui/co/31381.htm
安平县乾特丝网制造有限公司,http://www.11467.com/hengshui/co/42991.htm
安平县鑫泰源丝网制品有限公司,http://www.11467.com/hengshui/co/18604.htm
青县拓实新兴冲筛有限公司,http://www.11467.com/cangzhou/co/45771.htm
升威实业有限公司,http://www.11467.com/dongguan/co/380995.htm
佛山市顺德区嘉恒实业有限公司,http://www.11467.com/foshan/co/285429.htm
绥芬河市裕兴经济贸易有限公司,http://www.11467.com/haerbin/co/59057.htm
安平县恒爱金属丝网制品有限公司,http://www.11467.com/hengshui/co/34551.htm
河北福朗斯金属丝网制品有限公司,http://www.11467.com/hengshui/co/32448.htm
安平县精织丝网制品有限公司,http://www.11467.com/hengshui/co/40954.htm
安平县亿豪五金网业制品有限公司,http://www.11467.com/hengshui/co/18645.htm
安平县中荣丝网制品有限公司,http://www.11467.com/hengshui/co/40862.htm
安平县君威丝网制品有限公司,http://www.11467.com/hengshui/co/40653.htm
山东道通通信技术有限公司,http://www.11467.com/jinan/co/107156.htm
湘潭钢铁集团有限公司,http://www.11467.com/jinan/co/107142.htm
柳州市福瑞特筛网有限公司,http://www.11467.com/liuzhou/co/43677.htm
鑫然五交化贸易公司,http://www.11467.com/liuzhou/co/43743.htm
马鞍山恒隆金属制品贸易有限公司,http://www.11467.com/maanshan/co/21154.htm
马鞍山市致兴机槭设备有限公司,http://www.11467.com/maanshan/co/21072.htm
马鞍山市天科不锈钢精丝有限公司,http://www.11467.com/maanshan/co/21014.htm
马鞍山市康泰隆工贸公司,http://www.11467.com/maanshan/co/21052.htm
南通润鹏特种钢帘线有限责任公司,http://www.11467.com/nantong/co/111394.htm
河北圣森贸易有限公司,http://www.11467.com/shijiazhuang/co/91670.htm
北京吉民佳乐有限公司,http://www.11467.com/xiantao/co/14840.htm
四川宏森开发有限公司,http://www.11467.com/yibin/co/24707.htm
珠海市华安丝网有限公司,http://www.11467.com/zhuhai/co/86850.htm
天津华源时代金属制品有限公司,http://www.11467.com/tianjin/co/202437.htm
河北恒丰丝网制造有限公司,http://www.11467.com/baoding/co/94445.htm
安平县拓方金属丝网制品有限公司,http://www.11467.com/qiye/19208610.htm
安平县拓鹏丝网制品有限公司,http://www.11467.com/hengshui/co/47065.htm
河北诺华金属丝网制品有限公司,http://www.11467.com/qiye/21732353.htm
安平县标冠丝网制品有限公司,http://www.11467.com/hengshui/co/71513.htm
河北昊程金属丝网有限公司,http://www.11467.com/hengshui/co/75005.htm
河北川捷金属丝网制造有限公司,http://www.11467.com/qiye/26119541.htm
安平凯耀丝网制品有限公司,http://www.11467.com/qiye/93031788.htm
广鑫（厦门）钢绳索具有限公司,http://www.11467.com/fuzhou/co/158016.htm
旭日东升(福建)织造有限公司,http://www.11467.com/guangzhou/co/429754.htm
安平县鑫沛金属丝网制品有限公司,http://www.11467.com/hengshui/co/40072.htm
安平县鑫尔利五金丝网制品有限公司,http://www.11467.com/hengshui/co/30915.htm
安平县华德五金网业制品有限公司,http://www.11467.com/hengshui/co/28584.htm
安平县亚奇丝网制品有限公司,http://www.11467.com/hengshui/co/40691.htm
河北胜迈金属丝网制造有限公司,http://www.11467.com/hengshui/co/31128.htm
安平县鼎立金属制品有限公司衡水办事处,http://www.11467.com/hengshui/co/25109.htm
河北亿利金属网制品有限公司,http://www.11467.com/hengshui/co/18846.htm
河北顺联金属制品有限公司,http://www.11467.com/hengshui/co/31038.htm
安平县康贺丝网制造有限公司,http://www.11467.com/hengshui/co/34604.htm
安平县佰坤丝网制品有限公司,http://www.11467.com/hengshui/co/37041.htm
安平县巨明金属丝网制品有限公司,http://www.11467.com/hengshui/co/35436.htm
安平县京鹏丝网制品有限公司,http://www.11467.com/hengshui/co/35917.htm
安平县九顺金属丝网有限公司,http://www.11467.com/hengshui/co/24862.htm
安平县斯因特过滤技术有限公司,http://www.11467.com/hengshui/co/36873.htm
河北晟阳金属制品有限公司,http://www.11467.com/hengshui/co/25121.htm
安平县正兴网业制造有限公司,http://www.11467.com/hengshui/co/33739.htm
安平帅尔鑫金属制造有限公司,http://www.11467.com/hengshui/co/36254.htm
安平县盛佳五金网业有限公司,http://www.11467.com/hengshui/co/33868.htm
安平县大通五金网业制品有限公司,http://www.11467.com/hengshui/co/24922.htm
安平县德祥瑞网业有限公司,http://www.11467.com/hengshui/co/27065.htm
安平县安亿丝网制造有限公司,http://www.11467.com/hengshui/co/35734.htm
安徽省利辛县星林网业有限公司,http://www.11467.com/huainan/co/16574.htm
南通富来得钢绳有限公司,http://www.11467.com/nantong/co/60892.htm
江苏巨力钢丝绳有限公司,http://www.11467.com/nantong/co/105480.htm
南通宇翔金属制品有限公司,http://www.11467.com/nantong/co/111206.htm
南通恒强金属制品有限公司,http://www.11467.com/nantong/co/101767.htm
南通市赛杰渔业钢绳有限公司,http://www.11467.com/nantong/co/111309.htm
青岛富士工业有限公司,http://www.11467.com/qingdao/co/57198.htm
青岛鸿鼎工贸有限公司,http://www.11467.com/qingdao/co/117068.htm
琛佳实业有限公司（拉丝部）,http://www.11467.com/shenzhen/co/691989.htm
深圳市锦上嘉电子科技有限公司,http://www.11467.com/shenzhen/co/691826.htm
深圳市松桥电子科技有限公司,http://www.11467.com/shenzhen/co/685938.htm
河北麦石丝网商贸有限公司,http://www.11467.com/shijiazhuang/co/102769.htm
石家庄三禾金属制品有限公司,http://www.11467.com/shijiazhuang/co/102897.htm
安平红旗金属丝网制品有限公司市场部,http://www.11467.com/shijiazhuang/co/102621.htm
深科金属制品有限公司,http://www.11467.com/shijiazhuang/co/102917.htm
河北峻尔丝网制品有限公司,http://www.11467.com/hengshui/co/27390.htm
郑州天援筛网有限公司,http://www.11467.com/zhengzhou/co/149869.htm
河北航旭金属制品有限公司,http://www.11467.com/hengshui/co/28221.htm
衡水广兴滤材有限公司李红,http://www.11467.com/hengshui/co/28471.htm
安平县烨鼎丝网制品有限公司,http://www.11467.com/hengshui/co/33361.htm
河北上兴路桥工程有限公司,http://www.11467.com/hengshui/co/33372.htm
安平县禄雄丝网制品贸易有限公司,http://www.11467.com/hengshui/co/33376.htm
灏祥金属制造有限公司嘉兴业务拓展机构,http://www.11467.com/jiaxing/co/122765.htm
安平县金信城网业有限公司,http://www.11467.com/hengshui/co/33433.htm
安平县中石金属制品有限公司,http://www.11467.com/hengshui/co/33513.htm
安平县威文金属丝网制造有限公司,http://www.11467.com/hengshui/co/33517.htm
江苏神王集团有限公司,http://www.11467.com/suzhou/co/261128.htm
苏州强新合金材料科技有限公司,http://www.11467.com/suzhou/co/261645.htm
张家港利德导电材料有限公司,http://www.11467.com/suzhou/co/262325.htm
温州巨人特钢有限公司,http://www.11467.com/wenzhou/co/165902.htm
无锡市匡成金属制品有限公司,http://www.11467.com/wuxi/co/38155.htm
无锡宏通筛网制品有限公司,http://www.11467.com/wuxi/co/209990.htm
襄樊宇虹金属制品有限公司,http://www.11467.com/xiangfan/co/2703.htm
徐州旭昇金属科技有限公司,http://www.11467.com/xuzhou/co/80869.htm
河北省刘氏钢格板网业有限公司,http://www.11467.com/yinchuan/co/44292.htm
河南中友实业有限公司,http://www.11467.com/zhengzhou/co/107681.htm
北京首线新业贸易有限公司,http://www.11467.com/beijing/co/31570.htm
上海宝钢工贸有限公司,http://www.11467.com/shanghai/co/51309.htm
上海宏谭金属材料有限公司,http://www.11467.com/shanghai/co/895674.htm
上海青浦皇氏实业有限公司,http://www.11467.com/shanghai/co/809934.htm
上海松达网业有限公司,http://www.11467.com/shanghai/co/895791.htm
河北恒信丝网制品有限公司,http://www.11467.com/shijiazhuang/co/170419.htm
滨州市煜诚筛网有限公司,http://www.11467.com/binzhou/co/46111.htm
河北锐特丝网制品贸易有限公司,http://www.11467.com/shijiazhuang/co/200587.htm
河北坚舵金属丝网制品有限公司,http://www.11467.com/hengshui/co/69675.htm
安平县萃昌丝网制品有限公司,http://www.11467.com/hengshui/co/78138.htm
安平县冀达五金网业有限公司,http://www.11467.com/hengshui/co/27173.htm
安平县亚北丝网制品有限公司（业务部一）,http://www.11467.com/hengshui/co/33536.htm
展瑞金属丝网有限公司,http://www.11467.com/hengshui/co/33539.htm
安平晟特金属丝网有限公司,http://www.11467.com/hengshui/co/33553.htm
安平驰豪丝网制品有限公司,http://www.11467.com/hengshui/co/33554.htm
安平县盛华金属丝网制品有限公司,http://www.11467.com/hengshui/co/33574.htm
安平县辉景金属丝网制造有限公司,http://www.11467.com/hengshui/co/33578.htm
安平县鑫宏冲孔丝网有限公司,http://www.11467.com/hengshui/co/33583.htm
石家庄航旭金属制品有限公司,http://www.11467.com/shijiazhuang/co/137963.htm
安平县庆翔丝网制品有限公司,http://www.11467.com/hengshui/co/33587.htm
安平县广特丝网制品有限公司,http://www.11467.com/hengshui/co/33591.htm
河北省斯尔瑞金属丝网制造有限公司,http://www.11467.com/hengshui/co/33613.htm
河北亚特尔五金丝网制造有限公司,http://www.11467.com/hengshui/co/33634.htm
安平县恒仁丝网有限公司,http://www.11467.com/hengshui/co/42631.htm
安平县能工丝网有限公司,http://www.11467.com/hengshui/co/35194.htm
安平县松盛金属丝网制品有限公司,http://www.11467.com/hengshui/co/38416.htm
安平浩顺丝网制品有限公司,http://www.11467.com/hengshui/co/42665.htm
安平县澳中丝网制造有限公司,http://www.11467.com/hengshui/co/42979.htm
安平县步鑫丝网制品有限公司,http://www.11467.com/hengshui/co/42980.htm
安平县嘉博丝网制品有限公司,http://www.11467.com/hengshui/co/42986.htm
安平县巨拓丝网制品有限公司,http://www.11467.com/hengshui/co/42988.htm
安平县骏拓丝网制品有限公司,http://www.11467.com/hengshui/co/42989.htm
安平县明石丝网制造有限公司,http://www.11467.com/hengshui/co/42990.htm
安平县腾普丝网制品有限公司,http://www.11467.com/hengshui/co/42994.htm
安平县鑫柏丝网制品有限公司,http://www.11467.com/hengshui/co/42997.htm
安平县雪琪祥丝网制品有限公司,http://www.11467.com/hengshui/co/42999.htm
安平县祝晟丝网制造有限公司,http://www.11467.com/hengshui/co/43002.htm
河北泓泽丝网制品有限公司,http://www.11467.com/hengshui/co/43026.htm
萍乡市恒通五金丝网有限公司,http://www.11467.com/pingxiang/co/15328.htm
深州市鑫胜丝网制品有限公司,http://www.11467.com/hengshui/co/43190.htm
东莞市潇湘金属制品有限公司,http://www.11467.com/dongguan/co/384972.htm
東莞大成五金製品有限公司,http://www.11467.com/dongguan/co/379694.htm
宏平纺织有限公司,http://www.11467.com/dongguan/co/381472.htm
浙天五金筛网滤布有限公司,http://www.11467.com/dongguan/co/381926.htm
东莞龙杰电子有限公司,http://www.11467.com/dongguan/co/8174.htm
广州市前友贸易有限公司,http://www.11467.com/dongguan/co/384663.htm
永成鞋业有限公司,http://www.11467.com/dongguan/co/383576.htm
永立联五金机械有限公司,http://www.11467.com/dongguan/co/382675.htm
永兴金银有限公司,http://www.11467.com/dongguan/co/381256.htm
香港第一金属有限公司东莞联络处,http://www.11467.com/dongguan/co/383496.htm
宏宇筛网滤布有限公司,http://www.11467.com/dongguan/co/381360.htm
鸿福五金实业有限公司,http://www.11467.com/dongguan/co/381371.htm
壮山川只电业制品有限公司,http://www.11467.com/dongguan/co/384333.htm
东莞市启东电线电缆有限公司,http://www.11467.com/dongguan/co/382098.htm
山东华帘集团钢帘有限公司 市场部,http://www.11467.com/dongying/co/31641.htm
佛山市南海区新万通筛网有限似公司,http://www.11467.com/foshan/co/286036.htm
佛山市财粤铝板有限公司,http://www.11467.com/foshan/co/189057.htm
佛山市连发兴顺金属丝网有限公司,http://www.11467.com/foshan/co/349697.htm
潮隆金属回收公司,http://www.11467.com/foshan/co/285083.htm
佛山市腾之阳网业有限公司,http://www.11467.com/foshan/co/339622.htm
佛山市顺德区厚盈骏业五金丝网制造有限公司,http://www.11467.com/foshan/co/339106.htm
佛山市腾阳五金丝网有限公司,http://www.11467.com/foshan/co/287026.htm
广东省佛山市顺德栋洋制网有限公司,http://www.11467.com/foshan/co/284694.htm
雄沣线材有限公司,http://www.11467.com/foshan/co/286831.htm
广东天启筛网制造公司,http://www.11467.com/foshan/co/285006.htm
广东金鸿筛网有限公司,http://www.11467.com/foshan/co/285461.htm
衡水华星钢丝绳有限公司,http://www.11467.com/hengshui/co/21510.htm
河北冠达金属有限公司,http://www.11467.com/hengshui/co/24910.htm
河北省衡水市安平县广森源网业有限公司,http://www.11467.com/hengshui/co/24903.htm
衡水永利钢丝有限公司(销售部),http://www.11467.com/hengshui/co/24839.htm
康德线材网业有限公司,http://www.11467.com/hengshui/co/24915.htm
安平县信志恒丝网制品贸易有限公司,http://www.11467.com/hengshui/co/32560.htm
河北康泰交通安全设施有限公司,http://www.11467.com/hengshui/co/20931.htm
运通四方金属丝网有限公司,http://www.11467.com/hengshui/co/25075.htm
安平县振峰丝网制品贸易有限公司,http://www.11467.com/hengshui/co/32277.htm
安平县航顺丝网制品有限公司,http://www.11467.com/hengshui/co/34194.htm
盛和丝网有限公司,http://www.11467.com/hengshui/co/24885.htm
河北富安达金属丝网制造有限公司,http://www.11467.com/hengshui/co/30574.htm
安平县航景丝网制品有限公司,http://www.11467.com/hengshui/co/40268.htm
安平县友杰五金网业有限公司,http://www.11467.com/hengshui/co/36043.htm
安平县天固丝网制造有限公司,http://www.11467.com/hengshui/co/39116.htm
安平县恒跃金属丝网有限公司,http://www.11467.com/hengshui/co/29751.htm
安平县泰华金属制品有限公司 护栏网厂,http://www.11467.com/hengshui/co/24988.htm
联德五金网页有限公司,http://www.11467.com/hengshui/co/24970.htm
美斯特边坡防护网有限公司,http://www.11467.com/hengshui/co/24921.htm
衡水亿科工程橡塑有限公司,http://www.11467.com/hengshui/co/24777.htm
宇通金属网栏网业制品有限公司,http://www.11467.com/hengshui/co/25089.htm
衡水永利钢丝有限公司销售部,http://www.11467.com/hengshui/co/24793.htm
安平县金长城丝网过滤制品有限公司,http://www.11467.com/hengshui/co/36434.htm
安平县百特金属制品有限公司销售部,http://www.11467.com/hengshui/co/25126.htm
饶阳县坤亿金属丝网有限公司,http://www.11467.com/hengshui/co/30128.htm
河北省安平德天金属网业有限公司,http://www.11467.com/hengshui/co/24897.htm
安平县金田金属制品有限公司,http://www.11467.com/hengshui/co/19371.htm
衡水佳美金属网业有限公司销售部,http://www.11467.com/hengshui/co/24830.htm
安平县鼎坤丝网制品有限公司,http://www.11467.com/hengshui/co/35855.htm
河北金宝钢丝绳有限公司,http://www.11467.com/hengshui/co/32055.htm
华成丝网制品有限公司,http://www.11467.com/hengshui/co/24669.htm
安平县坤昊金属丝网有限公司,http://www.11467.com/hengshui/co/24714.htm
安平县冀达不锈钢筛网丝网制造公司,http://www.11467.com/hengshui/co/24820.htm
鹤腾金属丝网制品有限公司,http://www.11467.com/hengshui/co/24966.htm
恒源五金丝网制品有限公司,http://www.11467.com/hengshui/co/24681.htm
安平县宗胜丝网制造有限公司,http://www.11467.com/hengshui/co/37884.htm
安平县烨邦丝网制品有限公司,http://www.11467.com/hengshui/co/39052.htm
安平县聚光丝网制造有限公司,http://www.11467.com/hengshui/co/40520.htm
安平县昌亚丝网制品有限公司,http://www.11467.com/hengshui/co/42054.htm
安平县经纬金属网制品有限公司,http://www.11467.com/hengshui/co/24728.htm
安平官达五金有限公司,http://www.11467.com/hengshui/co/25037.htm
河北省安平县盛隆鑫丝网有限公司（销售部）,http://www.11467.com/hengshui/co/24844.htm
安平县慧荣金属丝网制品有限公司,http://www.11467.com/hengshui/co/35730.htm
安平县鼎威丝网制造有限公司,http://www.11467.com/hengshui/co/38529.htm
安平县古宏丝网制品有限公司,http://www.11467.com/hengshui/co/37857.htm
安平县康恒丝网制品有限公司,http://www.11467.com/hengshui/co/40495.htm
河北安平华尔特五金有限公司,http://www.11467.com/hengshui/co/25082.htm
安平县龙亿网业制品有限公司销售部,http://www.11467.com/hengshui/co/25119.htm
安平县天互丝网制品有限公司,http://www.11467.com/hengshui/co/35035.htm
安平县春盛五金网业有限公司,http://www.11467.com/hengshui/co/18606.htm
河北金宸金属丝网制品有限公司,http://www.11467.com/hengshui/co/32569.htm
德州明珠丝网贸易有限公司,http://www.11467.com/hengshui/co/24931.htm
河北嘉诚金属线材网类制造有限公司,http://www.11467.com/hengshui/co/37231.htm
安平县康新隆五金网类制造有限公司,http://www.11467.com/hengshui/co/28555.htm
安平县吉兴五金网类制品有限公司丝网部,http://www.11467.com/hengshui/co/25129.htm
安平县隆尔升金属丝网制造有限公司,http://www.11467.com/hengshui/co/30899.htm
河北世昌金属丝网制造有限公司,http://www.11467.com/hengshui/co/35854.htm
安平华祥五金网业有限公司(销售部),http://www.11467.com/hengshui/co/24925.htm
河北鑫源边坡防护工程有限公司销售部,http://www.11467.com/hengshui/co/24787.htm
安平县宏丰网业有限公司,http://www.11467.com/hengshui/co/24724.htm
安平县佳盛金属制品有限公司业务部,http://www.11467.com/hengshui/co/24863.htm
安平县惠和五金网业有限公司,http://www.11467.com/hengshui/co/36891.htm
河北康辉丝网贸易有限公司,http://www.11467.com/hengshui/co/25120.htm
河北华远物资有限公司,http://www.11467.com/hengshui/co/24738.htm
安平县隆泰五金网类制品有限公司,http://www.11467.com/hengshui/co/24692.htm
安平运通金属网业有限公司,http://www.11467.com/hengshui/co/24909.htm
安平县博远丝网制品有限公司,http://www.11467.com/hengshui/co/35420.htm
安平县四通金属制品有限公司,http://www.11467.com/hengshui/co/35670.htm
鸿儒贸易有限公司,http://www.11467.com/hengshui/co/25031.htm
金湖县华泰化工有限公司,http://www.11467.com/huaian/co/16100.htm
南通翔盛金属制品有限公司淮安办事处,http://www.11467.com/huaian/co/40189.htm
江苏南通翔盛金属制品有限公司驻淮安办事处,http://www.11467.com/huaian/co/40195.htm
呼和浩特市通呼兴达商贸有限公司,http://www.11467.com/huhehaote/co/28671.htm
嘉兴华宏网业有限公司销售部,http://www.11467.com/jiaxing/co/90334.htm
嘉兴家祥网业有限公司,http://www.11467.com/jiaxing/co/90240.htm
嘉善欧力起重索具有限公司,http://www.11467.com/jiaxing/co/67312.htm
桐乡市慎鑫金属制品有限公司,http://www.11467.com/jiaxing/co/106979.htm
济南超力钢丝绳有限公司,http://www.11467.com/jinan/co/107305.htm
金华市好人商贸公司,http://www.11467.com/jinhua/co/81993.htm
晋中市巨宁金属制品有限公司,http://www.11467.com/jinzhong/co/23039.htm
通豫金属网联营公司,http://www.11467.com/kaifeng/co/16258.htm
国珍茶业公司,http://www.11467.com/kunming/co/118101.htm
昆明华畅网业有限公司,http://www.11467.com/kunming/co/107597.htm
昆明超创筛网有限公司,http://www.11467.com/kunming/co/107595.htm
天伟拉丝织网有限公司-兰州网围拦厂,http://www.11467.com/lanzhou/co/71642.htm
兰州华威金属丝网制造有限责任公司,http://www.11467.com/lanzhou/co/79447.htm
临汾市鹏鑫金属制品有限公司,http://www.11467.com/linfen/co/31965.htm
南京网一金属制品有限公司,http://www.11467.com/nanjing/co/77033.htm
南宁市天锦滤布机电有限公司,http://www.11467.com/nanning/co/48418.htm
南通阿明贸易公司,http://www.11467.com/nantong/co/111313.htm
江苏海勇钢绳有限公司(jiangsu haiyong ste,http://www.11467.com/nantong/co/111244.htm
南通市通阳钢绳有限公司,http://www.11467.com/nantong/co/111237.htm
江苏南通汇鑫钢绳有限公司,http://www.11467.com/nantong/co/111223.htm
江苏南通开发区大华金属制品有限公司,http://www.11467.com/nantong/co/111208.htm
江苏长江钢绳有限公司,http://www.11467.com/nantong/co/111230.htm
南通市光阳钢绳有限公司,http://www.11467.com/nantong/co/111250.htm
南通联通钢丝制品有限公司,http://www.11467.com/nantong/co/111284.htm
南通新昌钢丝制品有限公司,http://www.11467.com/nantong/co/4658.htm
南通欧凯钢绳有限公司,http://www.11467.com/nantong/co/111287.htm
江苏良友钢绳有限公司,http://www.11467.com/nantong/co/111348.htm
江苏南通海勇钢绳有限公司,http://www.11467.com/nantong/co/111221.htm
南通盛龙金属制品有限公司,http://www.11467.com/nantong/co/111183.htm
南通力立金属制品有限公司,http://www.11467.com/nantong/co/111381.htm
江苏欺君制品有限公司,http://www.11467.com/nantong/co/111219.htm
南通广盛金属制品有限公司-营销部,http://www.11467.com/nantong/co/111369.htm
江苏巨力钢绳有限公司经销部,http://www.11467.com/nantong/co/111388.htm
江苏南通开发区力立金属制品有限公司,http://www.11467.com/nantong/co/111354.htm
南通杰宏金属制品有限公司,http://www.11467.com/nantong/co/137643.htm
南通卡特尔金属制品有限公司,http://www.11467.com/nantong/co/111303.htm
四川内江矿筛网有限公司,http://www.11467.com/neijiang/co/18812.htm
宁波江东超御金属制品有限公司,http://www.11467.com/ningbo/co/136145.htm
宁波市天宇钣金模具实业有限公司,http://www.11467.com/ningbo/co/135710.htm
宁波市集昌工贸有限公司,http://www.11467.com/ningbo/co/135374.htm
宁波森雨工贸有限公司,http://www.11467.com/ningbo/co/135953.htm
临沂普瑞缇包装有限公司,http://www.11467.com/linyi/co/72210.htm
浙江丽泰金属有限公司,http://www.11467.com/lishui/co/25838.htm
马鞍山市欧信金属丝网贸易有限公司,http://www.11467.com/maanshan/co/26803.htm
马鞍山市朝辉金属丝网有限公司,http://www.11467.com/maanshan/co/23407.htm
南昌兄弟筛网有限公司,http://www.11467.com/nanchang/co/98028.htm
安平享诚筛网有限公司,http://www.11467.com/nanchang/co/97813.htm
江苏省张家港市宏发筛网公司,http://www.11467.com/nanjing/co/106555.htm
中信五金机械有限公司,http://www.11467.com/ningbo/co/134808.htm
宁波市海曙甬力不锈钢有限公司,http://www.11467.com/ningbo/co/135676.htm
安平县富源金属网业有限公司,http://www.11467.com/pingdingshan/co/19814.htm
平顶山市和平煤炭物资有限公司,http://www.11467.com/pingdingshan/co/19835.htm
河南省富平筛网制品有限公司,http://www.11467.com/pingdingshan/co/19864.htm
福建装饰公司,http://www.11467.com/putian/co/33719.htm
河南恒太废旧金属回收有限公司,http://www.11467.com/puyang/co/21150.htm
青岛安德鲁丝网有限公司,http://www.11467.com/qingdao/co/116965.htm
青岛诚群筛网织造有限公司,http://www.11467.com/qingdao/co/116974.htm
宏瑞机电设备有限公司,http://www.11467.com/rizhao/co/15852.htm
日照俊通国际贸易有限公司,http://www.11467.com/rizhao/co/15728.htm
