山东富伦钢铁有限公司,http://www.11467.com/laiwu/co/4794.htm
泰兴市诚宇合金有限公司,http://www.11467.com/taizhoushi/co/51816.htm
太原市亚琴竞翔贸易有限公司,http://www.11467.com/taiyuan/co/91920.htm
鞍山丰惠连铸机制造有限公司,http://www.11467.com/anshan/co/70609.htm
江门市宇丰金属特铸有限公司,http://www.11467.com/jiangmen/co/93026.htm
南京物特贸易有限公司,http://www.11467.com/nanjing/co/76923.htm
攀枝花市大西南实业有限公司,http://www.11467.com/panzhihua/co/9664.htm
唐山泰和钢铁有限公司,http://www.11467.com/tangshan/co/55323.htm
上海展略物资有限公司,http://www.11467.com/shanghai/co/37837.htm
天津市东达伟业机车车辆有限公司,http://www.11467.com/tianjin/co/16017.htm
天津琨润科技发展有限公司,http://www.11467.com/tianjin/co/86792.htm
上海力营彩钢有限公司,http://www.11467.com/shanghai/co/1067439.htm
漳州市双伟仪表工贸有限公司,http://www.11467.com/zhangzhou/co/38434.htm
淄博振奎粉末冶金有限公司,http://www.11467.com/zibo/co/87988.htm
天津金世宏丰商贸有限公司,http://www.11467.com/tianjin/co/60309.htm
东莞市腾奥金属材料有限公司,http://www.11467.com/dongguan/co/555833.htm
揭阳市大和特殊钢有限公司,http://www.11467.com/jieyang/co/1046.htm
深圳市诺顿金属材料有限公司,http://www.11467.com/shenzhen/co/809678.htm
杭州富阳金胜彩钢有限公司,http://www.11467.com/hangzhou/co/391287.htm
天津市才子钢铁贸易有限公司,http://www.11467.com/tianjin/co/17208.htm
天津冉硕商贸有限公司,http://www.11467.com/tianjin/co/211767.htm
丹东国际经济技术合作有限公司,http://www.11467.com/dandong/co/48096.htm
扬州锡华机电化工有限公司,http://www.11467.com/yangzhou/co/82315.htm
营口宝成不锈钢有限公司,http://www.11467.com/yingkou/co/43530.htm
聊城市坤诚管业有限公司,http://www.11467.com/liuzhou/co/48752.htm
天津迪凯钢铁销售有限公司,http://www.11467.com/tianjin/co/211747.htm
无锡旭日重工机械有限公司,http://www.11467.com/wuxi/co/214979.htm
温州丁一不锈钢有限公司,http://www.11467.com/wenzhou/co/215910.htm
东莞市普腾金属材料有限公司,http://www.11467.com/dongguan/co/413056.htm
沈阳市百强机械制造有限公司,http://www.11467.com/shenyang/co/87127.htm
天津市宝利特钢管有限公司,http://www.11467.com/tianjin/co/196656.htm
山东百事利物资有限公司,http://www.11467.com/liaocheng/co/75344.htm
天津市东联伟业钢铁贸易有限公司,http://www.11467.com/tianjin/co/200368.htm
深圳中源模具钢材有限公司,http://www.11467.com/shenzhen/co/627005.htm
太仓市顺昌锻造有限公司,http://www.11467.com/suzhou/co/97208.htm
太仓市月雄物资有限公司,http://www.11467.com/suzhou/co/356958.htm
临沂翔诚钢铁有限公司,http://www.11467.com/linyi/co/106924.htm
佛山市全良金属制品有限公司,http://www.11467.com/foshan/co/230920.htm
无锡市丰硕钢铁有公司,http://www.11467.com/wuxi/co/215104.htm
黄石市汇隆特钢有限责任公司,http://www.11467.com/huangshi/co/18072.htm
本溪北营钢铁(集团)股份有限公司,http://www.11467.com/benxi/co/28487.htm
振石集团东方特钢股份有限公司,http://www.11467.com/jiaxing/co/90418.htm
山东九羊集团公司山东富论钢铁有限公司,http://www.11467.com/laiwu/co/9006.htm
莱芜市鸿运工贸有限公司,http://www.11467.com/laiwu/co/8777.htm
唐山德勤贸易有限公司,http://www.11467.com/tangshan/co/60821.htm
无锡欧龙特种钢管有限公司,http://www.11467.com/wuxi/co/210651.htm
云南省楚雄市忠盛有限公司,http://www.11467.com/chuxiong/co/13246.htm
慧宇通(大连)进出口贸易有限公司,http://www.11467.com/dalian/co/61988.htm
大同市同盛冶商贸有限责任公司,http://www.11467.com/datong/co/15601.htm
内蒙古自治区二连浩特四达物质贸易有限公司,http://www.11467.com/erlianhaote/co/861.htm
谭氏代理有限公司,http://www.11467.com/fangchenggang/co/6672.htm
广西贵港市郁江炼钢有限公司,http://www.11467.com/guigang/co/6869.htm
淮安方圆锻造有限公司,http://www.11467.com/huaian/co/40176.htm
华宁钢铁炉料公司,http://www.11467.com/huanggang/co/16258.htm
黄石成大金属科贸有限责任公司,http://www.11467.com/huangshi/co/18068.htm
黄石市金视野信息产业分公司,http://www.11467.com/huangshi/co/18213.htm
山西新泰钢铁有限公司,http://www.11467.com/jinzhong/co/23040.htm
莱芜市玉鑫经贸有限公司,http://www.11467.com/laiwu/co/9048.htm
恒丰金属有限公司,http://www.11467.com/laiwu/co/9014.htm
莱芜市宇飞工贸有限公司,http://www.11467.com/laiwu/co/9027.htm
莱芜市庆华伟业经贸有限公司,http://www.11467.com/laiwu/co/8856.htm
莱芜市瑞昌物资有限公司,http://www.11467.com/laiwu/co/8854.htm
莱芜钢铁集团公司炼钢厂,http://www.11467.com/laiwu/co/8900.htm
莱芜市荣顺达经贸有限公司,http://www.11467.com/laiwu/co/8995.htm
山东莱芜金雷风电科技股份有限公司,http://www.11467.com/laiwu/co/5747.htm
乐人贸易有限公司,http://www.11467.com/laiwu/co/9000.htm
莱芜市金瑞源经贸有限公司,http://www.11467.com/laiwu/co/9036.htm
莱芜金利达金属材料有限公司,http://www.11467.com/laiwu/co/8990.htm
莱芜市汇升经贸有限公司,http://www.11467.com/laiwu/co/8878.htm
莱芜市希宏经贸有限公司,http://www.11467.com/laiwu/co/8958.htm
山东万隆废钢配送有限公司,http://www.11467.com/laiwu/co/8896.htm
莱芜市鑫海物资有限公司,http://www.11467.com/laiwu/co/8961.htm
山东天保工贸有限公司,http://www.11467.com/liaocheng/co/50182.htm
辽宁兴宇型钢制造有限公司,http://www.11467.com/liaoyang/co/23746.htm
太星钢铁有限公司,http://www.11467.com/liaoyang/co/23451.htm
遂昌县鑫洋物贸有限公司,http://www.11467.com/linfen/co/32790.htm
龙成西峡集团有限公司,http://www.11467.com/linfen/co/32731.htm
临汾市隆顺焦铁有限公司,http://www.11467.com/linfen/co/32748.htm
新朗能贸易有限公司,http://www.11467.com/liuzhou/co/43874.htm
马钢利民金属加工有限责任公司,http://www.11467.com/maanshan/co/20994.htm
攀枝花市华欣贸易公司,http://www.11467.com/panzhihua/co/16768.htm
四川攀枝花迪道型钢制造有限公司,http://www.11467.com/panzhihua/co/16618.htm
云南曲靖双友钢铁有限公司,http://www.11467.com/qujing/co/18693.htm
沧州三鑫特钢有限公司,http://www.11467.com/shijiazhuang/co/103196.htm
唐山市丰南区鑫荣工贸有限公司,http://www.11467.com/tangshan/co/61886.htm
温州久越钢业有限公司,http://www.11467.com/wenzhou/co/166595.htm
芜湖万金冷拉钢铁有限公司,http://www.11467.com/wuhu/co/24776.htm
无锡市五埠钢铁有限公司,http://www.11467.com/wuxi/co/210643.htm
广西梧州市新盈特钢有限责任公司,http://www.11467.com/wuzhou/co/17418.htm
陕西创源不锈钢有限公司,http://www.11467.com/xian/co/95647.htm
云南乾鸿工贸有限公司,http://www.11467.com/yuxi/co/16461.htm
汇溪钢铁公司,http://www.11467.com/yuxi/co/16459.htm
安阳市利达铁路器材有限责任公司,http://www.11467.com/anyang/co/7084.htm
凤宝特钢集团(林州中矿型材有限公司),http://www.11467.com/anyang/co/36416.htm
安阳市平原工务器材有限责任公司(豫北地区),http://www.11467.com/anyang/co/36506.htm
包头市神润高新材料股份有限公司,http://www.11467.com/baotou/co/27072.htm
长治市兴华铸钢有限公司,http://www.11467.com/changzhi/co/27189.htm
承德建龙钢铁水泥有限责任公司,http://www.11467.com/chengde/co/7592.htm
大连北龙铸造有限责任公司,http://www.11467.com/dalian/co/66023.htm
大连三霖集团有限公司,http://www.11467.com/dalian/co/36900.htm
德州德隆（集团）机床有限责任公司,http://www.11467.com/dezhou/co/9264.htm
广东凌华模具钢材有限公司,http://www.11467.com/dongguan/co/496937.htm
佛山市顺德区金圣材料科技有限公司,http://www.11467.com/foshan/co/345514.htm
佛山市彩瑞不锈钢有限公司,http://www.11467.com/foshan/co/340212.htm
金辉銘不锈钢有限公司,http://www.11467.com/foshan/co/342075.htm
佛山市申宝不锈钢有限公司,http://www.11467.com/foshan/co/331525.htm
贵阳特殊钢有限责任公司,http://www.11467.com/guiyang/co/5266.htm
河北文丰钢铁有限公司,http://www.11467.com/handan/co/35497.htm
武安市裕华钢铁有限公司,http://www.11467.com/handan/co/69057.htm
浙江中达实业集团有限公司,http://www.11467.com/hangzhou/co/204052.htm
合肥中旺钢管有限公司,http://www.11467.com/hefei/co/131968.htm
合肥鑫奥钢管有限公司,http://www.11467.com/hefei/co/132868.htm
安平县天隆不锈钢制品有限公司,http://www.11467.com/hengshui/co/8610.htm
江苏西楚实业有限公司,http://www.11467.com/huaian/co/22007.htm
浙江松盛金属制品有限公司,http://www.11467.com/huzhou/co/45475.htm
江门市福金泽金属制品有限公司,http://www.11467.com/jiangmen/co/82383.htm
章丘市齐鑫工贸有限公司,http://www.11467.com/jinan/co/138360.htm
山东新纪元重工有限公司,http://www.11467.com/jinan/co/135502.htm
云南德邦行实业有限公司,http://www.11467.com/kunming/co/118050.htm
莱芜龙鑫泰瑞经贸有限公司,http://www.11467.com/laiwu/co/14578.htm
山东泰捷信物流集团有限公司,http://www.11467.com/laiwu/co/7360.htm
莱芜市双伟经贸有限公司,http://www.11467.com/laiwu/co/7480.htm
莱芜市昌宏商贸有限公司,http://www.11467.com/laiwu/co/7455.htm
临清市中远精铸有限责任公司,http://www.11467.com/liaocheng/co/22386.htm
聊城市吴泰钢管有限公司,http://www.11467.com/liaocheng/co/44511.htm
山东宝兴佳钢管制造有限公司,http://www.11467.com/liaocheng/co/49962.htm
聊城精裕钢管制造有限公司,http://www.11467.com/liaocheng/co/49793.htm
山东光明工模具制造有限公司,http://www.11467.com/liaocheng/co/49795.htm
聊城市广源钢材有限公司,http://www.11467.com/liaocheng/co/50409.htm
山东凯腾钢管有限公司,http://www.11467.com/liaocheng/co/49601.htm
山东恒安伟业钢管有限公司,http://www.11467.com/liaocheng/co/50410.htm
山东聊城腾通钢管有限公司,http://www.11467.com/liaocheng/co/44527.htm
聊城卓恒物资有限公司,http://www.11467.com/liaocheng/co/49600.htm
临汾志强钢铁有限公司,http://www.11467.com/linfen/co/2909.htm
沈阳炀森不锈钢产业有限公司,http://www.11467.com/shenyang/co/61729.htm
唐山市宏忠钢铁有限公司,http://www.11467.com/tangshan/co/53683.htm
河南信阳钢铁公司,http://www.11467.com/xinyang/co/20056.htm
上海春冶钢铁有限公司,http://www.11467.com/shanghai/co/327832.htm
上海金昌不锈钢集团(制造)有限公司,http://www.11467.com/shanghai/co/1049895.htm
天津荣程联合钢铁集团有限公司,http://www.11467.com/tianjin/co/114632.htm
重庆华祥特殊钢有限公司,http://www.11467.com/chongqing/co/127261.htm
天津巴赫钢铁贸易有限公司,http://www.11467.com/tianjin/co/303972.htm
亚锋铸业有限公司,http://www.11467.com/anshan/co/74247.htm
鞍山展鹏经贸有限公司,http://www.11467.com/anshan/co/43701.htm
金玉龙物资有限责任公司,http://www.11467.com/anyang/co/31411.htm
兴泰有限责任公司,http://www.11467.com/anyang/co/30525.htm
安阳华诚钢铁有限责任公司,http://www.11467.com/anyang/co/28002.htm
高碑店市亿源新型建材有限公司,http://www.11467.com/baoding/co/46197.htm
包头市润通经贸有限责任公司,http://www.11467.com/baotou/co/25709.htm
包头市力丰炉料有限责任公司,http://www.11467.com/baotou/co/27172.htm
包头市福钢铸造有限公司,http://www.11467.com/baotou/co/27098.htm
内蒙古安庆矿业冶金有限责任公司,http://www.11467.com/baotou/co/27018.htm
安徽省蚌埠市旭日五金公司,http://www.11467.com/bengbu/co/29466.htm
本溪五羊有限公司,http://www.11467.com/benxi/co/30063.htm
山东传洋集团有限公司,http://www.11467.com/binzhou/co/23302.htm
临沂江鑫钢铁有限公司,http://www.11467.com/linyi/co/9951.htm
江西方大长力汽车零部件有限公司,http://www.11467.com/nanchang/co/100461.htm
图们市圣峰商贸有限公司,http://www.11467.com/shenyang/co/76633.htm
石家庄鲲鹏五金丝网有限公司销售部,http://www.11467.com/shijiazhuang/co/102625.htm
山西美锦钢铁有限公司,http://www.11467.com/taiyuan/co/32838.htm
河北唐银钢铁有限公司,http://www.11467.com/tangshan/co/60881.htm
利源商贸有限公司,http://www.11467.com/tangshan/co/61804.htm
唐山贝氏体钢铁（集团）顺兴钢铁有限公司,http://www.11467.com/tangshan/co/61332.htm
温州亚大特钢有限公司,http://www.11467.com/wenzhou/co/166396.htm
武汉市乾达贸易有限责任公司,http://www.11467.com/wuhan/co/48100.htm
武汉神龙物业公司,http://www.11467.com/wuhan/co/108018.htm
锦通铸锻有限公司,http://www.11467.com/wuxi/co/209602.htm
无锡宝山钢铁贸易有限公司,http://www.11467.com/wuxi/co/140529.htm
无锡泰之成金属材料有限公司,http://www.11467.com/wuxi/co/246281.htm
无锡天润世纪钢铁有限公司,http://www.11467.com/wuxi/co/242989.htm
无锡鑫岛金属材料有限公司,http://www.11467.com/wuxi/co/210118.htm
无锡天龙锻造橡胶有限公司,http://www.11467.com/wuxi/co/55043.htm
河南亿通铸钢有限公司,http://www.11467.com/xinxiang/co/32049.htm
安钢集团信阳钢铁有限责任公司,http://www.11467.com/xinyang/co/2415.htm
泰州市通海物资有限公司,http://www.11467.com/yangzhou/co/43209.htm
西峡县天宇冶金保护材料有限公司,http://www.11467.com/zhengzhou/co/96742.htm
淄博张钢钢铁有限公司,http://www.11467.com/zibo/co/88420.htm
上海蕾强工贸有限公司,http://www.11467.com/shanghai/co/51762.htm
天津国能投资有限公司,http://www.11467.com/tianjin/co/90409.htm
天津荣信泓钢铁贸易有限公司,http://www.11467.com/tianjin/co/76695.htm
天津源茂祥钢铁贸易有限公司,http://www.11467.com/tianjin/co/201839.htm
中国化工供销华北公司,http://www.11467.com/tianjin/co/303745.htm
中储发展股份有限公司经销分公司,http://www.11467.com/tianjin/co/304056.htm
福建省鑫海电机有限公司,http://www.11467.com/ningde/co/39400.htm
天津市福来亚钢铁有限公司,http://www.11467.com/tianjin/co/307132.htm
山东慧融钢铁有限公司,http://www.11467.com/binzhou/co/34874.htm
河北东良机械零部件有限公司,http://www.11467.com/cangzhou/co/63685.htm
河北鸿鑫达钢管有限公司,http://www.11467.com/cangzhou/co/59671.htm
河北华锋钢铁有限公司,http://www.11467.com/cangzhou/co/39837.htm
河北沧州冀新钢铁有限公司,http://www.11467.com/cangzhou/co/60763.htm
长沙晶源电子科技有限责任公司,http://www.11467.com/changsha/co/99316.htm
长治市长宁进出口有限公司,http://www.11467.com/changzhi/co/27145.htm
常州龙祥钢铁有限公司,http://www.11467.com/changzhou/co/11248.htm
常州市新华机械有限公司,http://www.11467.com/changzhou/co/86156.htm
常州拓瑞金属材料有限公司,http://www.11467.com/changzhou/co/123226.htm
常州泰旭金属材料有限公司,http://www.11467.com/changzhou/co/123121.htm
常州市万丰燃料有限公司,http://www.11467.com/changzhou/co/82614.htm
大冶市生隆特钢有限公司,http://www.11467.com/changzhou/co/122639.htm
成都铁公鸡电子商务有限公司,http://www.11467.com/chengdu/co/132678.htm
四川高纯微铝硅业有限公司,http://www.11467.com/chengdu/co/132641.htm
西联钢铁有限公司,http://www.11467.com/chengdu/co/132944.htm
大连惠通贸易有限公司经销部,http://www.11467.com/dalian/co/36911.htm
大连北元公贸有限公司,http://www.11467.com/dalian/co/61644.htm
德阳三溢商贸有限公司,http://www.11467.com/deyang/co/30616.htm
东莞市铂锑豪模具金属有限公司,http://www.11467.com/dongguan/co/483208.htm
东莞佳美特钢材有限公司,http://www.11467.com/dongguan/co/384574.htm
东莞市美腾模具钢材有限公司,http://www.11467.com/dongguan/co/494807.htm
东莞市泽特五金模具钢材有限公司,http://www.11467.com/dongguan/co/66209.htm
东莞市华义模坯模具有限公司,http://www.11467.com/dongguan/co/384824.htm
名利金属制品有限公司,http://www.11467.com/dongguan/co/380814.htm
广东艺衡金属制品有限公司,http://www.11467.com/dongguan/co/381098.htm
洪新模具钢材公司,http://www.11467.com/dongguan/co/379896.htm
佛山市顺德区创信贸易有限公司,http://www.11467.com/foshan/co/284439.htm
佛山市鸿观贸易有限公司,http://www.11467.com/foshan/co/116266.htm
天津中远汇通有限公司,http://www.11467.com/foshan/co/284377.htm
佛山市南海卡本碳石墨有限公司,http://www.11467.com/foshan/co/228656.htm
抚顺市为化贸易有限责任公司,http://www.11467.com/fushun/co/25823.htm
福建汇闽贸易有限公司,http://www.11467.com/fuzhou/co/157959.htm
福州泰易贸易有限公司,http://www.11467.com/fuzhou/co/67029.htm
广州市捷研贸易有限公司,http://www.11467.com/guangzhou/co/320824.htm
贵阳奥新特商贸有限公司,http://www.11467.com/guiyang/co/57358.htm
立业钢管有限公司,http://www.11467.com/handan/co/53869.htm
邯郸市海联工贸有限公司,http://www.11467.com/handan/co/51869.htm
邯郸市东都物资有限公司,http://www.11467.com/handan/co/53888.htm
邯郸市同烨物资有限公司,http://www.11467.com/handan/co/58865.htm
邯郸市鸣凤物资有限公司,http://www.11467.com/handan/co/53683.htm
邯郸市蓝发物资有限公司,http://www.11467.com/handan/co/53626.htm
方略经贸有限公司,http://www.11467.com/handan/co/53860.htm
河北博业贸易有限公司,http://www.11467.com/handan/co/53567.htm
邯郸矿业集团鹏泰钢铁有限公司,http://www.11467.com/handan/co/53722.htm
邯郸市兴信重型机械铸锻件销售有限公司,http://www.11467.com/handan/co/69481.htm
通世物资有限公司,http://www.11467.com/handan/co/53846.htm
邯郸县金丰物资有限公司,http://www.11467.com/handan/co/40733.htm
杭州环洲物资有限公司,http://www.11467.com/hangzhou/co/116547.htm
杭州顺通铸锻有限公司,http://www.11467.com/hangzhou/co/297794.htm
杭州伟宏机械铸锻有限公司,http://www.11467.com/hangzhou/co/131389.htm
浙江新世纪再生资源开发有限公司,http://www.11467.com/hangzhou/co/42634.htm
浙江省通博信息服务有限公司,http://www.11467.com/hangzhou/co/296548.htm
中国五矿集团浙江国际贸易有限公司,http://www.11467.com/hangzhou/co/297427.htm
恒昌特殊钢制品(杭州)有限公司,http://www.11467.com/hangzhou/co/372449.htm
上海翔空实业有限公司杭州分公司,http://www.11467.com/hangzhou/co/237718.htm
合肥德辉锻造有限公司,http://www.11467.com/hefei/co/100713.htm
中钢集团安徽有限公司,http://www.11467.com/hefei/co/82301.htm
安徽新索奇商贸有限公司,http://www.11467.com/hefei/co/100691.htm
内蒙古呼和浩特市昆林商贸有限责任公司,http://www.11467.com/huhehaote/co/33905.htm
湖州银环不锈钢有限公司,http://www.11467.com/huzhou/co/65591.htm
湖州高林不锈钢管制造有限公司,http://www.11467.com/huzhou/co/46778.htm
TMT美国环球有限公司,http://www.11467.com/jiangmen/co/100079.htm
江门市华津金属制品有限公司　业务部,http://www.11467.com/jiangmen/co/95204.htm
嘉兴迈拓贸易有限公司,http://www.11467.com/jiaxing/co/85589.htm
浙江东菱股份有限公司业务七部,http://www.11467.com/jiaxing/co/90335.htm
揭阳光大不锈钢实业有限公司,http://www.11467.com/jieyang/co/22997.htm
集安市鸿缔进出口贸易有限公司,http://www.11467.com/jilinshi/co/88773.htm
济南东方铸钢有限公司,http://www.11467.com/jinan/co/107605.htm
济南东方结晶器有限公司国际销售部,http://www.11467.com/jinan/co/107372.htm
济南红兴盛优钢有限公司,http://www.11467.com/jinan/co/107386.htm
朋鑫锻造公司,http://www.11467.com/jinan/co/107794.htm
江阴市南方不锈钢管有限公司驻山东办事处,http://www.11467.com/jinan/co/107864.htm
济南诚信经贸有限公司,http://www.11467.com/jinan/co/107130.htm
济南新百发不锈钢材料有限公司市场部济南分部,http://www.11467.com/jinan/co/107337.htm
江西蒋氏实业有限公司,http://www.11467.com/jingdezhen/co/13666.htm
泰国曼谷长丰隆钢铁有限公司驻昆办事处,http://www.11467.com/kunming/co/118362.htm
山东九羊工贸有限公司,http://www.11467.com/laiwu/co/14682.htm
莱芜市益成物资有限公司,http://www.11467.com/laiwu/co/8436.htm
莱芜市盛鸿工贸有限公司,http://www.11467.com/laiwu/co/14596.htm
莱钢炼钢厂附属企业公司轧钢厂,http://www.11467.com/laiwu/co/3370.htm
莱芜乐人贸易有限公司,http://www.11467.com/laiwu/co/14597.htm
河北省霸州市志兴金属制品有限公司,http://www.11467.com/langfang/co/47843.htm
河北省霸州市金尚亿金属制品有限公司,http://www.11467.com/langfang/co/47402.htm
聊城开发区金发管材有限公司,http://www.11467.com/liaocheng/co/35843.htm
聊城市军盛钢管制造有限公司,http://www.11467.com/liaocheng/co/45033.htm
济南长江钢管有限公司销售部,http://www.11467.com/liaocheng/co/37037.htm
聊城陆洋顺丰商贸有限公司,http://www.11467.com/liaocheng/co/36451.htm
聊城市鑫一金属材料有限公司,http://www.11467.com/liaocheng/co/49602.htm
聊城开发区晨发钢管有限公司,http://www.11467.com/liaocheng/co/9837.htm
茌平县明珠钢管有限公司,http://www.11467.com/liaocheng/co/36479.htm
山东浩宇钢铁有限公司,http://www.11467.com/liaocheng/co/37368.htm
聊城天宇物资有限公司,http://www.11467.com/liaocheng/co/23615.htm
山东聊城市鑫博钢管有限公司,http://www.11467.com/liaocheng/co/50121.htm
山东远博钢管有限公司,http://www.11467.com/liaocheng/co/50527.htm
临汾市建华钢铁实业有限公司,http://www.11467.com/linfen/co/28330.htm
诚信铸造有限公司,http://www.11467.com/linyi/co/72244.htm
临沂久源橡胶有限公司,http://www.11467.com/linyi/co/72201.htm
日照联邦贸易有限公司,http://www.11467.com/linyi/co/43843.htm
浙江海盛金环机械有限公司,http://www.11467.com/lishui/co/28723.htm
浙江省东风工具有限公司,http://www.11467.com/lishui/co/35452.htm
丽水奇钢不锈钢有限公司,http://www.11467.com/lishui/co/26864.htm
娄底市湘锐工贸有限公司,http://www.11467.com/loudi/co/16064.htm
洛阳市伊保钢水净化材料有限公司,http://www.11467.com/luoyang/co/35820.htm
洛阳陈氏特钢商贸有限公司,http://www.11467.com/luoyang/co/46092.htm
马鞍山市锦龙金属材料有限公司,http://www.11467.com/maanshan/co/27902.htm
马鞍山市晓宇金属材料有限公司,http://www.11467.com/maanshan/co/5360.htm
马鞍山市中荣金属贸易有限责任公司,http://www.11467.com/maanshan/co/22923.htm
江西兴达农资有限公司,http://www.11467.com/nanchang/co/98046.htm
南昌江铃集团铸锻有限责任公司,http://www.11467.com/nanchang/co/86914.htm
南京金拾力商贸有限责任公司,http://www.11467.com/nanjing/co/55127.htm
南京隆坤国际贸易有限公司,http://www.11467.com/nanjing/co/106570.htm
南京美景贸易有限公司,http://www.11467.com/nanjing/co/106273.htm
上海中冶宝钢冶金有限公司,http://www.11467.com/nanjing/co/106267.htm
南京翔金物资有限公司,http://www.11467.com/nanjing/co/106076.htm
南钢集团冶山矿业有限公司,http://www.11467.com/nanjing/co/105831.htm
南京溧水华鑫工贸有限公司,http://www.11467.com/nanjing/co/156287.htm
南宁市沃沣矿业有限公司,http://www.11467.com/nanning/co/75927.htm
南阳市新特铸钢有限公司,http://www.11467.com/nanyang/co/33259.htm
舞钢市贝斯特钢铁有限公司,http://www.11467.com/pingdingshan/co/23666.htm
萍乡市顺前贸易有限公司,http://www.11467.com/pingxiang/co/8635.htm
福建国新阀门铸业有限公司,http://www.11467.com/putian/co/29389.htm
成琦贸易公司,http://www.11467.com/qingdao/co/116729.htm
山东凯利达钢铁有限公司,http://www.11467.com/qingdao/co/154514.htm
青岛铁盟国际贸易有限公司,http://www.11467.com/qingdao/co/51536.htm
青岛信莱伟业经贸有限公司,http://www.11467.com/qingdao/co/50973.htm
青岛兰奥森国际贸易有限公司,http://www.11467.com/qingdao/co/116880.htm
英德市宏博工贸实业有限公司,http://www.11467.com/qingyuan/co/26175.htm
青山不锈钢有限公司,http://www.11467.com/qingyuan/co/23038.htm
英德市新英东金属制品有限责任公司,http://www.11467.com/qingyuan/co/28784.htm
日照联邦贸易有限公司,http://www.11467.com/rizhao/co/15794.htm
日照盛海物流有限公司,http://www.11467.com/rizhao/co/1967.htm
汕头市龙广模胚钢材有限公司,http://www.11467.com/shantou/co/128118.htm
征天特钢铸锻有限公司,http://www.11467.com/shaoxing/co/82878.htm
沈阳镇德兴钢材经销有限公司,http://www.11467.com/shenyang/co/76697.htm
沈阳大林工贸有限公司,http://www.11467.com/shenyang/co/51282.htm
沈阳德邦不锈钢产业有限公司,http://www.11467.com/shenyang/co/79480.htm
沈阳信辉五矿有限公司,http://www.11467.com/shenyang/co/76744.htm
广东省深圳冶金工业公司,http://www.11467.com/shenzhen/co/690273.htm
深圳市华青盛业有限公司,http://www.11467.com/shenzhen/co/794701.htm
深圳市永旭金属制品有限公司,http://www.11467.com/shenzhen/co/135659.htm
深圳中原模具有限公司,http://www.11467.com/shenzhen/co/487787.htm
深圳亿昌模具钢材有限公司（销售部）,http://www.11467.com/shenzhen/co/686187.htm
石家庄环城钢铁有限公司,http://www.11467.com/shijiazhuang/co/102895.htm
随州市齐鸣铸业有限公司,http://www.11467.com/suizhou/co/8161.htm
苏州超钢物资有限公司,http://www.11467.com/suzhou/co/221206.htm
苏州政记物资有限公司,http://www.11467.com/suzhou/co/298465.htm
太仓科博尔精密铸业有限公司,http://www.11467.com/suzhou/co/172819.htm
山西宝佳钢铁工贸有限公司,http://www.11467.com/taiyuan/co/80291.htm
太原市共同物资发展有限公司,http://www.11467.com/taiyuan/co/64403.htm
山西应县钢铁公司,http://www.11467.com/taiyuan/co/103702.htm
应县下原平钢铁有限公司,http://www.11467.com/taiyuan/co/103670.htm
山西祎达特钢有限公司,http://www.11467.com/taiyuan/co/104127.htm
江苏长阳金属材料市场有限公司,http://www.11467.com/taizhoushi/co/49477.htm
江苏创易金属制品有限公司,http://www.11467.com/taizhoushi/co/48901.htm
泰州市凯威不锈钢制品有限公司,http://www.11467.com/taizhoushi/co/45824.htm
江苏浦泰不锈钢有限公司,http://www.11467.com/taizhoushi/co/24692.htm
天柱钢铁公司,http://www.11467.com/tangshan/co/61630.htm
天力钢铁公司,http://www.11467.com/tangshan/co/61251.htm
天津钰复丰商贸有限公司,http://www.11467.com/tangshan/co/76007.htm
唐山市丰南区强盛商贸有限公司,http://www.11467.com/tangshan/co/60902.htm
河北省唐山市丰润区广利源商贸有限公司,http://www.11467.com/tangshan/co/75961.htm
唐山中泽兴邦实业有限公司,http://www.11467.com/tangshan/co/60715.htm
唐山卓成商贸有限公司,http://www.11467.com/tangshan/co/75795.htm
河北唐山国丰钢铁有限公司,http://www.11467.com/tangshan/co/56411.htm
唐山瑞丰钢铁(集团)金友钢铁有限公司,http://www.11467.com/tangshan/co/61499.htm
唐山市盛宏钢铁贸易有限公司,http://www.11467.com/tangshan/co/55400.htm
唐山恒运商贸公司,http://www.11467.com/tangshan/co/61287.htm
唐山市兆鸿物资有限公司,http://www.11467.com/tangshan/co/55343.htm
唐山万山商贸有限公司,http://www.11467.com/tangshan/co/58406.htm
唐山金恒商贸有限公司,http://www.11467.com/tangshan/co/61129.htm
唐山市有限责任公司,http://www.11467.com/tangshan/co/61272.htm
唐山市丰润区华之隆商贸有限公司,http://www.11467.com/tangshan/co/58396.htm
唐山市汉沽区钢铁有限公司,http://www.11467.com/tangshan/co/61215.htm
唐山坤航物资有限公司,http://www.11467.com/tangshan/co/61502.htm
唐山恒运商贸有限公司,http://www.11467.com/tangshan/co/61050.htm
每乐国际营销策划有限公司,http://www.11467.com/tangshan/co/61834.htm
唐山宝磊钢铁有限公司,http://www.11467.com/tangshan/co/61200.htm
唐山市丰南区恒丰金属材料有限公司,http://www.11467.com/tangshan/co/17366.htm
唐山保强钢铁有限公司,http://www.11467.com/tangshan/co/61120.htm
张家口万隆钢铁有限公司,http://www.11467.com/tangshan/co/58266.htm
河北德龙现代特种管件制造有限公司,http://www.11467.com/tangshan/co/61046.htm
唐山市佳裕金属制品有限公司,http://www.11467.com/tangshan/co/70084.htm
唐山兆宇特钢有限公司,http://www.11467.com/tangshan/co/54472.htm
唐山市福丰钢铁有限公司,http://www.11467.com/tangshan/co/61092.htm
唐山市福明钢铁有限公司,http://www.11467.com/tangshan/co/61196.htm
唐山市清泉公司,http://www.11467.com/tangshan/co/60953.htm
集安市皇家国际贸易有限公司,http://www.11467.com/tonghua/co/32177.htm
山东润和管业有限公司,http://www.11467.com/weifang/co/120132.htm
温州多多不锈钢有限公司,http://www.11467.com/wenzhou/co/166341.htm
温州市诚欣钢管制造有限公司,http://www.11467.com/wenzhou/co/166426.htm
温州巨鑫不锈钢贸易有限公司,http://www.11467.com/wenzhou/co/165904.htm
浙江泰钢不锈钢有限公司,http://www.11467.com/wenzhou/co/222769.htm
温州正业特钢有限公司,http://www.11467.com/wenzhou/co/148169.htm
温州中昌钢管有限公司,http://www.11467.com/wenzhou/co/23430.htm
浙江聚钢控股有限公司（销售部）,http://www.11467.com/wenzhou/co/165861.htm
湖北省葛店开发区德雅贸易有限公司,http://www.11467.com/wuhan/co/107921.htm
上海楚迈实业有限公司,http://www.11467.com/wuhan/co/57278.htm
中国铁路物资公司,http://www.11467.com/wuhan/co/107914.htm
武汉市圣明工贸有限责任公司,http://www.11467.com/wuhan/co/108993.htm
武汉顺乐公司,http://www.11467.com/wuhan/co/108718.htm
武汉亚典广贸发展有限公司,http://www.11467.com/wuhan/co/108941.htm
武汉市昌明物资有限公司,http://www.11467.com/wuhan/co/40054.htm
武汉三泰贸易公司,http://www.11467.com/wuhan/co/109039.htm
芜湖新兴铸管有限责任公司销售部,http://www.11467.com/wuhu/co/24668.htm
无锡市安达成贸易有限公司,http://www.11467.com/wuxi/co/209527.htm
江苏名洋能源实业有限公司,http://www.11467.com/wuxi/co/245040.htm
无锡市福尔达金属材料有限公司,http://www.11467.com/wuxi/co/210193.htm
江苏省芙蓉模具材料科技有限公司,http://www.11467.com/wuxi/co/244638.htm
无锡杰铭金属材料有限公司,http://www.11467.com/wuxi/co/241552.htm
江阴弘协物资有限公司,http://www.11467.com/wuxi/co/245041.htm
无锡市王辰不锈钢有限公司,http://www.11467.com/wuxi/co/178548.htm
无锡五埠钢铁有限公司,http://www.11467.com/wuxi/co/245418.htm
陕西帝豪钢管制造有限公司,http://www.11467.com/xian/co/46778.htm
陕西中兴源贸易有限公司,http://www.11467.com/xian/co/88184.htm
湖南吉首新锐工贸有限公司,http://www.11467.com/xianxi/co/9404.htm
湖南吉首新锐工贸有限公司,http://www.11467.com/xianxi/co/9404.htm
江西新良特殊钢有限责任公司,http://www.11467.com/xinyu/co/7688.htm
新余新良特殊钢有限公司,http://www.11467.com/xinyu/co/7693.htm
山西省忻州市瑞丰特钢有限公司,http://www.11467.com/xinzhou/co/17218.htm
徐州市益鸣金属制品有限公司,http://www.11467.com/xuzhou/co/61390.htm
徐州市恒昌铸轧实业有限公司,http://www.11467.com/xuzhou/co/41322.htm
泰州市金杰特钢制品有限公司,http://www.11467.com/yangzhou/co/42885.htm
扬州斯迪尔商贸有限公司,http://www.11467.com/yangzhou/co/80000.htm
烟台金澄精密线材有限公司,http://www.11467.com/yantai/co/131572.htm
罗旭明的公司,http://www.11467.com/yiyang/co/19439.htm
永州市零陵闽峰冶化有限公司,http://www.11467.com/yongzhou/co/16279.htm
新绛县高义钢铁有限公司,http://www.11467.com/yuncheng/co/30782.htm
山东文力机械制造有限公司,http://www.11467.com/zaozhuang/co/29662.htm
张家口昶顺商贸有限公司,http://www.11467.com/zhangjiakou/co/25948.htm
泉州思科特合金有限公司,http://www.11467.com/zhangzhou/co/47850.htm
河南济源钢铁（集团）有限公司郑州分公司,http://www.11467.com/zhengzhou/co/81883.htm
莱芜钢铁集团郑州经贸有限公司,http://www.11467.com/zhengzhou/co/179524.htm
河南融盛汇商贸有限公司,http://www.11467.com/zhengzhou/co/175446.htm
郑州中宏集团有限公司,http://www.11467.com/zhengzhou/co/140956.htm
镇江光大铸钢有限公司,http://www.11467.com/zhenjiang/co/11726.htm
大连三霖集团有限公司,http://www.11467.com/zhongshan/co/118060.htm
山东泉立不锈钢有限公司,http://www.11467.com/zibo/co/80271.htm
淄博宏达钢铁公司,http://www.11467.com/zibo/co/88060.htm
淄博齐铭物资有限公司,http://www.11467.com/zibo/co/47315.htm
淄博宏达钢铁有限公司,http://www.11467.com/zibo/co/88877.htm
淄博市广晋物资有限公司,http://www.11467.com/zibo/co/63882.htm
淄博文蕾商贸有限公司,http://www.11467.com/zibo/co/77250.htm
淄博广通达机械公司,http://www.11467.com/zibo/co/88410.htm
淄博锡泽物资有限公司,http://www.11467.com/zibo/co/80140.htm
北京伯亨世纪科技有限责任公司,http://www.11467.com/beijing/co/565047.htm
北京美林天和房地产开发有限责任公司,http://www.11467.com/beijing/co/517924.htm
华博海贸易公司,http://www.11467.com/beijing/co/674813.htm
北京首钢新钢有限责任公司,http://www.11467.com/beijing/co/560775.htm
首钢特钢公司供销处,http://www.11467.com/beijing/co/565106.htm
世华资源有限公司,http://www.11467.com/beijing/co/434374.htm
渤冶科联（北京）工程技术有限公司,http://www.11467.com/beijing/co/674785.htm
中国矿产有限责任公司,http://www.11467.com/beijing/co/697439.htm
永特实业有限公司北京办事处,http://www.11467.com/beijing/co/137475.htm
上海创程金属材料有限公司,http://www.11467.com/shanghai/co/1051248.htm
上海宝立实业有限公司,http://www.11467.com/shanghai/co/1053680.htm
金沙钢铁公司华东销售处,http://www.11467.com/shanghai/co/50931.htm
上海海博鑫惠国际贸易有限公司,http://www.11467.com/shanghai/co/639007.htm
上海舜丰实业有限公司,http://www.11467.com/shanghai/co/978134.htm
上海延润实业有限公司,http://www.11467.com/shanghai/co/534835.htm
上海皖林贸易有限公司,http://www.11467.com/shanghai/co/1049896.htm
上海昊钰软件技术有限公司,http://www.11467.com/shanghai/co/746178.htm
天津郎达国际贸易有限公司,http://www.11467.com/tianjin/co/190365.htm
天津三鑫合商贸有限公司,http://www.11467.com/tianjin/co/26942.htm
盛鑫物资经营公司,http://www.11467.com/tianjin/co/146453.htm
天津市群鑫钢铁有限公司,http://www.11467.com/tianjin/co/198384.htm
天津市鸿佳顺钢材贸易有限公司,http://www.11467.com/tianjin/co/38191.htm
天津渤海润德钢铁集团有限公司,http://www.11467.com/tianjin/co/92285.htm
天津进益矿产品贸易有限公司,http://www.11467.com/tianjin/co/62704.htm
天津张亮有限公司,http://www.11467.com/tianjin/co/155896.htm
天津志鑫恒昌钢铁销售有限公司,http://www.11467.com/tianjin/co/198386.htm
重庆景博物业公司,http://www.11467.com/chongqing/co/195420.htm
天津鼎诺钢铁贸易有限公司,http://www.11467.com/tianjin/co/300642.htm
天津市钢驿钢管销售有限公司,http://www.11467.com/tianjin/co/303728.htm
江苏瑞升合金科技有限公司,http://www.11467.com/taizhoushi/co/54427.htm
天津千荣钢管公司,http://www.11467.com/tianjin/co/303837.htm
天津市艾菲亚进出口贸易有限公司,http://www.11467.com/tianjin/co/303841.htm
天津铁岛金属制品有限公司,http://www.11467.com/tianjin/co/303958.htm
天津市荣胜达模具钢材有限公司,http://www.11467.com/tianjin/co/303967.htm
天津建城金属材料销售有限公司,http://www.11467.com/tianjin/co/303970.htm
天津宝铁机电贸易有限公司,http://www.11467.com/tianjin/co/303971.htm
天津同轩建材销售有限公司,http://www.11467.com/tianjin/co/303974.htm
天津正润钢材销售有限公司,http://www.11467.com/tianjin/co/303975.htm
兴化市万华金属材料有限公司,http://www.11467.com/taizhoushi/co/54605.htm
东燊（天津）国际贸易有限公司,http://www.11467.com/tianjin/co/303976.htm
天津龙翔大唐铝钢销售有限公司,http://www.11467.com/tianjin/co/303978.htm
天津建发物资有限公司,http://www.11467.com/tianjin/co/306023.htm
天津市鑫圆伟润商贸有限公司,http://www.11467.com/tianjin/co/307133.htm
上海大雁钢铁（天津鑫焱钢管销售有限公司）天津分公司,http://www.11467.com/tianjin/co/307134.htm
天津中戈商贸有限公司,http://www.11467.com/tianjin/co/307135.htm
天津崇利商贸有限公司,http://www.11467.com/tianjin/co/307137.htm
天津鑫丰钢材销售有限公司,http://www.11467.com/tianjin/co/307138.htm
天津市瀚祥国际贸易有限公司,http://www.11467.com/tianjin/co/307139.htm
天津湘钢销售有限公司,http://www.11467.com/tianjin/co/309957.htm
天津市仁旺顺商贸有限公司,http://www.11467.com/tianjin/co/309958.htm
天津豪楠钢铁贸易有限公司,http://www.11467.com/tianjin/co/309959.htm
天津荣盛金属销售有限公司,http://www.11467.com/tianjin/co/309960.htm
天津市翰祥国际贸易有限公司,http://www.11467.com/tianjin/co/309961.htm
天津宏速货运代理有限公司,http://www.11467.com/tianjin/co/309962.htm
天津轧一国际贸易有限公司,http://www.11467.com/tianjin/co/309963.htm
天津鑫三宏金属制品有限公司,http://www.11467.com/tianjin/co/309964.htm
沧州市鑫航友联管道有限公司,http://www.11467.com/cangzhou/co/90756.htm
内蒙古秦巴矿业公司,http://www.11467.com/ankang/co/13381.htm
海城辽南钢铁有限公司,http://www.11467.com/anshan/co/78646.htm
鞍山市圣霖进出口贸易有限公司,http://www.11467.com/anshan/co/63527.htm
鞍山市盈溢贸易有限公司贸易部,http://www.11467.com/anshan/co/74145.htm
鞍山新三和供销有限公司,http://www.11467.com/anshan/co/74303.htm
河南省安阳县鑫顺合金经贸有限公司,http://www.11467.com/anyang/co/31294.htm
包头市太昌稀土合金机械有限责任公司,http://www.11467.com/baotou/co/27036.htm
内蒙古包头市辰鑫大宇物资回收有限责任公司,http://www.11467.com/baotou/co/27102.htm
本溪市国际贸易公司,http://www.11467.com/benxi/co/30050.htm
长治市长宁钢铁有限公司,http://www.11467.com/changzhi/co/27149.htm
江苏常州市阳光铸造有限公司,http://www.11467.com/changzhou/co/122388.htm
常州星宇钢铁有限公司,http://www.11467.com/changzhou/co/26447.htm
常州市快德汽车服务有限公司,http://www.11467.com/changzhou/co/122451.htm
成都市双流恒生锻造有限公司,http://www.11467.com/chengdu/co/133080.htm
大连激光计算机技术有限公司,http://www.11467.com/dalian/co/73491.htm
大连东展集团有限公司国际贸易公司,http://www.11467.com/dalian/co/61262.htm
辽东晓燕贸易公司,http://www.11467.com/dandong/co/48170.htm
东莞三星钢铁加工有限公司,http://www.11467.com/dongguan/co/384800.htm
湖北省鄂州市鸿泰钢铁公司,http://www.11467.com/ezhou/co/12199.htm
佛山市朝全模具钢材有限公司,http://www.11467.com/foshan/co/349500.htm
佛山市顺德区三欣贸易有限公司,http://www.11467.com/foshan/co/284352.htm
佛山市金圣材料科技有限公司,http://www.11467.com/foshan/co/285469.htm
佛山市旺友不锈钢有限公司,http://www.11467.com/foshan/co/287676.htm
佛山市顺德区乐从镇高宝贸易有限公司,http://www.11467.com/foshan/co/284704.htm
佛山市鹏发金属材料有限公司,http://www.11467.com/foshan/co/324854.htm
宇生不锈钢公司,http://www.11467.com/foshan/co/284144.htm
上海大阜金属材料有限公司佛山办事处,http://www.11467.com/foshan/co/284818.htm
乐从三欣贸易有限公司,http://www.11467.com/foshan/co/286250.htm
亚德科技有限公司,http://www.11467.com/fuzhou/co/158083.htm
广州冀能电气设备有限公司,http://www.11467.com/guangzhou/co/27177.htm
广州市金罡贸易有限公司,http://www.11467.com/guangzhou/co/400370.htm
香港羚顺有限公司,http://www.11467.com/guangzhou/co/400494.htm
广州兴攀金属加工有限公司,http://www.11467.com/guangzhou/co/309917.htm
萊尔实业公司,http://www.11467.com/guangzhou/co/400567.htm
萊尔实业公司,http://www.11467.com/guangzhou/co/400566.htm
河北省邯郸市和盛源物资有限公司,http://www.11467.com/handan/co/53726.htm
邯郸市子正广告有限公司,http://www.11467.com/handan/co/6316.htm
河北邯郸市特钢有限公司,http://www.11467.com/handan/co/53561.htm
邯郸通世物资有限公司,http://www.11467.com/handan/co/53862.htm
邯郸顺义钢铁有限公司,http://www.11467.com/handan/co/53837.htm
河北丽都物资有限公司,http://www.11467.com/handan/co/53554.htm
河北省邯郸市兆丰铸业有限公司,http://www.11467.com/handan/co/53827.htm
福星钢构有限公司,http://www.11467.com/hangzhou/co/297120.htm
杭州宝联金属材料有限公司,http://www.11467.com/hangzhou/co/173639.htm
浙江金港湾商贸有限公司,http://www.11467.com/hangzhou/co/199439.htm
杭州汇鑫金属制品有限公司(销售部),http://www.11467.com/hangzhou/co/297067.htm
浙江北天鹅物资有限公司,http://www.11467.com/hangzhou/co/296377.htm
合肥市成龙钢铁有限公司,http://www.11467.com/hefei/co/36343.htm
衡水鑫丰铸钢有限公司,http://www.11467.com/hengshui/co/35742.htm
湖州新耀华不锈钢管有限公司抛光分厂,http://www.11467.com/huzhou/co/53773.htm
湖州高鸿不锈钢管有限公司国际贸易部,http://www.11467.com/huzhou/co/53747.htm
江门市宏丰不锈钢有限公司,http://www.11467.com/jiangmen/co/86817.htm
江门市福金泽金属制品有限公司(销售部）,http://www.11467.com/jiangmen/co/100073.htm
济源予兴特殊钢材销售有限公司,http://www.11467.com/jiaozuo/co/19176.htm
浙江上物金属有限公司,http://www.11467.com/jiaxing/co/128516.htm
三元商贸物资有限公司,http://www.11467.com/jinan/co/107965.htm
济南钢铁集团有限公司,http://www.11467.com/jinan/co/107715.htm
济南中百吉实业有限公司市场部,http://www.11467.com/jinan/co/107936.htm
莱芜钢铁集团经贸有限公司国际贸易分公司,http://www.11467.com/jinan/co/107096.htm
济南钢铁集团有限公司,http://www.11467.com/jinan/co/107714.htm
山东鲁银国际贸易有限公司,http://www.11467.com/jinan/co/107606.htm
山东金广合金钢有限公司,http://www.11467.com/jining/co/73672.htm
昆明铁路局进出口公司,http://www.11467.com/kunming/co/11594.htm
五矿钢铁成都有限公司昆明分公司,http://www.11467.com/kunming/co/121764.htm
莱芜鲁信物资有限公司,http://www.11467.com/laiwu/co/14579.htm
山东莱芜大新金属制品有限公司,http://www.11467.com/laiwu/co/6941.htm
莱芜市宏才润达经贸有限公司,http://www.11467.com/laiwu/co/9820.htm
莱芜市金山物资有限公司,http://www.11467.com/laiwu/co/8603.htm
莱芜市亿顺经贸有限公司,http://www.11467.com/laiwu/co/8707.htm
莱芜市瑞喜工贸有限公司,http://www.11467.com/laiwu/co/6374.htm
洸远金属制品有限公司,http://www.11467.com/langfang/co/34540.htm
连云港瑞昱有限公司,http://www.11467.com/lianyungang/co/43850.htm
连云港加美建机实业有限公司,http://www.11467.com/lianyungang/co/31754.htm
连云港立恒国际贸易有限公司,http://www.11467.com/lianyungang/co/31779.htm
太原荣程钢铁贸易有限公司,http://www.11467.com/liaocheng/co/49960.htm
聊城市百利物资有限公司,http://www.11467.com/liaocheng/co/30916.htm
聊城远洋钢管制造公司,http://www.11467.com/liaocheng/co/49796.htm
山东聊城海华管业有限公司,http://www.11467.com/liaocheng/co/47319.htm
聊城润华管业有限公司,http://www.11467.com/liaocheng/co/49963.htm
鑫特冶金轴承有限公司,http://www.11467.com/liaocheng/co/36439.htm
聊城济元金属物资有限公司,http://www.11467.com/liaocheng/co/50263.htm
临沂市又安商贸有限公司,http://www.11467.com/linyi/co/78039.htm
临沂鹏飞钢材有限公司,http://www.11467.com/linyi/co/72408.htm
浙江华鸣不锈钢有限公司销售部,http://www.11467.com/lishui/co/25829.htm
浙江宏硕特钢铸造有限公司供应部,http://www.11467.com/lishui/co/25832.htm
浙江宏硕特钢铸造有限公司销售部,http://www.11467.com/lishui/co/25781.htm
浙江省松阳青山不锈钢有限公司,http://www.11467.com/lishui/co/35562.htm
马鞍山市长天物资贸易有限公司,http://www.11467.com/maanshan/co/15306.htm
南京宝诚铁路配件有限公司,http://www.11467.com/nanjing/co/105474.htm
江苏苏美达国际技术贸易有限公司金属矿产部,http://www.11467.com/nanjing/co/106241.htm
南京万洲金属材料有限公司,http://www.11467.com/nanjing/co/106066.htm
南通银汉特钢有限公司,http://www.11467.com/nantong/co/138242.htm
宁波豪昌金属物资有限公司,http://www.11467.com/ningbo/co/135352.htm
宁波济马钢铁销售有限公司,http://www.11467.com/ningbo/co/197613.htm
攀枝花市东和工贸有限责任公司,http://www.11467.com/panzhihua/co/9778.htm
舞钢市金环物资有限公司,http://www.11467.com/pingdingshan/co/23900.htm
莆田市佳春机械铸钢有限公司,http://www.11467.com/putian/co/9772.htm
东亚资源集团有限公司,http://www.11467.com/qingdao/co/116958.htm
秦皇岛信义通工贸有限公司,http://www.11467.com/qinhuangdao/co/35838.htm
山东华信工贸有限公司（国际贸易部）,http://www.11467.com/rizhao/co/15820.htm
山东中信国际物流有限公司,http://www.11467.com/rizhao/co/12338.htm
深圳市恒胜模具钢材有限公司,http://www.11467.com/shenzhen/co/492619.htm
深圳市深衡管物资有限公司,http://www.11467.com/shenzhen/co/573566.htm
深圳市大树投资开发有限公司,http://www.11467.com/shenzhen/co/643153.htm
深圳天福实业有限公司,http://www.11467.com/shenzhen/co/689477.htm
深圳市东鑫工贸发展有限公司,http://www.11467.com/shenzhen/co/587194.htm
深圳英博陶瓷技术有限公司,http://www.11467.com/shenzhen/co/808049.htm
河北省石家庄市鹿泉钢铁集团公司,http://www.11467.com/shijiazhuang/co/142004.htm
石家庄恒瑞得商贸有限公司,http://www.11467.com/shijiazhuang/co/102342.htm
武安市宁乐物资有限公司,http://www.11467.com/shijiazhuang/co/148706.htm
苏州市振兴冷拉异钢有限公司销售,http://www.11467.com/suzhou/co/262202.htm
苏州市冷拉异钢有限公司,http://www.11467.com/suzhou/co/262203.htm
苏州中大精密模具钢材有限公司,http://www.11467.com/suzhou/co/239470.htm
张家港保税区金伟祺国际贸易有限公司,http://www.11467.com/suzhou/co/319781.htm
泰安昊鑫顺钢铁贸易有限公司,http://www.11467.com/taian/co/39940.htm
泰安市高宏再生资源有限公司,http://www.11467.com/taian/co/54499.htm
山西管家营法兰锻造有限公司,http://www.11467.com/taiyuan/co/97338.htm
山西精诚贸易有限公司,http://www.11467.com/taiyuan/co/85151.htm
太原市钢琦金属材料有限公司 经理部,http://www.11467.com/taiyuan/co/104047.htm
山西鑫海丰实业有限公司,http://www.11467.com/taiyuan/co/47867.htm
天龙钢铁股份有限公司,http://www.11467.com/taiyuan/co/104190.htm
太原市通远威贸易有限公司,http://www.11467.com/taiyuan/co/56526.htm
江苏牛势进出口有限公司,http://www.11467.com/taizhoushi/co/51057.htm
唐山市申达(兴拓)商贸有限公司,http://www.11467.com/tangshan/co/75905.htm
玉田县泰达特钢销售有限公司,http://www.11467.com/tangshan/co/64466.htm
唐山天柱钢铁集团有限公司,http://www.11467.com/tangshan/co/61412.htm
唐山市百川商贸有限公司,http://www.11467.com/tangshan/co/61425.htm
唐山钢铁信息公司,http://www.11467.com/tangshan/co/76037.htm
唐山汇众鑫宇商贸公司,http://www.11467.com/tangshan/co/76009.htm
唐山市天赐商贸有限公司,http://www.11467.com/tangshan/co/60906.htm
唐山市全会商贸有限公司,http://www.11467.com/tangshan/co/65803.htm
唐山志金科贸公司,http://www.11467.com/tangshan/co/61224.htm
唐山市兴东贸易有限公司,http://www.11467.com/tangshan/co/75359.htm
河北浩东国际贸易有限公司,http://www.11467.com/tangshan/co/61771.htm
国丰钢铁有限公司,http://www.11467.com/tangshan/co/61741.htm
山东农机公司,http://www.11467.com/weifang/co/90539.htm
南华钢管制造有限公司,http://www.11467.com/wenzhou/co/165744.htm
伯纳斯锻造有限公司,http://www.11467.com/wenzhou/co/165924.htm
温州市汇宝钢业有限公司,http://www.11467.com/wenzhou/co/165957.htm
温州华正有限钢管有限公司,http://www.11467.com/wenzhou/co/166400.htm
浙江和盛钢业有限公司,http://www.11467.com/wenzhou/co/166183.htm
浙江丰业集团有限公司，销售部,http://www.11467.com/wenzhou/co/166041.htm
湖北迅邦钢铁有限公司,http://www.11467.com/wuhan/co/88368.htm
韩国大宇公司武汉办事处,http://www.11467.com/wuhan/co/108471.htm
武汉中油物资装备贸易有限责任公司,http://www.11467.com/wuhan/co/42628.htm
无锡利芝隆商贸有限公司,http://www.11467.com/wuxi/co/209611.htm
无锡锦通铸锻有限公司,http://www.11467.com/wuxi/co/209115.htm
无锡德立业经贸有限公司,http://www.11467.com/wuxi/co/183583.htm
无锡江旋金属物资有限公司,http://www.11467.com/wuxi/co/245048.htm
无锡市丰尚商贸有限公司,http://www.11467.com/wuxi/co/210174.htm
无锡远华贸易有限公司,http://www.11467.com/wuxi/co/210489.htm
无锡市鲁杰特钢有限公司,http://www.11467.com/wuxi/co/239950.htm
无锡市焱祥贸易有限公司,http://www.11467.com/wuxi/co/157498.htm
厦门建益精密铸造有限公司拓展部,http://www.11467.com/xiamen/co/77519.htm
厦门国贸集团股份有限公司金属二部,http://www.11467.com/xiamen/co/77368.htm
陕西金蕾工贸有限公司,http://www.11467.com/xian/co/87928.htm
武钢襄樊长材公司,http://www.11467.com/xiangfan/co/40079.htm
武汉重冶重型机械制造有限公司,http://www.11467.com/xiangfan/co/40057.htm
武汉重冶重型机械制造有限公司,http://www.11467.com/xiangfan/co/40059.htm
武汉重冶重型机械制造有限公司,http://www.11467.com/xiangfan/co/40058.htm
湘潭惠升物资有限公司,http://www.11467.com/xiangtan/co/28524.htm
上海宝冶建设湘纲检修分公司,http://www.11467.com/xiangtan/co/26064.htm
邢台市江河商贸有限责任公司,http://www.11467.com/xintai/co/33714.htm
江西省新余市新良特钢有限公司,http://www.11467.com/xinyu/co/7592.htm
广德华强矿产销售有限公司,http://www.11467.com/xuancheng/co/28227.htm
延边重德经贸有限责任公司,http://www.11467.com/yanbian/co/39050.htm
东台新亚特铸造有限公司,http://www.11467.com/yancheng/co/78744.htm
兴化市大永中频设备有限公司,http://www.11467.com/yangzhou/co/56947.htm
银华铸件有限公司,http://www.11467.com/yinchuan/co/41827.htm
营口天顺祥贸易有限公司,http://www.11467.com/yingkou/co/46533.htm
河南省坤鹏物资有限公司,http://www.11467.com/zhengzhou/co/173121.htm
河南瑞大科技实业有限公司,http://www.11467.com/zhengzhou/co/140211.htm
郑州鑫达柴油机配件有限公司,http://www.11467.com/zhengzhou/co/57625.htm
安阳市富强屋子有限责任公司,http://www.11467.com/zhengzhou/co/140264.htm
郑州华西耐火新材料工程有限公司,http://www.11467.com/zhengzhou/co/140477.htm
少波机械电气制造公司,http://www.11467.com/zhengzhou/co/95880.htm
郑州远一贸易有限公司,http://www.11467.com/zhengzhou/co/54740.htm
郑州丰立钢铁有限公司,http://www.11467.com/zhengzhou/co/182756.htm
粤浴丰钢铁公司,http://www.11467.com/zhuhai/co/86690.htm
淄博市福康机械铸钢有限公司,http://www.11467.com/zibo/co/74447.htm
淄博华业不锈钢有限公司,http://www.11467.com/zibo/co/12116.htm
淄博鸿磊物资有限公司,http://www.11467.com/zibo/co/88664.htm
淄博华盛钢管有限公司,http://www.11467.com/zibo/co/12118.htm
齐林傅山钢铁有限公司,http://www.11467.com/zibo/co/88365.htm
北京欧立华科技发展有限公司工程部,http://www.11467.com/beijing/co/136689.htm
北京美林天和房地产开发有限公司,http://www.11467.com/beijing/co/517911.htm
北京聚鑫洲商贸有限公司,http://www.11467.com/beijing/co/137193.htm
山东鲁能物矿开发有限公司,http://www.11467.com/beijing/co/180804.htm
承德德隆矿业有限公司出口部,http://www.11467.com/beijing/co/327076.htm
上海北辰合金钢有限公司,http://www.11467.com/shanghai/co/378660.htm
上海承源实业(集团)有限公司,http://www.11467.com/shanghai/co/1052529.htm
上海日昌升物资有限公司-中山北一路,http://www.11467.com/shanghai/co/978011.htm
上海普密实业有限公司,http://www.11467.com/shanghai/co/1052528.htm
英国高联国际贸易有限公司上海代表处,http://www.11467.com/shanghai/co/1053679.htm
艾瑞特金属制品有限公司,http://www.11467.com/tianjin/co/146437.htm
天津鞍社鑫钢铁矿产品销售有限公司,http://www.11467.com/tianjin/co/92055.htm
天津津丰钢铁贸易有限公司,http://www.11467.com/tianjin/co/92122.htm
天津明鸿特钢销售有限公司,http://www.11467.com/tianjin/co/198385.htm
天津市凯新商贸有限公司,http://www.11467.com/tianjin/co/109376.htm
天津市泉润通达铜业有限公司,http://www.11467.com/tianjin/co/110242.htm
天津大亚秀成钢材有限公司,http://www.11467.com/tianjin/co/199384.htm
天津市静海县东欣工贸有限公司,http://www.11467.com/tianjin/co/107838.htm
天津市万顺达钢铁有限公司,http://www.11467.com/tianjin/co/154254.htm
纵贯线贸易有限公司,http://www.11467.com/tianjin/co/198942.htm
中国五矿钢铁集团天津分公司,http://www.11467.com/tianjin/co/92139.htm
天津市乾坤钢铁有限公司,http://www.11467.com/tianjin/co/155893.htm
天津中贸通国际贸易有限公司,http://www.11467.com/tianjin/co/76647.htm
天津市三圣源商贸有限公司,http://www.11467.com/tianjin/co/109232.htm
