徐州市菱锐金刚石工具有限公司,http://www.11467.com/xuzhou/co/54973.htm
常州市超达工具有限公司,http://www.11467.com/changzhou/co/111672.htm
上海力孚汀工具有限公司海盐分公司,http://www.11467.com/jiaxing/co/84947.htm
阳江市合盈美容工具制品有限公司,http://www.11467.com/yangjiang/co/16640.htm
阳江市百赢五金塑料制品有限公司,http://www.11467.com/yangjiang/co/12429.htm
常州康威工具有限公司,http://www.11467.com/changzhou/co/105206.htm
徐州两易金刚石制品有限公司,http://www.11467.com/xuzhou/co/54976.htm
嘉兴市新嘉工具有限公司,http://www.11467.com/jiaxing/co/83896.htm
南京淮江机电设备有限公司,http://www.11467.com/nanjing/co/34258.htm
东莞市宝锐五金科技有限公司,http://www.11467.com/dongguan/co/556051.htm
江阴市煌锐金刚石工具有限公司,http://www.11467.com/wuxi/co/243831.htm
汕头市东信五金机械有限公司,http://www.11467.com/shantou/co/128063.htm
东莞市启成五金工具有限公司,http://www.11467.com/dongguan/co/556145.htm
无锡市高峰超硬工具有限公司,http://www.11467.com/wuxi/co/177827.htm
睢宁俊杰金刚石工具有限公司,http://www.11467.com/xuzhou/co/80607.htm
武汉广汉机电工具有限公司,http://www.11467.com/wuhan/co/105984.htm
东莞市旭起五金有限公司,http://www.11467.com/dongguan/co/303594.htm
南京北鑫机电科技有限公司,http://www.11467.com/nanjing/co/153455.htm
常州华舜五金工具有限公司,http://www.11467.com/changzhou/co/18589.htm
淮安市精锐工具有限公司,http://www.11467.com/huaian/co/26215.htm
临沂煌钢商贸有限公司,http://www.11467.com/linyi/co/85950.htm
无锡市苏锋工具有限公司,http://www.11467.com/wuxi/co/215163.htm
河北全工钢锉产销有限公司,http://www.11467.com/xintai/co/27460.htm
邢台三民工具有限公司,http://www.11467.com/xintai/co/39232.htm
河北京申商贸有限公司,http://www.11467.com/baoding/co/58222.htm
宝鸡鸿桥机械电子工业有限公司,http://www.11467.com/baoji/co/25687.htm
达昌机械装备制造有限公司,http://www.11467.com/cangzhou/co/58169.htm
达富尔有限公司,http://www.11467.com/changsha/co/119087.htm
技有限公司,http://www.11467.com/changzhou/co/148292.htm
常州市江城五金工具有限公司,http://www.11467.com/changzhou/co/111538.htm
吉福五金贸易有限公司,http://www.11467.com/dongguan/co/284221.htm
杭州品品机电有限公司,http://www.11467.com/hangzhou/co/336542.htm
大名广告有限公司,http://www.11467.com/nantong/co/137172.htm
秦皇岛鑫美源自控设备有限公司,http://www.11467.com/qinhuangdao/co/35496.htm
沈阳佰缘鑫贸易有限公司,http://www.11467.com/shenyang/co/97864.htm
深圳德默电子有限公司,http://www.11467.com/shenzhen/co/761571.htm
龙岗众舜机械五金有限公司,http://www.11467.com/shenzhen/co/491253.htm
康卓物流公司,http://www.11467.com/shenzhen/co/761569.htm
深圳市铭凯城实业有限公司,http://www.11467.com/shenzhen/co/479057.htm
深圳市欣美利眼镜材料公司,http://www.11467.com/shenzhen/co/772152.htm
新龙模具五金贸易公司,http://www.11467.com/shenzhen/co/784340.htm
石家庄双剑工具有限公司,http://www.11467.com/shijiazhuang/co/63602.htm
苏州昌谷五金制品有限公司,http://www.11467.com/suzhou/co/208639.htm
昆山同聚福模具五金有限公司,http://www.11467.com/suzhou/co/317594.htm
浙江皮休工具有限公司,http://www.11467.com/taizhou/co/137069.htm
江苏三元精细化工有限公司,http://www.11467.com/taizhoushi/co/48575.htm
邢台市天工钢锉有限公司,http://www.11467.com/xintai/co/39278.htm
阳江市三易五金制品有限公司,http://www.11467.com/yangjiang/co/1104.htm
烟台力世工具有限公司,http://www.11467.com/yantai/co/154993.htm
河南鑫瑞汽配公司,http://www.11467.com/zhengzhou/co/174994.htm
株洲通达硬质合金材料有限公司,http://www.11467.com/zhuzhou/co/39443.htm
恒跃钢锉厂有限公司,http://www.11467.com/beijing/co/700206.htm
上海哈特工业设备有限公司,http://www.11467.com/shanghai/co/1040369.htm
天津市通野机械制造有限公司,http://www.11467.com/tianjin/co/14002.htm
飞跃兴五金机电有限责任公司,http://www.11467.com/baotou/co/25250.htm
沧州市志远进出口贸易有限公司（销售业务部）,http://www.11467.com/cangzhou/co/41932.htm
沧州德安防爆特种工具制造有限公司（外贸部）,http://www.11467.com/cangzhou/co/46465.htm
沧州金凤五金工具有限公司,http://www.11467.com/cangzhou/co/59683.htm
长春三木园林工具有限公司,http://www.11467.com/changchun/co/74368.htm
常州远森钢锉有限公司,http://www.11467.com/changzhou/co/111731.htm
常州亿利达车业有限公司,http://www.11467.com/changzhou/co/109887.htm
常州永益工具有限公司,http://www.11467.com/changzhou/co/108351.htm
常州博克工具有限公司,http://www.11467.com/changzhou/co/52225.htm
河北省邢台市春光钢锉有限公司驻常州办事处,http://www.11467.com/changzhou/co/92105.htm
宇慧商业有限公司,http://www.11467.com/changzhou/co/100675.htm
大连电缆密封有限公司,http://www.11467.com/dalian/co/73089.htm
程丰仪表工具科技有限公司,http://www.11467.com/dongguan/co/243837.htm
东莞市超群模具五金配件有限公司,http://www.11467.com/dongguan/co/296626.htm
东莞市丰源雕刻刀具有限公司,http://www.11467.com/dongguan/co/282520.htm
东莞市豪大磨具五金有限公司,http://www.11467.com/dongguan/co/495218.htm
东莞市金诺五金工具有限公司,http://www.11467.com/dongguan/co/223684.htm
东莞市环企网络信息科技有限公司,http://www.11467.com/dongguan/co/500787.htm
惠州市永鑫实业有限公司,http://www.11467.com/dongguan/co/270457.htm
广州天云钻石工具公司,http://www.11467.com/dongguan/co/302592.htm
东莞市东兴五金磨具有限公司,http://www.11467.com/dongguan/co/412494.htm
台湾一品钻石工业股份有限公司业务销售部,http://www.11467.com/dongguan/co/299645.htm
广东鸿誉国际贸易有限公司,http://www.11467.com/foshan/co/248002.htm
福州市欣煜金刚石磨具有限公司,http://www.11467.com/fuzhou/co/145995.htm
广州科锐金刚石工具有限公司,http://www.11467.com/guangzhou/co/269177.htm
广州润鹏(国际)商贸有限公司,http://www.11467.com/guangzhou/co/269633.htm
广州市骏伯人才服务有限公司,http://www.11467.com/guangzhou/co/471073.htm
广州市华溢五金贸易有限公司,http://www.11467.com/guangzhou/co/287537.htm
广州市嘉骅研磨工具有限公司,http://www.11467.com/guangzhou/co/21263.htm
杭州萧山昌宇五金机械有限公司 1,http://www.11467.com/hangzhou/co/261257.htm
利峰五金工具有限公司,http://www.11467.com/hangzhou/co/261056.htm
杭州建德市万青钢锉工具有限公司,http://www.11467.com/hangzhou/co/137419.htm
五金器具公司,http://www.11467.com/hangzhou/co/254461.htm
瑞利鑽石工業有限公司(台灣製造商),http://www.11467.com/hangzhou/co/371010.htm
上海商建五金工具有限公司杭州销售部,http://www.11467.com/hangzhou/co/261306.htm
浙江腾达科技有限公司,http://www.11467.com/hangzhou/co/256642.htm
浙江等他有限公司,http://www.11467.com/hangzhou/co/370441.htm
安徽省肥东县对外贸易有限公司,http://www.11467.com/hefei/co/46669.htm
嘉善银创金刚石工具有限公司,http://www.11467.com/jiaxing/co/123239.htm
嘉善伟悦紧固件有限公司,http://www.11467.com/jiaxing/co/122974.htm
上海明技贸易有限公司山东办事处,http://www.11467.com/jinan/co/134001.htm
宁波惠罗即热式电热水器公司(个体),http://www.11467.com/jinhua/co/124338.htm
云南夏业工贸有限公司,http://www.11467.com/kunming/co/76919.htm
廊坊市祥达机电仪器仪表有限公司销售部,http://www.11467.com/langfang/co/30829.htm
百富勤轴承公司,http://www.11467.com/liaocheng/co/29766.htm
美国奥顿工具国际有限公司,http://www.11467.com/linyi/co/55176.htm
龙岩协锐超硬质材料有限公司,http://www.11467.com/longyan/co/21874.htm
江苏森宝五金工具有限公司,http://www.11467.com/nanjing/co/71992.htm
南京市金鱼工具有限责任公司,http://www.11467.com/nanjing/co/80842.htm
钰钻首饰珠宝有限公司,http://www.11467.com/nanjing/co/84021.htm
上海唐美机电设备有限公司南京办事处,http://www.11467.com/nanjing/co/114731.htm
奥科特国际贸易有限公司,http://www.11467.com/ningbo/co/112525.htm
乐清市晨旭电子有限公司,http://www.11467.com/ningbo/co/192759.htm
秦皇岛市爱昌商贸有限公司,http://www.11467.com/qinhuangdao/co/24582.htm
浙江衢州富润机械制造有限公司,http://www.11467.com/quzhou/co/22325.htm
浙江衢州市富润机械制造有限公司外贸部,http://www.11467.com/quzhou/co/22459.htm
汕头市特普五金工具进出口有限公司,http://www.11467.com/shantou/co/127624.htm
珍宝行珠宝首饰器材有限公司,http://www.11467.com/shenyang/co/65848.htm
华宇行电器有限公司,http://www.11467.com/shenzhen/co/510292.htm
深圳市鸿远图科技有限公司,http://www.11467.com/shenzhen/co/505703.htm
深圳市雅丽特饰品有限公司,http://www.11467.com/shenzhen/co/787288.htm
香港隆昌行五金(深圳)有限公司,http://www.11467.com/shenzhen/co/780791.htm
香港同进公司,http://www.11467.com/shenzhen/co/509831.htm
中国深圳市商业地产策划代理招商代理顾问公司,http://www.11467.com/shenzhen/co/772154.htm
深圳协成商业形象展示有限公司,http://www.11467.com/shenzhen/co/761572.htm
广州明邦化工实业有限公司河北办事处,http://www.11467.com/shijiazhuang/co/90878.htm
石家庄威替工具有限公司,http://www.11467.com/shijiazhuang/co/132000.htm
余姚宏远工具有限公司,http://www.11467.com/shijiazhuang/co/139504.htm
昆山市贝可勒尔商贸有限公司,http://www.11467.com/suzhou/co/316581.htm
苏州昌谷五金制品有限公司销售部,http://www.11467.com/suzhou/co/225195.htm
昆山凯撒工具有限公司(台资),http://www.11467.com/suzhou/co/319283.htm
苏州全鑫特机电设备有限公司,http://www.11467.com/suzhou/co/243435.htm
苏州宏开贸易有限公司,http://www.11467.com/suzhou/co/176296.htm
苏州柯恩斯机电设备有限公司,http://www.11467.com/suzhou/co/318490.htm
江苏宏宝五金股份有限公司,http://www.11467.com/suzhou/co/119001.htm
托璞赛尔钻石制品(苏州)公司,http://www.11467.com/suzhou/co/243636.htm
尤氏实业公司,http://www.11467.com/taizhoushi/co/28851.htm
温州银帆实业公司（营销部）,http://www.11467.com/wenzhou/co/151302.htm
武汉通烨达工业设备有限公司,http://www.11467.com/wuhan/co/141844.htm
江阴市钻豹超硬工具有限公司,http://www.11467.com/wuxi/co/243824.htm
江阴苏南金刚石制品有限公司,http://www.11467.com/wuxi/co/244754.htm
久锋金刚石有限公司销售部,http://www.11467.com/wuxi/co/244306.htm
河北钢锉产销有限公司出口部,http://www.11467.com/wuxi/co/187689.htm
河北全工钢锉产销有限公司出口业务部,http://www.11467.com/wuxi/co/198658.htm
河北全工钢锉产销有限公司外贸部,http://www.11467.com/wuxi/co/193541.htm
奇利(厦门)金刚石制品有限公司,http://www.11467.com/xiamen/co/84869.htm
欧凯特钻石工业股份有限公司,http://www.11467.com/xiamen/co/56085.htm
厦门利工金刚石工具有限公司.,http://www.11467.com/xiamen/co/45795.htm
邢台长虹五金机电有限公司,http://www.11467.com/xintai/co/36119.htm
河北全工钢锉产销有限公司销售部门,http://www.11467.com/xintai/co/32883.htm
南和县王氏工具有限公司,http://www.11467.com/xintai/co/39551.htm
天一商贸有限责任公司采购部,http://www.11467.com/xintai/co/36193.htm
邢台冀工钢锉产销有限公司,http://www.11467.com/xintai/co/39277.htm
三好钢锉产销有限公司,http://www.11467.com/xintai/co/49611.htm
邢台市宏达机械制造有限公司,http://www.11467.com/xintai/co/35729.htm
邢台三民工具有限公司-销售部,http://www.11467.com/xintai/co/39175.htm
南和县锐鑫钢锉有限公司,http://www.11467.com/xintai/co/39550.htm
邢台市盛隆橡胶有限公司,http://www.11467.com/xintai/co/51024.htm
河北省邢台市春光工具有限公司,http://www.11467.com/xintai/co/51028.htm
邢台恒源钢锉有限公司,http://www.11467.com/xintai/co/51025.htm
邢台江北钢锉有限公司,http://www.11467.com/xintai/co/48624.htm
阳江市仙子琪美容工具制品有限公司业务组,http://www.11467.com/yangjiang/co/15665.htm
阳江市伟涛美容有限公司,http://www.11467.com/yangjiang/co/14800.htm
阳江市光华美容美甲工贸有限公司,http://www.11467.com/yangjiang/co/15882.htm
阳江市辉扬刀剪有限公司,http://www.11467.com/yangjiang/co/16714.htm
怡琪工贸有限公司,http://www.11467.com/yangjiang/co/14208.htm
广东省阳江市鑫成美容制品有限公司,http://www.11467.com/yangjiang/co/15810.htm
阳江市百盈日用制品有限公司,http://www.11467.com/yangjiang/co/18234.htm
阳江铭烨经贸有限公司,http://www.11467.com/yangjiang/co/15966.htm
阳江市白金刀工贸有限公司,http://www.11467.com/yangjiang/co/18288.htm
阳江市昌信贸易有限公司,http://www.11467.com/yangjiang/co/2531.htm
阳江瑞丰工贸有限公司,http://www.11467.com/yangjiang/co/15290.htm
阳江好品制品公司,http://www.11467.com/yangjiang/co/15658.htm
龙口金水城园艺工具有限公司,http://www.11467.com/yantai/co/147899.htm
郑州天瞬管道疏通安装维修公司,http://www.11467.com/zhengzhou/co/172244.htm
中山市旭升电子有限公司,http://www.11467.com/zhongshan/co/136670.htm
株洲九洲硬质合金有限公司,http://www.11467.com/zhuzhou/co/34481.htm
株洲万盛硬质合金公司,http://www.11467.com/zhuzhou/co/39444.htm
新华钢锉有限公司,http://www.11467.com/zibo/co/73623.htm
时代亿宝杯科技有限公司,http://www.11467.com/beijing/co/692740.htm
天工钢锉有限公司,http://www.11467.com/beijing/co/312067.htm
金工钢锉有限公司2,http://www.11467.com/beijing/co/250960.htm
上海沪衡衡器有限公司松江分部,http://www.11467.com/shanghai/co/889581.htm
上海市沪工实业有限公司,http://www.11467.com/shanghai/co/1048843.htm
上海申连五金机械有限公司,http://www.11467.com/shanghai/co/1037652.htm
上海沃尔博斯自动化设备有限公司,http://www.11467.com/shanghai/co/1042981.htm
特力上海商贸有限公司,http://www.11467.com/shanghai/co/807187.htm
天津市华昊家园景观工程有限公司,http://www.11467.com/tianjin/co/196358.htm
天津市沪江机电设备有限公司,http://www.11467.com/tianjin/co/143397.htm
重庆双斧钢锉有限公司,http://www.11467.com/chongqing/co/41998.htm
重庆双斧钢锉有限责任公司,http://www.11467.com/chongqing/co/41968.htm
海南省三亚有果建材有限公司,http://www.11467.com/sanya/co/684.htm
天津市昌旺五金工具有限公司,http://www.11467.com/tianjin/co/301007.htm
天津丽顺祥五金有限公司,http://www.11467.com/tianjin/co/301045.htm
攀枝花亚西机电设备有限责任公司天津分公司,http://www.11467.com/tianjin/co/301046.htm
天津恒瑞达金属制品有限公司,http://www.11467.com/tianjin/co/301047.htm
天津国发研磨制品有限公司,http://www.11467.com/tianjin/co/305532.htm
沃施莱格（天津）国际贸易有限公司湖南分公司,http://www.11467.com/tianjin/co/305533.htm
天津市鑫明商贸有限公司,http://www.11467.com/tianjin/co/305534.htm
顺风快替有限公司,http://www.11467.com/baoshan/co/10039.htm
包头市飞跃兴五金机电有限责任公司,http://www.11467.com/baotou/co/25292.htm
滨州宏信福达商务调查有限公司,http://www.11467.com/binzhou/co/34735.htm
天空化妆公司,http://www.11467.com/changsha/co/119472.htm
常州洁灵保洁清洗服务有限公司,http://www.11467.com/changzhou/co/148290.htm
常州宝丽婚纱摄影有限公司,http://www.11467.com/changzhou/co/148291.htm
常州世纪宏信商务调查有限公司,http://www.11467.com/changzhou/co/148769.htm
常州市博克工具有限公司,http://www.11467.com/changzhou/co/148770.htm
大连思锐家教咨询有限公司,http://www.11467.com/chaozhou/co/35106.htm
成都鑫颐科技有限公司,http://www.11467.com/chengdu/co/212232.htm
大连国华五金销售公司,http://www.11467.com/dalian/co/49939.htm
天津防水材料工程有限公司,http://www.11467.com/deyang/co/37408.htm
百利五金工具有限公司,http://www.11467.com/dongguan/co/303560.htm
东莞市东良实业有限公司,http://www.11467.com/dongguan/co/95235.htm
东莞市天德五金模具有限公司,http://www.11467.com/dongguan/co/519617.htm
东莞新德源公司,http://www.11467.com/dongguan/co/510932.htm
台湾一品钻石工业股份有限公司业务部,http://www.11467.com/dongguan/co/271665.htm
永昌模具工具有限公司,http://www.11467.com/dongguan/co/280468.htm
北京贝特鑫宇贸易有限公司,http://www.11467.com/beijing/co/692741.htm
北京东方鹏泰工业装备有限公司,http://www.11467.com/beijing/co/692743.htm
北京华夏服饰股份有限公司,http://www.11467.com/beijing/co/698001.htm
北京咨询有限公司,http://www.11467.com/beijing/co/692742.htm
广州SA食品有限公司,http://www.11467.com/hanzhong/co/23780.htm
拓利达五金电子工具公司,http://www.11467.com/huizhou/co/70733.htm
CAYTEST1安宇公司,http://www.11467.com/jinan/co/137290.htm
济南快捷搬家公司,http://www.11467.com/jinan/co/134003.htm
山东济南五金机械总公司商河总代理希臣五交化总汇,http://www.11467.com/jinan/co/137289.htm
金华市朝阳金刚石有限公司,http://www.11467.com/jinhua/co/123685.htm
永康市航程工贸有限公司,http://www.11467.com/jinhua/co/122206.htm
浙江省永康市宝泰工具有限公司,http://www.11467.com/jinhua/co/123686.htm
济宁世纪宏信商务调查有限公司,http://www.11467.com/jining/co/71980.htm
廊坊市一事通商贸有限公司,http://www.11467.com/langfang/co/31812.htm
廊坊市华北商贸有限公司,http://www.11467.com/langfang/co/25385.htm
廊坊市华北商贸有限责任公司,http://www.11467.com/langfang/co/31851.htm
临沂新龙百货有限公司,http://www.11467.com/linyi/co/95000.htm
山东临沂隆腾机电有限公司,http://www.11467.com/linyi/co/61796.htm
印尼三宝龙阳光贸易有限公司,http://www.11467.com/linyi/co/54413.htm
诚记源标准件有限公司,http://www.11467.com/longyan/co/27223.htm
洛阳新典家教管理咨询有限公司,http://www.11467.com/luoyang/co/59937.htm
南昌洪涛贸易有限公司,http://www.11467.com/nanchang/co/90786.htm
全工钢锉（南充）销售有限公司,http://www.11467.com/nanchong/co/24663.htm
江苏汇鸿国际集团机电有限公司销售部,http://www.11467.com/nanjing/co/83865.htm
南京凯星钢锉有限公司,http://www.11467.com/nanjing/co/72034.htm
南京森宝五金工具有限公司,http://www.11467.com/nanjing/co/83006.htm
南京发展公司,http://www.11467.com/nanjing/co/155222.htm
南京中臣机电有限公司－外厂开发部,http://www.11467.com/nanjing/co/54683.htm
上海奇宝胜工具有限公司,http://www.11467.com/nanjing/co/84129.htm
北京建筑公司有限公司,http://www.11467.com/ningde/co/30342.htm
河南省平顶山市友谊家电有限公司,http://www.11467.com/pingdingshan/co/18158.htm
永华珠宝首饰设备有限公司,http://www.11467.com/putian/co/29571.htm
青岛海洋大路股份公司,http://www.11467.com/qingdao/co/153687.htm
青岛鑫爵建设有限公司,http://www.11467.com/qingdao/co/96581.htm
青岛新世纪商务调有限公司,http://www.11467.com/qingdao/co/153686.htm
青岛鸿泰五金实业有限公司,http://www.11467.com/qingdao/co/152451.htm
天帝泉饮用水有限公司,http://www.11467.com/quanzhou/co/131610.htm
泉州智能科技有限公司,http://www.11467.com/quanzhou/co/130472.htm
力恒动力机械制造有限公司(销售部),http://www.11467.com/quzhou/co/20462.htm
诸暨入迷有限公司,http://www.11467.com/shaoxing/co/119081.htm
洛阳喜洁来保洁清洗有限公司,http://www.11467.com/shaoyang/co/26786.htm
宝怡首饰器材公司,http://www.11467.com/shenzhen/co/512556.htm
隆昌行五金（深圳）有限公司,http://www.11467.com/shenzhen/co/509200.htm
深圳海淦科技有限公司〔销售部〕,http://www.11467.com/shenzhen/co/772153.htm
深圳市恒盛五金有限公司,http://www.11467.com/shenzhen/co/494236.htm
深圳市科力全机电设备有限公司销售部,http://www.11467.com/shenzhen/co/514104.htm
深圳市唐大侠有限公司,http://www.11467.com/shenzhen/co/761570.htm
深圳市鑫浩电子工具有限公司,http://www.11467.com/shenzhen/co/766771.htm
石家庄杰克进出口有限公司,http://www.11467.com/shijiazhuang/co/90690.htm
苏州亿升五金工具有限公司,http://www.11467.com/suzhou/co/271289.htm
诺顿钻石制品有限公司,http://www.11467.com/suzhou/co/243028.htm
昆山市强陆超硬材料制品有限公司,http://www.11467.com/suzhou/co/319339.htm
同创钻石制品有限公司,http://www.11467.com/suzhou/co/239005.htm
张家港市亿嘉进出口贸易有限公司,http://www.11467.com/suzhou/co/132791.htm
上海王剑金钢石工具有限公司,http://www.11467.com/taizhou/co/137570.htm
兴化市高新工具有限公司,http://www.11467.com/taizhoushi/co/50145.htm
温州新世纪国际贸易有限公司 业务部,http://www.11467.com/wenzhou/co/139807.htm
武汉奠基典礼公司,http://www.11467.com/wuhan/co/143950.htm
武汉话筒出租公司,http://www.11467.com/wuhan/co/142460.htm
武汉舞台桁架搭建公司,http://www.11467.com/wuhan/co/143949.htm
武汉红蚂蚁搬家有限公司,http://www.11467.com/wuhan/co/141838.htm
武汉舞美设计与制作公司,http://www.11467.com/wuhan/co/142462.htm
武汉木兰风光会议公司,http://www.11467.com/wuhan/co/143948.htm
武汉活动策划公司,http://www.11467.com/wuhan/co/142463.htm
武汉展览音响出租公司,http://www.11467.com/wuhan/co/142461.htm
武汉菲亚五金工具有限公司,http://www.11467.com/wuhan/co/80586.htm
武汉远立物资有限公司,http://www.11467.com/wuhan/co/74493.htm
无锡齐威机电物资有限公司,http://www.11467.com/wuxi/co/194952.htm
无锡林叶进出口贸易有限公司,http://www.11467.com/wuxi/co/196320.htm
无锡宝丽婚纱摄影有限公司,http://www.11467.com/wuxi/co/244753.htm
无锡市诚工钢锉有限公司,http://www.11467.com/wuxi/co/198793.htm
厦门快捷印章服务公司,http://www.11467.com/xiamen/co/93858.htm
福瑞达公司,http://www.11467.com/xian/co/121320.htm
河北春光钢锉有限公司,http://www.11467.com/xintai/co/50577.htm
东莞市图易电子有限公司,http://www.11467.com/dongguan/co/477692.htm
佛山市顺工五金机电有限公司,http://www.11467.com/foshan/co/331829.htm
嘉兴波图贸易有限公司,http://www.11467.com/hangzhou/co/311099.htm
建德市杭锉工具有限公司,http://www.11467.com/hangzhou/co/139754.htm
浙江迪伽斯娜进出口有限公司,http://www.11467.com/lishui/co/27069.htm
南阳市金工物资有限责任公司,http://www.11467.com/nanyang/co/26687.htm
新昌县兄弟工具有限公司,http://www.11467.com/shaoxing/co/57055.htm
西安新晨五交化有限公司,http://www.11467.com/xian/co/63112.htm
北京中泰佰业科技有限公司,http://www.11467.com/beijing/co/713890.htm
嘉兴洁灵保洁清洗服务有限公司,http://www.11467.com/shanghai/co/1040367.htm
宁波新典家教管理咨询有限公司,http://www.11467.com/shanghai/co/1037651.htm
南昌网捷网站建设技术有限公司,http://www.11467.com/shanghai/co/1037644.htm
上海力大五金公司,http://www.11467.com/shanghai/co/322774.htm
上海能凡化工有限公司,http://www.11467.com/shanghai/co/1040370.htm
大连尚礼礼品有限公司,http://www.11467.com/shanghai/co/1037647.htm
昆明尊尚礼品有限公司,http://www.11467.com/shanghai/co/1037650.htm
上海强生搬家搬场运输有限公司,http://www.11467.com/shanghai/co/1037649.htm
上海远征二手工程机械有限公司,http://www.11467.com/shanghai/co/1047242.htm
上海左旋咖啡减肥技术有限公司,http://www.11467.com/shanghai/co/1037648.htm
天津恒泰五金贸易有限公司,http://www.11467.com/tianjin/co/197915.htm
天津先锋进取五金超市有限公司,http://www.11467.com/tianjin/co/196420.htm
天津文光集团有限公司,http://www.11467.com/tianjin/co/197172.htm
天津市通达志鑫五金贸易有限公司,http://www.11467.com/tianjin/co/205110.htm
海口真爱婚礼服务有限公司,http://www.11467.com/wuzhishan/co/27.htm
上海朋化化工有限公司,http://www.11467.com/chengmai/co/57.htm
泊头市英海环保设备有限公司,http://www.11467.com/qiye/93041904.htm
