湖南通联航空技术有限公司,http://www.11467.com/changsha/co/188293.htm
烟台开发区恒达复合软管有限公司,http://www.11467.com/yantai/co/108863.htm
湖南宝盛无人机销售服务有限公司,http://www.11467.com/changsha/co/209180.htm
深圳市天天飞网络技术有限公司,http://www.11467.com/shenzhen/co/1101823.htm
深圳市蓝意科技有限公司,http://www.11467.com/shenzhen/co/726546.htm
深圳市红叶杰网络营销策划有限公司,http://www.11467.com/shenzhen/co/954505.htm
天天飞网络技术有限公司,http://www.11467.com/shenzhen/co/1102318.htm
湖北蔚蓝飞行文化管理有限公司汉阳分公司,http://www.11467.com/wuhan/co/220223.htm
清远市格赛电子制品有限公司,http://www.11467.com/guangzhou/co/683350.htm
台州市黄岩泰戈特模具有限公司,http://www.11467.com/taizhou/co/105534.htm
深圳市金多祥科技有限公司,http://www.11467.com/shenzhen/co/811165.htm
北京华夏航空服务有限公司,http://www.11467.com/qiye/5983.htm
北京金桥快达快递服务有限公司,http://www.11467.com/qiye/24123.htm
中航联北京国际航空服务有限公司,http://www.11467.com/beijing/co/145496.htm
北京市国遥博诚科技有限公司沈阳办事处,http://www.11467.com/shenyang/co/81181.htm
成都市翔翼航空咨询服务有限公司,http://www.11467.com/chengdu/co/142204.htm
捷程票务代理有限公司,http://www.11467.com/jinan/co/114549.htm
深圳市乐道商旅服务有限公司,http://www.11467.com/shenzhen/co/728608.htm
保定市冀督运输有限公司,http://www.11467.com/baoding/co/57083.htm
浩通国际货运代理有限公司,http://www.11467.com/changsha/co/1598.htm
常州力卓压铸机制造有限公司,http://www.11467.com/changzhou/co/111239.htm
四川航空股份有限公司,http://www.11467.com/chengdu/co/27236.htm
上海金艺材料检测技术有限公司,http://www.11467.com/dingxi/co/8248.htm
东莞市三好五金有限公司,http://www.11467.com/dongguan/co/209344.htm
东莞市华信物流有限公司(国际部）,http://www.11467.com/dongguan/co/317290.htm
锦宏铜铝公司,http://www.11467.com/dongguan/co/312350.htm
佛山市澜石金鹰铝材有限公司,http://www.11467.com/foshan/co/104670.htm
天津纽特机械制造有限公司,http://www.11467.com/foshan/co/243793.htm
广东省机场管理集团公司,http://www.11467.com/guangzhou/co/228407.htm
北京安顺捷国际货运代理有限公司,http://www.11467.com/guangzhou/co/223703.htm
广州穗佳物流有限公司,http://www.11467.com/guangzhou/co/303358.htm
广州布谷鸟国际货运代理有限公司,http://www.11467.com/guangzhou/co/474377.htm
杭州瑞升国际货运代理有限公司,http://www.11467.com/hangzhou/co/240227.htm
武汉航达航空科技发展有限公司,http://www.11467.com/wuhan/co/34362.htm
无锡汉和航空技术有限公司,http://www.11467.com/wuxi/co/174350.htm
西安航空发动机（集团）有限公司,http://www.11467.com/xian/co/71959.htm
定襄县金石锻造有限公司,http://www.11467.com/xinzhou/co/17590.htm
力野精密工业（深圳）有限公司,http://www.11467.com/shenzhen/co/145106.htm
深圳市大疆创新科技有限公司,http://www.11467.com/shenzhen/co/552536.htm
深圳市天天飞航空服务有限公司,http://www.11467.com/shenzhen/co/653242.htm
香港韶龙国际货运代理有限公司,http://www.11467.com/shenzhen/co/783852.htm
北京黄金假日旅行社有限公司,http://www.11467.com/beijing/co/643327.htm
奥凯航空有限公司,http://www.11467.com/tianjin/co/305855.htm
北京猎鹰无人机科技有限公司,http://www.11467.com/qiye/29831324.htm
深圳冠誉运通国际货运代理有限公司,http://www.11467.com/shenzhen/co/808770.htm
腾鑫钛业有限公司 (国际贸易部),http://www.11467.com/baoji/co/25127.htm
北京斯诺堡轴承有限公司,http://www.11467.com/baotou/co/23346.htm
山东滨奥飞机制造有限公司销售部,http://www.11467.com/binzhou/co/19915.htm
吉林省凯翔商务有限公司,http://www.11467.com/changchun/co/61432.htm
常州陈氏凯达车业有限公司,http://www.11467.com/changzhou/co/112844.htm
常州鸿联交通设备有限公司,http://www.11467.com/changzhou/co/114724.htm
广州尼莱思克复合材料制品有限公司,http://www.11467.com/guangzhou/co/223602.htm
广州中远国际航空货运代理有限公司,http://www.11467.com/guangzhou/co/225312.htm
纵横天地电子商旅服务有限公司,http://www.11467.com/guangzhou/co/221412.htm
嘉昊国际物流有限公司,http://www.11467.com/guangzhou/co/228137.htm
哈尔滨飞天复合材料有限公司,http://www.11467.com/haerbin/co/47293.htm
杭州世纪航空服务有限公司,http://www.11467.com/hangzhou/co/241626.htm
安徽中海物流有限公司,http://www.11467.com/hefei/co/119773.htm
吉林航空维修有限责任公司,http://www.11467.com/jilinshi/co/79581.htm
吉林市北华航天科技有限公司,http://www.11467.com/jilinshi/co/79104.htm
南京金尚纺织品有限公司(业务六部),http://www.11467.com/nanjing/co/69548.htm
南京金尚纺织品有限公司(业务八部),http://www.11467.com/nanjing/co/85463.htm
南京金尚纺织品有限公司(业务七部),http://www.11467.com/nanjing/co/70716.htm
南京金尚纺织品有限公司业务九部,http://www.11467.com/nanjing/co/85181.htm
江苏南京缘泰货运公司,http://www.11467.com/nanjing/co/69849.htm
南京金尚纺织品有限公司(业务五部),http://www.11467.com/nanjing/co/71006.htm
南京如豪国际货运代理有限公司,http://www.11467.com/nanjing/co/69776.htm
万达运通国际货运代理有限公司-宁波分公司,http://www.11467.com/ningbo/co/87816.htm
沈阳圣飞航空科技有限公司,http://www.11467.com/shenyang/co/59236.htm
安费诺精密连接器(深圳)有限公司,http://www.11467.com/shenzhen/co/133656.htm
开瑞运通国际货运代理（深圳）有限公司,http://www.11467.com/shenzhen/co/313265.htm
深圳市安托山特种机械有限公司,http://www.11467.com/shenzhen/co/316401.htm
深圳市世翔国际货运代理有限公司(业务部),http://www.11467.com/shenzhen/co/307161.htm
狮威物流有限公司深圳分公司,http://www.11467.com/shenzhen/co/315768.htm
山西科泰微技术有限公司,http://www.11467.com/taiyuan/co/84758.htm
江苏无锡兴华机械有限公司,http://www.11467.com/wuxi/co/185777.htm
厦门弘鑫货运代理有限公司,http://www.11467.com/xiamen/co/3433.htm
西安航通票务公司,http://www.11467.com/xian/co/61260.htm
中国航天科技集团公司第六研究院第十一研究所,http://www.11467.com/xian/co/68813.htm
西安超码科技有限公司,http://www.11467.com/xian/co/70506.htm
邢台育通铁路机车车辆配件有限责任公司,http://www.11467.com/xintai/co/32576.htm
青岛海骏物流有限公司郑州分公司,http://www.11467.com/zhengzhou/co/109575.htm
北京泛美国际航空学校有限公司,http://www.11467.com/beijing/co/100187.htm
秦皇岛市青龙鑫盛黄金公司,http://www.11467.com/beijing/co/415424.htm
信太航空服务有限公司 国际部,http://www.11467.com/beijing/co/99856.htm
中川国际航空服务(北京)有限公司,http://www.11467.com/beijing/co/248198.htm
天津市双龙自动化技术有限公司,http://www.11467.com/tianjin/co/142673.htm
天津市雷越飞行器制造有限公司,http://www.11467.com/tianjin/co/26375.htm
重庆阿莫森航空安全器材有限公司,http://www.11467.com/chongqing/co/169056.htm
沧州市展航无人机有限公司,http://www.11467.com/cangzhou/co/128375.htm
常州海富货运代理有限公司 销售部,http://www.11467.com/changzhou/co/98553.htm
江苏省常州市银程物流有限公司,http://www.11467.com/changzhou/co/114631.htm
成都环球航空票务有限公司,http://www.11467.com/chengdu/co/96932.htm
成都通顺服务公司,http://www.11467.com/chengdu/co/111756.htm
成都正通航空设备有限公司,http://www.11467.com/chengdu/co/81028.htm
中国民扬航空服务有限责任公司,http://www.11467.com/chengdu/co/96421.htm
华友国际航空公司,http://www.11467.com/chengdu/co/97318.htm
四川省成都市双桥子成发集团成发科技股份有限公司一厂,http://www.11467.com/chengdu/co/81008.htm
四川安翔票务服务有限公司,http://www.11467.com/chengdu/co/81046.htm
天播航空服务有限公司,http://www.11467.com/chengdu/co/97347.htm
飞宇快递公司,http://www.11467.com/chenzhou/co/19139.htm
大连三达奥克化学股份有限公司大客户部,http://www.11467.com/dalian/co/34572.htm
大连民航客货运输销售代理有限公司,http://www.11467.com/dalian/co/43146.htm
北京航拓创业网络科技有限公司-联合票务机票平台,http://www.11467.com/dalian/co/43762.htm
飞鹰航空工业有限公司,http://www.11467.com/dalian/co/43466.htm
东莞安之捷国际通运有限公司,http://www.11467.com/dongguan/co/214431.htm
东莞市 环宇钢球制造有限公司,http://www.11467.com/dongguan/co/213402.htm
川宏机电有限公司,http://www.11467.com/dongguan/co/131629.htm
东莞市新安华航空服务有限公司清溪分公司.,http://www.11467.com/dongguan/co/211445.htm
东莞市新安华航空服务有限公司-业务部,http://www.11467.com/dongguan/co/210648.htm
东莞市翔安国际物流有限公司,http://www.11467.com/dongguan/co/317478.htm
东莞市晨宇实业有限公司,http://www.11467.com/dongguan/co/462239.htm
东莞市环宇钢球制造有限公司,http://www.11467.com/dongguan/co/211150.htm
东莞市宏锦金属制品有限公司[业务部],http://www.11467.com/dongguan/co/139664.htm
金桥航空用品有限公司（采购部）,http://www.11467.com/dongguan/co/162340.htm
东莞新安华国际航空服务有限公司,http://www.11467.com/dongguan/co/211690.htm
深圳恒洋物流有限公司东莞分公司市场部,http://www.11467.com/dongguan/co/126552.htm
凯凌电子有限公司,http://www.11467.com/dongguan/co/210604.htm
康力速递有限公司,http://www.11467.com/dongguan/co/211144.htm
新纪元航空公司,http://www.11467.com/dongguan/co/211480.htm
深圳兴鸿基国际货运代理(东莞分公司),http://www.11467.com/dongguan/co/144311.htm
升蓝物流有限公司业务部,http://www.11467.com/dongguan/co/317806.htm
深圳柏威国际物流有限公司东莞分公司,http://www.11467.com/dongguan/co/209953.htm
香港巡航国际物流有限公司（进口代理部）,http://www.11467.com/dongguan/co/312506.htm
广州龙田运输服务有限公司东莞分公司,http://www.11467.com/dongguan/co/211530.htm
鹏宇航空服务有限公司销售部,http://www.11467.com/dongguan/co/211835.htm
宅急送快运东莞分公司,http://www.11467.com/dongguan/co/212283.htm
广东东莞鑫华铝业制品有限公司,http://www.11467.com/dongguan/co/204230.htm
中国外运国际速递有限公司,http://www.11467.com/dongguan/co/317259.htm
美台国际货运代理有限公司（客服部）,http://www.11467.com/dongguan/co/317794.htm
佛山市南海万国国际货运代理服务公司,http://www.11467.com/foshan/co/252788.htm
深圳原飞航物流公司,http://www.11467.com/foshan/co/255706.htm
大仓物流有限公司,http://www.11467.com/guangzhou/co/223571.htm
广东诚邦物流有限公司,http://www.11467.com/guangzhou/co/222357.htm
广州白云国际机场易登机商旅服务有限公司售票处,http://www.11467.com/guangzhou/co/228117.htm
中国东方航空公司,http://www.11467.com/kunming/co/112681.htm
云南盛世集团华航票务有限公司,http://www.11467.com/kunming/co/104662.htm
上海元瀚国际货运代理公司,http://www.11467.com/lianyungang/co/29211.htm
连云港大航国际货运代理公司,http://www.11467.com/lianyungang/co/28207.htm
江西康贝尔机电有限公司,http://www.11467.com/nanchang/co/91177.htm
江西省康贝尔机电有限公司,http://www.11467.com/nanchang/co/65177.htm
南京金尚纺织品有限公司业务三部,http://www.11467.com/nanjing/co/85862.htm
南京金尚纺织品有限公司业务二部,http://www.11467.com/nanjing/co/71034.htm
南京玉成仓储设备制造有限公司营销部,http://www.11467.com/nanjing/co/52829.htm
深圳航空有限责任公司南京营业部,http://www.11467.com/nanjing/co/68945.htm
南京达淳机械工程技术有限公司,http://www.11467.com/nanjing/co/153615.htm
南京玉成仓储设备制造有限公司(销售部),http://www.11467.com/nanjing/co/69616.htm
南京金尚纺织品有限公司(业务三部),http://www.11467.com/nanjing/co/70719.htm
中国东方航空公司,http://www.11467.com/nanjing/co/69883.htm
永道联合包裹运输公司,http://www.11467.com/nanning/co/64143.htm
宁波外运国际航空货运有限公司.,http://www.11467.com/ningbo/co/88184.htm
宁波中亚国际航空货运公司,http://www.11467.com/ningbo/co/87205.htm
卓越圣龙工业有限公司,http://www.11467.com/ningbo/co/87095.htm
宁波市天达航空货运有限公司,http://www.11467.com/ningbo/co/117180.htm
上海华惠国际货运有限公司宁波分公司销售部,http://www.11467.com/ningbo/co/86417.htm
青岛中集国际货运代理有限公司销售部,http://www.11467.com/qingdao/co/85105.htm
信发工艺品有限公司,http://www.11467.com/qingdao/co/86400.htm
青岛五通货运代理有限公司,http://www.11467.com/qingdao/co/13126.htm
北龙铁路机车配件技术公司,http://www.11467.com/qinhuangdao/co/35614.htm
福建省泉州紫云航空贸易发展有限公司,http://www.11467.com/quanzhou/co/100003.htm
日照德邦机械制造有限公司,http://www.11467.com/rizhao/co/12856.htm
汕头航星国际物流有限公司,http://www.11467.com/shantou/co/124394.htm
深圳市长信兴宇国际货运代理有先公司,http://www.11467.com/shantou/co/129539.htm
民航快递沈阳责任公司沈阳分公司,http://www.11467.com/shenyang/co/67331.htm
沈阳飞机制造有限公司,http://www.11467.com/shenyang/co/74906.htm
IFB国桥联运货运代理公司,http://www.11467.com/shenzhen/co/309333.htm
广东省深圳海格物流公司,http://www.11467.com/shenzhen/co/311031.htm
广州顺丰速运集团有限公司,http://www.11467.com/shenzhen/co/670858.htm
洪都集团深圳分公司,http://www.11467.com/shenzhen/co/540596.htm
康力速递深圳宝安分公司,http://www.11467.com/shenzhen/co/311697.htm
金龙天运速递物流公司,http://www.11467.com/shenzhen/co/316124.htm
锐闻国际货运代理有限公司(业务）,http://www.11467.com/shenzhen/co/308662.htm
深圳东海航空有限公司,http://www.11467.com/shenzhen/co/307893.htm
深圳鸿飞橡塑制品有限公司,http://www.11467.com/shenzhen/co/356513.htm
荣翔国际货运代理公司市场部,http://www.11467.com/shenzhen/co/303546.htm
深圳全进物流有限公司,http://www.11467.com/shenzhen/co/799230.htm
深圳市广域达物流有限公司（深圳机场分公司）,http://www.11467.com/shenzhen/co/439978.htm
深圳市傲翼运通国际货运代理有限公司,http://www.11467.com/shenzhen/co/771234.htm
深圳市安飞达航空服务有限公司,http://www.11467.com/shenzhen/co/305242.htm
深圳飞龙国内运输有限公司,http://www.11467.com/shenzhen/co/314426.htm
深圳市波赛东国际货运代理有限公司,http://www.11467.com/shenzhen/co/300658.htm
深圳市冠达机电设备有限公司,http://www.11467.com/shenzhen/co/724638.htm
深圳市嘉航国际货运代理有限公司,http://www.11467.com/shenzhen/co/754075.htm
深圳市港顺物流有限公司,http://www.11467.com/shenzhen/co/304250.htm
深圳市锦发铜铝有限公司(市场部）,http://www.11467.com/shenzhen/co/498540.htm
深圳市凯立德计算机系统技术有限公司导航营销部,http://www.11467.com/shenzhen/co/327213.htm
深圳市航桥国际货运公司,http://www.11467.com/shenzhen/co/303908.htm
深圳市联特速递有限公司销售部,http://www.11467.com/shenzhen/co/553271.htm
深圳铭华航空货运代理有限公司,http://www.11467.com/shenzhen/co/309848.htm
深圳市亨利德进出口贸易有限公司,http://www.11467.com/shenzhen/co/498720.htm
深圳市陆航机载设备器材有限公司,http://www.11467.com/shenzhen/co/305762.htm
深圳市蓝海达飞行科技有限公司总部,http://www.11467.com/shenzhen/co/304298.htm
深圳市快捷顺国际货运有限公司,http://www.11467.com/shenzhen/co/3612.htm
深圳鹏泽机械设备有限公司,http://www.11467.com/shenzhen/co/495764.htm
深圳市美尊轻钢房屋有限公司,http://www.11467.com/shenzhen/co/760840.htm
深圳市美特货运公司(业务部),http://www.11467.com/shenzhen/co/323972.htm
深圳市龙尊国际速递有限公司,http://www.11467.com/shenzhen/co/552339.htm
深圳市小武通讯有限公司,http://www.11467.com/shenzhen/co/308095.htm
深圳市鑫航国际货运有限公司,http://www.11467.com/shenzhen/co/314294.htm
深圳市特航航空服务有限公司景田营业部,http://www.11467.com/shenzhen/co/305705.htm
深圳市机场国际旅行社有限公司,http://www.11467.com/shenzhen/co/104903.htm
深圳市天地间航空服务有限公司货运部,http://www.11467.com/shenzhen/co/302906.htm
深圳市顺兴通货运代理有限公司营销部,http://www.11467.com/shenzhen/co/312256.htm
深圳市思佩实业有限公司－铝合金幕墙部,http://www.11467.com/shenzhen/co/488465.htm
深圳市利天运通国际货运代理有限公司(股份经营),http://www.11467.com/shenzhen/co/309027.htm
深圳市宇扬达国际货运代理有限公司(业务部),http://www.11467.com/shenzhen/co/305131.htm
深圳市鑫云物流有限公司市场部,http://www.11467.com/shenzhen/co/310717.htm
深圳万迅国际物流有限公司业务部,http://www.11467.com/shenzhen/co/309115.htm
深圳万泰国际物流有限公司业务部,http://www.11467.com/shenzhen/co/552591.htm
深圳市英联航空设备有限公司,http://www.11467.com/shenzhen/co/58691.htm
鑫国泰物流有限公司,http://www.11467.com/shenzhen/co/553929.htm
天力抄数测绘设计公司,http://www.11467.com/shenzhen/co/324029.htm
香港远洋国际货运有限公司,http://www.11467.com/shenzhen/co/304905.htm
中海物流(深圳)有限公司 (客货公司),http://www.11467.com/shenzhen/co/327021.htm
深圳市中技国际物流有限公司,http://www.11467.com/shenzhen/co/305580.htm
深圳市顺达快递有限公司,http://www.11467.com/shenzhen/co/307589.htm
万臣国际货运代理有限公司／,http://www.11467.com/shenzhen/co/552332.htm
中信国际物流(香港)有限公司,http://www.11467.com/shenzhen/co/309094.htm
中全达国际空运有限公司,http://www.11467.com/shenzhen/co/552327.htm
运球国际速递有限公司,http://www.11467.com/shenzhen/co/303346.htm
昆山合美铝业有限公司,http://www.11467.com/suzhou/co/316315.htm
苏州快捷航空票务服务有限公司,http://www.11467.com/suzhou/co/323413.htm
伍德沃德控制器（苏州）有限公司,http://www.11467.com/suzhou/co/117215.htm
苏州罗普斯金铝业股份有限公司工业型材部,http://www.11467.com/suzhou/co/231892.htm
苏州方舟航模有限公司,http://www.11467.com/suzhou/co/231506.htm
苏州市江南精细化工有限公司 业务部,http://www.11467.com/suzhou/co/222166.htm
中国民航正东票务有限公司苏州分公司,http://www.11467.com/suzhou/co/223279.htm
山西中之旅航空旅游有限公司,http://www.11467.com/taiyuan/co/98908.htm
太原市耐特伟业科贸有限公司,http://www.11467.com/taiyuan/co/48680.htm
中国大地保险公司,http://www.11467.com/weinan/co/21613.htm
莱特航空服务有限公司市场部,http://www.11467.com/wenzhou/co/154931.htm
武汉经纬空港科技有限公司,http://www.11467.com/wuhan/co/74155.htm
武汉帝华诚物流有限公司,http://www.11467.com/wuhan/co/71938.htm
武汉直升机通用航空有限公司,http://www.11467.com/wuhan/co/87513.htm
武汉双程旅运服务有限责任公司,http://www.11467.com/wuhan/co/87477.htm
芜湖远航地勤服务公司,http://www.11467.com/wuhu/co/21826.htm
华夏山二有限公司,http://www.11467.com/xiamen/co/42628.htm
厦门以晴科技有限有限公司,http://www.11467.com/xiamen/co/51318.htm
陕西协力光电仪器有限公司 网销部,http://www.11467.com/xian/co/67595.htm
西安骊创电子科技有限公司(销售部）,http://www.11467.com/xian/co/49659.htm
西飞集团进出口有限公司,http://www.11467.com/xian/co/73273.htm
西安庆安电气控制有限责任公司经营发展部,http://www.11467.com/xian/co/49069.htm
陕西中港航空旅游有限公司,http://www.11467.com/xian/co/61561.htm
西安康宇电子科技有限公司,http://www.11467.com/xian/co/47880.htm
新乡平原航空器材有限公司,http://www.11467.com/xinxiang/co/24076.htm
徐州宇鸿民用航空设备制造有限公司,http://www.11467.com/xuzhou/co/57619.htm
托普国际(江苏)实业有限公司,http://www.11467.com/yancheng/co/54936.htm
深圳亚佳达国际货运代理有限公司销售部,http://www.11467.com/yunfu/co/21388.htm
河南美清水处理有限公司清洁剂部,http://www.11467.com/zhengzhou/co/121022.htm
深圳市锦发铜铝有限公司江门分公司,http://www.11467.com/zhongshan/co/80870.htm
盈通航空快递(中山)有限公司,http://www.11467.com/zhongshan/co/63640.htm
北京保盛航空服务有限公司朝阳营业部,http://www.11467.com/beijing/co/99213.htm
北京保盛航空服务有限公司朝外部,http://www.11467.com/beijing/co/99219.htm
北京华圣国际运输服务有限公司,http://www.11467.com/beijing/co/585382.htm
北京丰荣航空科技有限公司,http://www.11467.com/beijing/co/585432.htm
北京好运来航空服务有限公司,http://www.11467.com/beijing/co/216262.htm
北京博丰航空服务有限公司销售部,http://www.11467.com/beijing/co/100387.htm
北京假期航空服务有限公司,http://www.11467.com/beijing/co/250260.htm
北京江达国际快递有限公司,http://www.11467.com/beijing/co/99410.htm
北京凯华航空有限公司,http://www.11467.com/beijing/co/100093.htm
北京华夏航空服务有限公司（外联部）,http://www.11467.com/beijing/co/100573.htm
北京天海航空服务公司,http://www.11467.com/beijing/co/384591.htm
北京云汉航空科技有限公司,http://www.11467.com/beijing/co/401704.htm
北京幸运国际旅行社有限公司,http://www.11467.com/beijing/co/303399.htm
海文快递有限公司,http://www.11467.com/beijing/co/100265.htm
北京天成互联国际商务公司,http://www.11467.com/beijing/co/113284.htm
北京游龙旅行公司,http://www.11467.com/beijing/co/99483.htm
凯迅航空服务有限公司,http://www.11467.com/beijing/co/100417.htm
北京雪峰航空服务有限公司华夏总部,http://www.11467.com/beijing/co/99520.htm
神州财富快递服务有限公司,http://www.11467.com/beijing/co/113239.htm
法国邮政（ＤＰＤ）集团公司,http://www.11467.com/beijing/co/585469.htm
思达迅捷航空快递有限公司,http://www.11467.com/beijing/co/586346.htm
中恒航空服务有限公司,http://www.11467.com/beijing/co/99686.htm
上海贝川航空有限公司,http://www.11467.com/shanghai/co/741125.htm
北京蓝天航空服务有限公司,http://www.11467.com/beijing/co/439116.htm
鑫舟航空服务有限公司,http://www.11467.com/shijiazhuang/co/108364.htm
河南华源金属制品有限公司,http://www.11467.com/anyang/co/5203.htm
长沙瑞屹航空设备有限公司,http://www.11467.com/changsha/co/59043.htm
长沙阿心航空服务有限公司,http://www.11467.com/changsha/co/80400.htm
常州博龙特种纤维有限公司,http://www.11467.com/changzhou/co/114499.htm
成都民航巴蜀航空服务有限公司,http://www.11467.com/chengdu/co/111576.htm
成都福航旅业有限公司,http://www.11467.com/chengdu/co/81001.htm
成都宏远航空服务有限责任公司,http://www.11467.com/chengdu/co/111569.htm
四川奥林通用航空有限责任公司,http://www.11467.com/chengdu/co/97466.htm
上海菲力快递服务有限公司,http://www.11467.com/shanghai/co/516324.htm
上海韩岛实业发展有限公司,http://www.11467.com/shanghai/co/376698.htm
上海博大国际空运有限公司,http://www.11467.com/shanghai/co/245399.htm
上海佰铭航空科技有限公司,http://www.11467.com/shanghai/co/665528.htm
澳菲亚（AVIA)航空设备有限公司,http://www.11467.com/shanghai/co/515605.htm
上海宁通素递服务有限公司,http://www.11467.com/shanghai/co/515359.htm
上海罗新国际货运代理有限公司销售部,http://www.11467.com/shanghai/co/883239.htm
上海熙杰气垫车运输有限公司,http://www.11467.com/shanghai/co/677289.htm
其兴纺织科技有限公司,http://www.11467.com/shanghai/co/973681.htm
中外运韵豪国际快递有限公司,http://www.11467.com/shanghai/co/677303.htm
上海中意航空技术服务有限公司,http://www.11467.com/shanghai/co/603557.htm
天津金悦物流有限公司销售部,http://www.11467.com/tianjin/co/89944.htm
朝晖骏光国际货运代理有限公司,http://www.11467.com/tianjin/co/61573.htm
天津鸿瑞国际货运代理有限公司,http://www.11467.com/tianjin/co/88338.htm
天津市雷越飞行器制造有限公司 节能事业部,http://www.11467.com/tianjin/co/25967.htm
天津市博翔国际货代有限公司,http://www.11467.com/tianjin/co/61620.htm
天津市海鹏兄弟国际贸易有限公司,http://www.11467.com/tianjin/co/162996.htm
天津易洋化工国际货运代理有限公司(业务部),http://www.11467.com/tianjin/co/74928.htm
重庆航宇票务有限公司精英销售部,http://www.11467.com/chongqing/co/169067.htm
重庆思庄策划有限公司,http://www.11467.com/chongqing/co/193874.htm
重庆航宇票务有限公司业务部,http://www.11467.com/chongqing/co/168998.htm
重庆易行天下通航空服务实业公司,http://www.11467.com/chongqing/co/192962.htm
天津飞林达游艇销售服务有限公司,http://www.11467.com/tianjin/co/301631.htm
天津奥沙利汶国际贸易有限公司,http://www.11467.com/tianjin/co/301641.htm
广州韵航国际物流有限公司,http://www.11467.com/guangzhou/co/547909.htm
上海翔通货运代理有限公司天津分公司,http://www.11467.com/tianjin/co/301643.htm
厦门嘉联运通物流有限公司,http://www.11467.com/xiamen/co/113903.htm
天津优耐特国际货运代理有限公司,http://www.11467.com/tianjin/co/301644.htm
天津市德满来不锈刚制品有限公司,http://www.11467.com/tianjin/co/301645.htm
宇宙耀邦电子（天津）有限公司,http://www.11467.com/tianjin/co/302894.htm
上海高邦国际空运有限公司,http://www.11467.com/shnanhui/co/36379.htm
天津市裕佳昌国际货运有限公司,http://www.11467.com/tianjin/co/308614.htm
上海睿瑞航空设备科技有限公司,http://www.11467.com/shanghai/co/1128764.htm
广州市恒华国际货运有限公司,http://www.11467.com/guangzhou/co/701441.htm
深圳天天飞网络技术有限公司,http://www.11467.com/shenzhen/co/1101939.htm
深圳市耀辉货运有限公司,http://www.11467.com/shenzhen/co/1123382.htm
深圳中启国际物流有限公司,http://www.11467.com/shenzhen/co/1128434.htm
昆明杜克科技有限责任公司,http://www.11467.com/kunming/co/149573.htm
成都纵横先进控制技术有限责任公司,http://www.11467.com/chengdu/co/97317.htm
东莞美台国际货运代理有限公司,http://www.11467.com/dongguan/co/317730.htm
东莞永安航空服务公司,http://www.11467.com/dongguan/co/210304.htm
深圳市顺亿通快递有限公司,http://www.11467.com/dongguan/co/214061.htm
昊阳航空票务有限公司,http://www.11467.com/dongguan/co/210324.htm
新安华航空服务有限公司清溪分公司,http://www.11467.com/dongguan/co/213742.htm
祥运商旅有限公司,http://www.11467.com/foshan/co/217960.htm
广东省新一代商务管理有限公司,http://www.11467.com/guangzhou/co/229631.htm
广东通信导航设备有限公司,http://www.11467.com/guangzhou/co/304374.htm
广州吉汇国际货运服务有限公司市场部,http://www.11467.com/guangzhou/co/226144.htm
广州番禺环球气弹簧有限公司,http://www.11467.com/guangzhou/co/241949.htm
广州美亚国际物流有限公司空运部,http://www.11467.com/guangzhou/co/226805.htm
广州瑞鑫物流有限公司,http://www.11467.com/guangzhou/co/304379.htm
广州盘谷国际货运代理有限公司,http://www.11467.com/guangzhou/co/478620.htm
广州贝士特橡塑有限公司业务部新,http://www.11467.com/guangzhou/co/276833.htm
广州艾的数字技术有限公司,http://www.11467.com/guangzhou/co/245554.htm
东运货运代理有限公司广州分公司,http://www.11467.com/guangzhou/co/221697.htm
广州融邦国际货运代理有限公司市场部,http://www.11467.com/guangzhou/co/224479.htm
广州市汇达创为科技有限公司(汇达发展国际有限公司),http://www.11467.com/guangzhou/co/104325.htm
广州金田地贸易有限公司 华师营业部,http://www.11467.com/guangzhou/co/224702.htm
广州联丰蓄电池贸易有限公司,http://www.11467.com/guangzhou/co/284932.htm
广州穗新物流有限公司（业务部）,http://www.11467.com/guangzhou/co/220765.htm
广州市华欣国际货运代理有限公司,http://www.11467.com/guangzhou/co/303036.htm
广州市美亚航空服务有限公司,http://www.11467.com/guangzhou/co/225770.htm
广州市美瀛物流服务有限公司,http://www.11467.com/guangzhou/co/224967.htm
金碧货运（中国）有限公司 销售部,http://www.11467.com/guangzhou/co/303687.htm
广州伟思电子有限公司,http://www.11467.com/guangzhou/co/229518.htm
广州万泰货运代理有限公司业务部,http://www.11467.com/guangzhou/co/304586.htm
广州市鹰驰物流有限公司,http://www.11467.com/guangzhou/co/223055.htm
航力物流有限公司,http://www.11467.com/guangzhou/co/124620.htm
广州市原飞航货运代理有限公司,http://www.11467.com/guangzhou/co/221539.htm
香港纳斯达德国际进出口物流有限公司(广州)分公司（业务部）,http://www.11467.com/guangzhou/co/227317.htm
海程邦达国际货运代理有限公司广州分司,http://www.11467.com/guangzhou/co/225917.htm
广州上捷国际物流公司,http://www.11467.com/guangzhou/co/225628.htm
亿翔飞行汽车(中国)科技有限公司,http://www.11467.com/guangzhou/co/228828.htm
广州宏翔国际物流有限公司,http://www.11467.com/guangzhou/co/224340.htm
建飞航空器材有限公司,http://www.11467.com/guangzhou/co/304750.htm
香港新进国际货运有限公司广州办事处,http://www.11467.com/guangzhou/co/229684.htm
香港云海峰实业投资集团有限公司,http://www.11467.com/guangzhou/co/229252.htm
顺达国际快递代理公司,http://www.11467.com/guangzhou/co/226578.htm
中国南方航空股份有限公司广州直销中心,http://www.11467.com/guangzhou/co/228572.htm
中远国际航空货运代理有限公司广州分公司,http://www.11467.com/guangzhou/co/224104.htm
中宇物流集团有限公司广州分公司海运操作部,http://www.11467.com/guangzhou/co/303113.htm
凯迪海运(深圳)有限公司广州分公司商务部,http://www.11467.com/guangzhou/co/478768.htm
桂林大秦信息技术有限公司-桂林总部,http://www.11467.com/guilin/co/43952.htm
贵阳万江航空机电有限公司销售公司,http://www.11467.com/guiyang/co/70831.htm
哈尔滨福瑞利达工贸有限公司,http://www.11467.com/haerbin/co/48440.htm
哈尔滨飞航金属材料开发有限公司,http://www.11467.com/haerbin/co/41000.htm
哈尔滨信达地区业务代办有限公司,http://www.11467.com/haerbin/co/51361.htm
杭州祥云航空票务有限公司,http://www.11467.com/hangzhou/co/265173.htm
浙江百吉汽车销售服务有限公司,http://www.11467.com/hangzhou/co/243680.htm
西捷飞机制造公司,http://www.11467.com/hangzhou/co/240220.htm
大棒槌飞机有限公司,http://www.11467.com/hangzhou/co/241091.htm
浙江安吉青达彩瓦机械有限公司,http://www.11467.com/hangzhou/co/255594.htm
德国莱茵电梯安徽有限公司,http://www.11467.com/hefei/co/92933.htm
广东越野国际货运有限公司,http://www.11467.com/heyuan/co/14039.htm
上海浦东培赛新机械制造有限公司,http://www.11467.com/huaian/co/37730.htm
惠州京速广货运代理有限公司,http://www.11467.com/huizhou/co/65135.htm
宝汇和盈船务集装箱运输有限公司,http://www.11467.com/huizhou/co/72944.htm
广州即达船务运输有限公司惠州分公司业务部,http://www.11467.com/huizhou/co/64571.htm
飞翔软件公司,http://www.11467.com/jian/co/15739.htm
江门市瞬通速递有限公司,http://www.11467.com/jiangmen/co/87167.htm
深圳市龙福堂集团股份有限公司,http://www.11467.com/jingdezhen/co/10126.htm
华鑫航空云扬分公司,http://www.11467.com/kunming/co/104900.htm
昆明翔维物流有限股份公司,http://www.11467.com/kunming/co/104723.htm
廊坊凯撒航空服务有限公司,http://www.11467.com/langfang/co/30346.htm
中远国际货运有限公司甘肃分公司,http://www.11467.com/lanzhou/co/68077.htm
兰州阳光物流有限公司,http://www.11467.com/lanzhou/co/66277.htm
山东临沂机场有限公司,http://www.11467.com/linyi/co/59908.htm
海程邦达国际货运代理有限公司江苏分公司,http://www.11467.com/nanjing/co/2771.htm
南京晴空旅游信息咨询有限公司,http://www.11467.com/nanjing/co/69853.htm
南京诺码电子科技有限公司,http://www.11467.com/nanjing/co/72164.htm
南京宇方国际货运代理有限公司,http://www.11467.com/nanjing/co/54790.htm
南京晴空电子科技有限公司,http://www.11467.com/nanjing/co/159511.htm
南京远讯科技有限公司捷宏经营部,http://www.11467.com/nanjing/co/68646.htm
宅急送南京公司,http://www.11467.com/nanjing/co/71286.htm
江苏柯莱国际货运有限公司,http://www.11467.com/nanjing/co/86535.htm
南宁航科工贸有限公司,http://www.11467.com/nanning/co/64209.htm
南通飞翔航空旅游咨询服务有限公司,http://www.11467.com/nantong/co/115181.htm
宁波市海曙东南航空货运代理有限公司,http://www.11467.com/ningbo/co/88365.htm
上海华惠国际货运有限公司宁波分公司业务部,http://www.11467.com/ningbo/co/87962.htm
小老鼠网络科技有限公司,http://www.11467.com/putian/co/28436.htm
徐州天虹机场运输设备有限公司,http://www.11467.com/qingyang/co/12072.htm
飞达国际速递和国际空运有限公司,http://www.11467.com/quanzhou/co/104433.htm
泉州丰泽飞达国际速递服务责任公司,http://www.11467.com/quanzhou/co/104432.htm
汕头市赛达航空代理有限公司,http://www.11467.com/shantou/co/129207.htm
沈阳远航货运代理有限公司,http://www.11467.com/shenyang/co/58948.htm
北方航空公司,http://www.11467.com/shenyang/co/67362.htm
欧洲直升机公司东北及内蒙代表处,http://www.11467.com/shenyang/co/67353.htm
光正物流有限公司,http://www.11467.com/shenzhen/co/314836.htm
辉达通国际货运代理公司,http://www.11467.com/shenzhen/co/301420.htm
环世货运有限公司,http://www.11467.com/shenzhen/co/311808.htm
深圳裕骏达国际货运有限公司业务部,http://www.11467.com/shenzhen/co/314755.htm
香港易速达进出口有限公司,http://www.11467.com/shenzhen/co/310100.htm
深圳市新邦运输服务有限公司沙井分公司,http://www.11467.com/shenzhen/co/301002.htm
英国CSS国际速递有限公司(深圳部),http://www.11467.com/shenzhen/co/315293.htm
中电环球货运有限公司,http://www.11467.com/shenzhen/co/304950.htm
深圳市秀驿国际物流有限公司业务部,http://www.11467.com/shenzhen/co/324820.htm
深圳市东环国际货运代理有限公司(销售部),http://www.11467.com/shenzhen/co/315515.htm
兴耀华实业有限公司,http://www.11467.com/shenzhen/co/302467.htm
深圳市天航国际货运代理有限公司深圳分公司,http://www.11467.com/shenzhen/co/330836.htm
香港宝龙货运有限公司深圳分公司,http://www.11467.com/shenzhen/co/146560.htm
香港宝龙国际货运代理有限公司,http://www.11467.com/shenzhen/co/313858.htm
深圳西岸国际货运代理有限公司,http://www.11467.com/shenzhen/co/307873.htm
深圳新合程供应链股份有限公司深圳分公司空运部,http://www.11467.com/shenzhen/co/551873.htm
深圳市万臣国际货运代理公司,http://www.11467.com/shenzhen/co/306552.htm
旭日升国际旅行社票务有限公司,http://www.11467.com/shenzhen/co/313225.htm
深圳市佳源惠实业有限公司,http://www.11467.com/shenzhen/co/309170.htm
深圳市鸿福达国际货运代理有限公司业务部门,http://www.11467.com/shenzhen/co/313689.htm
深圳永福国际货运代理有限公司,http://www.11467.com/shenzhen/co/173296.htm
深圳绿岛航空代理有限公司,http://www.11467.com/shenzhen/co/324855.htm
快捷速递有限公司,http://www.11467.com/shijiazhuang/co/92335.htm
常熟市速安达运输有限公司,http://www.11467.com/suzhou/co/349425.htm
杭州佳成国际快递有限公司苏州分公司,http://www.11467.com/suzhou/co/222183.htm
中外运保航国际快递有限公司苏州分公司,http://www.11467.com/suzhou/co/246067.htm
上海华乾航空苏州分公司,http://www.11467.com/suzhou/co/222619.htm
上海瑞嘉国际货物运输代理有限公司苏州分公司,http://www.11467.com/suzhou/co/223801.htm
宅急送国际事业部苏南分公司,http://www.11467.com/suzhou/co/224246.htm
泰安欧雷航空科技有限公司,http://www.11467.com/taian/co/47658.htm
江苏伊思登飞艇制造有限公司,http://www.11467.com/taizhoushi/co/28624.htm
乌海中电光合有限公司,http://www.11467.com/wuhai/co/3803.htm
武汉精驰航空科技有限责任公司,http://www.11467.com/wuhan/co/71832.htm
武汉金立员铝业有限公司,http://www.11467.com/wuhan/co/141891.htm
无锡安卡特工具有限公司销售部,http://www.11467.com/wuxi/co/175898.htm
无锡市圣灵盈机械制造有限公司,http://www.11467.com/wuxi/co/196829.htm
福莱帕特（厦门）航空设备有限公司,http://www.11467.com/xiamen/co/38993.htm
厦门富丽图影像设备有限公司,http://www.11467.com/xiamen/co/45499.htm
石狮宏天航空客运服务有限公司,http://www.11467.com/xiamen/co/42494.htm
厦门泽视电子科技有限公司,http://www.11467.com/xiamen/co/46181.htm
厦门华创国际货运有限公司,http://www.11467.com/xiamen/co/43884.htm
厦门金原融资租赁有限公司（业务部）,http://www.11467.com/xiamen/co/42695.htm
西安华山车用管路系统有限公司销售部,http://www.11467.com/xian/co/62572.htm
陕西中博新材料股份有限公司,http://www.11467.com/xian/co/50411.htm
西安飞豹科技发展公司民品部,http://www.11467.com/xian/co/67358.htm
西安高华微电路有限公司营销部,http://www.11467.com/xian/co/48754.htm
西安安捷货运有限公司,http://www.11467.com/xian/co/73225.htm
西安泉兴通讯有限公司,http://www.11467.com/xian/co/61240.htm
西安华圣航空有限公司售票部,http://www.11467.com/xian/co/61252.htm
西飞国际股份有限公司,http://www.11467.com/xian/co/61652.htm
西安亚泰航空旅游有限公司,http://www.11467.com/xian/co/61186.htm
西安骊创电子科技有限公司外贸销售部,http://www.11467.com/xian/co/61688.htm
新泰航空技术有限公司,http://www.11467.com/xian/co/63374.htm
西北欧克航空设备有限公司,http://www.11467.com/xian/co/61732.htm
西安骊创电子科技有限公司-航材部,http://www.11467.com/xian/co/61559.htm
西安西捷飞机有限公司,http://www.11467.com/xian/co/61416.htm
清河县永联密封件有限公司,http://www.11467.com/xintai/co/43357.htm
飞行娱乐公司,http://www.11467.com/xinzhou/co/16582.htm
烟台星辉国际保税物流有限公司,http://www.11467.com/yantai/co/123046.htm
江西西南化工有限公司,http://www.11467.com/yichun/co/20683.htm
银川畅翼通航空服务有限公司,http://www.11467.com/yinchuan/co/40153.htm
广州市远泰物流有限公司 客服部,http://www.11467.com/yunfu/co/21543.htm
邦太货运代理有限公司,http://www.11467.com/yunfu/co/23455.htm
深圳市程祥航空服務有限公司湛江分公司,http://www.11467.com/zhanjiang/co/41583.htm
郑州龙翔航空运输信息咨询有限公司,http://www.11467.com/zhengzhou/co/109571.htm
ＵＰＳ联合包裹运送服务公司(东方环球货运代理有限公司),http://www.11467.com/zhongshan/co/48049.htm
丞恩航空电子用品有限公司,http://www.11467.com/zhongshan/co/97651.htm
中山市飞美航空运快递公司,http://www.11467.com/zhongshan/co/63307.htm
六六通速递（中山）有限公司,http://www.11467.com/zhongshan/co/63885.htm
顺中南国际货物运输代理有限公司,http://www.11467.com/zhongshan/co/63884.htm
珠海振通货物代理有限公司,http://www.11467.com/zhuhai/co/72210.htm
南方普惠航空发动机公司,http://www.11467.com/zhuzhou/co/33484.htm
北京保盛亚运村航空服务有限公司（国际）,http://www.11467.com/beijing/co/100091.htm
北京保盛航空服务有限公司总部,http://www.11467.com/beijing/co/100562.htm
北京保盛航空公司,http://www.11467.com/beijing/co/101533.htm
北京国际航空公司,http://www.11467.com/beijing/co/113371.htm
北京东英天翔航空器材有限责任公司,http://www.11467.com/beijing/co/652324.htm
北京德意联合航空服务公司,http://www.11467.com/beijing/co/98899.htm
北京彪记快递有限公司,http://www.11467.com/beijing/co/99109.htm
北京东燕航空服务公司,http://www.11467.com/beijing/co/401769.htm
北京凯迅航空公司,http://www.11467.com/beijing/co/99991.htm
北京保盛亚运村航空服务有限公司,http://www.11467.com/beijing/co/99871.htm
北京保盛航空服务有限公司销售部,http://www.11467.com/beijing/co/113336.htm
北京金浩航空服务公司,http://www.11467.com/beijing/co/671691.htm
北京凯华航空服务有限公司销售27部,http://www.11467.com/beijing/co/113263.htm
北京思达迅捷航空快递有限责任公司,http://www.11467.com/beijing/co/586345.htm
北京商维国际货运代理有限公司,http://www.11467.com/beijing/co/671701.htm
北京馨悦航空服务有限公司,http://www.11467.com/beijing/co/99242.htm
北京天顺航空服务有限公司,http://www.11467.com/beijing/co/99494.htm
北京华玉航空服务有限公司,http://www.11467.com/beijing/co/113154.htm
北京快达航空服务有限公司,http://www.11467.com/beijing/co/100233.htm
蓝天白云航天服务有限公司,http://www.11467.com/beijing/co/650982.htm
盛龙诚远货运代理有限公司,http://www.11467.com/beijing/co/99567.htm
鼎杰国际商务北京有限公司,http://www.11467.com/beijing/co/100527.htm
东方奥龙航空服务公司,http://www.11467.com/beijing/co/317845.htm
天逸航空服务公司,http://www.11467.com/beijing/co/250339.htm
金景快递公司,http://www.11467.com/beijing/co/99423.htm
北京中大同创科技股份公司,http://www.11467.com/beijing/co/317767.htm
辽宁港捷国际货运代理有限公司北京分公司,http://www.11467.com/beijing/co/99849.htm
北京凯迅航空服务有限公司销售五,http://www.11467.com/beijing/co/99263.htm
上海风知宜商务咨询有限公司,http://www.11467.com/shanghai/co/82157.htm
上海集华国际货运代理有限公司(空运部),http://www.11467.com/shanghai/co/666054.htm
上海吉祥航空公司,http://www.11467.com/shanghai/co/86530.htm
东航恒信票务公司,http://www.11467.com/shanghai/co/249581.htm
上海东大航空货运有限公司,http://www.11467.com/shanghai/co/507982.htm
上海东大货运有限公司,http://www.11467.com/shanghai/co/526328.htm
上海金字塔航空有限公司,http://www.11467.com/shanghai/co/737365.htm
上海金燕航空服务有限公司 呼收中心,http://www.11467.com/shanghai/co/376692.htm
上海金鹏航空票务服务有限公司,http://www.11467.com/shanghai/co/84450.htm
上海宏程旅游咨询有限公司,http://www.11467.com/shanghai/co/84493.htm
上海金诚航空票务有限公司,http://www.11467.com/shanghai/co/737088.htm
上海星辰旅游咨询有限公司,http://www.11467.com/shanghai/co/1009526.htm
益嘉尔（上海）国际货运有限公司营业部,http://www.11467.com/shanghai/co/515897.htm
易飞航空公司,http://www.11467.com/shanghai/co/377359.htm
上海忠信国际快递有限公司 国际部,http://www.11467.com/shanghai/co/515122.htm
北京鹰联国际货物运输代理有限公司（天津分公司）,http://www.11467.com/tianjin/co/88381.htm
山东元浦国际物流有限责任公司天津分公司,http://www.11467.com/tianjin/co/74678.htm
天津高扬科技发展有限公司,http://www.11467.com/tianjin/co/137807.htm
天津乐通国际货运代理有限公司,http://www.11467.com/tianjin/co/88190.htm
天津裕佳昌国际货运有限公司,http://www.11467.com/tianjin/co/88501.htm
天津远集国际货运代理有限公司．,http://www.11467.com/tianjin/co/35517.htm
重庆西线航空货运公司,http://www.11467.com/chongqing/co/169004.htm
重庆强劲航空服务公司,http://www.11467.com/chongqing/co/124935.htm
广州市大新航空客货代理有限公司,http://www.11467.com/guangzhou/co/506960.htm
天津捷诚国际贸易有限公司,http://www.11467.com/tianjin/co/308615.htm
中国外运天津空运公司,http://www.11467.com/tianjin/co/308617.htm
成都翔亚航空技术服务有限公司,http://www.11467.com/chengdu/co/262647.htm
重庆市永川区思概无人机科技有限责任公司,http://www.11467.com/honghe/co/20990.htm
天津层次无人机科技有限公司,http://www.11467.com/tianjin/co/253939.htm
沧州智成无人机科技发展有限公司,http://www.11467.com/cangzhou/co/104278.htm
深圳市爱飞无人机技术有限公司,http://www.11467.com/shenzhen/co/1084554.htm
深圳市联华无人机服务技术有限公司,http://www.11467.com/shenzhen/co/1085747.htm
舟山灵翼无人机科技有限公司,http://www.11467.com/zhoushan/co/30545.htm
深圳市盈广无人机集群通讯技术有限公司,http://www.11467.com/shenzhen/co/1099479.htm
湖南省宇晨无人机科技有限公司,http://www.11467.com/loudi/co/30370.htm
张家界积雨云无人机科技有限公司,http://www.11467.com/zhangjiajie/co/13605.htm
合肥终结者无人机广告有限公司,http://www.11467.com/hefei/co/161759.htm
重庆华科尔无人机技术有限公司,http://www.11467.com/chongqing/co/316312.htm
窜天猴无人机科技（武汉）有限公司,http://www.11467.com/qiye/25608925.htm
深圳酷农无人机产业开发应用有限公司,http://www.11467.com/shenzhen/co/1103290.htm
湖南支点无人机智能科技有限公司,http://www.11467.com/qiye/25636330.htm
长沙华翔天域无人机科技有限公司,http://www.11467.com/changsha/co/216599.htm
成都羽嘉芸航无人机科技有限公司,http://www.11467.com/chengdu/co/286949.htm
湖南全球鹰无人机科技有限公司,http://www.11467.com/changsha/co/219444.htm
深圳市外星人无人机科技有限公司,http://www.11467.com/shenzhen/co/1122309.htm
常德瀚全无人机服务有限公司,http://www.11467.com/changde/co/49070.htm
赣州钛灵盾无人机技术有限公司,http://www.11467.com/ganzhou/co/55389.htm
湖南创联天空无人机科技有限公司,http://www.11467.com/changsha/co/223283.htm
河南天农无人机植保服务有限公司,http://www.11467.com/qiye/26130755.htm
河北钛灵盾无人机设备科技有限公司,http://www.11467.com/xintai/co/105034.htm
邯郸飞越无人机科技有限公司,http://www.11467.com/handan/co/124855.htm
赣州菲客无人机科技有限公司,http://www.11467.com/ganzhou/co/55808.htm
河北小鸟无人机科技有限公司,http://www.11467.com/qiye/26278164.htm
航舟无人机技术有限公司,http://www.11467.com/hangzhou/co/540056.htm
厦门飞爵无人机科技有限公司,http://www.11467.com/xiamen/co/193816.htm
湖南通航无人机有限公司,http://www.11467.com/qiye/26400819.htm
厦门市润航无人机有限公司,http://www.11467.com/xiamen/co/197853.htm
西双版纳飞防智能无人机科技有限公司,http://www.11467.com/xishuangbanna/co/5113.htm
嘉兴埃塔无人机有限公司,http://www.11467.com/jiaxing/co/218641.htm
浙江巡天无人机科技有限公司,http://www.11467.com/huzhou/co/99335.htm
安徽鹰飞无人机科技有限公司,http://www.11467.com/maanshan/co/34009.htm
黄山缘和无人机科技有限公司,http://www.11467.com/huangshan/co/21579.htm
海盐环浩无人机服务有限公司,http://www.11467.com/jiaxing/co/222662.htm
湖南普纬达无人机服务有限公司,http://www.11467.com/qiye/26639747.htm
安徽梦之翼无人机科技有限公司,http://www.11467.com/chuzhou/co/40270.htm
安徽全球鹰无人机有限公司,http://www.11467.com/bengbu/co/43335.htm
安徽铭航无人机科技创新有限公司,http://www.11467.com/fuyang/co/45606.htm
滁州市爱它无人机科技有限公司,http://www.11467.com/chuzhou/co/41502.htm
宿州市梦幻无人机科技服务有限公司,http://www.11467.com/suzhoushi/co/34527.htm
黄山市丰飞无人机科技有限责任公司,http://www.11467.com/huangshan/co/22347.htm
黄山云中翼无人机航拍有限公司,http://www.11467.com/huangshan/co/22471.htm
安徽奥天无人机技术有限公司,http://www.11467.com/wuhu/co/44302.htm
郑州市海航无人机技术有限公司,http://www.11467.com/zhengzhou/co/275158.htm
郑州山雀无人机科技有限公司,http://www.11467.com/zhengzhou/co/277375.htm
甘肃天毅无人机科技有限公司,http://www.11467.com/lanzhou/co/95848.htm
上海市振杰国际货运代理有限公司,http://www.11467.com/shanghai/co/1305447.htm
合肥市锐翼无人机科技有限公司,http://www.11467.com/qiye/29397763.htm
安徽智航无人机销售有限公司,http://www.11467.com/qiye/29464916.htm
滁州市通航无人机科技有限公司,http://www.11467.com/qiye/29465340.htm
广德广翼无人机技术服务有限公司,http://www.11467.com/qiye/29631564.htm
安徽宝翼无人机有限责任公司,http://www.11467.com/qiye/29634979.htm
北方蓝天无人机科技发展（北京）有限公司,http://www.11467.com/qiye/29897165.htm
吉林聚翼无人机科技有限公司,http://www.11467.com/qiye/60752977.htm
宜昌兴邦无人机科技有限公司,http://www.11467.com/qiye/61174371.htm
四川杰航无人机科技有限公司,http://www.11467.com/qiye/61220714.htm
沈阳清大阁无人机科技有限公司,http://www.11467.com/qiye/62080801.htm
泸州市洪越无人机科技有限公司,http://www.11467.com/qiye/62161542.htm
四川竹蜻蜓无人机科技有限公司,http://www.11467.com/qiye/62183535.htm
宁波安航无人机技术有限公司,http://www.11467.com/qiye/62400629.htm
西安通用无人机制造有限公司,http://www.11467.com/qiye/62612693.htm
河北天苍无人机科技有限公司,http://www.11467.com/qiye/63021152.htm
盘锦丰瑞无人机科技有限公司,http://www.11467.com/qiye/63691889.htm
宁波达鹏无人机科技有限公司,http://www.11467.com/qiye/63976812.htm
沈阳天卫无人机科技有限公司,http://www.11467.com/qiye/64532278.htm
长源动力（天津）无人机科技有限公司,http://www.11467.com/qiye/64702643.htm
四川省天鹰兄弟无人机科技有限公司,http://www.11467.com/qiye/64823024.htm
合肥翔宇无人机航拍科技有限公司,http://www.11467.com/qiye/65633022.htm
四川省凌翼无人机技术应用科技有限公司,http://www.11467.com/qiye/66014197.htm
大庆星普无人机科技有限公司,http://www.11467.com/qiye/66547055.htm
苏州中森无人机科技有限公司,http://www.11467.com/qiye/66612105.htm
济南赛尔无人机科技有限公司,http://www.11467.com/qiye/66996795.htm
七海扬帆（厦门）无人机科技有限公司,http://www.11467.com/qiye/68065545.htm
山东中农禾无人机植保有限公司,http://www.11467.com/qiye/68131218.htm
平湖安行无人机投资有限公司,http://www.11467.com/qiye/68592909.htm
青岛智飞无人机航空科技发展有限公司,http://www.11467.com/qiye/69136439.htm
青岛中航天鹰无人机科技有限公司,http://www.11467.com/qiye/70450062.htm
吉林省长科无人机科技有限责任公司,http://www.11467.com/qiye/71086817.htm
山西逸飞无人机科技有限公司,http://www.11467.com/qiye/71117414.htm
洛阳翰华无人机科技有限公司,http://www.11467.com/qiye/71771059.htm
广西景航无人机有限公司,http://www.11467.com/qiye/72791573.htm
邯郸元一无人机科技有限公司,http://www.11467.com/qiye/72935193.htm
黄山市金罡石无人机科技有限责任公司,http://www.11467.com/qiye/73229811.htm
河南元亨无人机技术有限公司,http://www.11467.com/qiye/73362019.htm
昆明穆航无人机科技有限公司,http://www.11467.com/qiye/73600484.htm
青岛中能宏鹰无人机科技有限公司,http://www.11467.com/qiye/73838925.htm
贵州天鹰兄弟无人机科技创新有限公司,http://www.11467.com/qiye/74456020.htm
聊城北方天途无人机技术有限公司,http://www.11467.com/qiye/74589067.htm
河北谛柒无人机科技有限公司,http://www.11467.com/qiye/74715996.htm
四川图珈无人机科技有限公司,http://www.11467.com/qiye/76741686.htm
郑州市高歌无人机技术有限公司,http://www.11467.com/qiye/77324045.htm
新疆天鹰兄弟无人机航空科技有限公司,http://www.11467.com/qiye/77642454.htm
江西嗨森无人机智能科技有限公司,http://www.11467.com/qiye/77666607.htm
重庆汇潮无人机销售有限公司,http://www.11467.com/qiye/79166597.htm
四川智航慧飞无人机科技有限公司,http://www.11467.com/qiye/80316865.htm
商丘中原无人机科技有限公司,http://www.11467.com/qiye/80330760.htm
郑州天霸无人机技术有限公司,http://www.11467.com/qiye/80623842.htm
深圳华越无人机技术有限公司,http://www.11467.com/qiye/80898767.htm
东莞银通无人机科技有限公司,http://www.11467.com/qiye/81182245.htm
深圳市吉田无人机航空科技有限公司,http://www.11467.com/qiye/81631109.htm
内蒙古金航无人机科技有限公司,http://www.11467.com/qiye/81793880.htm
新疆鹰之眼无人机科技有限公司,http://www.11467.com/qiye/81813943.htm
库尔勒龙航无人机科技有限公司,http://www.11467.com/qiye/82162620.htm
兰州东恒无人机科技有限公司,http://www.11467.com/qiye/82420256.htm
成都睿翼无人机科技有限公司,http://www.11467.com/qiye/83324538.htm
宁夏翼航无人机科技股份有限公司,http://www.11467.com/qiye/83390690.htm
东莞市大飞无人机科技有限公司,http://www.11467.com/qiye/83635421.htm
泸州久鼎无人机科技有限公司,http://www.11467.com/qiye/83703547.htm
吉林丰圣神州通用航空技术有限公司,http://www.11467.com/jilinshi/co/92468.htm
上海天骏航运有限公司南京分公司,http://www.11467.com/nanjing/co/86631.htm
东方航空（汕头）经济发展有限公司,http://www.11467.com/shantou/co/41310.htm
西飞集团进出口公司,http://www.11467.com/xian/co/46313.htm
河南傲帮实业有限公司,http://www.11467.com/zhengzhou/co/109655.htm
北京天宇创通科技有限公司,http://www.11467.com/beijing/co/26557.htm
深圳长帆国际物流有限公司天津分公司,http://www.11467.com/tianjin/co/301642.htm
中旅国际货运天津分公司,http://www.11467.com/tianjin/co/308616.htm
深圳前海大圣号无人机科技有限公司,http://www.11467.com/shenzhen/co/1080021.htm
云南云能无人机应用开发有限公司,http://www.11467.com/qiye/28977126.htm
安徽优飞无人机科技有限公司,http://www.11467.com/qiye/29305072.htm
合肥市卓迩无人机科技服务有限责任公司,http://www.11467.com/qiye/29342467.htm
北京卓耘无人机科技有限公司,http://www.11467.com/qiye/29779057.htm
钦州市明睿无人机应用有限公司,http://www.11467.com/qiye/60658435.htm
宜昌兴航无人机科技有限公司,http://www.11467.com/qiye/61174374.htm
广州迪飞无人机科技有限公司,http://www.11467.com/qiye/61851751.htm
吉林省彬生蓝航天际无人机科技有限公司,http://www.11467.com/qiye/61869719.htm
东莞蓝盾无人机科技有限公司,http://www.11467.com/qiye/62467813.htm
南丹县大路无人机服务有限公司,http://www.11467.com/qiye/62974276.htm
天和无人机科技溧阳有限公司,http://www.11467.com/qiye/63126051.htm
深圳天神无人机发展有限公司,http://www.11467.com/qiye/63342556.htm
苏州星空无人机科技有限公司,http://www.11467.com/qiye/63407211.htm
扬州市东马无人机科技有限公司,http://www.11467.com/qiye/63431718.htm
滁州益农无人机科技有限公司,http://www.11467.com/qiye/63431719.htm
浙江华越无人机技术有限公司,http://www.11467.com/qiye/84169262.htm
成都易非无人机科技有限公司,http://www.11467.com/qiye/84321650.htm
连云港云瞰无人机科技有限公司,http://www.11467.com/qiye/84647483.htm
中科大蜂无人机服务（深圳）有限公司,http://www.11467.com/qiye/85243332.htm
云南驭游无人机科技有限公司,http://www.11467.com/qiye/85925554.htm
安徽卫丰无人机应用科技有限公司,http://www.11467.com/qiye/86943624.htm
上海智无疆界无人机科技有限公司,http://www.11467.com/qiye/87004549.htm
宁波翔羽无人机科技有限公司,http://www.11467.com/qiye/87176502.htm
随州勇达无人机科技有限公司,http://www.11467.com/qiye/87315972.htm
海南空天无人机产业发展有限公司,http://www.11467.com/qiye/88059828.htm
广西南宁鹰捷特无人机有限公司,http://www.11467.com/qiye/90272731.htm
苏州玖巡无人机科技有限公司,http://www.11467.com/qiye/90896787.htm
宁波北特飞无人机有限公司,http://www.11467.com/qiye/90924711.htm
宁波小智无人机有限公司,http://www.11467.com/qiye/91429206.htm
北方天途无人机科技成都有限公司,http://www.11467.com/qiye/91440405.htm
湖南大湘无人机科技有限公司,http://www.11467.com/qiye/92306406.htm
鹞鹰无人机（东莞）有限公司,http://www.11467.com/qiye/92401160.htm
云南新坐标无人机技术有限公司,http://www.11467.com/qiye/92507032.htm
深圳华越无人机技术有限公司佳木斯分公司,http://www.11467.com/qiye/92703985.htm
平湖智航无人机服务有限公司,http://www.11467.com/qiye/93250789.htm
西安疆域智航无人机科技有限责任公司,http://www.11467.com/qiye/93277974.htm
平湖银翼无人机科技有限公司,http://www.11467.com/qiye/93290070.htm
星河动力（北京）空间科技有限公司,http://www.11467.com/qiye/93353063.htm
荆州市清锋无人机科技有限公司,http://www.11467.com/qiye/63531558.htm
河南金羽翼无人机科技发展有限公司,http://www.11467.com/qiye/63986300.htm
三亚广域无人机科技有限公司,http://www.11467.com/qiye/64442206.htm
沈阳万维思航无人机服务有限公司,http://www.11467.com/qiye/64532279.htm
沈阳浩之翔无人机科技有限公司,http://www.11467.com/qiye/64532280.htm
沈阳芯航智控无人机技术有限公司,http://www.11467.com/qiye/64532281.htm
北方蓝天无人机科技发展（北京）有限公司呼和浩特分公司,http://www.11467.com/qiye/64740125.htm
河南省豫飞防植保无人机有限公司,http://www.11467.com/qiye/64814260.htm
安徽翼飞无人机科技有限公司,http://www.11467.com/qiye/64929624.htm
丽江蓝石无人机航拍服务有限公司,http://www.11467.com/qiye/67241382.htm
丰县井升无人机科技有限公司,http://www.11467.com/qiye/67930393.htm
四川迪芬无人机科技有限公司,http://www.11467.com/qiye/68272984.htm
吉林省起航无人机科技有限公司,http://www.11467.com/qiye/69291858.htm
黑龙江大悟开疆无人机科技股份有限公司讷河分公司,http://www.11467.com/qiye/69343739.htm
吉林省沈吉龙无人机农业植保服务有限公司,http://www.11467.com/qiye/70097147.htm
河北彩虹鹰无人机技术服务有限公司,http://www.11467.com/qiye/70322870.htm
珠海银通无人机科技有限公司,http://www.11467.com/qiye/70609499.htm
应城超云无人机科技有限公司,http://www.11467.com/qiye/70675927.htm
洛阳洛钢神龙无人机技术有限公司,http://www.11467.com/qiye/71116667.htm
辽宁丹勋无人机科技有限公司,http://www.11467.com/qiye/71370111.htm
长春市天航无人机科技有限责任公司,http://www.11467.com/qiye/71696700.htm
武汉翔宇天成无人机科技有限公司,http://www.11467.com/qiye/71828217.htm
湖北通航无人机技术服务有限公司,http://www.11467.com/qiye/71931506.htm
抚顺云飞扬无人机科技有限公司,http://www.11467.com/qiye/74143588.htm
安徽徽航无人机科技有限公司,http://www.11467.com/qiye/75557221.htm
广东诚进无人机应用服务有限公司,http://www.11467.com/qiye/77069144.htm
盐城钛灵盾无人机技术有限公司,http://www.11467.com/qiye/77108513.htm
陕西力控无人机制造有限公司,http://www.11467.com/qiye/77892943.htm
博志（广州）无人机技术有限公司,http://www.11467.com/qiye/78342579.htm
贵州盈鹰无人机科技有限公司,http://www.11467.com/qiye/79318075.htm
昆山鲲鹏无人机科技有限公司,http://www.11467.com/qiye/79501264.htm
北方蓝天无人机科技发展（北京）有限公司延庆分公司,http://www.11467.com/qiye/79516731.htm
泸州深远世宁无人机科技有限公司,http://www.11467.com/qiye/79545396.htm
知宇无疆（北京）无人机科技有限公司,http://www.11467.com/qiye/79560352.htm
安徽天乐无人机技术有限公司,http://www.11467.com/qiye/79577469.htm
黑龙江大悟开疆无人机科技股份有限公司,http://www.11467.com/qiye/79629395.htm
武汉慧飞鸟无人机科技有限公司,http://www.11467.com/qiye/79691966.htm
极飞无人机教育科技（深圳）有限公司,http://www.11467.com/qiye/79913264.htm
南京意科飞讯无人机技术有限公司,http://www.11467.com/qiye/80035288.htm
青岛飞天无人机有限公司,http://www.11467.com/qiye/80043201.htm
福建飞虎无人机有限公司,http://www.11467.com/qiye/80138363.htm
山东龙鹰无人机科技有限公司,http://www.11467.com/qiye/80200519.htm
盘锦中航之翼无人机研究院有限公司,http://www.11467.com/qiye/80205946.htm
四川祥昇浩发无人机科技有限公司,http://www.11467.com/qiye/80316113.htm
云南郎域无人机技术服务有限公司,http://www.11467.com/qiye/80479344.htm
江西银丰无人机植保科技有限公司,http://www.11467.com/qiye/80511196.htm
献县九州兴腾无人机科技有限公司,http://www.11467.com/qiye/80537746.htm
广州钛灵盾无人机技术有限公司,http://www.11467.com/qiye/80616156.htm
山东奥宇无人机销售有限公司,http://www.11467.com/qiye/80657572.htm
盐城丰胜无人机科技有限公司,http://www.11467.com/qiye/80793350.htm
徐州华诺无人机科技有限公司,http://www.11467.com/qiye/80974329.htm
佛山市三水华艾信无人机有限公司,http://www.11467.com/qiye/81026240.htm
深圳中科大智无人机技术有限公司,http://www.11467.com/qiye/81035529.htm
江苏吉文无人机科技有限公司,http://www.11467.com/qiye/81118319.htm
山东银通无人机科技有限公司,http://www.11467.com/qiye/81182247.htm
西南无人机科技有限公司,http://www.11467.com/qiye/81244166.htm
安徽泰莱无人机科技有限公司,http://www.11467.com/qiye/81337102.htm
淮安大江无人机技术服务有限公司,http://www.11467.com/qiye/81409184.htm
东莞中航星际无人机科技有限公司,http://www.11467.com/qiye/81482774.htm
北京元酷无人机科技有限公司,http://www.11467.com/qiye/81483395.htm
江苏英杰无人机租赁有限公司,http://www.11467.com/qiye/81517450.htm
宁波安航无人机技术有限公司,http://www.11467.com/qiye/81653005.htm
珠海鑫远航无人机科技有限公司,http://www.11467.com/qiye/81705097.htm
无锡圣必利无人机科技有限公司,http://www.11467.com/qiye/81734948.htm
成都空保反无人机技术服务有限公司,http://www.11467.com/qiye/81809626.htm
合肥远宏无人机科技有限公司,http://www.11467.com/qiye/81861978.htm
重庆乐禾无人机有限公司,http://www.11467.com/qiye/81881877.htm
四川上首无人机科技有限公司,http://www.11467.com/qiye/81919948.htm
西安日昇无人机科技发展有限公司,http://www.11467.com/qiye/81933718.htm
星起（香河）无人机科技有限公司,http://www.11467.com/qiye/81967470.htm
福建现代无人机科技发展有限公司,http://www.11467.com/qiye/82011903.htm
武汉卓尔无人机制造有限公司,http://www.11467.com/qiye/82107917.htm
中闽航无人机科技（福建）有限责任公司,http://www.11467.com/qiye/82116861.htm
江苏全球鹰无人机有限公司,http://www.11467.com/qiye/82152545.htm
东莞市探索无人机科技有限公司,http://www.11467.com/qiye/82163000.htm
陕西轩奇无人机科技有限公司,http://www.11467.com/qiye/82186859.htm
辽宁旭天无人机科技有限公司,http://www.11467.com/qiye/82282710.htm
青岛六艺道合无人机科技有限公司,http://www.11467.com/qiye/82416888.htm
孝感市满盛植保无人机有限公司,http://www.11467.com/qiye/82454573.htm
湛江市丰鸟无人机有限公司,http://www.11467.com/qiye/82555830.htm
青岛祥瑞普天无人机飞行服务有限公司,http://www.11467.com/qiye/82846593.htm
新疆飞鹰无人机科技有限公司,http://www.11467.com/qiye/83077758.htm
河南天傲无人机技术有限公司,http://www.11467.com/qiye/83191728.htm
山东全能飞无人机有限公司,http://www.11467.com/qiye/83192406.htm
汉来无人机学院（深圳）有限公司,http://www.11467.com/qiye/83250252.htm
宁波市鄞州云翼无人机有限公司,http://www.11467.com/qiye/83289675.htm
四川驼峰大川无人机有限公司,http://www.11467.com/qiye/83299926.htm
武汉天卫无人机科技有限公司,http://www.11467.com/qiye/83391106.htm
泰州天翊无人机科技有限公司,http://www.11467.com/qiye/83391134.htm
宁波山能无人机应用科技有限公司,http://www.11467.com/qiye/83395772.htm
湖北天润龙无人机科技有限公司,http://www.11467.com/qiye/83411535.htm
温州黑蜻蜓无人机科技有限公司,http://www.11467.com/qiye/83496619.htm
南通聚恒无人机科技有限公司,http://www.11467.com/qiye/83791091.htm
江阴多零无人机有限公司,http://www.11467.com/qiye/83827336.htm
惠州市智慧无人机有限公司,http://www.11467.com/qiye/83914321.htm
湖北金斯福德无人机有限公司,http://www.11467.com/qiye/83927104.htm
黑龙江华通无人机科技有限公司,http://www.11467.com/qiye/84182577.htm
山东和谐无人机科技有限公司,http://www.11467.com/qiye/84192890.htm
河北鹰翼无人机科技有限公司,http://www.11467.com/qiye/84513589.htm
松原市领航无人机技术服务有限公司,http://www.11467.com/qiye/84684350.htm
江苏妙旋无人机科技有限公司,http://www.11467.com/qiye/84810246.htm
内蒙古全球鹰无人机有限公司,http://www.11467.com/qiye/85152367.htm
南通海熊无人机科技有限公司,http://www.11467.com/qiye/85184466.htm
青岛冰心无人机技术有限公司,http://www.11467.com/qiye/85621787.htm
西安倾云无人机技术有限公司,http://www.11467.com/qiye/85830642.htm
苏州华鹏无人机科技有限公司,http://www.11467.com/qiye/86308270.htm
辽宁中航天卫无人机俱乐部有限公司,http://www.11467.com/qiye/86363580.htm
江苏天地行无人机技术有限公司,http://www.11467.com/qiye/86429308.htm
江西省鹏飞无人机应用科技有限公司,http://www.11467.com/qiye/86445779.htm
吉林晟功无人机科技服务有限公司,http://www.11467.com/qiye/86650936.htm
四川图南翼无人机科技有限公司,http://www.11467.com/qiye/86720943.htm
深圳大疆航拍无人机有限公司,http://www.11467.com/qiye/86939053.htm
南通微翼无人机系统有限公司,http://www.11467.com/qiye/86998413.htm
永州舜农无人机科技有限公司,http://www.11467.com/qiye/87581402.htm
福建省奕良无人机科技有限公司,http://www.11467.com/qiye/87901028.htm
太湖县禾穟无人机技术服务有限公司,http://www.11467.com/qiye/89368758.htm
广东能飞无人机培训有限公司,http://www.11467.com/qiye/90170639.htm
陕西汉中银丰无人机科技有限公司,http://www.11467.com/qiye/90260881.htm
江苏航丰智控无人机有限公司,http://www.11467.com/qiye/90764978.htm
新乡市义飞无人机科技有限公司,http://www.11467.com/qiye/90918575.htm
汤原澳翔无人机科技有限公司,http://www.11467.com/qiye/90960592.htm
新疆壮龙无人机科技有限公司,http://www.11467.com/qiye/90977697.htm
清远市喜马拉雅无人机科技有限公司,http://www.11467.com/qiye/90986551.htm
东莞全球鹰无人机科技有限公司,http://www.11467.com/qiye/91026393.htm
苏州游鹰无人机技术有限公司,http://www.11467.com/qiye/91055030.htm
吉林省金石无人机科技有限公司,http://www.11467.com/qiye/91979940.htm
江苏天空之眼无人机科技有限公司,http://www.11467.com/qiye/92155163.htm
湖南茂劲无人机俱乐部有限公司,http://www.11467.com/qiye/92883499.htm
安徽金桨无人机植保科技有限公司,http://www.11467.com/qiye/93088298.htm
黑龙江红兴隆农垦义昌程植保无人机销售有限公司,http://www.11467.com/qiye/93307641.htm
河南莱翔无人机技术有限公司,http://www.11467.com/qiye/93329542.htm
徐州飞翼无人机科技有限公司,http://www.11467.com/qiye/93349588.htm
铁岭天玉(集团)无人机科技有限公司,http://www.11467.com/qiye/93391324.htm
